GoalID,UserID,GoalDate,GoalType,GoalName,Priority,TargetValue,CurrentValue,Deadline,GoalStatus,GoalProgress,GoalGap,GoalSuccess
G000001,U079,24-05-2025,Learning,Complete Python Course,Medium,100,49.36,09-10-2025,In Progress,49%,50.64,0
G000002,U073,25-04-2025,Health,Improve Fitness,Critical,30,30,26-05-2025,Completed,100%,0,1
G000003,U099,20-03-2025,Personal,Develop New Hobby,Medium,10,1.23,12-05-2025,In Progress,12%,8.77,0
G000004,U017,02-06-2025,Productivity,Improve Productivity,High,100,100,08-07-2025,Completed,100%,0,1
G000005,U016,16-01-2025,Financial,Reduce Monthly Expenses,High,200000,76582.42,06-03-2025,In Progress,38%,123417.58,0
G000006,U084,14-04-2025,Career,Build Portfolio,High,5,2.53,25-07-2025,In Progress,51%,2.47,0
G000007,U173,02-07-2025,Learning,Complete Certification,High,40,14.64,26-10-2025,In Progress,37%,25.36,0
G000008,U157,16-03-2025,Health,Walk Daily,Low,200,7.04,04-05-2025,Overdue,4%,192.96,0
G000009,U017,23-07-2025,Health,Walk Daily,Medium,200,200,21-12-2025,Completed,100%,0,1
G000010,U032,09-07-2025,Career,Learn New Skill,High,20,10.24,25-12-2025,In Progress,51%,9.76,0
G000011,U147,28-04-2025,Financial,Reduce Monthly Expenses,High,50000,35875.46,07-09-2025,Not Started,72%,14124.54,0
G000012,U195,02-09-2025,Financial,Build Investment Fund,High,10000,504.03,15-12-2025,In Progress,5%,9495.97,0
G000013,U089,12-01-2025,Health,Improve Sleep,High,60,60,09-04-2025,Completed,100%,0,1
G000014,U174,13-05-2025,Personal,Improve Work-Life Balance,High,20,13.8,25-06-2025,Overdue,69%,6.2,0
G000015,U163,11-05-2025,Personal,Improve Work-Life Balance,Medium,50,19.46,05-08-2025,In Progress,39%,30.54,0
G000016,U131,23-06-2025,Learning,Complete Python Course,Medium,100,51.99,30-08-2025,In Progress,52%,48.01,0
G000017,U142,02-02-2025,Productivity,Improve Productivity,Low,40,36.92,23-03-2025,Overdue,92%,3.08,0
G000018,U179,27-06-2025,Personal,Read More Books,Low,5,0.89,14-12-2025,In Progress,18%,4.11,0
G000019,U121,22-02-2025,Learning,Learn Power BI,Low,60,11.29,15-04-2025,In Progress,19%,48.71,0
G000020,U036,12-01-2025,Learning,Learn Power BI,Medium,20,10.2,19-06-2025,Overdue,51%,9.8,0
G000021,U183,20-04-2025,Productivity,Reduce Screen Time,Medium,100,74.89,31-05-2025,In Progress,75%,25.11,0
G000022,U038,09-05-2025,Personal,Read More Books,Medium,5,2.34,29-06-2025,Overdue,47%,2.66,0
G000023,U007,18-06-2025,Health,Walk Daily,Low,60,57.62,05-10-2025,In Progress,96%,2.38,0
G000024,U116,06-09-2025,Health,Walk Daily,High,150,87.09,22-11-2025,In Progress,58%,62.91,0
G000025,U186,24-08-2025,Career,Learn New Skill,Low,5,2.67,21-10-2025,In Progress,53%,2.33,0
G000026,U105,19-05-2025,Personal,Travel More,High,20,11.04,02-07-2025,Overdue,55%,8.96,0
G000027,U173,06-09-2025,Career,Improve Resume,Medium,10,0.08,30-12-2025,Not Started,1%,9.92,0
G000028,U061,07-06-2025,Personal,Improve Work-Life Balance,Low,5,2.26,11-11-2025,In Progress,45%,2.74,0
G000029,U125,15-05-2025,Career,Build Portfolio,High,20,10.5,28-08-2025,Overdue,53%,9.5,0
G000030,U057,18-08-2025,Productivity,Increase Deep Work,High,60,39.31,10-11-2025,In Progress,66%,20.69,0
G000031,U143,15-04-2025,Productivity,Increase Deep Work,High,20,10.46,09-06-2025,In Progress,52%,9.54,0
G000032,U108,03-08-2025,Personal,Improve Work-Life Balance,High,30,0.88,04-10-2025,In Progress,3%,29.12,0
G000033,U192,14-02-2025,Career,Improve Resume,Medium,20,17.47,23-06-2025,Overdue,87%,2.53,0
G000034,U194,05-07-2025,Financial,Build Investment Fund,Medium,200000,84513.92,18-10-2025,Not Started,42%,115486.08,0
G000035,U010,30-05-2025,Career,Apply for Jobs,Low,50,40.5,25-10-2025,In Progress,81%,9.5,0
G000036,U143,09-03-2025,Productivity,Reduce Screen Time,Low,40,20.04,21-07-2025,In Progress,50%,19.96,0
G000037,U179,01-06-2025,Productivity,Reduce Screen Time,Medium,20,8.39,01-07-2025,Overdue,42%,11.61,0
G000038,U168,09-07-2025,Financial,Save Emergency Fund,Low,100000,13374.7,17-12-2025,In Progress,13%,86625.3,0
G000039,U181,03-08-2025,Personal,Read More Books,High,30,30,07-11-2025,Completed,100%,0,1
G000040,U002,23-02-2025,Health,Exercise Regularly,Low,100,30.75,16-06-2025,In Progress,31%,69.25,0
G000041,U035,26-04-2025,Productivity,Complete Tasks on Time,High,100,70.11,19-09-2025,In Progress,70%,29.89,0
G000042,U074,19-05-2025,Personal,Read More Books,High,30,1.17,29-08-2025,In Progress,4%,28.83,0
G000043,U162,29-08-2025,Career,Learn New Skill,High,20,0.56,14-10-2025,Not Started,3%,19.44,0
G000044,U148,17-06-2025,Financial,Increase Savings,Medium,100000,37759.19,28-11-2025,In Progress,38%,62240.81,0
G000045,U124,21-08-2025,Learning,Complete Python Course,Medium,60,26.38,13-11-2025,Cancelled,44%,33.62,0
G000046,U196,26-03-2025,Financial,Increase Savings,Low,200000,1817.05,05-05-2025,In Progress,1%,198182.95,0
G000047,U175,27-03-2025,Personal,Improve Work-Life Balance,Critical,20,7.15,09-05-2025,In Progress,36%,12.85,0
G000048,U181,04-07-2025,Productivity,Improve Productivity,High,100,83.79,05-11-2025,In Progress,84%,16.21,0
G000049,U126,24-02-2025,Learning,Learn Power BI,High,20,20,19-04-2025,Completed,100%,0,1
G000050,U006,02-07-2025,Financial,Increase Savings,High,50000,20088.51,27-11-2025,In Progress,40%,29911.49,0
G000051,U036,13-04-2025,Financial,Increase Savings,Medium,50000,11476.32,04-10-2025,In Progress,23%,38523.68,0
G000052,U059,02-02-2025,Productivity,Improve Productivity,High,40,40,28-05-2025,Completed,100%,0,1
G000053,U062,09-05-2025,Career,Build Portfolio,High,30,5.59,08-06-2025,In Progress,19%,24.41,0
G000054,U082,29-03-2025,Productivity,Complete Tasks on Time,High,100,13.07,09-05-2025,Overdue,13%,86.93,0
G000055,U085,04-03-2025,Health,Exercise Regularly,Medium,200,99.95,02-05-2025,Overdue,50%,100.05,0
G000056,U050,24-05-2025,Personal,Develop New Hobby,Medium,20,10.27,21-09-2025,In Progress,51%,9.73,0
G000057,U199,21-01-2025,Personal,Develop New Hobby,Medium,10,2.8,30-05-2025,Overdue,28%,7.2,0
G000058,U198,22-02-2025,Productivity,Reduce Screen Time,Medium,60,60,04-05-2025,Completed,100%,0,1
G000059,U176,13-02-2025,Personal,Read More Books,High,20,20,07-04-2025,Completed,100%,0,1
G000060,U195,15-03-2025,Productivity,Improve Productivity,Medium,80,51.85,19-07-2025,Overdue,65%,28.15,0
G000061,U103,06-06-2025,Health,Exercise Regularly,Critical,100,17.43,27-11-2025,In Progress,17%,82.57,0
G000062,U127,24-04-2025,Learning,Learn SQL,Medium,40,9.39,25-07-2025,Overdue,23%,30.61,0
G000063,U147,21-02-2025,Health,Improve Sleep,Low,200,156.94,30-03-2025,Overdue,78%,43.06,0
G000064,U194,17-05-2025,Health,Exercise Regularly,Medium,60,28.79,09-09-2025,In Progress,48%,31.21,0
G000065,U084,07-04-2025,Career,Build Portfolio,Medium,10,1.7,09-07-2025,Overdue,17%,8.3,0
G000066,U150,17-01-2025,Career,Learn New Skill,Medium,10,10,23-06-2025,Completed,100%,0,1
G000067,U180,01-08-2025,Personal,Improve Work-Life Balance,Medium,50,13.43,30-11-2025,Cancelled,27%,36.57,0
G000068,U090,13-07-2025,Health,Improve Fitness,Medium,100,50.7,21-12-2025,In Progress,51%,49.3,0
G000069,U032,23-07-2025,Personal,Travel More,Medium,5,0.65,08-12-2025,In Progress,13%,4.35,0
G000070,U034,01-05-2025,Productivity,Complete Tasks on Time,High,60,27.72,23-07-2025,Overdue,46%,32.28,0
G000071,U010,29-01-2025,Financial,Increase Savings,Medium,25000,12067.12,29-05-2025,In Progress,48%,12932.88,0
G000072,U012,11-02-2025,Career,Build Portfolio,Low,10,10,18-05-2025,Completed,100%,0,1
G000073,U175,20-03-2025,Career,Improve Resume,Medium,20,18.83,25-04-2025,Overdue,94%,1.17,0
G000074,U138,01-08-2025,Productivity,Reduce Screen Time,Medium,20,19.66,31-12-2025,Not Started,98%,0.34,0
G000075,U032,18-02-2025,Financial,Build Investment Fund,Medium,100000,10931.47,05-07-2025,In Progress,11%,89068.53,0
G000076,U057,02-03-2025,Learning,Complete Certification,Medium,100,100,19-05-2025,Completed,100%,0,1
G000077,U011,19-03-2025,Productivity,Increase Deep Work,High,80,74.51,14-07-2025,In Progress,93%,5.49,0
G000078,U139,23-03-2025,Health,Improve Sleep,Medium,100,43.4,26-07-2025,Overdue,43%,56.6,0
G000079,U173,04-04-2025,Personal,Read More Books,Medium,10,8.69,15-05-2025,In Progress,87%,1.31,0
G000080,U159,10-06-2025,Productivity,Reduce Screen Time,Medium,40,40,10-10-2025,Completed,100%,0,1
G000081,U044,02-04-2025,Career,Improve Resume,Medium,20,1.81,09-08-2025,Overdue,9%,18.19,0
G000082,U103,15-06-2025,Productivity,Complete Tasks on Time,Low,40,40,04-10-2025,Completed,100%,0,1
G000083,U020,16-01-2025,Learning,Learn SQL,Low,60,60,23-06-2025,Completed,100%,0,1
G000084,U167,29-04-2025,Career,Learn New Skill,High,30,13.75,13-07-2025,Overdue,46%,16.25,0
G000085,U080,17-01-2025,Health,Exercise Regularly,Medium,200,197.66,25-04-2025,In Progress,99%,2.34,0
G000086,U181,15-02-2025,Personal,Develop New Hobby,High,30,27.18,11-04-2025,In Progress,91%,2.82,0
G000087,U076,02-07-2025,Personal,Travel More,Low,20,6.14,26-12-2025,Cancelled,31%,13.86,0
G000088,U137,20-05-2025,Career,Build Portfolio,Medium,10,2.83,12-10-2025,In Progress,28%,7.17,0
G000089,U181,23-08-2025,Productivity,Improve Productivity,Low,20,8.91,17-11-2025,Cancelled,45%,11.09,0
G000090,U193,04-07-2025,Personal,Read More Books,Critical,20,2.45,04-10-2025,In Progress,12%,17.55,0
G000091,U193,20-02-2025,Learning,Complete Python Course,High,40,26.75,19-06-2025,Overdue,67%,13.25,0
G000092,U037,21-03-2025,Learning,Complete Certification,Medium,150,44.22,22-05-2025,In Progress,29%,105.78,0
G000093,U108,30-01-2025,Personal,Improve Work-Life Balance,Medium,5,2.49,12-04-2025,Overdue,50%,2.51,0
G000094,U045,24-02-2025,Health,Improve Sleep,High,150,33.9,14-08-2025,In Progress,23%,116.1,0
G000095,U171,09-01-2025,Productivity,Increase Deep Work,Critical,40,36.19,31-03-2025,In Progress,90%,3.81,0
G000096,U040,25-06-2025,Learning,Complete Certification,Medium,40,30.91,07-11-2025,In Progress,77%,9.09,0
G000097,U094,07-08-2025,Financial,Reduce Monthly Expenses,Low,50000,3341.53,03-12-2025,In Progress,7%,46658.47,0
G000098,U062,22-03-2025,Learning,Learn SQL,High,150,84.82,03-09-2025,Cancelled,57%,65.18,0
G000099,U056,21-08-2025,Financial,Save Emergency Fund,Low,10000,6197.25,21-10-2025,In Progress,62%,3802.75,0
G000100,U148,07-09-2025,Personal,Develop New Hobby,High,20,20,08-11-2025,Completed,100%,0,1
G000101,U040,15-05-2025,Productivity,Increase Deep Work,Medium,80,39.61,19-06-2025,Overdue,50%,40.39,0
G000102,U160,14-01-2025,Career,Improve Resume,Medium,5,4.8,01-07-2025,In Progress,96%,0.2,0
G000103,U134,15-04-2025,Personal,Travel More,High,50,33.51,23-08-2025,In Progress,67%,16.49,0
G000104,U187,12-04-2025,Financial,Save Emergency Fund,High,10000,6855.28,23-08-2025,In Progress,69%,3144.72,0
G000105,U171,20-05-2025,Personal,Read More Books,Critical,50,2.66,06-11-2025,In Progress,5%,47.34,0
G000106,U161,26-06-2025,Productivity,Increase Deep Work,Low,40,32.6,26-11-2025,Not Started,82%,7.4,0
G000107,U129,20-02-2025,Health,Walk Daily,Medium,30,30,24-07-2025,Completed,100%,0,1
G000108,U163,09-06-2025,Learning,Learn Power BI,Medium,100,64.9,17-10-2025,In Progress,65%,35.1,0
G000109,U183,13-03-2025,Financial,Build Investment Fund,Medium,10000,3540.23,29-04-2025,In Progress,35%,6459.77,0
G000110,U083,09-03-2025,Learning,Complete Certification,High,20,18.52,08-07-2025,Overdue,93%,1.48,0
G000111,U025,13-03-2025,Productivity,Reduce Screen Time,High,20,18.82,17-06-2025,In Progress,94%,1.18,0
G000112,U065,19-04-2025,Financial,Save Emergency Fund,Low,25000,17380.5,08-07-2025,In Progress,70%,7619.5,0
G000113,U084,11-03-2025,Productivity,Improve Productivity,Low,20,11.92,15-06-2025,Overdue,60%,8.08,0
G000114,U044,21-06-2025,Learning,Complete Python Course,High,20,3.92,08-12-2025,In Progress,20%,16.08,0
G000115,U084,26-01-2025,Personal,Travel More,High,20,9.31,30-03-2025,In Progress,47%,10.69,0
G000116,U017,18-02-2025,Health,Exercise Regularly,Low,30,7.29,19-06-2025,Overdue,24%,22.71,0
G000117,U015,11-01-2025,Productivity,Increase Deep Work,High,40,30.41,14-02-2025,Overdue,76%,9.59,0
G000118,U056,08-02-2025,Financial,Build Investment Fund,High,50000,50000,11-05-2025,Completed,100%,0,1
G000119,U142,12-07-2025,Financial,Save Emergency Fund,Low,25000,2986.23,26-08-2025,In Progress,12%,22013.77,0
G000120,U165,29-03-2025,Productivity,Increase Deep Work,Medium,60,32.26,30-05-2025,In Progress,54%,27.74,0
G000121,U164,30-07-2025,Health,Walk Daily,High,60,5.1,28-12-2025,In Progress,9%,54.9,0
G000122,U141,16-08-2025,Financial,Reduce Monthly Expenses,High,100000,46901.83,03-10-2025,In Progress,47%,53098.17,0
G000123,U005,11-05-2025,Career,Build Portfolio,Medium,20,11.14,14-09-2025,Cancelled,56%,8.86,0
G000124,U185,30-07-2025,Career,Improve Resume,Medium,20,17.36,01-10-2025,In Progress,87%,2.64,0
G000125,U117,07-03-2025,Health,Improve Fitness,High,60,53.01,26-05-2025,Overdue,88%,6.99,0
G000126,U088,23-08-2025,Personal,Read More Books,Medium,10,0.5,23-12-2025,In Progress,5%,9.5,0
G000127,U105,25-03-2025,Career,Improve Resume,Medium,5,0.01,13-05-2025,Overdue,0%,4.99,0
G000128,U012,02-04-2025,Career,Improve Resume,Medium,5,3.26,11-09-2025,In Progress,65%,1.74,0
G000129,U113,24-01-2025,Financial,Build Investment Fund,Medium,50000,8339.07,13-05-2025,In Progress,17%,41660.93,0
G000130,U033,25-03-2025,Health,Improve Sleep,Medium,150,150,02-09-2025,Completed,100%,0,1
G000131,U198,05-01-2025,Career,Learn New Skill,Medium,10,9.7,20-06-2025,Overdue,97%,0.3,0
G000132,U135,27-06-2025,Career,Improve Resume,High,20,17.77,03-11-2025,In Progress,89%,2.23,0
G000133,U045,30-03-2025,Personal,Travel More,Medium,20,0.53,02-08-2025,In Progress,3%,19.47,0
G000134,U061,25-08-2025,Career,Improve Resume,Medium,10,0.87,04-10-2025,Not Started,9%,9.13,0
G000135,U059,25-07-2025,Financial,Reduce Monthly Expenses,High,200000,40960.76,27-12-2025,In Progress,20%,159039.24,0
G000136,U137,08-07-2025,Health,Improve Sleep,High,150,119.05,02-11-2025,In Progress,79%,30.95,0
G000137,U072,22-05-2025,Career,Build Portfolio,High,50,26.73,21-09-2025,Not Started,53%,23.27,0
G000138,U033,15-03-2025,Financial,Save Emergency Fund,Medium,50000,41153.47,26-05-2025,Overdue,82%,8846.53,0
G000139,U191,07-08-2025,Personal,Read More Books,Medium,30,14.06,20-11-2025,In Progress,47%,15.94,0
G000140,U090,07-07-2025,Personal,Read More Books,Low,50,2.77,13-10-2025,In Progress,6%,47.23,0
G000141,U097,11-07-2025,Productivity,Increase Deep Work,High,60,43.53,17-10-2025,In Progress,73%,16.47,0
G000142,U028,09-03-2025,Health,Exercise Regularly,Medium,60,42.47,07-08-2025,In Progress,71%,17.53,0
G000143,U196,04-01-2025,Financial,Reduce Monthly Expenses,Low,25000,442.4,12-05-2025,In Progress,2%,24557.6,0
G000144,U031,25-08-2025,Productivity,Increase Deep Work,High,20,20,05-11-2025,Completed,100%,0,1
G000145,U118,26-06-2025,Personal,Develop New Hobby,High,5,2.55,16-08-2025,Overdue,51%,2.45,0
G000146,U077,19-07-2025,Health,Improve Sleep,High,150,113.17,12-11-2025,In Progress,75%,36.83,0
G000147,U059,25-05-2025,Career,Improve Resume,Medium,10,1.92,08-08-2025,Overdue,19%,8.08,0
G000148,U076,04-03-2025,Personal,Travel More,Medium,30,12.41,17-08-2025,In Progress,41%,17.59,0
G000149,U012,17-06-2025,Career,Apply for Jobs,Medium,5,1.98,09-11-2025,In Progress,40%,3.02,0
G000150,U036,17-04-2025,Career,Learn New Skill,Critical,30,20.6,27-07-2025,In Progress,69%,9.4,0
G000151,U026,05-06-2025,Health,Exercise Regularly,Medium,60,52.67,29-08-2025,Overdue,88%,7.33,0
G000152,U188,29-04-2025,Financial,Reduce Monthly Expenses,Medium,10000,5888.57,24-08-2025,Overdue,59%,4111.43,0
G000153,U045,08-01-2025,Productivity,Reduce Screen Time,High,60,26.62,28-03-2025,Overdue,44%,33.38,0
G000154,U192,13-03-2025,Learning,Complete Certification,Critical,20,1.92,30-08-2025,In Progress,10%,18.08,0
G000155,U114,19-03-2025,Financial,Save Emergency Fund,Medium,200000,139441.93,10-06-2025,Overdue,70%,60558.07,0
G000156,U123,17-08-2025,Personal,Travel More,Medium,5,0.12,20-09-2025,Cancelled,2%,4.88,0
G000157,U101,07-08-2025,Personal,Improve Work-Life Balance,Medium,20,9.59,22-12-2025,Not Started,48%,10.41,0
G000158,U057,09-07-2025,Learning,Complete Certification,Low,100,49.6,19-11-2025,In Progress,50%,50.4,0
G000159,U022,19-07-2025,Health,Improve Fitness,Medium,150,109.54,26-09-2025,Cancelled,73%,40.46,0
G000160,U192,05-05-2025,Health,Improve Sleep,High,60,60,02-07-2025,Completed,100%,0,1
G000161,U101,08-01-2025,Career,Learn New Skill,Low,30,23.94,16-03-2025,Overdue,80%,6.06,0
G000162,U174,17-08-2025,Health,Walk Daily,Medium,200,185.19,31-12-2025,In Progress,93%,14.81,0
G000163,U143,11-01-2025,Personal,Develop New Hobby,Medium,5,4.97,27-06-2025,In Progress,99%,0.03,0
G000164,U144,04-09-2025,Career,Learn New Skill,Low,50,50,31-12-2025,Completed,100%,0,1
G000165,U024,08-05-2025,Learning,Complete Python Course,Medium,20,11.37,14-08-2025,In Progress,57%,8.63,0
G000166,U098,16-07-2025,Productivity,Complete Tasks on Time,Medium,40,34.92,28-10-2025,In Progress,87%,5.08,0
G000167,U147,05-03-2025,Health,Improve Sleep,High,100,29.35,05-07-2025,Overdue,29%,70.65,0
G000168,U079,03-06-2025,Learning,Learn SQL,Medium,150,86.71,12-07-2025,Overdue,58%,63.29,0
G000169,U184,14-04-2025,Financial,Build Investment Fund,Medium,25000,5833.32,03-06-2025,In Progress,23%,19166.68,0
G000170,U096,14-02-2025,Financial,Build Investment Fund,High,25000,12883.19,24-07-2025,In Progress,52%,12116.81,0
G000171,U061,28-07-2025,Learning,Complete Certification,Medium,40,35.28,24-11-2025,Not Started,88%,4.72,0
G000172,U132,07-03-2025,Career,Build Portfolio,High,5,4.17,30-08-2025,In Progress,83%,0.83,0
G000173,U149,11-07-2025,Financial,Reduce Monthly Expenses,Medium,25000,1076.63,28-10-2025,Not Started,4%,23923.37,0
G000174,U010,31-08-2025,Learning,Learn Power BI,Medium,100,38.1,29-11-2025,In Progress,38%,61.9,0
G000175,U119,17-04-2025,Productivity,Complete Tasks on Time,High,60,54.19,21-05-2025,Overdue,90%,5.81,0
G000176,U021,12-08-2025,Career,Build Portfolio,Medium,5,0.37,16-11-2025,Not Started,7%,4.63,0
G000177,U131,13-04-2025,Productivity,Reduce Screen Time,High,100,100,27-05-2025,Completed,100%,0,1
G000178,U197,12-05-2025,Personal,Read More Books,High,10,3.9,24-08-2025,In Progress,39%,6.1,0
G000179,U185,30-03-2025,Productivity,Complete Tasks on Time,Medium,20,10.2,16-06-2025,Overdue,51%,9.8,0
G000180,U103,08-08-2025,Productivity,Improve Productivity,Medium,100,11.29,20-10-2025,In Progress,11%,88.71,0
G000181,U153,29-04-2025,Financial,Reduce Monthly Expenses,Medium,100000,29434.07,11-07-2025,In Progress,29%,70565.93,0
G000182,U190,12-06-2025,Productivity,Improve Productivity,Medium,20,16.02,31-08-2025,Cancelled,80%,3.98,0
G000183,U172,22-07-2025,Learning,Complete Python Course,High,150,87.94,31-12-2025,In Progress,59%,62.06,0
G000184,U092,24-06-2025,Personal,Travel More,High,20,8.28,21-12-2025,In Progress,41%,11.72,0
G000185,U062,12-03-2025,Learning,Complete Python Course,Medium,40,33.06,15-06-2025,Overdue,83%,6.94,0
G000186,U012,05-02-2025,Productivity,Reduce Screen Time,Low,40,31.57,22-04-2025,Overdue,79%,8.43,0
G000187,U061,22-01-2025,Financial,Build Investment Fund,Medium,200000,122277.48,20-07-2025,Overdue,61%,77722.52,0
G000188,U125,29-05-2025,Career,Learn New Skill,Medium,5,2.42,19-07-2025,Overdue,48%,2.58,0
G000189,U166,02-01-2025,Productivity,Improve Productivity,Medium,80,2.57,07-06-2025,Overdue,3%,77.43,0
G000190,U180,27-04-2025,Learning,Learn SQL,Medium,100,94.45,19-10-2025,In Progress,94%,5.55,0
G000191,U118,08-01-2025,Financial,Reduce Monthly Expenses,High,50000,47178.59,20-03-2025,In Progress,94%,2821.41,0
G000192,U140,23-04-2025,Career,Learn New Skill,Low,50,39.37,26-09-2025,In Progress,79%,10.63,0
G000193,U036,23-04-2025,Financial,Build Investment Fund,Medium,25000,24998.92,23-07-2025,In Progress,100%,1.08,0
G000194,U033,21-01-2025,Financial,Reduce Monthly Expenses,High,100000,37970.83,28-05-2025,In Progress,38%,62029.17,0
G000195,U039,05-02-2025,Health,Improve Sleep,Low,60,47.32,30-03-2025,Overdue,79%,12.68,0
G000196,U069,02-09-2025,Personal,Travel More,Medium,20,2.77,12-11-2025,In Progress,14%,17.23,0
G000197,U037,20-05-2025,Financial,Increase Savings,High,10000,2227.26,04-07-2025,In Progress,22%,7772.74,0
G000198,U071,23-04-2025,Productivity,Improve Productivity,High,80,37.57,17-07-2025,Overdue,47%,42.43,0
G000199,U126,12-04-2025,Health,Exercise Regularly,Medium,200,90.18,22-06-2025,Overdue,45%,109.82,0
G000200,U130,17-01-2025,Personal,Read More Books,Low,10,10,26-02-2025,Completed,100%,0,1
G000201,U171,19-08-2025,Financial,Increase Savings,High,25000,20787.12,31-12-2025,In Progress,83%,4212.88,0
G000202,U174,28-01-2025,Health,Improve Sleep,Low,150,5.87,12-07-2025,In Progress,4%,144.13,0
G000203,U044,15-02-2025,Health,Walk Daily,Medium,30,30,24-03-2025,Completed,100%,0,1
G000204,U134,19-07-2025,Financial,Increase Savings,Medium,10000,6306.2,29-10-2025,Cancelled,63%,3693.8,0
G000205,U162,08-04-2025,Personal,Improve Work-Life Balance,High,30,1.35,05-09-2025,In Progress,5%,28.65,0
G000206,U161,01-01-2025,Career,Apply for Jobs,Low,10,10,05-04-2025,Completed,100%,0,1
G000207,U139,19-01-2025,Financial,Increase Savings,Low,50000,31062.31,16-04-2025,In Progress,62%,18937.69,0
G000208,U195,29-01-2025,Financial,Reduce Monthly Expenses,Medium,10000,121.55,07-06-2025,In Progress,1%,9878.45,0
G000209,U103,03-07-2025,Career,Learn New Skill,Low,50,50,28-08-2025,Completed,100%,0,1
G000210,U066,04-05-2025,Health,Improve Sleep,Medium,30,11.78,21-09-2025,In Progress,39%,18.22,0
G000211,U048,16-02-2025,Career,Build Portfolio,Low,30,29.67,20-07-2025,Overdue,99%,0.33,0
G000212,U030,16-06-2025,Career,Build Portfolio,Medium,30,7.75,09-08-2025,Overdue,26%,22.25,0
G000213,U092,21-03-2025,Health,Improve Fitness,High,150,96.67,05-05-2025,Overdue,64%,53.33,0
G000214,U124,09-08-2025,Career,Learn New Skill,High,10,2.53,28-09-2025,In Progress,25%,7.47,0
G000215,U067,26-04-2025,Financial,Build Investment Fund,High,50000,12183.18,14-08-2025,Overdue,24%,37816.82,0
G000216,U118,18-04-2025,Financial,Save Emergency Fund,High,50000,29477.27,30-09-2025,Not Started,59%,20522.73,0
G000217,U167,19-03-2025,Health,Walk Daily,High,30,25.42,15-09-2025,In Progress,85%,4.58,0
G000218,U070,16-01-2025,Personal,Travel More,High,30,10.61,14-05-2025,In Progress,35%,19.39,0
G000219,U079,27-08-2025,Career,Apply for Jobs,Medium,5,2.05,31-12-2025,Not Started,41%,2.95,0
G000220,U160,15-03-2025,Personal,Improve Work-Life Balance,Medium,20,15.3,11-08-2025,In Progress,77%,4.7,0
G000221,U020,21-06-2025,Productivity,Reduce Screen Time,High,40,2.87,30-07-2025,In Progress,7%,37.13,0
G000222,U059,26-06-2025,Learning,Complete Python Course,Medium,60,43.46,16-09-2025,In Progress,72%,16.54,0
G000223,U126,18-06-2025,Personal,Improve Work-Life Balance,Low,30,13.76,09-08-2025,In Progress,46%,16.24,0
G000224,U196,11-07-2025,Financial,Build Investment Fund,Medium,100000,2485.59,27-10-2025,In Progress,2%,97514.41,0
G000225,U197,17-06-2025,Career,Apply for Jobs,Low,50,48.47,24-08-2025,In Progress,97%,1.53,0
G000226,U168,22-07-2025,Health,Improve Sleep,High,150,16.55,01-11-2025,Cancelled,11%,133.45,0
G000227,U115,10-06-2025,Career,Improve Resume,Low,10,0.9,13-07-2025,Overdue,9%,9.1,0
G000228,U065,15-04-2025,Career,Apply for Jobs,High,50,29.4,03-10-2025,In Progress,59%,20.6,0
G000229,U157,15-06-2025,Health,Improve Fitness,Low,60,27.12,09-08-2025,Overdue,45%,32.88,0
G000230,U066,18-06-2025,Financial,Increase Savings,Low,50000,24320.2,24-11-2025,Not Started,49%,25679.8,0
G000231,U115,27-03-2025,Personal,Develop New Hobby,Medium,10,8.39,24-05-2025,Overdue,84%,1.61,0
G000232,U011,17-02-2025,Health,Improve Sleep,Critical,100,23.73,10-05-2025,In Progress,24%,76.27,0
G000233,U185,08-01-2025,Career,Apply for Jobs,Medium,50,41.48,12-05-2025,Overdue,83%,8.52,0
G000234,U149,19-01-2025,Learning,Complete Python Course,Low,20,12.83,18-06-2025,Overdue,64%,7.17,0
G000235,U135,12-05-2025,Career,Improve Resume,Medium,5,4.49,14-07-2025,In Progress,90%,0.51,0
G000236,U059,29-08-2025,Financial,Build Investment Fund,Medium,50000,11713.79,31-12-2025,In Progress,23%,38286.21,0
G000237,U030,08-02-2025,Financial,Build Investment Fund,High,10000,4092.19,26-03-2025,In Progress,41%,5907.81,0
G000238,U131,11-08-2025,Health,Improve Fitness,High,60,30.34,31-12-2025,In Progress,51%,29.66,0
G000239,U031,24-08-2025,Financial,Reduce Monthly Expenses,Medium,10000,1357.44,30-12-2025,In Progress,14%,8642.56,0
G000240,U017,06-06-2025,Career,Apply for Jobs,Low,10,6.65,03-08-2025,In Progress,67%,3.35,0
G000241,U172,09-08-2025,Productivity,Improve Productivity,Low,40,14.23,12-10-2025,Cancelled,36%,25.77,0
G000242,U167,28-05-2025,Financial,Build Investment Fund,Low,50000,50000,24-09-2025,Completed,100%,0,1
G000243,U085,24-04-2025,Personal,Read More Books,Low,20,11.6,07-09-2025,In Progress,58%,8.4,0
G000244,U152,25-08-2025,Career,Learn New Skill,Low,50,26.8,20-12-2025,In Progress,54%,23.2,0
G000245,U167,16-01-2025,Learning,Complete Python Course,Critical,100,22.42,11-03-2025,Overdue,22%,77.58,0
G000246,U053,08-01-2025,Personal,Travel More,Low,20,18.39,12-04-2025,In Progress,92%,1.61,0
G000247,U200,12-04-2025,Learning,Complete Certification,Medium,100,3.17,24-06-2025,Overdue,3%,96.83,0
G000248,U029,16-04-2025,Health,Improve Sleep,High,60,19.4,07-07-2025,In Progress,32%,40.6,0
G000249,U096,25-05-2025,Financial,Reduce Monthly Expenses,Medium,10000,6119.15,20-09-2025,In Progress,61%,3880.85,0
G000250,U199,10-02-2025,Financial,Build Investment Fund,Medium,100000,12050.92,26-06-2025,In Progress,12%,87949.08,0
G000251,U132,15-08-2025,Learning,Complete Certification,Medium,150,77.6,14-11-2025,In Progress,52%,72.4,0
G000252,U040,02-01-2025,Financial,Reduce Monthly Expenses,Medium,100000,8459.97,01-05-2025,In Progress,8%,91540.03,0
G000253,U100,17-04-2025,Financial,Increase Savings,Medium,200000,200000,01-10-2025,Completed,100%,0,1
G000254,U015,01-07-2025,Financial,Save Emergency Fund,High,100000,61146.48,17-12-2025,In Progress,61%,38853.52,0
G000255,U098,15-04-2025,Productivity,Improve Productivity,Medium,60,12.08,01-10-2025,In Progress,20%,47.92,0
G000256,U002,03-07-2025,Health,Walk Daily,High,200,34.19,31-08-2025,In Progress,17%,165.81,0
G000257,U111,26-06-2025,Health,Improve Sleep,Low,200,134.5,11-11-2025,Not Started,67%,65.5,0
G000258,U106,09-02-2025,Financial,Save Emergency Fund,Medium,50000,40081.29,15-07-2025,Overdue,80%,9918.71,0
G000259,U016,12-04-2025,Productivity,Improve Productivity,Low,60,27.56,18-05-2025,In Progress,46%,32.44,0
G000260,U052,01-08-2025,Health,Walk Daily,High,30,28.28,31-12-2025,In Progress,94%,1.72,0
G000261,U029,12-08-2025,Learning,Complete Python Course,Medium,150,129.86,08-12-2025,In Progress,87%,20.14,0
G000262,U077,08-05-2025,Personal,Read More Books,Medium,50,28.64,18-07-2025,In Progress,57%,21.36,0
G000263,U123,30-03-2025,Career,Improve Resume,Medium,20,8.52,04-09-2025,In Progress,43%,11.48,0
G000264,U036,25-03-2025,Productivity,Reduce Screen Time,Medium,40,40,27-07-2025,Completed,100%,0,1
G000265,U129,10-02-2025,Productivity,Reduce Screen Time,Low,100,87.17,04-04-2025,In Progress,87%,12.83,0
G000266,U167,26-03-2025,Health,Exercise Regularly,Low,150,150,26-04-2025,Completed,100%,0,1
G000267,U119,26-01-2025,Financial,Save Emergency Fund,Low,200000,72808.15,20-05-2025,Overdue,36%,127191.85,0
G000268,U140,24-01-2025,Learning,Complete Python Course,Low,40,19.72,04-07-2025,In Progress,49%,20.28,0
G000269,U024,04-09-2025,Learning,Complete Certification,Low,150,69.21,31-12-2025,Cancelled,46%,80.79,0
G000270,U025,03-06-2025,Personal,Develop New Hobby,Medium,30,28.24,24-07-2025,Overdue,94%,1.76,0
G000271,U089,23-08-2025,Career,Apply for Jobs,High,30,17.22,26-11-2025,In Progress,57%,12.78,0
G000272,U166,02-01-2025,Learning,Learn SQL,Medium,100,47.68,10-03-2025,In Progress,48%,52.32,0
G000273,U144,03-04-2025,Financial,Build Investment Fund,Medium,25000,16598.83,23-06-2025,Overdue,66%,8401.17,0
G000274,U071,05-04-2025,Health,Improve Sleep,Critical,200,175.49,02-08-2025,In Progress,88%,24.51,0
G000275,U183,19-07-2025,Learning,Learn Power BI,Medium,60,25.85,21-09-2025,In Progress,43%,34.15,0
G000276,U120,24-01-2025,Productivity,Reduce Screen Time,Low,20,19.96,29-05-2025,Overdue,100%,0.04,0
G000277,U135,23-07-2025,Learning,Complete Python Course,Medium,100,81.26,30-08-2025,Cancelled,81%,18.74,0
G000278,U110,13-02-2025,Learning,Complete Python Course,Medium,40,30.09,19-06-2025,Overdue,75%,9.91,0
G000279,U097,24-04-2025,Productivity,Increase Deep Work,Medium,80,67.87,12-07-2025,In Progress,85%,12.13,0
G000280,U183,18-04-2025,Financial,Increase Savings,High,100000,32123.35,30-08-2025,In Progress,32%,67876.65,0
G000281,U052,25-06-2025,Career,Apply for Jobs,Low,20,8.88,05-11-2025,Not Started,44%,11.12,0
G000282,U166,21-04-2025,Financial,Reduce Monthly Expenses,High,25000,19013.27,22-09-2025,Cancelled,76%,5986.73,0
G000283,U014,15-06-2025,Financial,Save Emergency Fund,Low,25000,25000,24-11-2025,Completed,100%,0,1
G000284,U130,25-03-2025,Productivity,Improve Productivity,Medium,20,9.29,28-05-2025,In Progress,46%,10.71,0
G000285,U048,26-06-2025,Personal,Read More Books,High,10,5.22,14-09-2025,In Progress,52%,4.78,0
G000286,U150,09-06-2025,Personal,Travel More,High,30,30,12-10-2025,Completed,100%,0,1
G000287,U071,08-02-2025,Health,Improve Sleep,Low,60,23.6,13-05-2025,Overdue,39%,36.4,0
G000288,U002,07-09-2025,Career,Improve Resume,High,5,0.03,31-12-2025,In Progress,1%,4.97,0
G000289,U038,17-02-2025,Learning,Complete Python Course,High,150,39.33,20-07-2025,Overdue,26%,110.67,0
G000290,U116,01-03-2025,Learning,Learn SQL,Low,20,3.55,21-08-2025,In Progress,18%,16.45,0
G000291,U194,05-03-2025,Health,Exercise Regularly,Medium,150,150,19-06-2025,Completed,100%,0,1
G000292,U024,17-05-2025,Health,Exercise Regularly,High,150,150,13-10-2025,Completed,100%,0,1
G000293,U064,12-07-2025,Productivity,Improve Productivity,Low,80,15.36,31-12-2025,Not Started,19%,64.64,0
G000294,U112,12-06-2025,Health,Exercise Regularly,High,200,200,25-07-2025,Completed,100%,0,1
G000295,U075,15-04-2025,Financial,Build Investment Fund,Medium,100000,57448.29,22-08-2025,Overdue,57%,42551.71,0
G000296,U073,05-04-2025,Health,Exercise Regularly,Medium,60,1.84,28-09-2025,In Progress,3%,58.16,0
G000297,U128,20-04-2025,Personal,Travel More,High,30,3.62,23-08-2025,Overdue,12%,26.38,0
G000298,U106,10-06-2025,Productivity,Complete Tasks on Time,Medium,80,72.37,22-07-2025,In Progress,90%,7.63,0
G000299,U191,16-02-2025,Personal,Improve Work-Life Balance,Medium,50,50,31-03-2025,Completed,100%,0,1
G000300,U199,10-07-2025,Health,Walk Daily,High,100,51.15,11-10-2025,In Progress,51%,48.85,0
G000301,U133,14-06-2025,Personal,Travel More,Low,50,35.38,09-09-2025,Not Started,71%,14.62,0
G000302,U166,23-05-2025,Career,Build Portfolio,Low,50,25.92,03-08-2025,Overdue,52%,24.08,0
G000303,U040,20-05-2025,Productivity,Complete Tasks on Time,Medium,60,60,09-07-2025,Completed,100%,0,1
G000304,U170,30-06-2025,Productivity,Complete Tasks on Time,Medium,100,18.17,15-10-2025,In Progress,18%,81.83,0
G000305,U170,17-04-2025,Personal,Improve Work-Life Balance,High,10,3.29,09-10-2025,Not Started,33%,6.71,0
G000306,U095,04-03-2025,Productivity,Reduce Screen Time,Low,20,15.94,05-08-2025,In Progress,80%,4.06,0
G000307,U199,21-08-2025,Productivity,Reduce Screen Time,High,100,27.96,22-09-2025,Cancelled,28%,72.04,0
G000308,U054,14-07-2025,Learning,Complete Python Course,High,40,17.59,02-12-2025,In Progress,44%,22.41,0
G000309,U020,04-06-2025,Productivity,Complete Tasks on Time,Low,40,34.21,29-08-2025,Overdue,86%,5.79,0
G000310,U112,21-02-2025,Financial,Save Emergency Fund,Critical,10000,5930.66,04-04-2025,In Progress,59%,4069.34,0
G000311,U050,11-04-2025,Financial,Increase Savings,High,100000,47772.62,02-08-2025,Overdue,48%,52227.38,0
G000312,U178,30-03-2025,Productivity,Complete Tasks on Time,High,20,14.87,29-08-2025,In Progress,74%,5.13,0
G000313,U079,09-01-2025,Financial,Increase Savings,Medium,25000,23459.53,23-02-2025,Overdue,94%,1540.47,0
G000314,U001,20-06-2025,Financial,Increase Savings,Low,25000,19156.16,26-09-2025,In Progress,77%,5843.84,0
G000315,U065,20-08-2025,Productivity,Complete Tasks on Time,High,100,43.79,31-12-2025,In Progress,44%,56.21,0
G000316,U191,02-09-2025,Health,Walk Daily,High,60,24.01,28-11-2025,In Progress,40%,35.99,0
G000317,U178,20-04-2025,Productivity,Complete Tasks on Time,Medium,60,60,08-07-2025,Completed,100%,0,1
G000318,U009,28-05-2025,Health,Improve Sleep,Low,200,200,03-08-2025,Completed,100%,0,1
G000319,U012,08-05-2025,Financial,Reduce Monthly Expenses,Medium,50000,35876.69,09-08-2025,Overdue,72%,14123.31,0
G000320,U124,27-07-2025,Health,Exercise Regularly,Medium,60,15.02,17-12-2025,In Progress,25%,44.98,0
G000321,U058,08-09-2025,Personal,Develop New Hobby,Medium,10,10,21-10-2025,Completed,100%,0,1
G000322,U155,27-04-2025,Career,Build Portfolio,Medium,20,15.74,28-05-2025,In Progress,79%,4.26,0
G000323,U090,14-05-2025,Personal,Travel More,High,50,50,30-08-2025,Completed,100%,0,1
G000324,U064,06-09-2025,Health,Walk Daily,Medium,100,7.52,31-12-2025,Not Started,8%,92.48,0
G000325,U133,26-07-2025,Financial,Build Investment Fund,High,200000,193881.96,09-12-2025,In Progress,97%,6118.04,0
G000326,U091,07-06-2025,Financial,Increase Savings,Medium,50000,11028.12,02-09-2025,In Progress,22%,38971.88,0
G000327,U174,06-09-2025,Productivity,Complete Tasks on Time,Low,100,25.39,21-10-2025,In Progress,25%,74.61,0
G000328,U161,27-05-2025,Productivity,Increase Deep Work,Medium,80,69.85,31-07-2025,In Progress,87%,10.15,0
G000329,U149,12-07-2025,Productivity,Reduce Screen Time,Medium,80,80,13-09-2025,Completed,100%,0,1
G000330,U165,26-03-2025,Career,Build Portfolio,High,20,20,13-09-2025,Completed,100%,0,1
G000331,U003,16-02-2025,Career,Build Portfolio,High,20,14.4,12-08-2025,In Progress,72%,5.6,0
G000332,U012,24-05-2025,Health,Walk Daily,High,150,93.69,06-07-2025,In Progress,62%,56.31,0
G000333,U056,20-04-2025,Learning,Complete Certification,High,100,100,27-08-2025,Completed,100%,0,1
G000334,U075,20-04-2025,Learning,Learn SQL,Medium,150,63.68,30-06-2025,In Progress,42%,86.32,0
G000335,U008,13-04-2025,Learning,Learn Power BI,High,60,60,08-07-2025,Completed,100%,0,1
G000336,U012,02-06-2025,Career,Improve Resume,High,20,5.7,07-08-2025,In Progress,29%,14.3,0
G000337,U130,16-06-2025,Productivity,Reduce Screen Time,Low,20,19.18,27-10-2025,In Progress,96%,0.82,0
G000338,U188,24-04-2025,Learning,Learn SQL,High,60,9.01,05-09-2025,Not Started,15%,50.99,0
G000339,U196,30-07-2025,Financial,Increase Savings,Low,10000,568.48,01-10-2025,In Progress,6%,9431.52,0
G000340,U098,22-06-2025,Financial,Increase Savings,High,10000,3571.13,26-10-2025,In Progress,36%,6428.87,0
G000341,U161,10-06-2025,Health,Exercise Regularly,Medium,30,7.85,24-07-2025,In Progress,26%,22.15,0
G000342,U159,02-06-2025,Productivity,Reduce Screen Time,High,20,20,28-10-2025,Completed,100%,0,1
G000343,U016,11-01-2025,Career,Improve Resume,Medium,5,3.99,28-02-2025,In Progress,80%,1.01,0
G000344,U156,12-06-2025,Personal,Travel More,Medium,20,10.14,02-12-2025,In Progress,51%,9.86,0
G000345,U036,21-05-2025,Learning,Learn SQL,Low,40,40,02-09-2025,Completed,100%,0,1
G000346,U189,22-01-2025,Financial,Save Emergency Fund,Medium,100000,52400.79,22-06-2025,In Progress,52%,47599.21,0
G000347,U143,08-08-2025,Career,Build Portfolio,High,20,15.98,15-12-2025,Not Started,80%,4.02,0
G000348,U039,12-05-2025,Learning,Learn Power BI,Low,60,23.69,25-07-2025,In Progress,39%,36.31,0
G000349,U123,28-07-2025,Health,Exercise Regularly,Medium,100,49.51,10-12-2025,In Progress,50%,50.49,0
G000350,U024,14-07-2025,Health,Improve Fitness,Low,60,12.2,10-09-2025,In Progress,20%,47.8,0
G000351,U172,01-03-2025,Personal,Read More Books,Medium,50,50,09-05-2025,Completed,100%,0,1
G000352,U158,27-07-2025,Career,Improve Resume,Medium,50,50,18-12-2025,Completed,100%,0,1
G000353,U132,20-02-2025,Personal,Read More Books,Low,50,4.42,06-05-2025,In Progress,9%,45.58,0
G000354,U172,15-07-2025,Financial,Build Investment Fund,Medium,100000,17151.43,17-11-2025,In Progress,17%,82848.57,0
G000355,U040,06-05-2025,Productivity,Improve Productivity,Medium,20,14.11,05-08-2025,Overdue,71%,5.89,0
G000356,U145,06-08-2025,Health,Improve Sleep,Medium,60,35.38,10-12-2025,In Progress,59%,24.62,0
G000357,U026,05-07-2025,Financial,Build Investment Fund,High,10000,375.54,21-10-2025,Not Started,4%,9624.46,0
G000358,U005,08-08-2025,Personal,Read More Books,Medium,30,18.61,31-12-2025,In Progress,62%,11.39,0
G000359,U049,21-03-2025,Financial,Reduce Monthly Expenses,Low,10000,9905.03,05-05-2025,In Progress,99%,94.97,0
G000360,U041,06-08-2025,Career,Build Portfolio,Medium,5,3.99,15-10-2025,Cancelled,80%,1.01,0
G000361,U116,09-04-2025,Financial,Increase Savings,Low,10000,3879.61,10-08-2025,Overdue,39%,6120.39,0
G000362,U011,25-02-2025,Personal,Travel More,High,30,30,13-06-2025,Completed,100%,0,1
G000363,U110,16-08-2025,Health,Improve Sleep,Medium,100,7.13,31-12-2025,Not Started,7%,92.87,0
G000364,U134,18-06-2025,Personal,Develop New Hobby,High,5,1.34,10-11-2025,In Progress,27%,3.66,0
G000365,U158,08-04-2025,Productivity,Complete Tasks on Time,High,100,89.02,09-07-2025,In Progress,89%,10.98,0
G000366,U005,31-07-2025,Financial,Save Emergency Fund,Medium,50000,50000,31-12-2025,Completed,100%,0,1
G000367,U143,12-07-2025,Productivity,Increase Deep Work,High,20,2.53,09-09-2025,Cancelled,13%,17.47,0
G000368,U197,29-03-2025,Personal,Improve Work-Life Balance,High,5,0.27,26-06-2025,In Progress,5%,4.73,0
G000369,U164,15-04-2025,Personal,Develop New Hobby,Medium,5,4.41,02-08-2025,Overdue,88%,0.59,0
G000370,U093,31-08-2025,Productivity,Reduce Screen Time,Medium,40,25.84,31-12-2025,In Progress,65%,14.16,0
G000371,U143,28-08-2025,Health,Walk Daily,Medium,200,157.2,02-12-2025,In Progress,79%,42.8,0
G000372,U180,06-06-2025,Financial,Reduce Monthly Expenses,Low,200000,92447.07,14-08-2025,In Progress,46%,107552.93,0
G000373,U156,19-02-2025,Learning,Learn Power BI,High,100,60.25,27-03-2025,In Progress,60%,39.75,0
G000374,U128,23-01-2025,Financial,Build Investment Fund,Medium,100000,100000,22-04-2025,Completed,100%,0,1
G000375,U122,28-03-2025,Health,Exercise Regularly,Low,30,27.24,15-06-2025,Overdue,91%,2.76,0
G000376,U107,10-04-2025,Productivity,Improve Productivity,High,60,0.12,06-06-2025,Overdue,0%,59.88,0
G000377,U006,30-06-2025,Health,Improve Fitness,Medium,100,42.94,13-10-2025,Cancelled,43%,57.06,0
G000378,U198,18-03-2025,Health,Improve Fitness,Medium,60,13.25,18-04-2025,Overdue,22%,46.75,0
G000379,U151,24-02-2025,Financial,Build Investment Fund,Medium,50000,20623.37,07-07-2025,Overdue,41%,29376.63,0
G000380,U025,15-02-2025,Health,Improve Sleep,Low,200,114.05,10-05-2025,Overdue,57%,85.95,0
G000381,U009,29-08-2025,Financial,Build Investment Fund,High,200000,194049.2,05-11-2025,In Progress,97%,5950.8,0
G000382,U182,04-08-2025,Financial,Save Emergency Fund,High,50000,49398.94,24-11-2025,In Progress,99%,601.06,0
G000383,U088,19-08-2025,Health,Exercise Regularly,Medium,150,13.27,31-12-2025,In Progress,9%,136.73,0
G000384,U113,26-08-2025,Career,Learn New Skill,Critical,20,8.41,23-11-2025,In Progress,42%,11.59,0
G000385,U170,09-04-2025,Health,Walk Daily,High,30,15.38,16-08-2025,In Progress,51%,14.62,0
G000386,U084,12-03-2025,Personal,Read More Books,Medium,10,7.54,07-08-2025,In Progress,75%,2.46,0
G000387,U063,03-05-2025,Financial,Save Emergency Fund,Medium,200000,50846.32,06-07-2025,In Progress,25%,149153.68,0
G000388,U077,23-03-2025,Career,Apply for Jobs,Low,50,49.14,23-07-2025,In Progress,98%,0.86,0
G000389,U141,15-02-2025,Career,Improve Resume,Medium,30,30,10-08-2025,Completed,100%,0,1
G000390,U042,06-02-2025,Health,Exercise Regularly,Critical,200,86.11,21-03-2025,In Progress,43%,113.89,0
G000391,U071,30-04-2025,Personal,Improve Work-Life Balance,Low,10,4.94,11-10-2025,In Progress,49%,5.06,0
G000392,U011,25-07-2025,Productivity,Improve Productivity,Low,60,36.59,20-09-2025,Cancelled,61%,23.41,0
G000393,U035,06-07-2025,Career,Improve Resume,Medium,50,7.42,26-09-2025,In Progress,15%,42.58,0
G000394,U076,18-05-2025,Personal,Improve Work-Life Balance,High,50,50,22-06-2025,Completed,100%,0,1
G000395,U134,14-03-2025,Productivity,Complete Tasks on Time,High,60,48.19,04-08-2025,Overdue,80%,11.81,0
G000396,U035,21-04-2025,Personal,Improve Work-Life Balance,Critical,5,1.19,05-08-2025,In Progress,24%,3.81,0
G000397,U105,01-09-2025,Personal,Improve Work-Life Balance,High,30,13.06,10-12-2025,Not Started,44%,16.94,0
G000398,U147,26-01-2025,Productivity,Improve Productivity,Medium,60,55.18,31-03-2025,In Progress,92%,4.82,0
G000399,U053,05-03-2025,Learning,Complete Certification,Low,60,60,12-06-2025,Completed,100%,0,1
G000400,U139,14-06-2025,Financial,Reduce Monthly Expenses,High,10000,7746.24,12-11-2025,Cancelled,77%,2253.76,0
G000401,U155,17-08-2025,Financial,Save Emergency Fund,Medium,200000,200000,31-12-2025,Completed,100%,0,1
G000402,U099,01-05-2025,Career,Improve Resume,Low,10,10,12-06-2025,Completed,100%,0,1
G000403,U011,20-05-2025,Learning,Complete Certification,Medium,40,5.96,14-10-2025,Not Started,15%,34.04,0
G000404,U046,15-05-2025,Financial,Increase Savings,Medium,200000,79852,20-08-2025,In Progress,40%,120148,0
G000405,U034,13-08-2025,Health,Improve Fitness,High,30,26.63,23-11-2025,In Progress,89%,3.37,0
G000406,U178,12-03-2025,Career,Learn New Skill,Medium,5,4.07,06-08-2025,Overdue,81%,0.93,0
G000407,U106,10-02-2025,Health,Exercise Regularly,High,150,24.91,05-04-2025,Overdue,17%,125.09,0
G000408,U144,27-08-2025,Learning,Complete Certification,Low,150,131.56,29-10-2025,Not Started,88%,18.44,0
G000409,U138,13-04-2025,Personal,Improve Work-Life Balance,Low,30,27.71,22-09-2025,In Progress,92%,2.29,0
G000410,U145,15-02-2025,Productivity,Increase Deep Work,Medium,100,74.29,02-06-2025,Overdue,74%,25.71,0
G000411,U064,21-04-2025,Career,Build Portfolio,Critical,5,5,26-09-2025,Completed,100%,0,1
G000412,U142,28-04-2025,Learning,Complete Certification,High,40,40,07-06-2025,Completed,100%,0,1
G000413,U084,06-03-2025,Personal,Develop New Hobby,High,20,1.11,06-08-2025,In Progress,6%,18.89,0
G000414,U198,23-03-2025,Career,Build Portfolio,Medium,30,1.15,08-09-2025,In Progress,4%,28.85,0
G000415,U156,21-04-2025,Financial,Increase Savings,Low,100000,11390.51,02-07-2025,In Progress,11%,88609.49,0
G000416,U152,08-09-2025,Financial,Reduce Monthly Expenses,Low,200000,60313.52,31-12-2025,In Progress,30%,139686.48,0
G000417,U051,19-05-2025,Productivity,Complete Tasks on Time,High,40,40,04-07-2025,Completed,100%,0,1
G000418,U123,20-06-2025,Learning,Learn Power BI,Medium,100,56.2,17-09-2025,In Progress,56%,43.8,0
G000419,U044,02-07-2025,Productivity,Complete Tasks on Time,Medium,100,31.89,14-08-2025,In Progress,32%,68.11,0
G000420,U143,18-08-2025,Personal,Read More Books,High,30,30,02-12-2025,Completed,100%,0,1
G000421,U042,25-05-2025,Productivity,Increase Deep Work,Critical,20,14.48,05-07-2025,Overdue,72%,5.52,0
G000422,U012,12-07-2025,Career,Learn New Skill,Medium,30,2.22,04-10-2025,In Progress,7%,27.78,0
G000423,U128,23-04-2025,Health,Improve Fitness,Low,30,14.68,23-06-2025,In Progress,49%,15.32,0
G000424,U115,23-01-2025,Productivity,Improve Productivity,Medium,40,32.93,11-07-2025,In Progress,82%,7.07,0
G000425,U020,27-04-2025,Financial,Save Emergency Fund,High,25000,1844.49,12-08-2025,In Progress,7%,23155.51,0
G000426,U101,21-08-2025,Learning,Learn SQL,Medium,20,16.65,26-10-2025,Not Started,83%,3.35,0
G000427,U115,19-06-2025,Personal,Improve Work-Life Balance,Medium,30,14.84,07-08-2025,In Progress,49%,15.16,0
G000428,U131,16-03-2025,Career,Learn New Skill,Medium,20,19.33,14-07-2025,In Progress,97%,0.67,0
G000429,U101,21-07-2025,Learning,Complete Certification,Medium,60,60,09-12-2025,Completed,100%,0,1
G000430,U184,02-01-2025,Financial,Reduce Monthly Expenses,Medium,25000,22076.63,27-03-2025,Overdue,88%,2923.37,0
G000431,U035,07-05-2025,Career,Improve Resume,Medium,30,28.29,27-08-2025,In Progress,94%,1.71,0
G000432,U184,02-06-2025,Learning,Complete Python Course,Low,40,40,24-08-2025,Completed,100%,0,1
G000433,U119,24-02-2025,Career,Learn New Skill,High,10,9.03,25-05-2025,In Progress,90%,0.97,0
G000434,U017,27-04-2025,Personal,Travel More,Low,30,14,29-06-2025,In Progress,47%,16,0
G000435,U092,14-05-2025,Personal,Improve Work-Life Balance,Medium,50,7.04,11-07-2025,Overdue,14%,42.96,0
G000436,U002,20-04-2025,Productivity,Reduce Screen Time,High,40,40,20-08-2025,Completed,100%,0,1
G000437,U031,04-03-2025,Financial,Reduce Monthly Expenses,Medium,25000,2865.65,11-04-2025,In Progress,11%,22134.35,0
G000438,U118,26-01-2025,Career,Apply for Jobs,High,10,3.97,10-06-2025,Overdue,40%,6.03,0
G000439,U051,02-01-2025,Personal,Develop New Hobby,Medium,20,3.96,01-05-2025,Overdue,20%,16.04,0
G000440,U089,20-08-2025,Personal,Improve Work-Life Balance,High,10,6.82,08-10-2025,Not Started,68%,3.18,0
G000441,U066,13-07-2025,Career,Apply for Jobs,High,20,6.51,10-11-2025,In Progress,33%,13.49,0
G000442,U145,10-06-2025,Financial,Increase Savings,High,25000,5998.56,24-07-2025,In Progress,24%,19001.44,0
G000443,U167,15-05-2025,Productivity,Improve Productivity,Low,100,71.13,10-08-2025,Overdue,71%,28.87,0
G000444,U014,16-07-2025,Career,Apply for Jobs,High,10,4.35,05-12-2025,Not Started,44%,5.65,0
G000445,U095,11-05-2025,Career,Learn New Skill,Medium,5,2.82,15-06-2025,Overdue,56%,2.18,0
G000446,U112,14-01-2025,Learning,Learn Power BI,Medium,150,21.68,19-02-2025,Overdue,14%,128.32,0
G000447,U140,17-04-2025,Career,Improve Resume,Low,20,9.29,07-06-2025,Overdue,46%,10.71,0
G000448,U141,26-06-2025,Learning,Complete Python Course,Medium,150,24.93,03-12-2025,Cancelled,17%,125.07,0
G000449,U014,06-05-2025,Productivity,Increase Deep Work,Low,100,42.13,20-07-2025,In Progress,42%,57.87,0
G000450,U079,08-02-2025,Productivity,Increase Deep Work,Low,40,4.29,16-03-2025,Overdue,11%,35.71,0
G000451,U149,13-01-2025,Career,Improve Resume,Medium,10,1.1,08-06-2025,In Progress,11%,8.9,0
G000452,U041,08-08-2025,Productivity,Increase Deep Work,Critical,60,33.03,31-12-2025,In Progress,55%,26.97,0
G000453,U038,19-03-2025,Learning,Learn SQL,High,40,30.81,16-05-2025,In Progress,77%,9.19,0
G000454,U174,14-05-2025,Learning,Learn SQL,Medium,150,101.48,08-07-2025,Overdue,68%,48.52,0
G000455,U107,01-07-2025,Career,Learn New Skill,Medium,30,4.78,21-09-2025,In Progress,16%,25.22,0
G000456,U191,14-03-2025,Learning,Complete Python Course,Low,20,10.51,15-05-2025,Overdue,53%,9.49,0
G000457,U189,02-07-2025,Health,Exercise Regularly,Medium,60,15.18,18-09-2025,Not Started,25%,44.82,0
G000458,U136,24-01-2025,Learning,Learn SQL,Low,150,57.39,26-03-2025,Overdue,38%,92.61,0
G000459,U179,05-01-2025,Career,Improve Resume,Low,10,8.32,16-03-2025,Overdue,83%,1.68,0
G000460,U121,29-01-2025,Learning,Learn Power BI,Low,150,10.81,12-07-2025,Overdue,7%,139.19,0
G000461,U143,27-02-2025,Financial,Build Investment Fund,Low,10000,306.22,02-05-2025,In Progress,3%,9693.78,0
G000462,U116,30-01-2025,Personal,Improve Work-Life Balance,Medium,50,10.52,29-06-2025,Overdue,21%,39.48,0
G000463,U083,08-04-2025,Health,Walk Daily,High,200,94.4,21-07-2025,In Progress,47%,105.6,0
G000464,U116,01-01-2025,Productivity,Complete Tasks on Time,High,100,7.34,29-03-2025,Overdue,7%,92.66,0
G000465,U124,24-07-2025,Productivity,Reduce Screen Time,Medium,60,43.38,22-10-2025,In Progress,72%,16.62,0
G000466,U047,11-03-2025,Financial,Save Emergency Fund,Medium,10000,291.8,10-07-2025,In Progress,3%,9708.2,0
G000467,U079,21-01-2025,Career,Learn New Skill,High,5,5,22-05-2025,Completed,100%,0,1
G000468,U012,20-06-2025,Productivity,Increase Deep Work,Low,100,48.33,22-11-2025,Not Started,48%,51.67,0
G000469,U146,26-07-2025,Productivity,Complete Tasks on Time,High,100,100,31-12-2025,Completed,100%,0,1
G000470,U030,09-02-2025,Health,Walk Daily,Critical,100,87.66,09-05-2025,In Progress,88%,12.34,0
G000471,U035,30-04-2025,Learning,Complete Certification,Medium,60,60,22-06-2025,Completed,100%,0,1
G000472,U073,04-07-2025,Financial,Increase Savings,High,10000,8218.54,31-12-2025,In Progress,82%,1781.46,0
G000473,U097,06-01-2025,Productivity,Reduce Screen Time,Low,80,14.98,26-02-2025,In Progress,19%,65.02,0
G000474,U079,16-02-2025,Financial,Reduce Monthly Expenses,Medium,200000,125722.22,28-05-2025,In Progress,63%,74277.78,0
G000475,U139,29-08-2025,Personal,Read More Books,Medium,50,19.39,02-12-2025,In Progress,39%,30.61,0
G000476,U117,21-02-2025,Career,Learn New Skill,Medium,5,3.23,14-07-2025,In Progress,65%,1.77,0
G000477,U063,25-05-2025,Productivity,Complete Tasks on Time,High,40,20.99,17-09-2025,Not Started,52%,19.01,0
G000478,U128,22-04-2025,Learning,Complete Python Course,Low,100,58.17,01-10-2025,In Progress,58%,41.83,0
G000479,U072,13-06-2025,Career,Learn New Skill,Medium,10,2.34,04-11-2025,In Progress,23%,7.66,0
G000480,U029,27-03-2025,Personal,Read More Books,Medium,30,3.76,19-09-2025,Not Started,13%,26.24,0
G000481,U183,19-02-2025,Financial,Reduce Monthly Expenses,High,25000,24786.99,05-05-2025,Overdue,99%,213.01,0
G000482,U010,11-03-2025,Productivity,Improve Productivity,Low,20,2.98,03-09-2025,In Progress,15%,17.02,0
G000483,U133,16-04-2025,Career,Apply for Jobs,Medium,20,1.05,08-09-2025,In Progress,5%,18.95,0
G000484,U154,11-08-2025,Financial,Increase Savings,Medium,10000,4485.8,16-09-2025,In Progress,45%,5514.2,0
G000485,U018,20-06-2025,Productivity,Reduce Screen Time,Critical,60,35.46,16-11-2025,In Progress,59%,24.54,0
G000486,U006,14-07-2025,Career,Build Portfolio,Medium,30,30,13-10-2025,Completed,100%,0,1
G000487,U194,03-07-2025,Health,Improve Fitness,High,60,13.51,06-10-2025,In Progress,23%,46.49,0
G000488,U191,17-04-2025,Personal,Read More Books,Medium,5,2.5,08-09-2025,Not Started,50%,2.5,0
G000489,U153,20-02-2025,Financial,Increase Savings,Low,100000,24517.18,17-07-2025,In Progress,25%,75482.82,0
G000490,U096,23-08-2025,Personal,Develop New Hobby,High,30,4.05,10-10-2025,In Progress,14%,25.95,0
G000491,U168,18-05-2025,Personal,Read More Books,High,10,2.61,22-09-2025,In Progress,26%,7.39,0
G000492,U166,14-08-2025,Productivity,Reduce Screen Time,Medium,100,85.64,19-12-2025,In Progress,86%,14.36,0
G000493,U118,09-06-2025,Personal,Read More Books,Medium,10,6.15,04-09-2025,In Progress,62%,3.85,0
G000494,U063,14-04-2025,Productivity,Complete Tasks on Time,High,60,28.3,01-09-2025,In Progress,47%,31.7,0
G000495,U197,25-03-2025,Financial,Increase Savings,Low,200000,179014.76,10-07-2025,In Progress,90%,20985.24,0
G000496,U138,18-01-2025,Financial,Save Emergency Fund,High,25000,24558.75,09-03-2025,Overdue,98%,441.25,0
G000497,U168,01-04-2025,Health,Walk Daily,Medium,30,20.53,30-08-2025,Cancelled,68%,9.47,0
G000498,U106,07-06-2025,Productivity,Increase Deep Work,High,60,35.74,30-10-2025,In Progress,60%,24.26,0
G000499,U197,15-02-2025,Personal,Read More Books,Medium,5,0.4,17-04-2025,Overdue,8%,4.6,0
G000500,U033,23-04-2025,Productivity,Complete Tasks on Time,High,60,48.79,27-08-2025,In Progress,81%,11.21,0
G000501,U125,08-06-2025,Learning,Learn Power BI,Medium,150,123.13,22-10-2025,In Progress,82%,26.87,0
G000502,U135,24-03-2025,Health,Exercise Regularly,Critical,150,128.78,08-07-2025,In Progress,86%,21.22,0
G000503,U159,13-04-2025,Learning,Learn Power BI,Low,100,26.95,31-08-2025,Cancelled,27%,73.05,0
G000504,U048,30-05-2025,Health,Improve Sleep,Medium,30,19.77,18-11-2025,In Progress,66%,10.23,0
G000505,U092,21-02-2025,Financial,Reduce Monthly Expenses,Medium,10000,5233.25,09-04-2025,In Progress,52%,4766.75,0
G000506,U095,22-01-2025,Health,Walk Daily,Medium,200,31.98,14-05-2025,Overdue,16%,168.02,0
G000507,U015,27-07-2025,Personal,Improve Work-Life Balance,Medium,5,4.65,27-08-2025,Overdue,93%,0.35,0
G000508,U120,02-03-2025,Productivity,Complete Tasks on Time,Critical,80,80,18-07-2025,Completed,100%,0,1
G000509,U098,11-01-2025,Productivity,Increase Deep Work,High,100,33.71,21-04-2025,Overdue,34%,66.29,0
G000510,U094,24-02-2025,Health,Exercise Regularly,High,60,60,01-08-2025,Completed,100%,0,1
G000511,U054,31-01-2025,Productivity,Reduce Screen Time,High,60,9.84,05-04-2025,Overdue,16%,50.16,0
G000512,U194,22-08-2025,Health,Exercise Regularly,Medium,100,29.81,31-12-2025,In Progress,30%,70.19,0
G000513,U023,12-06-2025,Personal,Develop New Hobby,Medium,10,10,13-10-2025,Completed,100%,0,1
G000514,U160,12-07-2025,Health,Improve Fitness,High,60,3.51,15-12-2025,In Progress,6%,56.49,0
G000515,U111,26-05-2025,Productivity,Increase Deep Work,Medium,80,6.14,15-07-2025,In Progress,8%,73.86,0
G000516,U194,04-05-2025,Health,Exercise Regularly,Medium,100,99.61,23-10-2025,In Progress,100%,0.39,0
G000517,U131,29-05-2025,Learning,Learn SQL,Medium,20,17.5,25-08-2025,Overdue,88%,2.5,0
G000518,U160,13-02-2025,Financial,Increase Savings,Medium,100000,98694.93,11-06-2025,Overdue,99%,1305.07,0
G000519,U180,07-04-2025,Productivity,Complete Tasks on Time,Medium,40,9.96,06-07-2025,In Progress,25%,30.04,0
G000520,U182,26-03-2025,Productivity,Reduce Screen Time,Low,20,15.5,16-05-2025,In Progress,78%,4.5,0
G000521,U048,04-03-2025,Personal,Develop New Hobby,Low,10,3.88,27-07-2025,In Progress,39%,6.12,0
G000522,U156,23-07-2025,Productivity,Increase Deep Work,Low,40,2.94,24-09-2025,In Progress,7%,37.06,0
G000523,U094,27-08-2025,Health,Improve Fitness,High,200,23.79,11-10-2025,In Progress,12%,176.21,0
G000524,U057,13-06-2025,Productivity,Increase Deep Work,Low,80,14.71,19-10-2025,In Progress,18%,65.29,0
G000525,U157,05-09-2025,Learning,Complete Certification,Critical,150,150,31-12-2025,Completed,100%,0,1
G000526,U127,14-05-2025,Career,Build Portfolio,Medium,20,2.76,06-08-2025,In Progress,14%,17.24,0
G000527,U118,20-08-2025,Health,Walk Daily,Medium,60,12.33,31-12-2025,In Progress,21%,47.67,0
G000528,U175,16-07-2025,Personal,Read More Books,High,10,10,27-12-2025,Completed,100%,0,1
G000529,U045,13-03-2025,Health,Improve Sleep,High,30,21.96,30-07-2025,In Progress,73%,8.04,0
G000530,U037,18-05-2025,Productivity,Increase Deep Work,High,60,54.52,17-08-2025,In Progress,91%,5.48,0
G000531,U159,15-04-2025,Productivity,Complete Tasks on Time,High,60,47.52,12-10-2025,Cancelled,79%,12.48,0
G000532,U069,24-02-2025,Productivity,Improve Productivity,Low,40,10.56,03-08-2025,In Progress,26%,29.44,0
G000533,U031,21-05-2025,Personal,Develop New Hobby,Low,20,20,09-07-2025,Completed,100%,0,1
G000534,U152,31-03-2025,Financial,Build Investment Fund,Medium,200000,155008.5,11-08-2025,Overdue,78%,44991.5,0
G000535,U120,12-02-2025,Financial,Reduce Monthly Expenses,High,10000,8352.52,14-03-2025,In Progress,84%,1647.48,0
G000536,U107,08-09-2025,Health,Walk Daily,Medium,200,200,31-12-2025,Completed,100%,0,1
G000537,U038,22-07-2025,Productivity,Reduce Screen Time,High,60,32,31-12-2025,In Progress,53%,28,0
G000538,U021,01-07-2025,Productivity,Complete Tasks on Time,Medium,100,65.19,21-09-2025,Cancelled,65%,34.81,0
G000539,U032,20-08-2025,Personal,Improve Work-Life Balance,High,5,3.73,31-12-2025,In Progress,75%,1.27,0
G000540,U162,26-07-2025,Career,Build Portfolio,Low,30,3.03,19-10-2025,In Progress,10%,26.97,0
G000541,U059,02-09-2025,Health,Walk Daily,Medium,30,9.29,31-12-2025,Cancelled,31%,20.71,0
G000542,U013,05-07-2025,Career,Apply for Jobs,Low,10,10,18-08-2025,Completed,100%,0,1
G000543,U020,20-02-2025,Personal,Develop New Hobby,High,50,50,14-04-2025,Completed,100%,0,1
G000544,U110,22-03-2025,Personal,Travel More,Medium,5,5,08-09-2025,Completed,100%,0,1
G000545,U098,07-03-2025,Personal,Develop New Hobby,Medium,20,10.82,06-06-2025,In Progress,54%,9.18,0
G000546,U061,30-05-2025,Learning,Learn SQL,High,100,100,30-07-2025,Completed,100%,0,1
G000547,U057,05-08-2025,Career,Build Portfolio,Medium,10,4.26,26-09-2025,In Progress,43%,5.74,0
G000548,U024,03-07-2025,Financial,Reduce Monthly Expenses,Medium,100000,100000,21-08-2025,Completed,100%,0,1
G000549,U003,07-04-2025,Career,Improve Resume,Medium,5,5,30-07-2025,Completed,100%,0,1
G000550,U077,24-05-2025,Health,Improve Sleep,High,30,14.63,31-07-2025,Overdue,49%,15.37,0
G000551,U118,08-08-2025,Personal,Read More Books,Medium,10,7.18,11-11-2025,In Progress,72%,2.82,0
G000552,U083,07-01-2025,Personal,Improve Work-Life Balance,Critical,50,22.85,07-04-2025,In Progress,46%,27.15,0
G000553,U030,10-06-2025,Productivity,Reduce Screen Time,High,60,54.23,01-10-2025,In Progress,90%,5.77,0
G000554,U076,20-05-2025,Learning,Learn SQL,Medium,100,31.41,27-09-2025,In Progress,31%,68.59,0
G000555,U074,25-03-2025,Productivity,Reduce Screen Time,High,80,70.05,11-09-2025,Cancelled,88%,9.95,0
G000556,U002,31-07-2025,Productivity,Improve Productivity,Medium,60,48.25,31-12-2025,In Progress,80%,11.75,0
G000557,U198,17-06-2025,Personal,Improve Work-Life Balance,High,10,1.18,05-10-2025,Not Started,12%,8.82,0
G000558,U049,27-04-2025,Financial,Save Emergency Fund,High,200000,48653.84,22-06-2025,Overdue,24%,151346.16,0
G000559,U068,17-04-2025,Productivity,Reduce Screen Time,Medium,80,80,19-09-2025,Completed,100%,0,1
G000560,U101,20-06-2025,Personal,Develop New Hobby,Medium,30,16.15,02-10-2025,Not Started,54%,13.85,0
G000561,U168,01-07-2025,Financial,Reduce Monthly Expenses,High,100000,95651.49,14-08-2025,Overdue,96%,4348.51,0
G000562,U063,04-01-2025,Productivity,Reduce Screen Time,Medium,100,100,26-04-2025,Completed,100%,0,1
G000563,U047,28-02-2025,Financial,Save Emergency Fund,High,25000,8363.64,26-06-2025,In Progress,33%,16636.36,0
G000564,U175,08-03-2025,Personal,Read More Books,Medium,30,30,28-08-2025,Completed,100%,0,1
G000565,U060,16-01-2025,Career,Improve Resume,Medium,30,2.39,05-04-2025,Overdue,8%,27.61,0
G000566,U002,12-06-2025,Learning,Learn Power BI,Medium,150,99.11,30-10-2025,In Progress,66%,50.89,0
G000567,U015,11-04-2025,Personal,Develop New Hobby,High,50,6.06,11-05-2025,In Progress,12%,43.94,0
G000568,U124,08-01-2025,Learning,Learn Power BI,Medium,20,20,18-06-2025,Completed,100%,0,1
G000569,U165,27-01-2025,Learning,Complete Python Course,High,150,54.18,04-06-2025,Overdue,36%,95.82,0
G000570,U101,25-05-2025,Career,Learn New Skill,Low,30,18.68,07-07-2025,Overdue,62%,11.32,0
G000571,U020,16-06-2025,Career,Learn New Skill,Medium,20,7.56,02-11-2025,Cancelled,38%,12.44,0
G000572,U063,15-04-2025,Health,Exercise Regularly,Medium,100,54.6,18-06-2025,In Progress,55%,45.4,0
G000573,U141,21-01-2025,Financial,Save Emergency Fund,Medium,10000,4282.37,09-07-2025,Overdue,43%,5717.63,0
G000574,U092,21-04-2025,Learning,Learn SQL,High,40,14.85,12-07-2025,Overdue,37%,25.15,0
G000575,U119,12-08-2025,Personal,Improve Work-Life Balance,Medium,50,27.38,17-12-2025,Not Started,55%,22.62,0
G000576,U015,25-08-2025,Productivity,Reduce Screen Time,High,20,0.25,23-11-2025,In Progress,1%,19.75,0
G000577,U024,03-07-2025,Productivity,Improve Productivity,High,20,14.53,11-11-2025,In Progress,73%,5.47,0
G000578,U037,19-02-2025,Career,Apply for Jobs,Medium,50,50,30-07-2025,Completed,100%,0,1
G000579,U117,17-04-2025,Personal,Read More Books,Medium,50,50,22-06-2025,Completed,100%,0,1
G000580,U172,11-07-2025,Career,Learn New Skill,Low,20,15.81,14-10-2025,In Progress,79%,4.19,0
G000581,U091,19-04-2025,Career,Apply for Jobs,Medium,50,27.25,01-08-2025,In Progress,55%,22.75,0
G000582,U057,18-05-2025,Financial,Save Emergency Fund,Medium,100000,19420.54,14-11-2025,In Progress,19%,80579.46,0
G000583,U079,15-01-2025,Health,Improve Sleep,High,60,33,19-02-2025,In Progress,55%,27,0
G000584,U087,12-07-2025,Financial,Reduce Monthly Expenses,Critical,10000,10000,28-11-2025,Completed,100%,0,1
G000585,U109,16-08-2025,Financial,Reduce Monthly Expenses,Medium,200000,200000,06-10-2025,Completed,100%,0,1
G000586,U079,03-09-2025,Health,Improve Fitness,Medium,150,150,31-12-2025,Completed,100%,0,1
G000587,U093,29-08-2025,Financial,Build Investment Fund,Medium,25000,25000,31-12-2025,Completed,100%,0,1
G000588,U049,01-08-2025,Productivity,Complete Tasks on Time,Low,40,0.14,15-11-2025,Not Started,0%,39.86,0
G000589,U010,23-06-2025,Learning,Complete Certification,High,40,21.76,24-08-2025,Overdue,54%,18.24,0
G000590,U198,23-07-2025,Health,Improve Fitness,High,30,21.1,31-12-2025,Not Started,70%,8.9,0
G000591,U133,06-03-2025,Career,Improve Resume,High,20,20,08-05-2025,Completed,100%,0,1
G000592,U129,21-08-2025,Career,Learn New Skill,Critical,20,0.96,31-12-2025,Cancelled,5%,19.04,0
G000593,U002,30-08-2025,Financial,Increase Savings,High,50000,22666.75,31-12-2025,In Progress,45%,27333.25,0
G000594,U143,15-03-2025,Learning,Learn Power BI,High,150,10.08,17-04-2025,In Progress,7%,139.92,0
G000595,U021,02-05-2025,Learning,Complete Certification,High,20,10,10-08-2025,Overdue,50%,10,0
G000596,U169,06-05-2025,Financial,Build Investment Fund,High,25000,570.51,28-09-2025,In Progress,2%,24429.49,0
G000597,U120,14-04-2025,Career,Build Portfolio,Medium,5,2.85,11-09-2025,In Progress,57%,2.15,0
G000598,U134,04-05-2025,Financial,Reduce Monthly Expenses,Medium,200000,107603.71,05-10-2025,Cancelled,54%,92396.29,0
G000599,U083,07-06-2025,Health,Improve Sleep,Medium,200,83.34,26-07-2025,In Progress,42%,116.66,0
G000600,U052,30-08-2025,Personal,Develop New Hobby,Medium,30,9.44,31-12-2025,In Progress,31%,20.56,0
G000601,U102,05-06-2025,Productivity,Reduce Screen Time,Low,60,9.83,19-08-2025,In Progress,16%,50.17,0
G000602,U008,26-02-2025,Financial,Build Investment Fund,Medium,10000,7583.18,13-05-2025,In Progress,76%,2416.82,0
G000603,U120,09-06-2025,Financial,Build Investment Fund,Low,200000,49522.78,11-07-2025,In Progress,25%,150477.22,0
G000604,U153,24-07-2025,Learning,Learn Power BI,High,100,2.79,01-09-2025,In Progress,3%,97.21,0
G000605,U075,07-05-2025,Health,Exercise Regularly,Medium,100,100,10-10-2025,Completed,100%,0,1
G000606,U040,29-01-2025,Productivity,Increase Deep Work,High,40,40,10-07-2025,Completed,100%,0,1
G000607,U193,23-01-2025,Personal,Develop New Hobby,High,20,14.92,05-03-2025,Overdue,75%,5.08,0
G000608,U096,16-05-2025,Career,Learn New Skill,Medium,50,1.69,25-07-2025,Overdue,3%,48.31,0
G000609,U068,25-08-2025,Financial,Increase Savings,Medium,200000,63412.94,27-09-2025,In Progress,32%,136587.06,0
G000610,U200,03-05-2025,Productivity,Increase Deep Work,Critical,20,8.67,14-06-2025,Overdue,43%,11.33,0
G000611,U160,01-06-2025,Productivity,Complete Tasks on Time,Medium,60,38.65,15-08-2025,In Progress,64%,21.35,0
G000612,U095,24-06-2025,Financial,Reduce Monthly Expenses,High,10000,2107.25,11-10-2025,In Progress,21%,7892.75,0
G000613,U182,17-04-2025,Career,Improve Resume,Medium,20,16.44,05-06-2025,Overdue,82%,3.56,0
G000614,U163,12-03-2025,Learning,Complete Certification,High,100,97.88,29-04-2025,In Progress,98%,2.12,0
G000615,U155,13-05-2025,Financial,Build Investment Fund,Critical,100000,77471.96,19-10-2025,In Progress,77%,22528.04,0
G000616,U175,01-09-2025,Financial,Reduce Monthly Expenses,Low,100000,41023.78,31-12-2025,In Progress,41%,58976.22,0
G000617,U137,16-06-2025,Health,Exercise Regularly,Critical,60,9.89,17-07-2025,Overdue,16%,50.11,0
G000618,U062,04-07-2025,Learning,Complete Python Course,High,20,8.67,03-09-2025,Not Started,43%,11.33,0
G000619,U130,22-04-2025,Health,Exercise Regularly,High,150,115.37,12-07-2025,In Progress,77%,34.63,0
G000620,U027,17-04-2025,Career,Improve Resume,Medium,50,29.74,13-07-2025,In Progress,59%,20.26,0
G000621,U157,21-07-2025,Learning,Complete Python Course,High,150,65.6,01-09-2025,Cancelled,44%,84.4,0
G000622,U092,30-04-2025,Learning,Complete Python Course,Medium,20,20,26-09-2025,Completed,100%,0,1
G000623,U196,20-01-2025,Personal,Read More Books,Medium,10,4.11,27-05-2025,Overdue,41%,5.89,0
G000624,U077,03-02-2025,Productivity,Reduce Screen Time,Medium,60,24.55,26-05-2025,Overdue,41%,35.45,0
G000625,U092,04-01-2025,Learning,Learn Power BI,Low,40,39.93,26-04-2025,In Progress,100%,0.07,0
G000626,U121,31-08-2025,Financial,Save Emergency Fund,Medium,200000,124313.89,31-12-2025,Not Started,62%,75686.11,0
G000627,U123,09-04-2025,Health,Walk Daily,Medium,200,47.69,11-06-2025,Overdue,24%,152.31,0
G000628,U184,14-03-2025,Health,Improve Sleep,High,150,25.46,04-07-2025,In Progress,17%,124.54,0
G000629,U105,13-03-2025,Personal,Read More Books,Medium,50,16.31,05-07-2025,Overdue,33%,33.69,0
G000630,U157,04-08-2025,Learning,Complete Certification,Medium,60,24.62,06-10-2025,Cancelled,41%,35.38,0
G000631,U015,14-03-2025,Learning,Learn Power BI,High,40,26.4,12-07-2025,In Progress,66%,13.6,0
G000632,U095,31-08-2025,Career,Improve Resume,Medium,20,19.25,11-11-2025,In Progress,96%,0.75,0
G000633,U134,26-07-2025,Career,Improve Resume,Low,20,20,31-12-2025,Completed,100%,0,1
G000634,U175,02-05-2025,Health,Improve Sleep,High,100,94.6,09-08-2025,In Progress,95%,5.4,0
G000635,U114,21-03-2025,Personal,Read More Books,High,30,0.47,02-07-2025,In Progress,2%,29.53,0
G000636,U044,09-01-2025,Personal,Develop New Hobby,Low,50,7.66,19-03-2025,Overdue,15%,42.34,0
G000637,U034,21-08-2025,Career,Learn New Skill,Medium,5,1.25,31-12-2025,In Progress,25%,3.75,0
G000638,U069,22-02-2025,Personal,Travel More,Medium,10,2.95,09-07-2025,Overdue,30%,7.05,0
G000639,U087,03-01-2025,Financial,Build Investment Fund,Critical,50000,35457.16,23-02-2025,In Progress,71%,14542.84,0
G000640,U056,24-01-2025,Personal,Develop New Hobby,Medium,50,8.28,27-04-2025,Overdue,17%,41.72,0
G000641,U068,17-02-2025,Productivity,Improve Productivity,Medium,40,40,29-07-2025,Completed,100%,0,1
G000642,U078,09-03-2025,Career,Apply for Jobs,Medium,50,25.97,25-05-2025,In Progress,52%,24.03,0
G000643,U135,17-07-2025,Productivity,Improve Productivity,Medium,20,10.64,31-12-2025,In Progress,53%,9.36,0
G000644,U077,19-07-2025,Productivity,Increase Deep Work,Medium,80,56.67,21-11-2025,In Progress,71%,23.33,0
G000645,U182,26-06-2025,Career,Learn New Skill,Medium,10,8.59,05-12-2025,In Progress,86%,1.41,0
G000646,U142,23-02-2025,Productivity,Increase Deep Work,Medium,80,1.75,17-08-2025,Overdue,2%,78.25,0
G000647,U050,08-02-2025,Career,Apply for Jobs,Medium,50,1.94,25-03-2025,In Progress,4%,48.06,0
G000648,U085,13-08-2025,Personal,Improve Work-Life Balance,Medium,10,3.09,09-10-2025,Not Started,31%,6.91,0
G000649,U095,08-02-2025,Personal,Develop New Hobby,High,30,8.17,19-04-2025,Overdue,27%,21.83,0
G000650,U057,13-01-2025,Health,Improve Fitness,Low,200,100.06,01-06-2025,In Progress,50%,99.94,0
G000651,U110,25-02-2025,Productivity,Increase Deep Work,High,100,99.81,22-04-2025,In Progress,100%,0.19,0
G000652,U136,26-08-2025,Learning,Complete Python Course,High,150,51.79,31-12-2025,In Progress,35%,98.21,0
G000653,U121,18-08-2025,Personal,Improve Work-Life Balance,Medium,20,16.42,31-12-2025,Cancelled,82%,3.58,0
G000654,U191,09-05-2025,Learning,Learn SQL,Low,60,60,09-10-2025,Completed,100%,0,1
G000655,U078,12-02-2025,Financial,Build Investment Fund,High,100000,57342.1,09-07-2025,In Progress,57%,42657.9,0
G000656,U048,01-07-2025,Personal,Develop New Hobby,Medium,10,9.38,11-11-2025,In Progress,94%,0.62,0
G000657,U119,21-01-2025,Career,Apply for Jobs,Critical,20,20,14-05-2025,Completed,100%,0,1
G000658,U048,15-06-2025,Learning,Learn SQL,Low,40,17.37,10-09-2025,In Progress,43%,22.63,0
G000659,U075,26-04-2025,Career,Apply for Jobs,Medium,30,20.39,11-08-2025,In Progress,68%,9.61,0
G000660,U107,10-02-2025,Health,Walk Daily,Medium,100,24.57,24-06-2025,Overdue,25%,75.43,0
G000661,U026,25-04-2025,Learning,Learn SQL,High,100,23.35,15-10-2025,In Progress,23%,76.65,0
G000662,U041,11-08-2025,Personal,Improve Work-Life Balance,Medium,50,38,02-10-2025,In Progress,76%,12,0
G000663,U073,26-06-2025,Career,Apply for Jobs,Medium,10,10,19-11-2025,Completed,100%,0,1
G000664,U199,14-06-2025,Learning,Learn SQL,High,100,95.35,28-09-2025,In Progress,95%,4.65,0
G000665,U020,23-07-2025,Personal,Read More Books,Medium,20,5.3,26-12-2025,In Progress,27%,14.7,0
G000666,U016,27-08-2025,Productivity,Complete Tasks on Time,Medium,100,45.03,10-12-2025,In Progress,45%,54.97,0
G000667,U016,11-01-2025,Personal,Read More Books,High,50,49.71,06-07-2025,Overdue,99%,0.29,0
G000668,U011,25-01-2025,Financial,Increase Savings,Medium,100000,13058.99,18-06-2025,Overdue,13%,86941.01,0
G000669,U134,08-01-2025,Career,Learn New Skill,High,10,7.73,25-05-2025,Overdue,77%,2.27,0
G000670,U197,06-03-2025,Learning,Complete Certification,Medium,100,83.42,12-06-2025,In Progress,83%,16.58,0
G000671,U091,07-06-2025,Financial,Reduce Monthly Expenses,High,10000,2156.29,07-11-2025,Not Started,22%,7843.71,0
G000672,U182,05-07-2025,Health,Exercise Regularly,Low,30,29.72,04-09-2025,Not Started,99%,0.28,0
G000673,U068,08-05-2025,Learning,Complete Python Course,Medium,40,4.76,14-10-2025,Not Started,12%,35.24,0
G000674,U032,30-01-2025,Learning,Complete Python Course,High,100,57.43,14-04-2025,Overdue,57%,42.57,0
G000675,U137,19-08-2025,Personal,Read More Books,Low,30,0.93,28-09-2025,In Progress,3%,29.07,0
G000676,U188,14-03-2025,Financial,Reduce Monthly Expenses,High,10000,6495.73,08-09-2025,In Progress,65%,3504.27,0
G000677,U102,20-01-2025,Productivity,Increase Deep Work,High,20,11.29,16-03-2025,In Progress,56%,8.71,0
G000678,U032,12-03-2025,Health,Improve Fitness,High,100,100,18-08-2025,Completed,100%,0,1
G000679,U187,27-07-2025,Learning,Learn Power BI,High,100,95.88,19-10-2025,Not Started,96%,4.12,0
G000680,U034,23-05-2025,Productivity,Improve Productivity,High,80,59.09,26-10-2025,In Progress,74%,20.91,0
G000681,U121,05-03-2025,Financial,Build Investment Fund,Low,10000,1557.54,29-06-2025,Overdue,16%,8442.46,0
G000682,U050,08-05-2025,Personal,Read More Books,Medium,30,30,04-10-2025,Completed,100%,0,1
G000683,U193,23-01-2025,Health,Improve Sleep,High,100,90.81,23-03-2025,Overdue,91%,9.19,0
G000684,U081,10-01-2025,Productivity,Increase Deep Work,Low,20,19.67,28-03-2025,In Progress,98%,0.33,0
G000685,U161,15-04-2025,Career,Apply for Jobs,Medium,20,14.07,28-06-2025,Overdue,70%,5.93,0
G000686,U139,01-03-2025,Personal,Develop New Hobby,Critical,5,1.45,15-08-2025,Overdue,29%,3.55,0
G000687,U033,31-05-2025,Career,Learn New Skill,Medium,10,3.64,23-07-2025,In Progress,36%,6.36,0
G000688,U186,02-08-2025,Learning,Complete Certification,Medium,40,22.81,29-10-2025,In Progress,57%,17.19,0
G000689,U139,18-07-2025,Health,Improve Sleep,Medium,150,150,30-09-2025,Completed,100%,0,1
G000690,U035,21-06-2025,Health,Improve Sleep,Low,150,86.06,29-08-2025,Overdue,57%,63.94,0
G000691,U072,17-01-2025,Personal,Read More Books,High,5,0.81,17-04-2025,In Progress,16%,4.19,0
G000692,U179,10-06-2025,Learning,Learn SQL,Medium,150,134.62,16-08-2025,In Progress,90%,15.38,0
G000693,U090,27-06-2025,Productivity,Improve Productivity,High,100,100,27-07-2025,Completed,100%,0,1
G000694,U008,29-06-2025,Productivity,Reduce Screen Time,Low,100,47.28,13-08-2025,In Progress,47%,52.72,0
G000695,U033,21-05-2025,Learning,Complete Certification,Critical,20,4.36,03-07-2025,In Progress,22%,15.64,0
G000696,U171,10-07-2025,Learning,Complete Python Course,High,60,25.84,10-10-2025,In Progress,43%,34.16,0
G000697,U150,04-07-2025,Learning,Complete Certification,Medium,150,122.05,09-12-2025,In Progress,81%,27.95,0
G000698,U199,24-02-2025,Personal,Read More Books,Medium,30,19.8,22-06-2025,Overdue,66%,10.2,0
G000699,U133,14-03-2025,Learning,Complete Certification,Low,150,150,24-08-2025,Completed,100%,0,1
G000700,U116,19-06-2025,Personal,Travel More,Low,50,25.01,14-10-2025,In Progress,50%,24.99,0
G000701,U076,17-04-2025,Learning,Learn SQL,Medium,60,0.55,19-09-2025,In Progress,1%,59.45,0
G000702,U188,22-02-2025,Learning,Learn SQL,Medium,20,8.41,13-07-2025,In Progress,42%,11.59,0
G000703,U045,27-07-2025,Learning,Learn SQL,Medium,100,58.73,04-09-2025,Cancelled,59%,41.27,0
G000704,U108,17-08-2025,Personal,Read More Books,Medium,20,1.45,31-12-2025,In Progress,7%,18.55,0
G000705,U055,23-08-2025,Career,Learn New Skill,High,30,17.59,31-12-2025,In Progress,59%,12.41,0
G000706,U043,02-09-2025,Health,Exercise Regularly,Low,200,111.37,09-12-2025,Cancelled,56%,88.63,0
G000707,U073,23-04-2025,Personal,Travel More,Medium,50,30.39,10-07-2025,Overdue,61%,19.61,0
G000708,U074,07-02-2025,Learning,Complete Python Course,High,20,9.08,04-06-2025,Overdue,45%,10.92,0
G000709,U073,17-02-2025,Learning,Complete Python Course,Medium,20,5.59,05-05-2025,Overdue,28%,14.41,0
G000710,U181,05-04-2025,Career,Build Portfolio,Medium,10,4.9,17-08-2025,In Progress,49%,5.1,0
G000711,U092,05-05-2025,Career,Build Portfolio,Medium,10,5.95,22-06-2025,In Progress,60%,4.05,0
G000712,U026,24-07-2025,Personal,Improve Work-Life Balance,Medium,10,1.84,21-09-2025,In Progress,18%,8.16,0
G000713,U074,10-02-2025,Financial,Reduce Monthly Expenses,Medium,25000,25000,30-06-2025,Completed,100%,0,1
G000714,U035,11-06-2025,Learning,Complete Certification,High,60,25.36,13-09-2025,In Progress,42%,34.64,0
G000715,U002,28-02-2025,Productivity,Improve Productivity,High,80,5.15,10-07-2025,In Progress,6%,74.85,0
G000716,U070,06-07-2025,Personal,Develop New Hobby,Medium,10,0.85,17-10-2025,In Progress,9%,9.15,0
G000717,U116,08-02-2025,Financial,Reduce Monthly Expenses,Medium,10000,10000,06-06-2025,Completed,100%,0,1
G000718,U001,21-01-2025,Health,Exercise Regularly,Medium,200,83.99,20-06-2025,In Progress,42%,116.01,0
G000719,U123,17-05-2025,Financial,Increase Savings,High,25000,25000,07-08-2025,Completed,100%,0,1
G000720,U152,25-02-2025,Health,Improve Fitness,High,100,83.26,19-07-2025,Overdue,83%,16.74,0
G000721,U009,09-05-2025,Health,Walk Daily,Medium,30,20.12,23-10-2025,In Progress,67%,9.88,0
G000722,U120,27-04-2025,Learning,Learn Power BI,Critical,150,120.43,09-10-2025,In Progress,80%,29.57,0
G000723,U105,09-03-2025,Learning,Learn SQL,Medium,20,11.75,29-04-2025,Overdue,59%,8.25,0
G000724,U165,14-04-2025,Productivity,Complete Tasks on Time,Medium,60,60,02-09-2025,Completed,100%,0,1
G000725,U158,19-05-2025,Career,Improve Resume,Low,5,2.35,19-07-2025,In Progress,47%,2.65,0
G000726,U027,17-03-2025,Health,Improve Fitness,High,30,20.34,25-05-2025,Overdue,68%,9.66,0
G000727,U008,22-07-2025,Learning,Learn Power BI,High,150,138.69,23-08-2025,In Progress,92%,11.31,0
G000728,U082,25-03-2025,Productivity,Reduce Screen Time,Medium,20,20,29-04-2025,Completed,100%,0,1
G000729,U123,27-02-2025,Career,Build Portfolio,Medium,10,2.43,02-06-2025,Overdue,24%,7.57,0
G000730,U139,12-08-2025,Productivity,Increase Deep Work,Medium,20,9.26,04-11-2025,In Progress,46%,10.74,0
G000731,U085,05-01-2025,Learning,Complete Certification,Low,40,40,30-04-2025,Completed,100%,0,1
G000732,U015,22-07-2025,Health,Improve Sleep,Low,60,26.49,04-12-2025,In Progress,44%,33.51,0
G000733,U058,20-04-2025,Health,Improve Sleep,Critical,30,24.8,14-09-2025,In Progress,83%,5.2,0
G000734,U148,24-08-2025,Learning,Learn Power BI,Medium,100,84.07,29-11-2025,Cancelled,84%,15.93,0
G000735,U011,23-02-2025,Career,Learn New Skill,Low,50,47.77,08-06-2025,Overdue,96%,2.23,0
G000736,U066,18-02-2025,Career,Learn New Skill,High,20,14.36,12-08-2025,Overdue,72%,5.64,0
G000737,U075,05-02-2025,Financial,Build Investment Fund,Medium,10000,110.32,22-06-2025,In Progress,1%,9889.68,0
G000738,U106,22-05-2025,Learning,Complete Python Course,Low,20,3.16,12-08-2025,Overdue,16%,16.84,0
G000739,U045,12-02-2025,Financial,Reduce Monthly Expenses,High,50000,5295.35,19-04-2025,In Progress,11%,44704.65,0
G000740,U102,07-06-2025,Learning,Complete Python Course,High,60,60,28-08-2025,Completed,100%,0,1
G000741,U035,06-02-2025,Health,Improve Fitness,High,200,159.14,13-06-2025,Overdue,80%,40.86,0
G000742,U141,02-05-2025,Learning,Complete Python Course,Low,100,80.51,09-08-2025,Overdue,81%,19.49,0
G000743,U097,27-01-2025,Personal,Improve Work-Life Balance,Medium,50,32.83,26-07-2025,Overdue,66%,17.17,0
G000744,U106,24-06-2025,Productivity,Complete Tasks on Time,High,60,24.56,27-08-2025,In Progress,41%,35.44,0
G000745,U188,29-04-2025,Health,Improve Fitness,High,100,39.63,26-09-2025,Not Started,40%,60.37,0
G000746,U196,07-04-2025,Productivity,Improve Productivity,High,100,59.76,01-06-2025,In Progress,60%,40.24,0
G000747,U131,10-05-2025,Career,Build Portfolio,Low,10,4.03,15-10-2025,In Progress,40%,5.97,0
G000748,U120,31-03-2025,Career,Build Portfolio,Low,30,28.04,23-05-2025,Overdue,93%,1.96,0
G000749,U164,24-01-2025,Financial,Build Investment Fund,Medium,25000,7358.25,21-04-2025,Overdue,29%,17641.75,0
G000750,U141,21-08-2025,Learning,Learn Power BI,Medium,60,46.99,26-11-2025,In Progress,78%,13.01,0
G000751,U134,23-03-2025,Career,Apply for Jobs,High,30,27.63,15-05-2025,In Progress,92%,2.37,0
G000752,U056,08-07-2025,Health,Walk Daily,Medium,60,8.59,22-08-2025,Overdue,14%,51.41,0
G000753,U105,03-02-2025,Productivity,Reduce Screen Time,Critical,20,15.13,24-06-2025,In Progress,76%,4.87,0
G000754,U103,18-01-2025,Productivity,Complete Tasks on Time,Low,40,14.05,28-03-2025,Overdue,35%,25.95,0
G000755,U018,14-07-2025,Career,Apply for Jobs,High,5,2.29,28-11-2025,In Progress,46%,2.71,0
G000756,U129,15-01-2025,Career,Build Portfolio,High,20,2.43,16-06-2025,Overdue,12%,17.57,0
G000757,U139,31-08-2025,Learning,Complete Python Course,Medium,60,60,11-11-2025,Completed,100%,0,1
G000758,U181,24-01-2025,Health,Improve Fitness,Medium,200,51.34,09-05-2025,In Progress,26%,148.66,0
G000759,U084,09-02-2025,Health,Improve Sleep,High,60,56.85,06-06-2025,Overdue,95%,3.15,0
G000760,U117,09-07-2025,Personal,Develop New Hobby,High,5,4.35,05-09-2025,In Progress,87%,0.65,0
G000761,U166,04-05-2025,Productivity,Complete Tasks on Time,High,20,11.02,16-10-2025,In Progress,55%,8.98,0
G000762,U050,06-01-2025,Personal,Read More Books,Medium,50,15.44,04-05-2025,In Progress,31%,34.56,0
G000763,U092,03-09-2025,Personal,Develop New Hobby,Medium,5,4.03,31-12-2025,In Progress,81%,0.97,0
G000764,U170,10-04-2025,Health,Improve Sleep,High,100,42.84,05-08-2025,Overdue,43%,57.16,0
G000765,U200,21-03-2025,Personal,Read More Books,Medium,20,20,14-06-2025,Completed,100%,0,1
G000766,U034,09-01-2025,Productivity,Increase Deep Work,Medium,100,50.76,13-05-2025,In Progress,51%,49.24,0
G000767,U137,07-01-2025,Health,Walk Daily,Medium,150,120.99,03-07-2025,Overdue,81%,29.01,0
G000768,U128,13-05-2025,Career,Apply for Jobs,Low,30,29.23,11-10-2025,In Progress,97%,0.77,0
G000769,U188,30-06-2025,Personal,Improve Work-Life Balance,Medium,5,5,01-12-2025,Completed,100%,0,1
G000770,U008,10-08-2025,Financial,Save Emergency Fund,Medium,10000,10000,31-12-2025,Completed,100%,0,1
G000771,U145,31-03-2025,Financial,Increase Savings,Medium,10000,7008.49,15-08-2025,Overdue,70%,2991.51,0
G000772,U055,30-03-2025,Learning,Complete Python Course,High,40,8.4,07-08-2025,Overdue,21%,31.6,0
G000773,U141,31-08-2025,Financial,Increase Savings,Medium,10000,1088.76,31-12-2025,In Progress,11%,8911.24,0
G000774,U134,05-05-2025,Financial,Save Emergency Fund,Medium,10000,1647.86,27-10-2025,In Progress,16%,8352.14,0
G000775,U085,30-06-2025,Financial,Save Emergency Fund,Low,50000,772.42,16-08-2025,In Progress,2%,49227.58,0
G000776,U082,15-03-2025,Productivity,Increase Deep Work,Critical,40,38.42,03-07-2025,In Progress,96%,1.58,0
G000777,U121,04-06-2025,Personal,Improve Work-Life Balance,Low,10,5.94,02-11-2025,In Progress,59%,4.06,0
G000778,U177,14-06-2025,Productivity,Reduce Screen Time,Medium,80,23.04,16-11-2025,In Progress,29%,56.96,0
G000779,U194,03-05-2025,Productivity,Improve Productivity,Medium,40,23.71,16-07-2025,In Progress,59%,16.29,0
G000780,U092,21-01-2025,Personal,Improve Work-Life Balance,High,20,2.83,20-02-2025,Overdue,14%,17.17,0
G000781,U151,15-05-2025,Career,Learn New Skill,Medium,20,12.77,14-08-2025,In Progress,64%,7.23,0
G000782,U138,07-01-2025,Career,Apply for Jobs,High,30,3.1,13-03-2025,In Progress,10%,26.9,0
G000783,U040,15-05-2025,Productivity,Reduce Screen Time,Medium,60,60,26-07-2025,Completed,100%,0,1
G000784,U131,14-07-2025,Career,Build Portfolio,High,5,1.48,07-09-2025,In Progress,30%,3.52,0
G000785,U189,07-03-2025,Financial,Build Investment Fund,Medium,25000,24724.22,17-07-2025,In Progress,99%,275.78,0
G000786,U056,23-07-2025,Learning,Complete Certification,Low,100,85.32,14-09-2025,In Progress,85%,14.68,0
G000787,U077,16-08-2025,Productivity,Increase Deep Work,Medium,60,39.83,08-10-2025,In Progress,66%,20.17,0
G000788,U042,07-06-2025,Career,Build Portfolio,Medium,10,9.77,31-10-2025,In Progress,98%,0.23,0
G000789,U101,02-05-2025,Productivity,Reduce Screen Time,Medium,20,4.97,22-08-2025,In Progress,25%,15.03,0
G000790,U122,29-07-2025,Career,Learn New Skill,Low,30,24.03,24-09-2025,In Progress,80%,5.97,0
G000791,U057,10-01-2025,Personal,Travel More,Low,20,3.24,14-04-2025,Overdue,16%,16.76,0
G000792,U089,22-01-2025,Learning,Learn SQL,Low,60,40.25,27-03-2025,Overdue,67%,19.75,0
G000793,U013,04-06-2025,Learning,Learn SQL,High,150,110.25,23-07-2025,In Progress,74%,39.75,0
G000794,U118,08-03-2025,Learning,Complete Certification,Low,20,1.31,11-06-2025,Overdue,7%,18.69,0
G000795,U197,17-02-2025,Health,Improve Fitness,Medium,60,25.18,07-06-2025,In Progress,42%,34.82,0
G000796,U194,05-05-2025,Learning,Learn Power BI,High,150,129.38,10-07-2025,In Progress,86%,20.62,0
G000797,U056,13-08-2025,Productivity,Increase Deep Work,Medium,60,60,12-12-2025,Completed,100%,0,1
G000798,U170,26-07-2025,Learning,Learn Power BI,High,40,27.47,23-10-2025,In Progress,69%,12.53,0
G000799,U017,20-01-2025,Productivity,Complete Tasks on Time,Medium,20,11.97,06-06-2025,Overdue,60%,8.03,0
G000800,U038,24-01-2025,Health,Walk Daily,High,30,30,06-07-2025,Completed,100%,0,1
G000801,U109,13-06-2025,Learning,Learn Power BI,Medium,20,7.93,17-09-2025,Not Started,40%,12.07,0
G000802,U075,09-02-2025,Learning,Learn Power BI,High,40,30.31,04-08-2025,Overdue,76%,9.69,0
G000803,U128,23-07-2025,Financial,Increase Savings,Low,25000,25000,23-11-2025,Completed,100%,0,1
G000804,U035,20-06-2025,Career,Learn New Skill,Medium,10,10,20-11-2025,Completed,100%,0,1
G000805,U018,05-03-2025,Health,Improve Sleep,Medium,100,56.29,29-06-2025,In Progress,56%,43.71,0
G000806,U157,26-07-2025,Learning,Learn SQL,High,60,25.38,30-11-2025,Not Started,42%,34.62,0
G000807,U158,20-08-2025,Financial,Reduce Monthly Expenses,High,50000,4178.21,31-12-2025,In Progress,8%,45821.79,0
G000808,U034,09-03-2025,Financial,Reduce Monthly Expenses,Medium,25000,24142.64,18-04-2025,Overdue,97%,857.36,0
G000809,U149,09-07-2025,Learning,Complete Python Course,Medium,20,8.08,10-08-2025,Overdue,40%,11.92,0
G000810,U190,07-06-2025,Personal,Travel More,Low,20,2.27,10-10-2025,In Progress,11%,17.73,0
G000811,U009,05-09-2025,Health,Improve Fitness,Low,200,200,04-11-2025,Completed,100%,0,1
G000812,U001,10-05-2025,Financial,Build Investment Fund,Medium,200000,180504.54,09-07-2025,In Progress,90%,19495.46,0
G000813,U154,24-04-2025,Productivity,Complete Tasks on Time,Medium,80,76.73,07-09-2025,In Progress,96%,3.27,0
G000814,U050,16-06-2025,Health,Improve Sleep,Low,30,30,13-11-2025,Completed,100%,0,1
G000815,U037,05-05-2025,Financial,Increase Savings,High,10000,10000,26-10-2025,Completed,100%,0,1
G000816,U078,27-03-2025,Learning,Learn SQL,Low,60,60,27-08-2025,Completed,100%,0,1
G000817,U108,02-07-2025,Career,Improve Resume,High,5,3.84,12-11-2025,In Progress,77%,1.16,0
G000818,U069,25-03-2025,Health,Exercise Regularly,Low,30,17.14,25-07-2025,Overdue,57%,12.86,0
G000819,U081,02-08-2025,Health,Walk Daily,High,150,111.91,17-11-2025,In Progress,75%,38.09,0
G000820,U010,06-01-2025,Productivity,Reduce Screen Time,Low,40,8.2,30-03-2025,Overdue,21%,31.8,0
G000821,U054,29-08-2025,Learning,Learn SQL,Medium,150,130.19,26-11-2025,Not Started,87%,19.81,0
G000822,U069,21-05-2025,Learning,Learn SQL,High,40,40,13-11-2025,Completed,100%,0,1
G000823,U002,01-02-2025,Career,Improve Resume,Low,30,12.06,25-07-2025,Overdue,40%,17.94,0
G000824,U067,04-07-2025,Productivity,Reduce Screen Time,High,60,60,14-12-2025,Completed,100%,0,1
G000825,U110,11-03-2025,Productivity,Improve Productivity,High,20,17.96,22-06-2025,Overdue,90%,2.04,0
G000826,U198,22-05-2025,Productivity,Reduce Screen Time,Critical,40,25.03,06-09-2025,Not Started,63%,14.97,0
G000827,U099,17-07-2025,Health,Improve Sleep,Low,30,12.22,25-12-2025,Cancelled,41%,17.78,0
G000828,U088,22-07-2025,Health,Walk Daily,High,100,80.59,29-11-2025,In Progress,81%,19.41,0
G000829,U197,21-01-2025,Career,Apply for Jobs,Medium,10,9.93,15-05-2025,Overdue,99%,0.07,0
G000830,U083,13-01-2025,Career,Learn New Skill,Low,50,35.83,30-06-2025,In Progress,72%,14.17,0
G000831,U097,18-03-2025,Personal,Improve Work-Life Balance,Medium,5,2.49,27-04-2025,In Progress,50%,2.51,0
G000832,U055,08-09-2025,Financial,Increase Savings,Medium,50000,26375.14,31-12-2025,In Progress,53%,23624.86,0
G000833,U159,06-05-2025,Career,Learn New Skill,High,20,8.72,07-10-2025,In Progress,44%,11.28,0
G000834,U080,02-06-2025,Career,Learn New Skill,Low,20,10.9,04-10-2025,In Progress,55%,9.1,0
G000835,U126,22-05-2025,Financial,Build Investment Fund,Medium,100000,38447.01,18-08-2025,Overdue,38%,61552.99,0
G000836,U078,27-02-2025,Financial,Increase Savings,Medium,100000,61931.75,14-07-2025,Overdue,62%,38068.25,0
G000837,U005,04-06-2025,Health,Improve Fitness,High,200,200,15-09-2025,Completed,100%,0,1
G000838,U122,17-07-2025,Productivity,Improve Productivity,High,20,2.5,02-10-2025,In Progress,13%,17.5,0
G000839,U155,10-04-2025,Financial,Save Emergency Fund,Medium,25000,19795.34,28-06-2025,Overdue,79%,5204.66,0
G000840,U081,25-06-2025,Health,Improve Sleep,High,60,26.05,01-09-2025,In Progress,43%,33.95,0
G000841,U171,22-02-2025,Career,Build Portfolio,Medium,10,8.04,06-08-2025,In Progress,80%,1.96,0
G000842,U026,29-01-2025,Career,Build Portfolio,High,50,31.16,01-05-2025,In Progress,62%,18.84,0
G000843,U101,31-03-2025,Health,Exercise Regularly,High,150,45.81,11-09-2025,Cancelled,31%,104.19,0
G000844,U110,07-04-2025,Personal,Develop New Hobby,High,20,3.42,21-09-2025,In Progress,17%,16.58,0
G000845,U119,19-08-2025,Productivity,Reduce Screen Time,High,20,18.48,31-12-2025,Not Started,92%,1.52,0
G000846,U074,18-07-2025,Productivity,Reduce Screen Time,High,20,20,07-11-2025,Completed,100%,0,1
G000847,U043,26-03-2025,Health,Walk Daily,Medium,100,85.32,13-08-2025,In Progress,85%,14.68,0
G000848,U142,02-09-2025,Personal,Improve Work-Life Balance,High,20,19.95,24-12-2025,In Progress,100%,0.05,0
G000849,U099,24-03-2025,Health,Improve Fitness,Medium,30,19.59,29-07-2025,Overdue,65%,10.41,0
G000850,U146,25-05-2025,Health,Improve Sleep,Medium,30,6.82,14-07-2025,In Progress,23%,23.18,0
G000851,U164,04-01-2025,Personal,Travel More,High,20,16.34,01-06-2025,In Progress,82%,3.66,0
G000852,U012,01-06-2025,Financial,Build Investment Fund,High,200000,179922.29,14-10-2025,In Progress,90%,20077.71,0
G000853,U058,07-07-2025,Health,Improve Fitness,Medium,100,11.65,27-10-2025,In Progress,12%,88.35,0
G000854,U044,15-07-2025,Career,Improve Resume,High,5,5,05-10-2025,Completed,100%,0,1
G000855,U018,19-06-2025,Financial,Save Emergency Fund,High,10000,10000,08-10-2025,Completed,100%,0,1
G000856,U091,15-04-2025,Health,Exercise Regularly,Medium,200,200,23-07-2025,Completed,100%,0,1
G000857,U084,28-07-2025,Personal,Travel More,Medium,5,4.14,13-12-2025,In Progress,83%,0.86,0
G000858,U158,24-01-2025,Financial,Build Investment Fund,Medium,25000,6276.5,22-07-2025,In Progress,25%,18723.5,0
G000859,U029,15-05-2025,Personal,Develop New Hobby,Medium,5,1.43,09-10-2025,In Progress,29%,3.57,0
G000860,U133,21-02-2025,Learning,Learn SQL,High,150,150,28-07-2025,Completed,100%,0,1
G000861,U105,13-02-2025,Personal,Improve Work-Life Balance,Medium,10,9.86,31-05-2025,In Progress,99%,0.14,0
G000862,U163,13-02-2025,Productivity,Reduce Screen Time,Medium,60,44.1,16-03-2025,In Progress,74%,15.9,0
G000863,U032,06-08-2025,Productivity,Increase Deep Work,Medium,100,5.73,02-10-2025,In Progress,6%,94.27,0
G000864,U174,15-02-2025,Health,Walk Daily,Medium,100,100,15-07-2025,Completed,100%,0,1
G000865,U170,15-05-2025,Learning,Learn Power BI,Medium,20,20,18-08-2025,Completed,100%,0,1
G000866,U158,20-03-2025,Learning,Learn Power BI,High,150,56.18,10-07-2025,Overdue,37%,93.82,0
G000867,U072,02-07-2025,Productivity,Complete Tasks on Time,Low,100,100,24-10-2025,Completed,100%,0,1
G000868,U087,25-02-2025,Personal,Improve Work-Life Balance,High,30,29.82,15-06-2025,In Progress,99%,0.18,0
G000869,U200,02-06-2025,Productivity,Improve Productivity,High,60,60,25-09-2025,Completed,100%,0,1
G000870,U023,18-04-2025,Productivity,Reduce Screen Time,Medium,100,35.62,25-09-2025,In Progress,36%,64.38,0
G000871,U037,09-08-2025,Productivity,Increase Deep Work,Medium,80,41.16,10-09-2025,In Progress,51%,38.84,0
G000872,U046,30-07-2025,Health,Improve Sleep,Medium,30,16.74,30-10-2025,Not Started,56%,13.26,0
G000873,U062,02-02-2025,Financial,Build Investment Fund,High,100000,91188.53,28-03-2025,Overdue,91%,8811.47,0
G000874,U103,16-04-2025,Career,Learn New Skill,Medium,5,4.49,13-10-2025,In Progress,90%,0.51,0
G000875,U030,16-01-2025,Career,Build Portfolio,Medium,5,4.32,07-05-2025,In Progress,86%,0.68,0
G000876,U163,18-06-2025,Learning,Complete Certification,Medium,150,113.97,08-10-2025,Cancelled,76%,36.03,0
G000877,U134,08-07-2025,Health,Improve Fitness,Medium,100,100,15-12-2025,Completed,100%,0,1
G000878,U161,28-05-2025,Health,Exercise Regularly,Medium,150,102.82,26-08-2025,Overdue,69%,47.18,0
G000879,U082,20-03-2025,Personal,Read More Books,Low,10,4.14,02-08-2025,In Progress,41%,5.86,0
G000880,U128,12-03-2025,Financial,Increase Savings,High,10000,7881.18,13-05-2025,Overdue,79%,2118.82,0
G000881,U115,03-07-2025,Personal,Improve Work-Life Balance,Medium,10,0.04,22-10-2025,In Progress,0%,9.96,0
G000882,U161,07-09-2025,Personal,Develop New Hobby,Medium,50,17.06,31-12-2025,Cancelled,34%,32.94,0
G000883,U083,28-08-2025,Learning,Learn SQL,High,40,40,31-12-2025,Completed,100%,0,1
G000884,U131,08-03-2025,Health,Improve Fitness,Medium,200,87.52,17-08-2025,Overdue,44%,112.48,0
G000885,U182,05-05-2025,Financial,Save Emergency Fund,Medium,50000,21642.91,14-06-2025,Overdue,43%,28357.09,0
G000886,U065,09-03-2025,Learning,Complete Python Course,Low,60,55.1,10-05-2025,Overdue,92%,4.9,0
G000887,U106,27-05-2025,Health,Walk Daily,High,200,200,26-10-2025,Completed,100%,0,1
G000888,U079,13-08-2025,Learning,Complete Certification,High,150,150,31-12-2025,Completed,100%,0,1
G000889,U175,16-04-2025,Learning,Complete Python Course,High,40,7.2,30-09-2025,In Progress,18%,32.8,0
G000890,U006,29-08-2025,Financial,Save Emergency Fund,Medium,25000,15604.06,16-10-2025,In Progress,62%,9395.94,0
G000891,U134,21-05-2025,Personal,Travel More,Medium,30,28.13,27-07-2025,Overdue,94%,1.87,0
G000892,U134,31-07-2025,Financial,Reduce Monthly Expenses,Medium,100000,100000,12-09-2025,Completed,100%,0,1
G000893,U125,27-02-2025,Health,Improve Fitness,Critical,60,19.83,06-08-2025,Overdue,33%,40.17,0
G000894,U110,01-06-2025,Learning,Learn SQL,Medium,150,81.96,20-10-2025,Not Started,55%,68.04,0
G000895,U181,22-04-2025,Productivity,Complete Tasks on Time,Low,20,20,01-07-2025,Completed,100%,0,1
G000896,U200,20-03-2025,Productivity,Increase Deep Work,Medium,40,25.82,11-06-2025,In Progress,65%,14.18,0
G000897,U084,30-06-2025,Learning,Learn SQL,Medium,20,0.78,20-09-2025,In Progress,4%,19.22,0
G000898,U153,30-01-2025,Career,Improve Resume,Low,20,20,13-07-2025,Completed,100%,0,1
G000899,U179,06-06-2025,Personal,Read More Books,Medium,50,32.13,26-07-2025,In Progress,64%,17.87,0
G000900,U185,09-07-2025,Productivity,Reduce Screen Time,Medium,60,0.35,06-09-2025,In Progress,1%,59.65,0
G000901,U088,01-05-2025,Health,Exercise Regularly,Medium,200,200,01-07-2025,Completed,100%,0,1
G000902,U187,09-03-2025,Career,Apply for Jobs,Medium,30,6.9,08-07-2025,Overdue,23%,23.1,0
G000903,U125,07-01-2025,Financial,Reduce Monthly Expenses,Low,25000,25000,22-05-2025,Completed,100%,0,1
G000904,U109,31-03-2025,Career,Apply for Jobs,High,50,0.22,01-05-2025,Overdue,0%,49.78,0
G000905,U153,16-04-2025,Learning,Complete Certification,Medium,60,51.44,08-10-2025,In Progress,86%,8.56,0
G000906,U161,08-09-2025,Career,Improve Resume,Medium,50,50,12-10-2025,Completed,100%,0,1
G000907,U011,23-08-2025,Learning,Complete Python Course,High,40,19.32,14-11-2025,In Progress,48%,20.68,0
G000908,U197,12-02-2025,Productivity,Increase Deep Work,Medium,100,10.99,16-07-2025,Overdue,11%,89.01,0
G000909,U188,03-09-2025,Health,Improve Fitness,High,200,190.26,31-12-2025,Cancelled,95%,9.74,0
G000910,U038,17-05-2025,Learning,Learn Power BI,Medium,60,31.65,24-07-2025,In Progress,53%,28.35,0
G000911,U121,26-07-2025,Learning,Complete Certification,Medium,20,9.48,05-11-2025,In Progress,47%,10.52,0
G000912,U150,06-03-2025,Productivity,Reduce Screen Time,High,20,8.32,01-05-2025,Overdue,42%,11.68,0
G000913,U159,20-07-2025,Personal,Improve Work-Life Balance,Medium,50,26.02,29-12-2025,Cancelled,52%,23.98,0
G000914,U144,06-09-2025,Health,Walk Daily,Medium,150,150,16-12-2025,Completed,100%,0,1
G000915,U157,31-05-2025,Learning,Complete Python Course,Medium,60,16.46,12-08-2025,Overdue,27%,43.54,0
G000916,U034,16-02-2025,Health,Improve Sleep,Medium,100,69.45,22-07-2025,In Progress,69%,30.55,0
G000917,U142,13-01-2025,Career,Improve Resume,Low,20,15.19,15-04-2025,Overdue,76%,4.81,0
G000918,U007,20-03-2025,Personal,Improve Work-Life Balance,High,30,9.29,02-06-2025,In Progress,31%,20.71,0
G000919,U045,07-07-2025,Career,Build Portfolio,Medium,30,15.38,25-11-2025,In Progress,51%,14.62,0
G000920,U037,14-01-2025,Productivity,Reduce Screen Time,Medium,100,18.28,15-03-2025,Overdue,18%,81.72,0
G000921,U014,10-08-2025,Health,Walk Daily,High,200,184.71,30-09-2025,In Progress,92%,15.29,0
G000922,U198,18-01-2025,Health,Walk Daily,Medium,30,23.77,20-03-2025,Overdue,79%,6.23,0
G000923,U133,18-06-2025,Productivity,Increase Deep Work,High,60,30.22,18-11-2025,Cancelled,50%,29.78,0
G000924,U169,12-02-2025,Career,Apply for Jobs,High,30,30,10-05-2025,Completed,100%,0,1
G000925,U162,25-01-2025,Personal,Develop New Hobby,Medium,5,0.37,21-06-2025,In Progress,7%,4.63,0
G000926,U109,10-01-2025,Productivity,Reduce Screen Time,Low,60,38.65,25-02-2025,Overdue,64%,21.35,0
G000927,U031,02-08-2025,Personal,Improve Work-Life Balance,Medium,50,6.28,15-12-2025,In Progress,13%,43.72,0
G000928,U072,19-02-2025,Learning,Learn SQL,High,20,20,08-06-2025,Completed,100%,0,1
G000929,U145,10-01-2025,Career,Learn New Skill,Medium,20,16.51,30-04-2025,In Progress,83%,3.49,0
G000930,U035,07-07-2025,Personal,Travel More,Medium,50,2.7,22-12-2025,Cancelled,5%,47.3,0
G000931,U075,15-07-2025,Career,Improve Resume,Critical,20,13.42,26-09-2025,In Progress,67%,6.58,0
G000932,U072,22-06-2025,Health,Improve Fitness,Low,30,29.11,05-11-2025,In Progress,97%,0.89,0
G000933,U132,31-03-2025,Productivity,Increase Deep Work,High,60,49.97,17-06-2025,In Progress,83%,10.03,0
G000934,U199,23-05-2025,Learning,Complete Certification,High,60,42.83,10-10-2025,In Progress,71%,17.17,0
G000935,U138,27-06-2025,Personal,Travel More,Medium,10,4.86,29-08-2025,Overdue,49%,5.14,0
G000936,U195,10-03-2025,Productivity,Increase Deep Work,High,20,20,27-05-2025,Completed,100%,0,1
G000937,U139,17-02-2025,Health,Walk Daily,Medium,150,10.02,09-08-2025,Overdue,7%,139.98,0
G000938,U057,27-01-2025,Career,Learn New Skill,Medium,20,16.77,22-07-2025,Overdue,84%,3.23,0
G000939,U132,21-04-2025,Financial,Increase Savings,Medium,25000,7335.07,02-07-2025,In Progress,29%,17664.93,0
G000940,U017,15-04-2025,Financial,Save Emergency Fund,Medium,25000,25000,05-07-2025,Completed,100%,0,1
G000941,U094,15-07-2025,Productivity,Complete Tasks on Time,High,80,30.28,12-10-2025,Cancelled,38%,49.72,0
G000942,U187,04-05-2025,Financial,Increase Savings,Medium,10000,10000,29-07-2025,Completed,100%,0,1
G000943,U159,14-04-2025,Productivity,Improve Productivity,Low,40,31.06,29-05-2025,In Progress,78%,8.94,0
G000944,U094,17-06-2025,Productivity,Complete Tasks on Time,Low,80,74,31-08-2025,Cancelled,93%,6,0
G000945,U191,07-09-2025,Personal,Read More Books,Medium,20,14.24,06-12-2025,In Progress,71%,5.76,0
G000946,U103,14-08-2025,Health,Improve Sleep,High,100,100,16-09-2025,Completed,100%,0,1
G000947,U146,05-03-2025,Health,Improve Sleep,High,30,19.63,27-07-2025,Overdue,65%,10.37,0
G000948,U111,11-03-2025,Financial,Increase Savings,Medium,100000,100000,26-08-2025,Completed,100%,0,1
G000949,U089,24-02-2025,Learning,Learn Power BI,Low,100,1.73,12-05-2025,Overdue,2%,98.27,0
G000950,U053,05-06-2025,Financial,Increase Savings,Medium,10000,4364.77,05-09-2025,In Progress,44%,5635.23,0
G000951,U065,07-04-2025,Career,Improve Resume,High,30,12.19,27-05-2025,In Progress,41%,17.81,0
G000952,U179,20-07-2025,Financial,Build Investment Fund,Medium,50000,15360,06-12-2025,Not Started,31%,34640,0
G000953,U035,11-05-2025,Learning,Learn SQL,Medium,20,16.18,23-08-2025,Overdue,81%,3.82,0
G000954,U068,17-08-2025,Career,Build Portfolio,Low,5,0.38,31-12-2025,In Progress,8%,4.62,0
G000955,U108,18-06-2025,Career,Improve Resume,Medium,50,16.35,18-09-2025,In Progress,33%,33.65,0
G000956,U128,04-01-2025,Personal,Improve Work-Life Balance,Medium,50,5.74,24-02-2025,In Progress,11%,44.26,0
G000957,U034,09-03-2025,Career,Improve Resume,Medium,50,33.57,07-05-2025,Overdue,67%,16.43,0
G000958,U154,05-03-2025,Personal,Travel More,Low,30,30,09-04-2025,Completed,100%,0,1
G000959,U154,27-06-2025,Career,Build Portfolio,Low,30,9.54,14-10-2025,In Progress,32%,20.46,0
G000960,U087,01-08-2025,Health,Improve Fitness,High,30,30,06-10-2025,Completed,100%,0,1
G000961,U151,15-06-2025,Career,Build Portfolio,Medium,30,12.7,02-12-2025,In Progress,42%,17.3,0
G000962,U183,23-07-2025,Career,Learn New Skill,Medium,50,12.54,14-10-2025,In Progress,25%,37.46,0
G000963,U093,05-08-2025,Career,Build Portfolio,Medium,30,8.78,10-11-2025,Cancelled,29%,21.22,0
G000964,U067,08-05-2025,Career,Improve Resume,Medium,5,2.51,19-10-2025,In Progress,50%,2.49,0
G000965,U180,31-08-2025,Productivity,Increase Deep Work,High,20,9.57,23-11-2025,In Progress,48%,10.43,0
G000966,U130,27-07-2025,Career,Apply for Jobs,High,50,50,25-10-2025,Completed,100%,0,1
G000967,U109,16-07-2025,Health,Improve Sleep,High,200,108.21,31-12-2025,Cancelled,54%,91.79,0
G000968,U161,07-06-2025,Career,Learn New Skill,Medium,30,21.99,09-10-2025,In Progress,73%,8.01,0
G000969,U028,26-05-2025,Personal,Improve Work-Life Balance,High,10,3.44,20-08-2025,Overdue,34%,6.56,0
G000970,U097,16-02-2025,Health,Improve Sleep,High,30,18.41,01-07-2025,Overdue,61%,11.59,0
G000971,U105,07-05-2025,Financial,Increase Savings,High,200000,121549.25,30-10-2025,In Progress,61%,78450.75,0
G000972,U033,25-02-2025,Career,Learn New Skill,High,10,0.16,30-04-2025,Overdue,2%,9.84,0
G000973,U047,12-06-2025,Career,Apply for Jobs,Low,20,5.73,16-07-2025,Overdue,29%,14.27,0
G000974,U186,16-08-2025,Health,Improve Fitness,Medium,100,95.05,09-11-2025,Cancelled,95%,4.95,0
G000975,U100,03-01-2025,Health,Improve Sleep,Low,200,135,12-05-2025,Overdue,68%,65,0
G000976,U151,11-04-2025,Career,Apply for Jobs,Critical,5,4.06,20-09-2025,Cancelled,81%,0.94,0
G000977,U078,29-07-2025,Productivity,Improve Productivity,High,20,11.11,03-12-2025,In Progress,56%,8.89,0
G000978,U031,09-03-2025,Learning,Complete Certification,High,60,41.48,06-07-2025,Overdue,69%,18.52,0
G000979,U130,04-08-2025,Health,Improve Fitness,High,30,2.19,19-11-2025,Not Started,7%,27.81,0
G000980,U005,20-01-2025,Productivity,Reduce Screen Time,Medium,20,18.36,21-06-2025,Overdue,92%,1.64,0
G000981,U139,12-01-2025,Learning,Learn SQL,Critical,20,3.8,23-04-2025,Overdue,19%,16.2,0
G000982,U009,02-08-2025,Personal,Read More Books,Critical,10,10,20-11-2025,Completed,100%,0,1
G000983,U042,11-08-2025,Health,Exercise Regularly,High,150,13.31,24-11-2025,Not Started,9%,136.69,0
G000984,U129,02-03-2025,Financial,Reduce Monthly Expenses,Medium,100000,63144.85,07-04-2025,In Progress,63%,36855.15,0
G000985,U081,17-07-2025,Learning,Learn SQL,Medium,150,54.03,05-12-2025,In Progress,36%,95.97,0
G000986,U113,17-06-2025,Learning,Learn Power BI,Medium,150,20.74,04-09-2025,Not Started,14%,129.26,0
G000987,U081,09-03-2025,Health,Walk Daily,Medium,100,38.18,23-05-2025,Overdue,38%,61.82,0
G000988,U059,21-02-2025,Career,Improve Resume,High,10,9.35,02-04-2025,In Progress,94%,0.65,0
G000989,U068,10-06-2025,Financial,Reduce Monthly Expenses,Medium,200000,32760.94,26-10-2025,In Progress,16%,167239.06,0
G000990,U186,24-08-2025,Personal,Travel More,Medium,5,1.03,06-12-2025,In Progress,21%,3.97,0
G000991,U026,02-05-2025,Learning,Complete Python Course,Medium,20,16.06,03-09-2025,In Progress,80%,3.94,0
G000992,U048,13-01-2025,Career,Build Portfolio,Medium,30,25.43,23-04-2025,Overdue,85%,4.57,0
G000993,U024,09-06-2025,Career,Learn New Skill,High,30,10.97,21-08-2025,Overdue,37%,19.03,0
G000994,U112,27-07-2025,Financial,Build Investment Fund,High,100000,100000,04-10-2025,Completed,100%,0,1
G000995,U200,29-08-2025,Productivity,Increase Deep Work,Medium,20,10.69,31-12-2025,In Progress,53%,9.31,0
G000996,U096,29-01-2025,Career,Build Portfolio,High,50,50,21-07-2025,Completed,100%,0,1
G000997,U060,13-01-2025,Career,Build Portfolio,Medium,30,23.17,22-06-2025,In Progress,77%,6.83,0
G000998,U176,19-08-2025,Health,Walk Daily,Medium,150,137.84,31-12-2025,In Progress,92%,12.16,0
G000999,U087,28-07-2025,Career,Build Portfolio,High,50,35.22,28-12-2025,In Progress,70%,14.78,0
G001000,U109,15-03-2025,Career,Improve Resume,Low,20,20,27-04-2025,Completed,100%,0,1
G001001,U048,29-01-2025,Learning,Learn SQL,High,150,22.47,03-04-2025,In Progress,15%,127.53,0
G001002,U152,03-02-2025,Productivity,Increase Deep Work,Medium,100,100,30-07-2025,Completed,100%,0,1
G001003,U188,21-01-2025,Learning,Complete Certification,Medium,40,18.71,07-03-2025,In Progress,47%,21.29,0
G001004,U070,29-01-2025,Productivity,Reduce Screen Time,Medium,20,15.92,18-05-2025,Overdue,80%,4.08,0
G001005,U068,29-05-2025,Learning,Complete Python Course,Low,150,106.45,24-09-2025,In Progress,71%,43.55,0
G001006,U154,14-08-2025,Learning,Learn SQL,Medium,100,20.46,31-12-2025,In Progress,20%,79.54,0
G001007,U091,24-03-2025,Career,Build Portfolio,Medium,50,27.93,31-07-2025,Overdue,56%,22.07,0
G001008,U010,27-02-2025,Health,Exercise Regularly,Medium,60,42.24,26-06-2025,Overdue,70%,17.76,0
G001009,U015,21-07-2025,Health,Walk Daily,Medium,60,32.77,22-11-2025,In Progress,55%,27.23,0
G001010,U092,25-08-2025,Health,Improve Sleep,Medium,30,8.24,30-12-2025,In Progress,27%,21.76,0
G001011,U149,29-07-2025,Personal,Improve Work-Life Balance,Medium,5,5,19-11-2025,Completed,100%,0,1
G001012,U081,16-06-2025,Learning,Complete Python Course,High,20,18.51,20-07-2025,In Progress,93%,1.49,0
G001013,U041,10-08-2025,Personal,Travel More,Medium,20,8.23,15-11-2025,Not Started,41%,11.77,0
G001014,U068,04-05-2025,Career,Build Portfolio,Medium,10,9,09-07-2025,In Progress,90%,1,0
G001015,U029,11-07-2025,Career,Apply for Jobs,Medium,30,30,24-10-2025,Completed,100%,0,1
G001016,U082,08-03-2025,Health,Improve Sleep,Low,60,48.96,18-04-2025,In Progress,82%,11.04,0
G001017,U105,09-07-2025,Learning,Learn SQL,Medium,40,37.23,13-09-2025,In Progress,93%,2.77,0
G001018,U129,03-01-2025,Financial,Save Emergency Fund,Medium,25000,12814.26,25-05-2025,Overdue,51%,12185.74,0
G001019,U141,05-01-2025,Financial,Build Investment Fund,Medium,100000,7113.61,27-03-2025,In Progress,7%,92886.39,0
G001020,U196,10-07-2025,Productivity,Reduce Screen Time,Medium,100,27.1,28-12-2025,In Progress,27%,72.9,0
G001021,U190,30-08-2025,Productivity,Improve Productivity,High,60,1.11,31-12-2025,In Progress,2%,58.89,0
G001022,U185,10-06-2025,Career,Improve Resume,Medium,50,50,14-11-2025,Completed,100%,0,1
G001023,U133,01-09-2025,Career,Learn New Skill,Critical,20,6.38,07-11-2025,In Progress,32%,13.62,0
G001024,U087,06-01-2025,Personal,Read More Books,Low,10,10,16-04-2025,Completed,100%,0,1
G001025,U177,22-05-2025,Personal,Travel More,Medium,20,13.31,07-08-2025,Overdue,67%,6.69,0
G001026,U065,12-03-2025,Personal,Travel More,Medium,20,14.73,14-08-2025,Overdue,74%,5.27,0
G001027,U097,04-08-2025,Learning,Learn Power BI,Low,150,142.11,31-12-2025,In Progress,95%,7.89,0
G001028,U156,29-08-2025,Financial,Reduce Monthly Expenses,Critical,25000,15788.1,06-12-2025,In Progress,63%,9211.9,0
G001029,U052,01-02-2025,Learning,Complete Certification,Medium,20,2.87,20-04-2025,Overdue,14%,17.13,0
G001030,U120,17-06-2025,Financial,Build Investment Fund,Medium,200000,200000,17-11-2025,Completed,100%,0,1
G001031,U105,12-06-2025,Health,Exercise Regularly,High,60,9,27-09-2025,In Progress,15%,51,0
G001032,U130,01-08-2025,Learning,Learn SQL,Medium,150,135.33,08-11-2025,In Progress,90%,14.67,0
G001033,U169,08-09-2025,Health,Improve Sleep,Medium,200,139.27,31-12-2025,In Progress,70%,60.73,0
G001034,U134,09-02-2025,Personal,Develop New Hobby,Medium,10,7.76,12-05-2025,In Progress,78%,2.24,0
G001035,U095,11-02-2025,Personal,Develop New Hobby,Critical,10,2.72,19-03-2025,In Progress,27%,7.28,0
G001036,U099,30-04-2025,Financial,Build Investment Fund,Medium,100000,34049.78,02-09-2025,Cancelled,34%,65950.22,0
G001037,U167,22-03-2025,Financial,Save Emergency Fund,Low,50000,9822.43,11-05-2025,Overdue,20%,40177.57,0
G001038,U079,23-01-2025,Productivity,Increase Deep Work,Medium,80,50.48,21-05-2025,Overdue,63%,29.52,0
G001039,U056,16-08-2025,Health,Improve Fitness,Medium,100,44.79,27-10-2025,In Progress,45%,55.21,0
G001040,U017,06-06-2025,Financial,Reduce Monthly Expenses,Low,25000,22591.15,10-08-2025,Overdue,90%,2408.85,0
G001041,U194,12-01-2025,Health,Improve Fitness,Medium,60,60,17-06-2025,Completed,100%,0,1
G001042,U067,01-04-2025,Career,Build Portfolio,Low,10,1.48,13-07-2025,In Progress,15%,8.52,0
G001043,U050,28-04-2025,Financial,Reduce Monthly Expenses,Medium,50000,36884.72,31-08-2025,In Progress,74%,13115.28,0
G001044,U047,15-01-2025,Learning,Learn Power BI,Medium,20,5.48,24-06-2025,Overdue,27%,14.52,0
G001045,U035,23-07-2025,Learning,Complete Certification,High,40,40,30-12-2025,Completed,100%,0,1
G001046,U014,04-08-2025,Health,Exercise Regularly,Medium,200,34.09,27-10-2025,Not Started,17%,165.91,0
G001047,U122,22-03-2025,Health,Exercise Regularly,Low,150,51.78,04-07-2025,In Progress,35%,98.22,0
G001048,U053,28-06-2025,Learning,Learn SQL,Low,60,58.71,31-08-2025,In Progress,98%,1.29,0
G001049,U011,29-06-2025,Learning,Complete Python Course,Medium,20,20,27-08-2025,Completed,100%,0,1
G001050,U008,04-05-2025,Health,Walk Daily,High,100,2.08,15-07-2025,In Progress,2%,97.92,0
G001051,U179,20-05-2025,Financial,Build Investment Fund,Low,200000,127856.48,25-07-2025,Overdue,64%,72143.52,0
G001052,U188,01-06-2025,Financial,Reduce Monthly Expenses,Medium,10000,2309.34,21-07-2025,Overdue,23%,7690.66,0
G001053,U005,05-06-2025,Personal,Develop New Hobby,Medium,10,10,03-08-2025,Completed,100%,0,1
G001054,U040,02-07-2025,Financial,Reduce Monthly Expenses,Medium,10000,8199.72,02-12-2025,Not Started,82%,1800.28,0
G001055,U183,07-01-2025,Productivity,Reduce Screen Time,Medium,100,100,27-06-2025,Completed,100%,0,1
G001056,U055,15-06-2025,Health,Walk Daily,High,150,150,09-09-2025,Completed,100%,0,1
G001057,U024,15-08-2025,Personal,Develop New Hobby,Medium,50,24.45,31-12-2025,Not Started,49%,25.55,0
G001058,U171,23-08-2025,Personal,Read More Books,Medium,30,21.17,31-12-2025,Cancelled,71%,8.83,0
G001059,U033,26-08-2025,Career,Apply for Jobs,Low,10,10,29-11-2025,Completed,100%,0,1
G001060,U189,27-01-2025,Financial,Increase Savings,High,50000,36484.18,14-05-2025,In Progress,73%,13515.82,0
G001061,U185,29-01-2025,Learning,Learn Power BI,Low,100,38.77,10-03-2025,In Progress,39%,61.23,0
G001062,U200,12-02-2025,Learning,Learn SQL,Critical,40,14.43,21-06-2025,Overdue,36%,25.57,0
G001063,U033,06-02-2025,Productivity,Complete Tasks on Time,High,60,60,03-07-2025,Completed,100%,0,1
G001064,U004,03-01-2025,Financial,Reduce Monthly Expenses,Low,50000,33908.29,24-03-2025,Overdue,68%,16091.71,0
G001065,U025,24-06-2025,Learning,Learn Power BI,Medium,150,66.05,24-09-2025,In Progress,44%,83.95,0
G001066,U142,15-05-2025,Productivity,Complete Tasks on Time,Medium,60,2.3,03-07-2025,In Progress,4%,57.7,0
G001067,U182,14-04-2025,Health,Walk Daily,Medium,150,82.76,21-08-2025,In Progress,55%,67.24,0
G001068,U106,07-02-2025,Learning,Complete Python Course,Medium,20,4.19,15-05-2025,Overdue,21%,15.81,0
G001069,U054,28-04-2025,Career,Build Portfolio,Medium,10,5.57,14-08-2025,Overdue,56%,4.43,0
G001070,U091,18-03-2025,Career,Build Portfolio,Medium,5,1.76,12-05-2025,Overdue,35%,3.24,0
G001071,U142,29-04-2025,Financial,Save Emergency Fund,High,200000,85351.69,09-06-2025,Overdue,43%,114648.31,0
G001072,U069,12-04-2025,Personal,Improve Work-Life Balance,Critical,30,6.01,24-07-2025,In Progress,20%,23.99,0
G001073,U161,16-04-2025,Financial,Build Investment Fund,Medium,100000,47942.31,18-09-2025,Cancelled,48%,52057.69,0
G001074,U046,08-08-2025,Learning,Complete Python Course,Medium,150,27.97,03-11-2025,In Progress,19%,122.03,0
G001075,U040,22-03-2025,Learning,Complete Certification,Critical,60,8.62,14-06-2025,Overdue,14%,51.38,0
G001076,U099,02-05-2025,Career,Apply for Jobs,Medium,10,0.29,02-06-2025,Overdue,3%,9.71,0
G001077,U163,01-02-2025,Financial,Increase Savings,High,200000,106592.38,03-06-2025,In Progress,53%,93407.62,0
G001078,U069,19-01-2025,Personal,Improve Work-Life Balance,Low,30,19.77,18-04-2025,In Progress,66%,10.23,0
G001079,U035,08-08-2025,Learning,Complete Python Course,High,60,17.97,15-11-2025,In Progress,30%,42.03,0
G001080,U188,15-01-2025,Personal,Improve Work-Life Balance,Critical,10,6.4,13-06-2025,In Progress,64%,3.6,0
G001081,U169,26-03-2025,Financial,Reduce Monthly Expenses,Medium,25000,9979.79,24-08-2025,In Progress,40%,15020.21,0
G001082,U043,25-07-2025,Personal,Travel More,High,5,4.61,11-10-2025,In Progress,92%,0.39,0
G001083,U107,02-08-2025,Career,Build Portfolio,Low,10,1.09,25-12-2025,In Progress,11%,8.91,0
G001084,U155,27-07-2025,Learning,Learn SQL,High,100,66.53,11-09-2025,In Progress,67%,33.47,0
G001085,U025,25-08-2025,Financial,Increase Savings,Medium,200000,200000,25-11-2025,Completed,100%,0,1
G001086,U071,07-07-2025,Learning,Complete Certification,Medium,150,138.49,15-08-2025,Overdue,92%,11.51,0
G001087,U001,02-03-2025,Financial,Build Investment Fund,Medium,100000,5402.09,30-05-2025,In Progress,5%,94597.91,0
G001088,U185,02-02-2025,Health,Walk Daily,Medium,200,154.81,29-07-2025,Overdue,77%,45.19,0
G001089,U114,05-02-2025,Productivity,Improve Productivity,Low,100,81.05,24-04-2025,Overdue,81%,18.95,0
G001090,U028,04-08-2025,Learning,Complete Certification,High,100,100,03-12-2025,Completed,100%,0,1
G001091,U018,28-04-2025,Health,Improve Fitness,High,200,51.25,12-08-2025,Overdue,26%,148.75,0
G001092,U131,04-08-2025,Learning,Complete Python Course,High,60,60,06-12-2025,Completed,100%,0,1
G001093,U082,29-01-2025,Financial,Build Investment Fund,Medium,10000,5028.35,26-03-2025,In Progress,50%,4971.65,0
G001094,U170,23-04-2025,Financial,Increase Savings,High,200000,149257.59,06-10-2025,Cancelled,75%,50742.41,0
G001095,U156,10-02-2025,Health,Improve Sleep,Low,150,29.31,27-06-2025,Overdue,20%,120.69,0
G001096,U001,23-05-2025,Health,Improve Sleep,High,150,105.94,28-09-2025,In Progress,71%,44.06,0
G001097,U141,07-05-2025,Productivity,Increase Deep Work,High,40,6.99,09-09-2025,Not Started,17%,33.01,0
G001098,U028,14-04-2025,Health,Exercise Regularly,High,150,14.33,28-06-2025,In Progress,10%,135.67,0
G001099,U111,31-01-2025,Career,Apply for Jobs,Medium,50,20.87,24-03-2025,In Progress,42%,29.13,0
G001100,U077,12-01-2025,Health,Improve Sleep,High,150,102.5,30-03-2025,Overdue,68%,47.5,0
G001101,U090,26-05-2025,Health,Improve Fitness,Medium,200,165.49,05-10-2025,Not Started,83%,34.51,0
G001102,U003,17-08-2025,Financial,Build Investment Fund,High,25000,25000,30-12-2025,Completed,100%,0,1
G001103,U021,04-02-2025,Health,Improve Sleep,Medium,150,137.24,08-07-2025,Overdue,91%,12.76,0
G001104,U111,04-04-2025,Learning,Learn Power BI,Critical,20,13.08,27-08-2025,Overdue,65%,6.92,0
G001105,U101,20-02-2025,Health,Improve Sleep,Medium,60,44.64,19-08-2025,Overdue,74%,15.36,0
G001106,U163,09-01-2025,Career,Apply for Jobs,Critical,10,5.56,06-07-2025,Overdue,56%,4.44,0
G001107,U151,05-06-2025,Learning,Complete Certification,Critical,100,45.41,25-07-2025,Overdue,45%,54.59,0
G001108,U061,29-03-2025,Career,Build Portfolio,Low,20,0.24,17-06-2025,Overdue,1%,19.76,0
G001109,U087,29-03-2025,Personal,Improve Work-Life Balance,Medium,5,0.65,26-05-2025,Overdue,13%,4.35,0
G001110,U048,29-06-2025,Personal,Travel More,High,50,50,07-09-2025,Completed,100%,0,1
G001111,U097,23-05-2025,Personal,Develop New Hobby,Critical,10,10,20-08-2025,Completed,100%,0,1
G001112,U083,24-04-2025,Health,Improve Fitness,Low,60,16.79,24-05-2025,In Progress,28%,43.21,0
G001113,U029,31-07-2025,Financial,Save Emergency Fund,Medium,100000,100000,20-12-2025,Completed,100%,0,1
G001114,U053,23-05-2025,Productivity,Complete Tasks on Time,High,20,14.63,10-07-2025,Overdue,73%,5.37,0
G001115,U127,02-01-2025,Financial,Increase Savings,Low,10000,9256.74,01-05-2025,In Progress,93%,743.26,0
G001116,U118,12-02-2025,Personal,Travel More,High,50,39.28,07-08-2025,In Progress,79%,10.72,0
G001117,U172,10-04-2025,Health,Improve Sleep,Low,200,157.75,01-07-2025,In Progress,79%,42.25,0
G001118,U019,14-04-2025,Career,Build Portfolio,Medium,5,3.72,19-07-2025,Overdue,74%,1.28,0
G001119,U079,06-07-2025,Career,Apply for Jobs,High,10,5.16,24-10-2025,In Progress,52%,4.84,0
G001120,U156,09-01-2025,Personal,Travel More,Medium,50,50,03-06-2025,Completed,100%,0,1
G001121,U197,24-03-2025,Financial,Reduce Monthly Expenses,High,50000,30956.58,25-07-2025,Overdue,62%,19043.42,0
G001122,U084,12-01-2025,Financial,Save Emergency Fund,Low,50000,34832.58,10-04-2025,In Progress,70%,15167.42,0
G001123,U157,21-03-2025,Career,Build Portfolio,Low,5,4.54,08-07-2025,In Progress,91%,0.46,0
G001124,U193,02-06-2025,Personal,Read More Books,Medium,30,5.95,17-09-2025,In Progress,20%,24.05,0
G001125,U151,30-05-2025,Health,Exercise Regularly,Medium,200,158.24,26-11-2025,Cancelled,79%,41.76,0
G001126,U098,27-01-2025,Financial,Build Investment Fund,Medium,100000,99442.11,05-05-2025,Overdue,99%,557.89,0
G001127,U007,17-08-2025,Financial,Increase Savings,Low,10000,4625.49,17-10-2025,In Progress,46%,5374.51,0
G001128,U184,15-01-2025,Financial,Save Emergency Fund,Medium,50000,39594.34,04-07-2025,In Progress,79%,10405.66,0
G001129,U013,14-05-2025,Personal,Read More Books,Medium,30,1.23,08-07-2025,Overdue,4%,28.77,0
G001130,U136,20-05-2025,Financial,Reduce Monthly Expenses,High,50000,15515.24,22-07-2025,In Progress,31%,34484.76,0
G001131,U122,17-06-2025,Productivity,Improve Productivity,Medium,100,3.05,26-11-2025,In Progress,3%,96.95,0
G001132,U189,13-05-2025,Personal,Read More Books,Medium,20,14.17,13-09-2025,In Progress,71%,5.83,0
G001133,U129,04-06-2025,Productivity,Reduce Screen Time,High,100,56.17,28-09-2025,Not Started,56%,43.83,0
G001134,U110,07-06-2025,Learning,Learn SQL,Medium,60,47.66,01-12-2025,In Progress,79%,12.34,0
G001135,U147,14-04-2025,Learning,Learn Power BI,Medium,20,10.78,23-05-2025,Overdue,54%,9.22,0
G001136,U166,06-08-2025,Health,Exercise Regularly,Medium,150,92.89,31-12-2025,In Progress,62%,57.11,0
G001137,U176,20-05-2025,Productivity,Increase Deep Work,Medium,40,22.11,13-08-2025,In Progress,55%,17.89,0
G001138,U013,15-04-2025,Learning,Complete Python Course,Low,40,35.23,01-09-2025,In Progress,88%,4.77,0
G001139,U091,03-07-2025,Career,Build Portfolio,Medium,5,3.13,05-12-2025,In Progress,63%,1.87,0
G001140,U109,05-02-2025,Personal,Improve Work-Life Balance,High,5,0.91,23-05-2025,Overdue,18%,4.09,0
G001141,U118,28-06-2025,Productivity,Complete Tasks on Time,Medium,40,22.73,24-09-2025,In Progress,57%,17.27,0
G001142,U081,17-02-2025,Career,Improve Resume,High,5,3.63,16-08-2025,Overdue,73%,1.37,0
G001143,U073,27-01-2025,Financial,Reduce Monthly Expenses,High,10000,640.99,08-07-2025,Overdue,6%,9359.01,0
G001144,U146,20-07-2025,Health,Improve Fitness,High,60,60,19-09-2025,Completed,100%,0,1
G001145,U138,10-04-2025,Productivity,Increase Deep Work,High,60,12.06,31-08-2025,In Progress,20%,47.94,0
G001146,U150,05-04-2025,Career,Apply for Jobs,Low,10,4.08,02-09-2025,In Progress,41%,5.92,0
G001147,U150,28-06-2025,Health,Improve Fitness,Medium,100,59.36,31-10-2025,In Progress,59%,40.64,0
G001148,U052,31-05-2025,Financial,Build Investment Fund,Low,50000,47096.48,12-11-2025,In Progress,94%,2903.52,0
G001149,U184,15-04-2025,Health,Improve Sleep,Low,30,30,21-06-2025,Completed,100%,0,1
G001150,U111,05-08-2025,Health,Walk Daily,Low,200,109.07,08-12-2025,In Progress,55%,90.93,0
G001151,U089,24-06-2025,Career,Build Portfolio,Medium,30,17.73,08-10-2025,Not Started,59%,12.27,0
G001152,U136,26-08-2025,Learning,Complete Certification,High,20,8.63,31-12-2025,In Progress,43%,11.37,0
G001153,U156,20-05-2025,Personal,Travel More,Medium,20,8.96,31-07-2025,In Progress,45%,11.04,0
G001154,U006,10-01-2025,Learning,Learn Power BI,Medium,40,27.6,30-05-2025,Overdue,69%,12.4,0
G001155,U025,07-09-2025,Career,Improve Resume,High,30,22.34,31-12-2025,In Progress,74%,7.66,0
G001156,U054,14-08-2025,Productivity,Increase Deep Work,High,20,14.57,17-12-2025,In Progress,73%,5.43,0
G001157,U079,04-06-2025,Learning,Complete Python Course,Medium,100,11.09,28-11-2025,In Progress,11%,88.91,0
G001158,U142,08-09-2025,Learning,Complete Certification,Medium,60,5.75,02-12-2025,In Progress,10%,54.25,0
G001159,U155,23-04-2025,Personal,Improve Work-Life Balance,Medium,10,9.05,05-10-2025,In Progress,91%,0.95,0
G001160,U168,14-03-2025,Learning,Complete Python Course,High,40,10.8,01-05-2025,Overdue,27%,29.2,0
G001161,U103,20-01-2025,Financial,Build Investment Fund,Medium,200000,120185.31,01-03-2025,Overdue,60%,79814.69,0
G001162,U065,15-03-2025,Health,Improve Sleep,Critical,150,26.38,31-05-2025,In Progress,18%,123.62,0
G001163,U023,26-05-2025,Productivity,Improve Productivity,Critical,80,31.66,27-06-2025,Overdue,40%,48.34,0
G001164,U017,14-01-2025,Personal,Travel More,Medium,30,10.05,04-07-2025,In Progress,34%,19.95,0
G001165,U002,23-07-2025,Career,Learn New Skill,High,5,0.21,23-08-2025,Overdue,4%,4.79,0
G001166,U072,17-06-2025,Productivity,Increase Deep Work,High,100,51.98,02-12-2025,In Progress,52%,48.02,0
G001167,U103,09-02-2025,Productivity,Improve Productivity,High,100,97.49,15-03-2025,In Progress,97%,2.51,0
G001168,U161,08-03-2025,Career,Improve Resume,High,30,30,05-05-2025,Completed,100%,0,1
G001169,U194,03-06-2025,Personal,Improve Work-Life Balance,Medium,30,30,03-11-2025,Completed,100%,0,1
G001170,U082,08-01-2025,Productivity,Complete Tasks on Time,High,80,6.85,19-02-2025,In Progress,9%,73.15,0
G001171,U111,27-04-2025,Health,Improve Sleep,Low,30,24.37,13-07-2025,Overdue,81%,5.63,0
G001172,U058,06-09-2025,Learning,Learn SQL,Low,20,10.71,31-12-2025,Cancelled,54%,9.29,0
G001173,U193,14-06-2025,Financial,Build Investment Fund,Critical,200000,19535.23,03-09-2025,In Progress,10%,180464.77,0
G001174,U062,12-06-2025,Career,Improve Resume,Low,30,16.09,02-09-2025,In Progress,54%,13.91,0
G001175,U089,02-02-2025,Personal,Improve Work-Life Balance,Low,30,0.94,14-05-2025,In Progress,3%,29.06,0
G001176,U036,25-01-2025,Career,Learn New Skill,Medium,5,3.36,24-05-2025,In Progress,67%,1.64,0
G001177,U110,28-02-2025,Health,Improve Fitness,Medium,150,85.65,01-04-2025,Overdue,57%,64.35,0
G001178,U168,05-09-2025,Productivity,Improve Productivity,Medium,80,49.25,06-11-2025,In Progress,62%,30.75,0
G001179,U104,28-03-2025,Learning,Complete Python Course,High,100,18.81,19-08-2025,In Progress,19%,81.19,0
G001180,U050,24-05-2025,Health,Improve Fitness,High,100,75.25,04-09-2025,In Progress,75%,24.75,0
G001181,U082,01-01-2025,Personal,Travel More,Medium,50,4.06,21-05-2025,In Progress,8%,45.94,0
G001182,U195,01-05-2025,Career,Apply for Jobs,Medium,5,2.02,16-08-2025,Overdue,40%,2.98,0
G001183,U174,14-01-2025,Personal,Improve Work-Life Balance,High,50,47.57,05-03-2025,Overdue,95%,2.43,0
G001184,U101,05-07-2025,Personal,Travel More,Medium,50,8.85,23-11-2025,In Progress,18%,41.15,0
G001185,U173,29-07-2025,Productivity,Increase Deep Work,High,60,44.88,01-10-2025,Cancelled,75%,15.12,0
G001186,U118,25-07-2025,Productivity,Complete Tasks on Time,High,20,19.74,31-12-2025,Cancelled,99%,0.26,0
G001187,U075,14-03-2025,Learning,Complete Python Course,High,20,3.17,01-06-2025,Overdue,16%,16.83,0
G001188,U062,02-04-2025,Productivity,Improve Productivity,Medium,40,0.75,03-09-2025,Not Started,2%,39.25,0
G001189,U136,17-02-2025,Learning,Complete Python Course,Medium,150,18.73,30-06-2025,In Progress,12%,131.27,0
G001190,U044,19-03-2025,Financial,Increase Savings,Medium,25000,13179.56,21-06-2025,Overdue,53%,11820.44,0
G001191,U056,11-04-2025,Learning,Complete Certification,Medium,150,150,29-08-2025,Completed,100%,0,1
G001192,U054,12-03-2025,Financial,Build Investment Fund,Medium,100000,61617.85,07-08-2025,In Progress,62%,38382.15,0
G001193,U067,20-04-2025,Financial,Save Emergency Fund,Medium,200000,200000,17-09-2025,Completed,100%,0,1
G001194,U184,05-09-2025,Health,Improve Fitness,High,30,30,10-11-2025,Completed,100%,0,1
G001195,U141,03-02-2025,Financial,Increase Savings,Low,50000,29587.4,29-04-2025,In Progress,59%,20412.6,0
G001196,U159,25-03-2025,Health,Improve Sleep,Medium,100,100,27-07-2025,Completed,100%,0,1
G001197,U047,30-01-2025,Financial,Build Investment Fund,Medium,100000,29191.17,04-06-2025,Overdue,29%,70808.83,0
G001198,U200,12-08-2025,Productivity,Increase Deep Work,High,80,0.91,11-09-2025,Not Started,1%,79.09,0
G001199,U088,18-06-2025,Health,Walk Daily,Low,200,200,14-11-2025,Completed,100%,0,1
G001200,U088,19-03-2025,Learning,Learn Power BI,Medium,150,19.44,04-09-2025,In Progress,13%,130.56,0
G001201,U104,13-06-2025,Career,Learn New Skill,Low,50,22.05,20-07-2025,Overdue,44%,27.95,0
G001202,U045,06-06-2025,Health,Improve Sleep,High,60,22.65,31-07-2025,Overdue,38%,37.35,0
G001203,U024,30-06-2025,Personal,Develop New Hobby,High,20,20,27-10-2025,Completed,100%,0,1
G001204,U174,18-04-2025,Health,Improve Fitness,Medium,60,57.13,23-09-2025,Not Started,95%,2.87,0
G001205,U069,28-07-2025,Personal,Read More Books,Low,30,29,18-11-2025,In Progress,97%,1,0
G001206,U004,29-05-2025,Personal,Improve Work-Life Balance,Medium,10,10,19-10-2025,Completed,100%,0,1
G001207,U063,16-02-2025,Learning,Complete Python Course,Medium,100,86.18,15-06-2025,In Progress,86%,13.82,0
G001208,U188,14-04-2025,Learning,Complete Python Course,High,20,12.3,22-06-2025,In Progress,62%,7.7,0
G001209,U165,23-05-2025,Career,Build Portfolio,Medium,20,7.22,07-07-2025,Overdue,36%,12.78,0
G001210,U094,03-03-2025,Health,Exercise Regularly,Low,150,83.47,18-04-2025,Overdue,56%,66.53,0
G001211,U039,07-01-2025,Financial,Build Investment Fund,Medium,10000,3991.59,05-06-2025,In Progress,40%,6008.41,0
G001212,U099,07-05-2025,Productivity,Complete Tasks on Time,Low,40,28.83,23-06-2025,Overdue,72%,11.17,0
G001213,U190,14-08-2025,Productivity,Increase Deep Work,Low,100,78.13,29-09-2025,Cancelled,78%,21.87,0
G001214,U011,23-02-2025,Learning,Complete Python Course,Medium,20,18.06,11-07-2025,Overdue,90%,1.94,0
G001215,U089,07-09-2025,Learning,Complete Python Course,Medium,60,47.92,21-12-2025,In Progress,80%,12.08,0
G001216,U119,22-08-2025,Learning,Complete Certification,Medium,100,46.85,05-11-2025,In Progress,47%,53.15,0
G001217,U129,13-07-2025,Personal,Travel More,High,50,2.77,27-08-2025,In Progress,6%,47.23,0
G001218,U121,16-04-2025,Learning,Learn SQL,High,20,10.15,27-07-2025,In Progress,51%,9.85,0
G001219,U020,27-08-2025,Financial,Increase Savings,Low,200000,26044.52,13-10-2025,In Progress,13%,173955.48,0
G001220,U129,16-07-2025,Personal,Read More Books,Low,50,21.17,19-11-2025,In Progress,42%,28.83,0
G001221,U046,23-01-2025,Career,Improve Resume,Medium,5,3.4,26-02-2025,Overdue,68%,1.6,0
G001222,U041,06-05-2025,Health,Improve Fitness,Medium,200,164.11,07-06-2025,In Progress,82%,35.89,0
G001223,U166,01-07-2025,Career,Build Portfolio,Low,30,16.72,06-10-2025,In Progress,56%,13.28,0
G001224,U115,10-03-2025,Learning,Learn Power BI,High,60,18.78,12-07-2025,In Progress,31%,41.22,0
G001225,U125,26-01-2025,Personal,Improve Work-Life Balance,Low,10,3.02,01-05-2025,Overdue,30%,6.98,0
G001226,U020,29-04-2025,Productivity,Increase Deep Work,Low,60,16.18,24-06-2025,Overdue,27%,43.82,0
G001227,U166,19-02-2025,Personal,Develop New Hobby,Critical,20,10.25,19-06-2025,Overdue,51%,9.75,0
G001228,U173,14-01-2025,Learning,Complete Certification,Medium,20,12.52,29-06-2025,Overdue,63%,7.48,0
G001229,U109,19-08-2025,Productivity,Improve Productivity,High,20,1.41,25-11-2025,Not Started,7%,18.59,0
G001230,U158,22-04-2025,Financial,Build Investment Fund,Medium,25000,12023.51,31-07-2025,Overdue,48%,12976.49,0
G001231,U056,12-06-2025,Health,Walk Daily,Low,30,30,22-09-2025,Completed,100%,0,1
G001232,U060,22-01-2025,Financial,Reduce Monthly Expenses,Medium,200000,154782.59,18-06-2025,Overdue,77%,45217.41,0
G001233,U001,21-08-2025,Financial,Increase Savings,Medium,100000,1195.12,31-12-2025,In Progress,1%,98804.88,0
G001234,U179,05-07-2025,Personal,Develop New Hobby,High,50,50,20-10-2025,Completed,100%,0,1
G001235,U046,06-04-2025,Financial,Build Investment Fund,Medium,50000,50000,25-09-2025,Completed,100%,0,1
G001236,U082,03-02-2025,Career,Improve Resume,Medium,5,4.78,28-07-2025,In Progress,96%,0.22,0
G001237,U070,04-05-2025,Health,Exercise Regularly,Medium,200,117.9,31-08-2025,In Progress,59%,82.1,0
G001238,U012,07-02-2025,Productivity,Increase Deep Work,Low,100,9.04,12-06-2025,Overdue,9%,90.96,0
G001239,U047,03-02-2025,Personal,Travel More,Medium,5,0.28,27-05-2025,In Progress,6%,4.72,0
G001240,U071,05-01-2025,Financial,Increase Savings,Medium,10000,6863.58,15-02-2025,Overdue,69%,3136.42,0
G001241,U197,17-07-2025,Health,Walk Daily,Medium,200,200,15-10-2025,Completed,100%,0,1
G001242,U092,24-08-2025,Learning,Learn Power BI,Medium,20,2.29,12-12-2025,Not Started,11%,17.71,0
G001243,U003,30-04-2025,Productivity,Increase Deep Work,Medium,80,20.47,17-09-2025,In Progress,26%,59.53,0
G001244,U059,24-04-2025,Productivity,Increase Deep Work,Medium,80,80,29-05-2025,Completed,100%,0,1
G001245,U149,01-02-2025,Learning,Complete Certification,Medium,150,80.87,03-04-2025,In Progress,54%,69.13,0
G001246,U111,08-09-2025,Productivity,Improve Productivity,Low,20,11.17,20-12-2025,In Progress,56%,8.83,0
G001247,U005,17-03-2025,Productivity,Reduce Screen Time,Medium,80,29.75,22-04-2025,Overdue,37%,50.25,0
G001248,U063,18-08-2025,Productivity,Improve Productivity,Critical,40,40,17-09-2025,Completed,100%,0,1
G001249,U121,04-08-2025,Productivity,Increase Deep Work,High,80,39.98,31-12-2025,Not Started,50%,40.02,0
G001250,U011,09-08-2025,Career,Improve Resume,High,30,4.4,25-10-2025,In Progress,15%,25.6,0
G001251,U033,17-05-2025,Productivity,Complete Tasks on Time,Low,80,24.58,21-07-2025,In Progress,31%,55.42,0
G001252,U065,23-02-2025,Personal,Develop New Hobby,Medium,50,21.89,01-06-2025,In Progress,44%,28.11,0
G001253,U161,01-09-2025,Financial,Increase Savings,High,100000,830.28,31-12-2025,In Progress,1%,99169.72,0
G001254,U081,25-02-2025,Health,Exercise Regularly,Medium,60,60,04-05-2025,Completed,100%,0,1
G001255,U130,08-04-2025,Health,Exercise Regularly,Medium,100,15.28,16-09-2025,In Progress,15%,84.72,0
G001256,U076,22-08-2025,Learning,Complete Python Course,Critical,40,37.36,30-09-2025,In Progress,93%,2.64,0
G001257,U125,30-03-2025,Financial,Build Investment Fund,Critical,200000,43274.16,15-06-2025,Overdue,22%,156725.84,0
G001258,U081,14-07-2025,Learning,Learn Power BI,High,100,66.41,20-10-2025,In Progress,66%,33.59,0
G001259,U082,11-08-2025,Health,Walk Daily,High,150,47.02,31-12-2025,In Progress,31%,102.98,0
G001260,U153,15-02-2025,Productivity,Improve Productivity,High,40,36.82,26-07-2025,Overdue,92%,3.18,0
G001261,U073,22-06-2025,Financial,Increase Savings,Low,25000,25000,21-10-2025,Completed,100%,0,1
G001262,U073,03-03-2025,Personal,Travel More,Medium,30,20.2,13-05-2025,Overdue,67%,9.8,0
G001263,U165,29-03-2025,Financial,Save Emergency Fund,High,10000,3925.49,05-06-2025,Overdue,39%,6074.51,0
G001264,U169,09-01-2025,Personal,Read More Books,High,10,0.37,16-03-2025,Overdue,4%,9.63,0
G001265,U154,14-01-2025,Learning,Complete Certification,Medium,150,3.49,22-02-2025,Overdue,2%,146.51,0
G001266,U032,18-06-2025,Financial,Increase Savings,Critical,200000,119996.78,12-12-2025,In Progress,60%,80003.22,0
G001267,U138,10-03-2025,Health,Improve Fitness,Low,200,150.01,13-08-2025,In Progress,75%,49.99,0
G001268,U175,22-07-2025,Personal,Travel More,High,20,10.34,12-12-2025,In Progress,52%,9.66,0
G001269,U086,29-05-2025,Productivity,Improve Productivity,High,80,38.47,23-09-2025,In Progress,48%,41.53,0
G001270,U157,03-04-2025,Productivity,Reduce Screen Time,Medium,20,9.07,24-06-2025,In Progress,45%,10.93,0
G001271,U044,27-02-2025,Financial,Save Emergency Fund,Low,100000,100000,23-06-2025,Completed,100%,0,1
G001272,U041,14-04-2025,Personal,Develop New Hobby,Medium,5,0.71,23-09-2025,Not Started,14%,4.29,0
G001273,U081,15-01-2025,Career,Improve Resume,Medium,30,26.28,30-06-2025,Overdue,88%,3.72,0
G001274,U045,09-07-2025,Personal,Develop New Hobby,High,10,9.95,01-12-2025,In Progress,100%,0.05,0
G001275,U179,05-09-2025,Financial,Build Investment Fund,High,10000,9029.55,26-10-2025,Cancelled,90%,970.45,0
G001276,U079,10-03-2025,Career,Apply for Jobs,Medium,50,29.72,20-07-2025,In Progress,59%,20.28,0
G001277,U075,20-07-2025,Personal,Improve Work-Life Balance,Medium,30,30,25-09-2025,Completed,100%,0,1
G001278,U165,13-02-2025,Financial,Reduce Monthly Expenses,High,200000,200000,07-04-2025,Completed,100%,0,1
G001279,U172,19-08-2025,Health,Improve Fitness,High,60,34.06,08-11-2025,Not Started,57%,25.94,0
G001280,U145,07-06-2025,Learning,Complete Certification,Medium,100,87.25,03-12-2025,Not Started,87%,12.75,0
G001281,U019,04-08-2025,Health,Walk Daily,High,100,56.64,22-12-2025,In Progress,57%,43.36,0
G001282,U120,08-09-2025,Personal,Read More Books,Low,5,2.35,23-10-2025,In Progress,47%,2.65,0
G001283,U167,14-04-2025,Career,Apply for Jobs,High,10,10,10-10-2025,Completed,100%,0,1
G001284,U143,04-08-2025,Learning,Complete Python Course,High,60,9.37,29-09-2025,In Progress,16%,50.63,0
G001285,U175,24-03-2025,Learning,Learn SQL,Low,150,150,07-07-2025,Completed,100%,0,1
G001286,U072,29-06-2025,Personal,Travel More,Critical,10,10,27-08-2025,Completed,100%,0,1
G001287,U187,22-06-2025,Financial,Increase Savings,Medium,50000,31634.02,04-08-2025,Overdue,63%,18365.98,0
G001288,U133,11-07-2025,Financial,Increase Savings,Low,200000,196845.54,15-12-2025,In Progress,98%,3154.46,0
G001289,U002,28-04-2025,Career,Build Portfolio,Medium,50,28.46,02-06-2025,Overdue,57%,21.54,0
G001290,U018,18-01-2025,Productivity,Reduce Screen Time,Critical,40,40,21-06-2025,Completed,100%,0,1
G001291,U006,29-03-2025,Career,Improve Resume,High,20,8.94,16-07-2025,Overdue,45%,11.06,0
G001292,U199,15-05-2025,Financial,Build Investment Fund,Medium,25000,8112.7,23-09-2025,In Progress,32%,16887.3,0
G001293,U072,02-08-2025,Career,Learn New Skill,Medium,5,5,22-11-2025,Completed,100%,0,1
G001294,U044,18-05-2025,Productivity,Complete Tasks on Time,Low,60,38.12,16-08-2025,In Progress,64%,21.88,0
G001295,U015,23-07-2025,Career,Learn New Skill,High,20,8.82,03-10-2025,In Progress,44%,11.18,0
G001296,U122,06-02-2025,Productivity,Improve Productivity,Medium,60,6.26,25-05-2025,In Progress,10%,53.74,0
G001297,U150,21-01-2025,Productivity,Complete Tasks on Time,High,80,75.01,04-03-2025,In Progress,94%,4.99,0
G001298,U167,02-02-2025,Personal,Read More Books,High,5,1.01,31-05-2025,Overdue,20%,3.99,0
G001299,U041,26-05-2025,Health,Exercise Regularly,Medium,200,117.88,03-09-2025,Not Started,59%,82.12,0
G001300,U156,02-02-2025,Health,Walk Daily,Medium,30,18.22,08-05-2025,In Progress,61%,11.78,0
G001301,U014,25-01-2025,Learning,Learn SQL,Medium,40,27.89,20-06-2025,Overdue,70%,12.11,0
G001302,U123,21-02-2025,Financial,Save Emergency Fund,High,200000,133259.36,01-06-2025,Overdue,67%,66740.64,0
G001303,U022,02-09-2025,Health,Improve Sleep,Medium,150,6.95,26-12-2025,Not Started,5%,143.05,0
G001304,U192,18-07-2025,Personal,Travel More,Low,10,4.15,13-10-2025,In Progress,42%,5.85,0
G001305,U131,14-07-2025,Productivity,Complete Tasks on Time,Low,100,30.62,13-10-2025,In Progress,31%,69.38,0
G001306,U191,24-04-2025,Learning,Learn Power BI,High,60,60,09-07-2025,Completed,100%,0,1
G001307,U098,19-08-2025,Productivity,Increase Deep Work,High,60,60,31-12-2025,Completed,100%,0,1
G001308,U016,13-08-2025,Learning,Complete Certification,Medium,100,81.96,31-12-2025,Not Started,82%,18.04,0
G001309,U087,05-08-2025,Career,Learn New Skill,Low,50,7.73,09-09-2025,Cancelled,15%,42.27,0
G001310,U024,18-05-2025,Health,Walk Daily,High,100,100,06-08-2025,Completed,100%,0,1
G001311,U013,08-08-2025,Financial,Save Emergency Fund,Medium,10000,2434.28,02-10-2025,In Progress,24%,7565.72,0
G001312,U175,17-08-2025,Financial,Increase Savings,High,10000,10000,31-12-2025,Completed,100%,0,1
G001313,U048,17-03-2025,Learning,Learn SQL,High,20,13.91,29-08-2025,Overdue,70%,6.09,0
G001314,U135,27-07-2025,Career,Apply for Jobs,Medium,10,1.62,29-09-2025,In Progress,16%,8.38,0
G001315,U011,21-08-2025,Learning,Complete Python Course,High,150,106.11,26-12-2025,In Progress,71%,43.89,0
G001316,U161,15-08-2025,Personal,Develop New Hobby,High,5,2.21,31-12-2025,In Progress,44%,2.79,0
G001317,U111,13-02-2025,Personal,Travel More,High,5,0.23,02-06-2025,Overdue,5%,4.77,0
G001318,U139,10-06-2025,Career,Build Portfolio,Medium,20,1.01,28-11-2025,In Progress,5%,18.99,0
G001319,U069,21-01-2025,Health,Walk Daily,Low,150,136.91,13-05-2025,In Progress,91%,13.09,0
G001320,U101,13-05-2025,Productivity,Complete Tasks on Time,Medium,60,10.2,18-06-2025,Overdue,17%,49.8,0
G001321,U154,21-07-2025,Personal,Travel More,Medium,30,18.9,19-09-2025,In Progress,63%,11.1,0
G001322,U081,20-02-2025,Personal,Travel More,High,50,50,31-07-2025,Completed,100%,0,1
G001323,U097,04-07-2025,Personal,Travel More,High,10,10,02-11-2025,Completed,100%,0,1
G001324,U123,19-08-2025,Health,Improve Sleep,Critical,60,9.68,29-11-2025,In Progress,16%,50.32,0
G001325,U007,10-08-2025,Personal,Develop New Hobby,Medium,20,6.85,31-12-2025,Not Started,34%,13.15,0
G001326,U027,07-06-2025,Productivity,Complete Tasks on Time,High,60,60,18-09-2025,Completed,100%,0,1
G001327,U171,08-09-2025,Personal,Develop New Hobby,High,10,3.77,26-10-2025,In Progress,38%,6.23,0
G001328,U051,26-07-2025,Productivity,Reduce Screen Time,Low,100,71.23,30-12-2025,In Progress,71%,28.77,0
G001329,U125,24-02-2025,Career,Apply for Jobs,Critical,10,10,14-07-2025,Completed,100%,0,1
G001330,U050,08-05-2025,Personal,Read More Books,High,5,3.6,10-08-2025,In Progress,72%,1.4,0
G001331,U014,14-07-2025,Personal,Travel More,High,5,1.29,13-11-2025,In Progress,26%,3.71,0
G001332,U092,22-01-2025,Personal,Read More Books,Medium,10,10,05-07-2025,Completed,100%,0,1
G001333,U057,21-05-2025,Financial,Build Investment Fund,Medium,200000,12415.4,15-10-2025,In Progress,6%,187584.6,0
G001334,U129,20-04-2025,Personal,Improve Work-Life Balance,High,20,5.94,07-07-2025,Overdue,30%,14.06,0
G001335,U131,01-03-2025,Productivity,Reduce Screen Time,Low,100,66.17,27-05-2025,Overdue,66%,33.83,0
G001336,U152,03-09-2025,Career,Learn New Skill,Low,5,1.91,31-12-2025,Not Started,38%,3.09,0
G001337,U021,26-07-2025,Productivity,Improve Productivity,High,40,31.78,31-12-2025,In Progress,79%,8.22,0
G001338,U161,27-01-2025,Health,Exercise Regularly,High,200,200,14-05-2025,Completed,100%,0,1
G001339,U066,01-06-2025,Financial,Save Emergency Fund,High,200000,170165.4,07-09-2025,In Progress,85%,29834.6,0
G001340,U166,01-01-2025,Financial,Save Emergency Fund,Medium,10000,495.01,30-05-2025,In Progress,5%,9504.99,0
G001341,U167,08-02-2025,Productivity,Complete Tasks on Time,Low,60,25.06,08-05-2025,In Progress,42%,34.94,0
G001342,U187,18-04-2025,Financial,Build Investment Fund,High,200000,171768.96,25-06-2025,In Progress,86%,28231.04,0
G001343,U018,17-02-2025,Financial,Increase Savings,Critical,200000,200000,27-05-2025,Completed,100%,0,1
G001344,U109,02-08-2025,Health,Exercise Regularly,High,150,150,02-10-2025,Completed,100%,0,1
G001345,U170,06-02-2025,Learning,Learn SQL,High,100,100,02-07-2025,Completed,100%,0,1
G001346,U026,16-03-2025,Health,Improve Fitness,Medium,30,1.59,30-06-2025,Overdue,5%,28.41,0
G001347,U160,30-03-2025,Productivity,Reduce Screen Time,Medium,20,20,13-07-2025,Completed,100%,0,1
G001348,U130,09-04-2025,Learning,Complete Python Course,Medium,60,3.83,01-10-2025,Cancelled,6%,56.17,0
G001349,U157,27-08-2025,Financial,Reduce Monthly Expenses,Critical,10000,8941.41,31-12-2025,Cancelled,89%,1058.59,0
G001350,U184,08-03-2025,Health,Improve Sleep,Low,100,31.21,24-07-2025,In Progress,31%,68.79,0
G001351,U130,19-08-2025,Financial,Reduce Monthly Expenses,Medium,25000,20840.1,27-11-2025,In Progress,83%,4159.9,0
G001352,U070,07-07-2025,Productivity,Complete Tasks on Time,Medium,80,79.16,09-08-2025,In Progress,99%,0.84,0
G001353,U156,21-01-2025,Productivity,Improve Productivity,Medium,40,9.59,09-06-2025,Overdue,24%,30.41,0
G001354,U009,23-01-2025,Productivity,Complete Tasks on Time,High,80,46.09,03-03-2025,In Progress,58%,33.91,0
G001355,U032,18-08-2025,Career,Improve Resume,High,10,7.53,19-11-2025,In Progress,75%,2.47,0
G001356,U021,14-08-2025,Financial,Reduce Monthly Expenses,Low,200000,66293.16,08-11-2025,Not Started,33%,133706.84,0
G001357,U138,19-03-2025,Financial,Build Investment Fund,High,100000,19885.29,29-07-2025,Overdue,20%,80114.71,0
G001358,U058,14-02-2025,Financial,Build Investment Fund,Medium,100000,86421.03,11-05-2025,Overdue,86%,13578.97,0
G001359,U160,21-05-2025,Financial,Build Investment Fund,High,100000,54899.63,16-09-2025,In Progress,55%,45100.37,0
G001360,U170,20-02-2025,Learning,Learn SQL,High,150,150,02-05-2025,Completed,100%,0,1
G001361,U087,29-07-2025,Learning,Learn SQL,Medium,20,8.18,31-12-2025,In Progress,41%,11.82,0
G001362,U140,24-02-2025,Health,Exercise Regularly,High,30,2.69,17-04-2025,Overdue,9%,27.31,0
G001363,U063,23-07-2025,Learning,Learn Power BI,Medium,100,24.65,11-09-2025,Cancelled,25%,75.35,0
G001364,U095,05-04-2025,Health,Walk Daily,High,60,15.56,10-06-2025,In Progress,26%,44.44,0
G001365,U011,07-01-2025,Learning,Learn Power BI,Critical,150,68.23,24-05-2025,Overdue,45%,81.77,0
G001366,U052,22-02-2025,Health,Exercise Regularly,Low,30,19.11,21-04-2025,In Progress,64%,10.89,0
G001367,U067,24-04-2025,Productivity,Improve Productivity,Medium,100,12.94,07-10-2025,Cancelled,13%,87.06,0
G001368,U145,16-04-2025,Personal,Develop New Hobby,Medium,50,48.39,20-07-2025,In Progress,97%,1.61,0
G001369,U179,21-04-2025,Personal,Develop New Hobby,Medium,20,2.39,12-09-2025,In Progress,12%,17.61,0
G001370,U149,14-08-2025,Learning,Learn SQL,High,150,66.97,14-09-2025,In Progress,45%,83.03,0
G001371,U044,11-06-2025,Learning,Complete Python Course,High,60,48.5,15-11-2025,In Progress,81%,11.5,0
G001372,U030,26-05-2025,Personal,Read More Books,Medium,5,1.66,18-10-2025,In Progress,33%,3.34,0
G001373,U145,10-05-2025,Personal,Travel More,High,10,5.99,12-06-2025,Overdue,60%,4.01,0
G001374,U158,14-07-2025,Career,Improve Resume,Medium,10,7.69,22-10-2025,In Progress,77%,2.31,0
G001375,U013,03-05-2025,Financial,Save Emergency Fund,High,10000,9263.83,21-07-2025,Overdue,93%,736.17,0
G001376,U143,28-03-2025,Career,Apply for Jobs,High,10,7.13,27-04-2025,In Progress,71%,2.87,0
G001377,U145,16-04-2025,Financial,Build Investment Fund,High,10000,1320.54,04-06-2025,Overdue,13%,8679.46,0
G001378,U093,21-03-2025,Health,Improve Sleep,Low,150,150,10-09-2025,Completed,100%,0,1
G001379,U058,07-06-2025,Financial,Save Emergency Fund,High,50000,10105.6,17-11-2025,Cancelled,20%,39894.4,0
G001380,U177,29-01-2025,Health,Improve Fitness,Medium,100,6.46,08-06-2025,In Progress,6%,93.54,0
G001381,U041,08-06-2025,Health,Exercise Regularly,Medium,200,67.69,14-10-2025,In Progress,34%,132.31,0
G001382,U052,17-06-2025,Personal,Travel More,Critical,50,8.96,03-10-2025,In Progress,18%,41.04,0
G001383,U167,30-01-2025,Productivity,Improve Productivity,High,40,37.55,10-03-2025,Overdue,94%,2.45,0
G001384,U052,20-05-2025,Health,Improve Fitness,High,60,26.24,07-08-2025,Overdue,44%,33.76,0
G001385,U174,05-03-2025,Career,Apply for Jobs,Medium,30,28.65,21-08-2025,In Progress,96%,1.35,0
G001386,U060,28-05-2025,Productivity,Increase Deep Work,High,60,23.25,06-10-2025,Cancelled,39%,36.75,0
G001387,U014,13-03-2025,Financial,Reduce Monthly Expenses,Low,100000,59229.38,31-05-2025,In Progress,59%,40770.62,0
G001388,U061,24-06-2025,Productivity,Reduce Screen Time,Medium,20,15.7,29-07-2025,Overdue,79%,4.3,0
G001389,U075,07-01-2025,Productivity,Improve Productivity,Medium,20,17.39,10-06-2025,In Progress,87%,2.61,0
G001390,U160,17-07-2025,Learning,Complete Certification,Medium,20,20,11-10-2025,Completed,100%,0,1
G001391,U062,12-06-2025,Career,Learn New Skill,High,10,9.12,17-09-2025,Not Started,91%,0.88,0
G001392,U021,20-01-2025,Career,Apply for Jobs,Medium,5,2.99,02-06-2025,Overdue,60%,2.01,0
G001393,U135,05-09-2025,Health,Exercise Regularly,High,60,39.5,17-10-2025,In Progress,66%,20.5,0
G001394,U114,27-06-2025,Health,Improve Sleep,High,60,47.71,13-11-2025,In Progress,80%,12.29,0
G001395,U039,03-08-2025,Productivity,Reduce Screen Time,Low,40,33.87,19-12-2025,In Progress,85%,6.13,0
G001396,U111,15-08-2025,Personal,Develop New Hobby,High,30,24.74,13-12-2025,In Progress,82%,5.26,0
G001397,U142,13-02-2025,Financial,Build Investment Fund,Medium,50000,47286.77,27-06-2025,Overdue,95%,2713.23,0
G001398,U073,23-05-2025,Productivity,Reduce Screen Time,Medium,60,59.24,24-07-2025,Overdue,99%,0.76,0
G001399,U078,29-04-2025,Productivity,Improve Productivity,Medium,20,18.52,29-06-2025,In Progress,93%,1.48,0
G001400,U072,06-02-2025,Health,Improve Sleep,Medium,150,65.73,22-07-2025,In Progress,44%,84.27,0
G001401,U149,02-02-2025,Health,Exercise Regularly,Low,30,26.71,07-07-2025,In Progress,89%,3.29,0
G001402,U109,16-04-2025,Personal,Improve Work-Life Balance,High,10,6.91,15-08-2025,Overdue,69%,3.09,0
G001403,U032,16-08-2025,Learning,Complete Python Course,High,150,79.6,26-11-2025,In Progress,53%,70.4,0
G001404,U054,15-06-2025,Learning,Learn SQL,Low,40,40,11-09-2025,Completed,100%,0,1
G001405,U174,24-04-2025,Financial,Increase Savings,High,200000,86216.11,02-10-2025,In Progress,43%,113783.89,0
G001406,U050,07-02-2025,Personal,Travel More,High,50,10.14,20-03-2025,In Progress,20%,39.86,0
G001407,U062,24-08-2025,Career,Learn New Skill,High,20,19.24,31-12-2025,In Progress,96%,0.76,0
G001408,U044,27-06-2025,Financial,Reduce Monthly Expenses,Low,200000,196693.48,21-11-2025,In Progress,98%,3306.52,0
G001409,U022,25-06-2025,Personal,Improve Work-Life Balance,Low,20,9.44,15-09-2025,In Progress,47%,10.56,0
G001410,U054,29-05-2025,Productivity,Complete Tasks on Time,High,20,13.06,28-06-2025,In Progress,65%,6.94,0
G001411,U032,28-01-2025,Financial,Increase Savings,High,200000,52413.79,12-07-2025,Overdue,26%,147586.21,0
G001412,U188,27-02-2025,Health,Improve Fitness,High,100,100,30-07-2025,Completed,100%,0,1
G001413,U143,03-06-2025,Learning,Complete Python Course,Medium,20,5.92,09-09-2025,In Progress,30%,14.08,0
G001414,U089,03-08-2025,Learning,Learn Power BI,Low,40,25.73,10-10-2025,In Progress,64%,14.27,0
G001415,U106,06-03-2025,Health,Improve Fitness,Low,150,150,28-07-2025,Completed,100%,0,1
G001416,U164,03-06-2025,Learning,Learn SQL,Medium,20,20,11-07-2025,Completed,100%,0,1
G001417,U182,10-06-2025,Financial,Save Emergency Fund,High,200000,168463.08,11-08-2025,Overdue,84%,31536.92,0
G001418,U157,03-01-2025,Productivity,Increase Deep Work,Medium,60,20.93,06-03-2025,Overdue,35%,39.07,0
G001419,U001,16-04-2025,Health,Exercise Regularly,Critical,200,144.98,31-07-2025,Overdue,72%,55.02,0
G001420,U133,27-02-2025,Learning,Learn Power BI,Medium,60,19.32,02-06-2025,Overdue,32%,40.68,0
G001421,U111,16-05-2025,Career,Build Portfolio,High,5,2.76,01-11-2025,In Progress,55%,2.24,0
G001422,U025,30-06-2025,Financial,Save Emergency Fund,High,100000,37679.18,19-11-2025,Not Started,38%,62320.82,0
G001423,U191,10-07-2025,Personal,Develop New Hobby,Medium,20,3.23,18-12-2025,Not Started,16%,16.77,0
G001424,U038,11-02-2025,Health,Improve Sleep,Medium,200,200,31-05-2025,Completed,100%,0,1
G001425,U077,25-01-2025,Health,Walk Daily,Medium,60,33.86,26-02-2025,Overdue,56%,26.14,0
G001426,U078,16-03-2025,Learning,Complete Python Course,Low,100,47.71,09-07-2025,In Progress,48%,52.29,0
G001427,U116,02-02-2025,Health,Improve Sleep,Medium,100,7.29,11-07-2025,Overdue,7%,92.71,0
G001428,U200,15-07-2025,Career,Improve Resume,High,5,0.61,12-09-2025,In Progress,12%,4.39,0
G001429,U138,25-07-2025,Productivity,Improve Productivity,High,20,13.43,01-09-2025,Cancelled,67%,6.57,0
G001430,U068,28-07-2025,Personal,Travel More,Medium,30,11.09,15-12-2025,In Progress,37%,18.91,0
G001431,U008,08-07-2025,Health,Walk Daily,High,30,0.63,15-08-2025,In Progress,2%,29.37,0
G001432,U153,13-03-2025,Productivity,Increase Deep Work,Critical,20,7.33,10-05-2025,In Progress,37%,12.67,0
G001433,U066,22-01-2025,Health,Improve Sleep,Medium,200,70.57,03-03-2025,Overdue,35%,129.43,0
G001434,U059,03-04-2025,Learning,Complete Certification,Medium,60,30.34,23-09-2025,In Progress,51%,29.66,0
G001435,U074,07-09-2025,Career,Build Portfolio,High,10,7.02,31-12-2025,Not Started,70%,2.98,0
G001436,U198,03-06-2025,Personal,Improve Work-Life Balance,Medium,5,1.87,22-07-2025,In Progress,37%,3.13,0
G001437,U119,22-03-2025,Financial,Save Emergency Fund,High,25000,1125.94,18-07-2025,Overdue,5%,23874.06,0
G001438,U052,13-02-2025,Learning,Learn SQL,High,60,46.79,05-06-2025,Overdue,78%,13.21,0
G001439,U138,23-04-2025,Learning,Complete Certification,Medium,40,27.7,01-10-2025,Cancelled,69%,12.3,0
G001440,U041,26-04-2025,Career,Build Portfolio,High,5,4.02,11-09-2025,In Progress,80%,0.98,0
G001441,U045,08-02-2025,Productivity,Reduce Screen Time,Medium,40,38.41,22-03-2025,In Progress,96%,1.59,0
G001442,U109,16-06-2025,Productivity,Increase Deep Work,High,40,31.89,04-11-2025,Not Started,80%,8.11,0
G001443,U158,31-07-2025,Productivity,Improve Productivity,Medium,80,24.33,29-11-2025,In Progress,30%,55.67,0
G001444,U140,18-03-2025,Career,Improve Resume,Low,30,0.75,27-08-2025,In Progress,3%,29.25,0
G001445,U046,08-01-2025,Productivity,Complete Tasks on Time,High,100,25.57,22-02-2025,In Progress,26%,74.43,0
G001446,U082,12-01-2025,Health,Walk Daily,Medium,100,23.8,08-06-2025,In Progress,24%,76.2,0
G001447,U120,20-06-2025,Personal,Travel More,Low,10,6.11,26-08-2025,In Progress,61%,3.89,0
G001448,U100,08-06-2025,Financial,Increase Savings,Low,10000,2065.38,23-07-2025,Overdue,21%,7934.62,0
G001449,U033,30-08-2025,Financial,Increase Savings,High,10000,5912.72,27-10-2025,Not Started,59%,4087.28,0
G001450,U197,25-02-2025,Career,Improve Resume,Medium,50,39.17,09-04-2025,In Progress,78%,10.83,0
G001451,U092,19-03-2025,Learning,Learn SQL,Medium,100,26.34,21-04-2025,In Progress,26%,73.66,0
G001452,U024,27-02-2025,Health,Exercise Regularly,High,60,34.61,02-08-2025,In Progress,58%,25.39,0
G001453,U072,01-02-2025,Personal,Travel More,Medium,30,25.91,01-04-2025,In Progress,86%,4.09,0
G001454,U062,12-01-2025,Personal,Develop New Hobby,High,5,0.62,26-04-2025,Overdue,12%,4.38,0
G001455,U081,19-04-2025,Financial,Reduce Monthly Expenses,High,50000,11284.43,26-09-2025,In Progress,23%,38715.57,0
G001456,U057,11-03-2025,Learning,Learn Power BI,Medium,60,43.44,14-08-2025,In Progress,72%,16.56,0
G001457,U034,18-03-2025,Personal,Improve Work-Life Balance,Low,30,23.85,22-05-2025,Overdue,80%,6.15,0
G001458,U163,01-07-2025,Productivity,Complete Tasks on Time,High,100,28.37,08-09-2025,In Progress,28%,71.63,0
G001459,U023,07-04-2025,Learning,Complete Python Course,High,100,54.2,18-07-2025,Overdue,54%,45.8,0
G001460,U061,14-07-2025,Financial,Build Investment Fund,High,25000,15192,26-08-2025,In Progress,61%,9808,0
G001461,U114,11-05-2025,Health,Improve Fitness,Medium,30,7.69,07-11-2025,In Progress,26%,22.31,0
G001462,U031,16-01-2025,Productivity,Complete Tasks on Time,High,40,34.96,02-07-2025,Overdue,87%,5.04,0
G001463,U187,04-02-2025,Personal,Read More Books,Medium,5,3.58,03-04-2025,In Progress,72%,1.42,0
G001464,U154,22-02-2025,Learning,Learn Power BI,Low,20,15.74,14-07-2025,Overdue,79%,4.26,0
G001465,U042,07-06-2025,Career,Improve Resume,Medium,50,39.66,03-11-2025,Cancelled,79%,10.34,0
G001466,U050,14-02-2025,Personal,Read More Books,Medium,50,35.29,27-07-2025,In Progress,71%,14.71,0
G001467,U152,24-06-2025,Learning,Learn Power BI,High,40,6.18,23-08-2025,Overdue,15%,33.82,0
G001468,U078,23-02-2025,Learning,Learn SQL,Medium,20,13.89,12-05-2025,In Progress,69%,6.11,0
G001469,U035,15-07-2025,Career,Apply for Jobs,Low,10,7.88,24-08-2025,In Progress,79%,2.12,0
G001470,U160,25-05-2025,Productivity,Complete Tasks on Time,Medium,60,13.02,15-09-2025,In Progress,22%,46.98,0
G001471,U187,17-07-2025,Personal,Develop New Hobby,Medium,30,30,23-11-2025,Completed,100%,0,1
G001472,U121,29-04-2025,Learning,Complete Certification,High,40,20.22,08-07-2025,In Progress,51%,19.78,0
G001473,U126,03-08-2025,Health,Improve Sleep,Medium,150,15.56,31-12-2025,Cancelled,10%,134.44,0
G001474,U136,08-05-2025,Career,Learn New Skill,High,30,13.2,28-06-2025,Overdue,44%,16.8,0
G001475,U019,15-04-2025,Financial,Increase Savings,Medium,25000,1692.76,02-06-2025,In Progress,7%,23307.24,0
G001476,U109,19-06-2025,Financial,Save Emergency Fund,Medium,200000,86640.57,07-11-2025,In Progress,43%,113359.43,0
G001477,U009,04-08-2025,Personal,Read More Books,Medium,10,8.04,14-09-2025,In Progress,80%,1.96,0
G001478,U085,04-07-2025,Health,Walk Daily,Low,200,51.63,06-08-2025,Overdue,26%,148.37,0
G001479,U062,16-01-2025,Financial,Build Investment Fund,Low,50000,27477.93,13-07-2025,Overdue,55%,22522.07,0
G001480,U068,06-02-2025,Career,Build Portfolio,Medium,10,10,03-04-2025,Completed,100%,0,1
G001481,U151,09-06-2025,Productivity,Reduce Screen Time,Low,80,71.78,07-08-2025,Overdue,90%,8.22,0
G001482,U060,25-06-2025,Career,Build Portfolio,Medium,20,13.87,03-10-2025,Cancelled,69%,6.13,0
G001483,U115,14-04-2025,Productivity,Complete Tasks on Time,Medium,20,15.87,21-07-2025,In Progress,79%,4.13,0
G001484,U172,01-04-2025,Health,Walk Daily,Critical,150,107.1,18-07-2025,In Progress,71%,42.9,0
G001485,U190,21-04-2025,Personal,Develop New Hobby,Medium,30,14.15,18-08-2025,In Progress,47%,15.85,0
G001486,U120,19-05-2025,Career,Learn New Skill,High,30,22.54,21-06-2025,Overdue,75%,7.46,0
G001487,U091,28-08-2025,Learning,Complete Certification,High,60,38.1,09-10-2025,In Progress,64%,21.9,0
G001488,U037,26-02-2025,Financial,Save Emergency Fund,Medium,100000,100000,07-07-2025,Completed,100%,0,1
G001489,U182,17-02-2025,Learning,Complete Certification,High,40,23.46,13-06-2025,In Progress,59%,16.54,0
G001490,U005,27-08-2025,Productivity,Complete Tasks on Time,Medium,40,36.18,14-10-2025,In Progress,90%,3.82,0
G001491,U111,01-09-2025,Career,Learn New Skill,Medium,20,19.46,08-10-2025,Cancelled,97%,0.54,0
G001492,U012,26-03-2025,Financial,Save Emergency Fund,Medium,25000,2720.46,05-06-2025,In Progress,11%,22279.54,0
G001493,U095,12-05-2025,Personal,Travel More,High,5,1.45,02-11-2025,Cancelled,29%,3.55,0
G001494,U191,25-03-2025,Health,Improve Sleep,High,30,30,12-09-2025,Completed,100%,0,1
G001495,U126,16-03-2025,Learning,Learn SQL,Medium,150,72.57,22-07-2025,Overdue,48%,77.43,0
G001496,U145,05-05-2025,Learning,Complete Certification,Medium,60,30.17,30-08-2025,In Progress,50%,29.83,0
G001497,U173,11-02-2025,Career,Learn New Skill,Medium,10,0.06,26-05-2025,Overdue,1%,9.94,0
G001498,U046,30-01-2025,Financial,Save Emergency Fund,High,10000,2232.14,19-04-2025,In Progress,22%,7767.86,0
G001499,U144,22-02-2025,Productivity,Complete Tasks on Time,Medium,60,60,30-03-2025,Completed,100%,0,1
G001500,U042,23-08-2025,Personal,Develop New Hobby,High,20,5.3,17-12-2025,In Progress,27%,14.7,0
G001501,U058,09-03-2025,Health,Improve Fitness,High,100,53.84,14-08-2025,In Progress,54%,46.16,0
G001502,U113,11-02-2025,Health,Improve Fitness,Medium,150,135.63,18-07-2025,Overdue,90%,14.37,0
G001503,U183,25-01-2025,Learning,Learn SQL,Medium,20,20,27-06-2025,Completed,100%,0,1
G001504,U080,13-02-2025,Learning,Complete Certification,Critical,60,48.41,18-03-2025,Overdue,81%,11.59,0
G001505,U101,18-02-2025,Health,Improve Sleep,Medium,60,35.65,24-06-2025,Overdue,59%,24.35,0
G001506,U124,09-02-2025,Learning,Complete Certification,Medium,20,17.64,28-05-2025,In Progress,88%,2.36,0
G001507,U064,29-05-2025,Productivity,Reduce Screen Time,Medium,60,60,17-07-2025,Completed,100%,0,1
G001508,U020,12-02-2025,Productivity,Improve Productivity,High,100,100,07-07-2025,Completed,100%,0,1
G001509,U125,06-03-2025,Financial,Build Investment Fund,Low,200000,200000,19-05-2025,Completed,100%,0,1
G001510,U012,10-04-2025,Health,Walk Daily,High,60,4.03,20-09-2025,In Progress,7%,55.97,0
G001511,U074,27-01-2025,Financial,Reduce Monthly Expenses,High,200000,43942.62,25-04-2025,Overdue,22%,156057.38,0
G001512,U016,19-02-2025,Personal,Read More Books,High,20,20,18-08-2025,Completed,100%,0,1
G001513,U087,29-03-2025,Productivity,Improve Productivity,Medium,100,31.67,22-06-2025,In Progress,32%,68.33,0
G001514,U016,03-02-2025,Financial,Increase Savings,High,10000,5827.37,11-03-2025,Overdue,58%,4172.63,0
G001515,U077,19-06-2025,Personal,Improve Work-Life Balance,Medium,30,30,09-11-2025,Completed,100%,0,1
G001516,U098,25-06-2025,Health,Improve Fitness,High,200,200,23-11-2025,Completed,100%,0,1
G001517,U022,14-04-2025,Productivity,Complete Tasks on Time,Low,40,19.94,23-08-2025,Overdue,50%,20.06,0
G001518,U184,25-04-2025,Career,Build Portfolio,Medium,5,0.83,07-06-2025,In Progress,17%,4.17,0
G001519,U069,11-07-2025,Health,Improve Sleep,Medium,30,2.2,20-09-2025,In Progress,7%,27.8,0
G001520,U120,10-08-2025,Learning,Learn SQL,Low,100,26.55,13-11-2025,In Progress,27%,73.45,0
G001521,U081,18-06-2025,Career,Apply for Jobs,Low,5,1.93,21-08-2025,Overdue,39%,3.07,0
G001522,U102,13-07-2025,Personal,Read More Books,Low,20,20,14-10-2025,Completed,100%,0,1
G001523,U060,13-08-2025,Personal,Read More Books,Medium,20,12.07,31-12-2025,Cancelled,60%,7.93,0
G001524,U081,05-05-2025,Financial,Reduce Monthly Expenses,Medium,50000,50000,13-07-2025,Completed,100%,0,1
G001525,U177,07-05-2025,Health,Improve Sleep,High,200,78.98,05-07-2025,Overdue,39%,121.02,0
G001526,U188,22-03-2025,Financial,Reduce Monthly Expenses,Medium,50000,39872.22,08-06-2025,Overdue,80%,10127.78,0
G001527,U152,15-06-2025,Learning,Learn SQL,Medium,150,101.64,14-11-2025,In Progress,68%,48.36,0
G001528,U019,09-06-2025,Financial,Increase Savings,Low,10000,10000,01-10-2025,Completed,100%,0,1
G001529,U140,16-04-2025,Productivity,Improve Productivity,Low,100,44.9,31-08-2025,In Progress,45%,55.1,0
G001530,U055,14-04-2025,Health,Walk Daily,Medium,60,39.91,21-07-2025,Overdue,67%,20.09,0
G001531,U015,30-08-2025,Productivity,Complete Tasks on Time,Medium,60,6.67,21-11-2025,In Progress,11%,53.33,0
G001532,U037,16-05-2025,Productivity,Complete Tasks on Time,Medium,20,20,09-07-2025,Completed,100%,0,1
G001533,U123,18-05-2025,Health,Walk Daily,High,200,14.53,11-10-2025,In Progress,7%,185.47,0
G001534,U138,16-07-2025,Financial,Reduce Monthly Expenses,High,25000,25000,23-11-2025,Completed,100%,0,1
G001535,U037,25-06-2025,Learning,Learn Power BI,High,150,110.28,18-11-2025,In Progress,74%,39.72,0
G001536,U092,23-03-2025,Health,Improve Sleep,Critical,60,49.2,13-05-2025,Overdue,82%,10.8,0
G001537,U181,24-01-2025,Health,Exercise Regularly,Low,150,140.08,02-07-2025,In Progress,93%,9.92,0
G001538,U141,16-06-2025,Career,Learn New Skill,Medium,10,0.5,06-10-2025,In Progress,5%,9.5,0
G001539,U025,04-05-2025,Financial,Build Investment Fund,Medium,10000,2116.2,29-07-2025,Overdue,21%,7883.8,0
G001540,U046,26-03-2025,Productivity,Improve Productivity,Medium,100,13.99,07-07-2025,Overdue,14%,86.01,0
G001541,U006,03-09-2025,Learning,Complete Python Course,Medium,60,7.53,13-11-2025,In Progress,13%,52.47,0
G001542,U013,10-04-2025,Career,Build Portfolio,Low,50,32.67,03-06-2025,Overdue,65%,17.33,0
G001543,U071,15-08-2025,Personal,Travel More,High,30,5.37,31-12-2025,In Progress,18%,24.63,0
G001544,U062,02-01-2025,Learning,Complete Python Course,Medium,100,48.12,01-03-2025,Overdue,48%,51.88,0
G001545,U176,03-03-2025,Financial,Reduce Monthly Expenses,Low,100000,71845.91,30-05-2025,In Progress,72%,28154.09,0
G001546,U120,06-06-2025,Learning,Complete Certification,High,40,8.08,20-10-2025,In Progress,20%,31.92,0
G001547,U015,13-02-2025,Productivity,Reduce Screen Time,Critical,40,40,27-04-2025,Completed,100%,0,1
G001548,U188,27-01-2025,Financial,Save Emergency Fund,Medium,25000,25000,05-07-2025,Completed,100%,0,1
G001549,U150,26-07-2025,Personal,Develop New Hobby,Medium,20,9.82,31-12-2025,In Progress,49%,10.18,0
G001550,U004,17-03-2025,Health,Walk Daily,Medium,150,150,28-05-2025,Completed,100%,0,1
G001551,U080,27-04-2025,Productivity,Complete Tasks on Time,High,40,40,18-07-2025,Completed,100%,0,1
G001552,U179,14-07-2025,Health,Improve Sleep,Medium,60,59,14-12-2025,In Progress,98%,1,0
G001553,U013,03-04-2025,Financial,Build Investment Fund,Medium,100000,19100.71,02-07-2025,Overdue,19%,80899.29,0
G001554,U035,04-08-2025,Career,Improve Resume,Low,5,5,29-10-2025,Completed,100%,0,1
G001555,U014,10-08-2025,Personal,Improve Work-Life Balance,Medium,5,5,26-09-2025,Completed,100%,0,1
G001556,U134,24-08-2025,Learning,Complete Certification,Medium,20,17.24,24-09-2025,In Progress,86%,2.76,0
G001557,U123,23-03-2025,Productivity,Reduce Screen Time,Low,100,94.47,05-05-2025,In Progress,94%,5.53,0
G001558,U158,02-01-2025,Learning,Learn Power BI,Medium,100,77.75,14-04-2025,Overdue,78%,22.25,0
G001559,U122,04-03-2025,Learning,Learn Power BI,High,150,103.3,12-06-2025,In Progress,69%,46.7,0
G001560,U063,30-03-2025,Health,Improve Sleep,Medium,150,46.56,03-07-2025,In Progress,31%,103.44,0
G001561,U021,30-01-2025,Health,Exercise Regularly,Low,30,17.24,20-04-2025,In Progress,57%,12.76,0
G001562,U154,08-02-2025,Health,Walk Daily,Medium,30,11.25,25-07-2025,In Progress,38%,18.75,0
G001563,U085,19-08-2025,Productivity,Increase Deep Work,Medium,80,25.94,28-09-2025,Not Started,32%,54.06,0
G001564,U042,20-02-2025,Personal,Improve Work-Life Balance,Medium,20,15.93,17-06-2025,Overdue,80%,4.07,0
G001565,U143,01-06-2025,Career,Apply for Jobs,Medium,30,16.63,11-08-2025,Overdue,55%,13.37,0
G001566,U166,12-03-2025,Learning,Complete Python Course,Low,150,95.73,26-08-2025,Overdue,64%,54.27,0
G001567,U150,27-02-2025,Productivity,Complete Tasks on Time,Medium,100,58.87,27-05-2025,Overdue,59%,41.13,0
G001568,U159,06-08-2025,Financial,Build Investment Fund,High,25000,8752.22,19-12-2025,In Progress,35%,16247.78,0
G001569,U062,27-02-2025,Personal,Develop New Hobby,Medium,10,1.74,01-06-2025,In Progress,17%,8.26,0
G001570,U168,09-05-2025,Health,Improve Sleep,High,60,8.38,11-10-2025,In Progress,14%,51.62,0
G001571,U113,06-09-2025,Health,Improve Sleep,High,30,8.59,27-11-2025,In Progress,29%,21.41,0
G001572,U088,24-01-2025,Health,Exercise Regularly,High,200,116.51,31-05-2025,Overdue,58%,83.49,0
G001573,U045,12-06-2025,Productivity,Reduce Screen Time,Medium,80,42.21,20-07-2025,Overdue,53%,37.79,0
G001574,U112,27-04-2025,Learning,Complete Certification,Low,40,7.09,11-10-2025,In Progress,18%,32.91,0
G001575,U140,22-01-2025,Financial,Save Emergency Fund,Medium,200000,6456.1,27-02-2025,Overdue,3%,193543.9,0
G001576,U138,10-04-2025,Financial,Reduce Monthly Expenses,Low,100000,47624.23,04-06-2025,Overdue,48%,52375.77,0
G001577,U124,28-01-2025,Health,Improve Fitness,High,200,183.94,04-06-2025,Overdue,92%,16.06,0
G001578,U096,09-03-2025,Financial,Save Emergency Fund,Low,100000,10499.11,27-06-2025,In Progress,10%,89500.89,0
G001579,U005,15-03-2025,Personal,Travel More,High,30,22.75,21-07-2025,In Progress,76%,7.25,0
G001580,U150,02-05-2025,Health,Walk Daily,Medium,150,120.95,20-08-2025,In Progress,81%,29.05,0
G001581,U179,04-02-2025,Learning,Learn SQL,Medium,60,59.72,21-07-2025,In Progress,100%,0.28,0
G001582,U184,10-08-2025,Career,Apply for Jobs,High,20,3.96,01-12-2025,In Progress,20%,16.04,0
G001583,U188,09-03-2025,Financial,Increase Savings,Low,100000,35780.53,13-08-2025,In Progress,36%,64219.47,0
G001584,U079,18-08-2025,Personal,Read More Books,Low,30,21.62,31-12-2025,In Progress,72%,8.38,0
G001585,U013,15-03-2025,Learning,Complete Certification,Medium,60,30.82,26-04-2025,In Progress,51%,29.18,0
G001586,U001,25-04-2025,Career,Build Portfolio,High,5,5,20-10-2025,Completed,100%,0,1
G001587,U037,09-01-2025,Productivity,Complete Tasks on Time,Low,20,10.41,02-03-2025,Overdue,52%,9.59,0
G001588,U041,11-08-2025,Career,Improve Resume,Critical,30,5.69,06-10-2025,In Progress,19%,24.31,0
G001589,U174,17-03-2025,Personal,Improve Work-Life Balance,Medium,30,1.76,22-04-2025,In Progress,6%,28.24,0
G001590,U106,06-07-2025,Learning,Learn Power BI,Medium,40,40,14-10-2025,Completed,100%,0,1
G001591,U188,21-02-2025,Personal,Develop New Hobby,Medium,5,2.22,20-06-2025,Overdue,44%,2.78,0
G001592,U177,31-03-2025,Productivity,Reduce Screen Time,Medium,60,16.42,16-05-2025,Overdue,27%,43.58,0
G001593,U062,15-01-2025,Learning,Learn Power BI,Medium,40,5.78,18-05-2025,Overdue,14%,34.22,0
G001594,U005,04-05-2025,Learning,Complete Python Course,High,60,16.56,30-07-2025,Overdue,28%,43.44,0
G001595,U074,01-04-2025,Learning,Complete Certification,Medium,100,3.43,13-07-2025,In Progress,3%,96.57,0
G001596,U155,26-06-2025,Personal,Develop New Hobby,High,5,5,10-12-2025,Completed,100%,0,1
G001597,U184,21-05-2025,Personal,Improve Work-Life Balance,Medium,5,3.09,17-11-2025,In Progress,62%,1.91,0
G001598,U188,20-04-2025,Career,Apply for Jobs,High,10,0.01,09-10-2025,In Progress,0%,9.99,0
G001599,U186,03-01-2025,Health,Improve Sleep,Low,100,28.48,13-03-2025,In Progress,28%,71.52,0
G001600,U023,11-08-2025,Career,Apply for Jobs,Medium,5,0.02,15-10-2025,In Progress,0%,4.98,0
G001601,U045,05-08-2025,Productivity,Increase Deep Work,Medium,40,4.81,24-10-2025,In Progress,12%,35.19,0
G001602,U057,03-09-2025,Learning,Complete Python Course,High,20,20,28-11-2025,Completed,100%,0,1
G001603,U169,22-03-2025,Financial,Build Investment Fund,Medium,200000,155955.03,12-06-2025,Overdue,78%,44044.97,0
G001604,U039,14-04-2025,Financial,Increase Savings,Medium,25000,25000,23-07-2025,Completed,100%,0,1
G001605,U197,29-08-2025,Financial,Save Emergency Fund,High,200000,103759.2,23-11-2025,In Progress,52%,96240.8,0
G001606,U148,17-03-2025,Career,Apply for Jobs,Critical,20,20,30-07-2025,Completed,100%,0,1
G001607,U055,23-05-2025,Personal,Read More Books,Medium,5,5,14-08-2025,Completed,100%,0,1
G001608,U169,13-05-2025,Personal,Read More Books,Low,50,47.98,22-06-2025,Overdue,96%,2.02,0
G001609,U159,08-08-2025,Career,Improve Resume,High,20,4.22,20-10-2025,In Progress,21%,15.78,0
G001610,U053,05-02-2025,Personal,Improve Work-Life Balance,Low,10,10,26-03-2025,Completed,100%,0,1
G001611,U196,21-02-2025,Health,Exercise Regularly,Medium,200,41.47,03-07-2025,In Progress,21%,158.53,0
G001612,U154,11-04-2025,Financial,Build Investment Fund,Medium,10000,965.03,11-06-2025,In Progress,10%,9034.97,0
G001613,U149,18-04-2025,Health,Exercise Regularly,Low,60,56.7,23-05-2025,Overdue,95%,3.3,0
G001614,U194,21-04-2025,Financial,Increase Savings,High,10000,1157.25,07-10-2025,In Progress,12%,8842.75,0
G001615,U170,07-02-2025,Financial,Save Emergency Fund,Medium,10000,5090.72,19-03-2025,Overdue,51%,4909.28,0
G001616,U137,02-06-2025,Learning,Complete Python Course,High,20,1.65,31-10-2025,Not Started,8%,18.35,0
G001617,U029,18-02-2025,Personal,Improve Work-Life Balance,High,50,43.28,03-07-2025,Overdue,87%,6.72,0
G001618,U160,09-01-2025,Personal,Travel More,Low,20,8.64,27-04-2025,Overdue,43%,11.36,0
G001619,U130,30-04-2025,Health,Exercise Regularly,Low,100,65.91,11-08-2025,Overdue,66%,34.09,0
G001620,U007,14-04-2025,Productivity,Improve Productivity,Low,80,80,15-09-2025,Completed,100%,0,1
G001621,U140,21-04-2025,Learning,Learn SQL,Low,150,134.07,07-09-2025,Not Started,89%,15.93,0
G001622,U187,14-01-2025,Personal,Read More Books,Medium,10,4.44,29-04-2025,In Progress,44%,5.56,0
G001623,U167,31-07-2025,Career,Improve Resume,Medium,10,7.77,22-09-2025,In Progress,78%,2.23,0
G001624,U074,04-04-2025,Learning,Complete Certification,High,40,40,24-08-2025,Completed,100%,0,1
G001625,U093,16-01-2025,Health,Exercise Regularly,High,30,3.48,01-07-2025,Overdue,12%,26.52,0
G001626,U039,12-07-2025,Career,Improve Resume,High,5,3.77,09-10-2025,Cancelled,75%,1.23,0
G001627,U143,23-03-2025,Financial,Increase Savings,Medium,100000,92822.94,28-07-2025,Overdue,93%,7177.06,0
G001628,U127,11-02-2025,Personal,Improve Work-Life Balance,Critical,20,0.76,30-05-2025,Overdue,4%,19.24,0
G001629,U114,05-01-2025,Productivity,Reduce Screen Time,High,60,34.47,05-06-2025,Overdue,57%,25.53,0
G001630,U115,20-07-2025,Learning,Learn Power BI,Medium,20,18.41,12-10-2025,Not Started,92%,1.59,0
G001631,U176,26-08-2025,Productivity,Complete Tasks on Time,Medium,20,5.63,14-10-2025,Cancelled,28%,14.37,0
G001632,U063,27-04-2025,Career,Apply for Jobs,High,30,9.06,12-08-2025,In Progress,30%,20.94,0
G001633,U193,01-09-2025,Productivity,Improve Productivity,Critical,40,19.49,31-12-2025,In Progress,49%,20.51,0
G001634,U186,23-03-2025,Productivity,Increase Deep Work,High,40,20.47,07-07-2025,Overdue,51%,19.53,0
G001635,U116,21-07-2025,Productivity,Reduce Screen Time,Low,80,63.95,03-09-2025,Cancelled,80%,16.05,0
G001636,U120,15-07-2025,Productivity,Complete Tasks on Time,Medium,80,6.78,21-11-2025,In Progress,8%,73.22,0
G001637,U096,06-07-2025,Health,Walk Daily,Low,150,65.47,30-12-2025,In Progress,44%,84.53,0
G001638,U041,19-01-2025,Career,Improve Resume,Medium,30,1.04,01-04-2025,Overdue,3%,28.96,0
G001639,U187,19-06-2025,Personal,Travel More,High,50,47.49,21-08-2025,Overdue,95%,2.51,0
G001640,U195,28-06-2025,Financial,Save Emergency Fund,High,50000,6261.34,08-09-2025,In Progress,13%,43738.66,0
G001641,U033,18-04-2025,Learning,Learn SQL,Low,100,41.49,04-07-2025,In Progress,41%,58.51,0
G001642,U191,01-03-2025,Learning,Learn Power BI,Medium,20,20,11-04-2025,Completed,100%,0,1
G001643,U116,11-02-2025,Financial,Reduce Monthly Expenses,Medium,100000,56882.55,15-06-2025,In Progress,57%,43117.45,0
G001644,U016,14-06-2025,Health,Walk Daily,High,60,48.45,08-12-2025,In Progress,81%,11.55,0
G001645,U131,27-07-2025,Health,Improve Sleep,Critical,30,22.32,25-09-2025,In Progress,74%,7.68,0
G001646,U135,08-04-2025,Career,Improve Resume,High,5,2.51,27-09-2025,Not Started,50%,2.49,0
G001647,U135,29-08-2025,Personal,Improve Work-Life Balance,Low,5,1.69,31-12-2025,In Progress,34%,3.31,0
G001648,U119,09-05-2025,Learning,Complete Python Course,Medium,100,89.63,06-09-2025,In Progress,90%,10.37,0
G001649,U108,18-08-2025,Career,Improve Resume,High,30,17.58,08-11-2025,In Progress,59%,12.42,0
G001650,U058,27-04-2025,Financial,Build Investment Fund,Medium,200000,146307.59,09-08-2025,In Progress,73%,53692.41,0
G001651,U092,09-01-2025,Career,Build Portfolio,High,20,2.87,30-06-2025,Overdue,14%,17.13,0
G001652,U162,08-07-2025,Personal,Read More Books,Medium,20,6.96,19-11-2025,Not Started,35%,13.04,0
G001653,U082,02-08-2025,Learning,Complete Certification,High,100,39.81,31-12-2025,In Progress,40%,60.19,0
G001654,U183,04-04-2025,Productivity,Complete Tasks on Time,High,40,20.19,17-09-2025,In Progress,50%,19.81,0
G001655,U056,15-03-2025,Learning,Complete Python Course,Medium,60,8.07,18-05-2025,Overdue,13%,51.93,0
G001656,U199,07-02-2025,Learning,Complete Certification,Medium,20,17.1,08-07-2025,Overdue,86%,2.9,0
G001657,U087,22-08-2025,Productivity,Improve Productivity,Medium,60,60,16-12-2025,Completed,100%,0,1
G001658,U127,11-06-2025,Learning,Complete Certification,Medium,150,150,21-10-2025,Completed,100%,0,1
G001659,U045,05-02-2025,Productivity,Improve Productivity,Medium,80,25.38,09-04-2025,Overdue,32%,54.62,0
G001660,U007,16-05-2025,Learning,Learn SQL,Medium,100,37.89,21-07-2025,In Progress,38%,62.11,0
G001661,U050,25-05-2025,Career,Learn New Skill,Medium,30,1.24,28-10-2025,In Progress,4%,28.76,0
G001662,U041,03-07-2025,Financial,Reduce Monthly Expenses,Low,10000,6785.75,19-12-2025,Not Started,68%,3214.25,0
G001663,U072,07-07-2025,Learning,Learn Power BI,Medium,60,22.21,22-09-2025,In Progress,37%,37.79,0
G001664,U200,24-04-2025,Personal,Improve Work-Life Balance,Medium,50,17.74,05-06-2025,In Progress,35%,32.26,0
G001665,U186,07-06-2025,Productivity,Reduce Screen Time,High,60,37.45,10-09-2025,In Progress,62%,22.55,0
G001666,U021,11-07-2025,Career,Build Portfolio,Medium,20,9.22,07-11-2025,Not Started,46%,10.78,0
G001667,U016,10-07-2025,Personal,Read More Books,Low,10,10,30-09-2025,Completed,100%,0,1
G001668,U044,30-04-2025,Personal,Improve Work-Life Balance,Medium,5,3.96,18-07-2025,Overdue,79%,1.04,0
G001669,U157,09-08-2025,Health,Walk Daily,Critical,150,98.47,31-12-2025,In Progress,66%,51.53,0
G001670,U195,17-07-2025,Productivity,Increase Deep Work,High,80,35.16,28-12-2025,In Progress,44%,44.84,0
G001671,U033,19-03-2025,Financial,Save Emergency Fund,Medium,25000,25000,24-04-2025,Completed,100%,0,1
G001672,U110,09-02-2025,Career,Build Portfolio,High,50,47.41,26-04-2025,Overdue,95%,2.59,0
G001673,U089,08-01-2025,Health,Walk Daily,Medium,100,100,18-04-2025,Completed,100%,0,1
G001674,U088,24-07-2025,Health,Improve Sleep,High,200,200,27-10-2025,Completed,100%,0,1
G001675,U163,02-07-2025,Productivity,Increase Deep Work,Medium,20,12.35,17-08-2025,In Progress,62%,7.65,0
G001676,U007,16-01-2025,Productivity,Reduce Screen Time,Medium,20,14.08,22-05-2025,In Progress,70%,5.92,0
G001677,U059,01-06-2025,Career,Learn New Skill,High,50,1.52,25-07-2025,In Progress,3%,48.48,0
G001678,U014,17-02-2025,Financial,Save Emergency Fund,Medium,200000,144166.27,19-05-2025,Overdue,72%,55833.73,0
G001679,U166,23-08-2025,Learning,Learn Power BI,Medium,60,0.95,24-11-2025,In Progress,2%,59.05,0
G001680,U160,30-05-2025,Personal,Read More Books,Medium,50,13.85,25-11-2025,Cancelled,28%,36.15,0
G001681,U039,14-01-2025,Learning,Complete Python Course,High,40,31.83,16-02-2025,Overdue,80%,8.17,0
G001682,U146,06-04-2025,Financial,Increase Savings,Medium,25000,18512.06,28-05-2025,Overdue,74%,6487.94,0
G001683,U089,20-03-2025,Productivity,Reduce Screen Time,Medium,60,43.82,26-07-2025,Overdue,73%,16.18,0
G001684,U022,31-07-2025,Learning,Learn SQL,Low,40,30.96,06-10-2025,Cancelled,77%,9.04,0
G001685,U013,28-03-2025,Learning,Complete Python Course,Critical,20,5.32,29-06-2025,Overdue,27%,14.68,0
G001686,U189,14-07-2025,Health,Walk Daily,High,30,26.01,04-10-2025,Cancelled,87%,3.99,0
G001687,U127,18-04-2025,Health,Walk Daily,Medium,100,65.56,23-06-2025,Overdue,66%,34.44,0
G001688,U185,19-02-2025,Learning,Complete Python Course,Medium,20,10.18,04-05-2025,In Progress,51%,9.82,0
G001689,U095,10-08-2025,Career,Build Portfolio,Medium,30,5.03,15-09-2025,In Progress,17%,24.97,0
G001690,U139,23-08-2025,Career,Apply for Jobs,Low,5,0.91,27-10-2025,In Progress,18%,4.09,0
G001691,U141,11-04-2025,Health,Walk Daily,Critical,30,29.3,02-08-2025,In Progress,98%,0.7,0
G001692,U104,25-02-2025,Career,Improve Resume,High,5,1.54,03-04-2025,Overdue,31%,3.46,0
G001693,U130,15-03-2025,Health,Exercise Regularly,High,100,41.39,26-06-2025,In Progress,41%,58.61,0
G001694,U199,03-05-2025,Financial,Reduce Monthly Expenses,Medium,100000,12072.32,26-06-2025,Overdue,12%,87927.68,0
G001695,U166,14-04-2025,Personal,Travel More,Low,50,14.93,12-07-2025,Overdue,30%,35.07,0
G001696,U057,27-07-2025,Career,Improve Resume,High,30,16.84,31-12-2025,In Progress,56%,13.16,0
G001697,U083,02-07-2025,Health,Exercise Regularly,Medium,200,167.2,16-09-2025,In Progress,84%,32.8,0
G001698,U121,15-04-2025,Learning,Complete Certification,Medium,150,53.84,28-09-2025,In Progress,36%,96.16,0
G001699,U136,29-04-2025,Career,Learn New Skill,High,50,29.85,16-08-2025,Overdue,60%,20.15,0
G001700,U084,24-02-2025,Career,Improve Resume,High,10,4.22,02-04-2025,In Progress,42%,5.78,0
G001701,U083,30-08-2025,Learning,Learn Power BI,Medium,40,6.56,31-12-2025,Not Started,16%,33.44,0
G001702,U109,28-04-2025,Financial,Save Emergency Fund,High,200000,177512.63,30-06-2025,In Progress,89%,22487.37,0
G001703,U103,21-08-2025,Productivity,Increase Deep Work,Medium,20,20,11-10-2025,Completed,100%,0,1
G001704,U129,12-07-2025,Financial,Increase Savings,Medium,100000,74884.42,03-10-2025,In Progress,75%,25115.58,0
G001705,U033,25-02-2025,Productivity,Complete Tasks on Time,High,20,0.62,20-07-2025,Overdue,3%,19.38,0
G001706,U010,11-08-2025,Career,Apply for Jobs,Low,30,17.44,31-12-2025,In Progress,58%,12.56,0
G001707,U098,18-05-2025,Financial,Build Investment Fund,Medium,25000,15266.35,20-08-2025,Overdue,61%,9733.65,0
G001708,U139,01-01-2025,Financial,Save Emergency Fund,Medium,10000,3014.82,02-04-2025,Overdue,30%,6985.18,0
G001709,U093,20-01-2025,Financial,Build Investment Fund,Medium,100000,24285.15,19-05-2025,In Progress,24%,75714.85,0
G001710,U088,05-09-2025,Productivity,Reduce Screen Time,Critical,40,21.49,31-12-2025,In Progress,54%,18.51,0
G001711,U032,14-06-2025,Financial,Reduce Monthly Expenses,High,25000,25000,08-12-2025,Completed,100%,0,1
G001712,U188,04-04-2025,Financial,Build Investment Fund,Medium,50000,43386.11,16-08-2025,In Progress,87%,6613.89,0
G001713,U077,05-07-2025,Health,Improve Fitness,Low,30,22.05,30-08-2025,In Progress,74%,7.95,0
G001714,U114,11-03-2025,Health,Improve Fitness,Medium,150,34.53,03-08-2025,Overdue,23%,115.47,0
G001715,U191,05-08-2025,Productivity,Improve Productivity,High,20,17.98,03-11-2025,Not Started,90%,2.02,0
G001716,U076,19-08-2025,Financial,Build Investment Fund,Medium,10000,890.49,17-12-2025,Cancelled,9%,9109.51,0
G001717,U168,22-08-2025,Health,Improve Fitness,Low,60,24.47,18-10-2025,Not Started,41%,35.53,0
G001718,U145,19-08-2025,Health,Exercise Regularly,Low,100,27.9,14-12-2025,In Progress,28%,72.1,0
G001719,U187,23-07-2025,Health,Exercise Regularly,Medium,60,57.04,21-10-2025,In Progress,95%,2.96,0
G001720,U105,12-04-2025,Health,Improve Sleep,Medium,60,44.26,23-05-2025,Overdue,74%,15.74,0
G001721,U054,04-04-2025,Career,Learn New Skill,Low,30,16.19,21-09-2025,In Progress,54%,13.81,0
G001722,U121,16-04-2025,Career,Apply for Jobs,Low,30,13.95,21-09-2025,In Progress,47%,16.05,0
G001723,U044,15-08-2025,Career,Build Portfolio,Medium,50,50,20-11-2025,Completed,100%,0,1
G001724,U100,04-04-2025,Health,Improve Fitness,Medium,60,57.86,18-08-2025,In Progress,96%,2.14,0
G001725,U136,22-02-2025,Personal,Travel More,Low,50,50,09-04-2025,Completed,100%,0,1
G001726,U199,25-03-2025,Health,Improve Sleep,Medium,200,169.98,03-05-2025,Overdue,85%,30.02,0
G001727,U098,05-02-2025,Learning,Complete Python Course,Medium,20,20,20-06-2025,Completed,100%,0,1
G001728,U200,09-01-2025,Financial,Save Emergency Fund,Low,10000,6331.92,17-03-2025,In Progress,63%,3668.08,0
G001729,U152,29-07-2025,Health,Walk Daily,Medium,30,16.22,31-12-2025,Cancelled,54%,13.78,0
G001730,U003,10-05-2025,Health,Improve Sleep,Low,150,123.5,17-06-2025,Overdue,82%,26.5,0
G001731,U193,27-03-2025,Learning,Learn Power BI,High,60,45.9,10-05-2025,Overdue,77%,14.1,0
G001732,U038,11-01-2025,Financial,Save Emergency Fund,High,10000,1756.74,30-06-2025,In Progress,18%,8243.26,0
G001733,U071,23-01-2025,Productivity,Reduce Screen Time,High,80,80,09-07-2025,Completed,100%,0,1
G001734,U139,06-07-2025,Health,Improve Fitness,Low,100,3.05,30-10-2025,In Progress,3%,96.95,0
G001735,U072,04-04-2025,Health,Exercise Regularly,Medium,30,13.27,12-09-2025,In Progress,44%,16.73,0
G001736,U005,16-02-2025,Productivity,Reduce Screen Time,High,80,32.33,03-07-2025,Overdue,40%,47.67,0
G001737,U148,24-02-2025,Career,Apply for Jobs,Critical,5,1.24,20-07-2025,In Progress,25%,3.76,0
G001738,U015,21-07-2025,Learning,Complete Certification,High,60,49.13,03-10-2025,In Progress,82%,10.87,0
G001739,U188,01-02-2025,Career,Improve Resume,Low,30,20.35,26-07-2025,Overdue,68%,9.65,0
G001740,U172,01-08-2025,Productivity,Complete Tasks on Time,High,100,34.6,30-10-2025,In Progress,35%,65.4,0
G001741,U026,18-01-2025,Personal,Improve Work-Life Balance,Medium,20,20,13-03-2025,Completed,100%,0,1
G001742,U051,18-04-2025,Learning,Learn SQL,Medium,150,5.39,02-10-2025,Not Started,4%,144.61,0
G001743,U140,14-04-2025,Personal,Travel More,Low,10,5.51,24-09-2025,In Progress,55%,4.49,0
G001744,U126,22-06-2025,Productivity,Improve Productivity,Medium,100,48.88,18-12-2025,In Progress,49%,51.12,0
G001745,U077,13-03-2025,Learning,Learn Power BI,Medium,60,33.15,05-09-2025,In Progress,55%,26.85,0
G001746,U148,16-06-2025,Health,Improve Fitness,Medium,200,143.17,10-09-2025,In Progress,72%,56.83,0
G001747,U191,08-09-2025,Financial,Increase Savings,Low,200000,57258.14,31-12-2025,In Progress,29%,142741.86,0
G001748,U128,24-08-2025,Personal,Travel More,Medium,50,3.89,12-10-2025,Cancelled,8%,46.11,0
G001749,U018,30-04-2025,Personal,Read More Books,Medium,10,8.93,16-08-2025,Overdue,89%,1.07,0
G001750,U070,10-07-2025,Productivity,Reduce Screen Time,Medium,20,18.7,20-09-2025,In Progress,94%,1.3,0
G001751,U176,28-02-2025,Productivity,Increase Deep Work,Medium,40,27.18,09-08-2025,In Progress,68%,12.82,0
G001752,U022,03-02-2025,Learning,Complete Certification,Medium,60,60,12-06-2025,Completed,100%,0,1
G001753,U043,29-06-2025,Learning,Complete Certification,Critical,150,150,18-08-2025,Completed,100%,0,1
G001754,U161,14-05-2025,Personal,Improve Work-Life Balance,High,50,32.72,27-07-2025,Overdue,65%,17.28,0
G001755,U092,19-07-2025,Health,Exercise Regularly,Low,200,29.88,12-12-2025,Not Started,15%,170.12,0
G001756,U097,17-06-2025,Career,Build Portfolio,High,50,38.33,01-10-2025,In Progress,77%,11.67,0
G001757,U109,12-03-2025,Financial,Save Emergency Fund,Low,200000,30981.35,29-06-2025,In Progress,15%,169018.65,0
G001758,U130,20-02-2025,Financial,Increase Savings,Low,200000,190375.56,01-08-2025,In Progress,95%,9624.44,0
G001759,U151,04-03-2025,Health,Improve Fitness,High,60,57.5,12-06-2025,Overdue,96%,2.5,0
G001760,U112,10-04-2025,Financial,Reduce Monthly Expenses,Low,50000,4556.35,15-08-2025,Overdue,9%,45443.65,0
G001761,U046,11-07-2025,Financial,Save Emergency Fund,Medium,100000,40719.22,13-11-2025,In Progress,41%,59280.78,0
G001762,U111,28-07-2025,Productivity,Complete Tasks on Time,Low,40,2.35,31-12-2025,In Progress,6%,37.65,0
G001763,U028,12-02-2025,Productivity,Reduce Screen Time,High,100,97.17,25-03-2025,Overdue,97%,2.83,0
G001764,U013,28-07-2025,Financial,Build Investment Fund,High,200000,137171.66,05-10-2025,Not Started,69%,62828.34,0
G001765,U013,06-03-2025,Productivity,Reduce Screen Time,Low,60,45.58,29-06-2025,In Progress,76%,14.42,0
G001766,U119,08-08-2025,Career,Apply for Jobs,Medium,5,0.04,29-10-2025,In Progress,1%,4.96,0
G001767,U090,22-01-2025,Career,Build Portfolio,High,50,41.23,30-05-2025,In Progress,82%,8.77,0
G001768,U128,01-07-2025,Financial,Save Emergency Fund,Medium,10000,6012.8,06-11-2025,In Progress,60%,3987.2,0
G001769,U058,06-09-2025,Personal,Improve Work-Life Balance,High,20,15.82,31-12-2025,In Progress,79%,4.18,0
G001770,U163,05-02-2025,Career,Apply for Jobs,Low,5,1.4,12-04-2025,In Progress,28%,3.6,0
G001771,U057,31-01-2025,Health,Walk Daily,High,60,35.82,12-07-2025,Overdue,60%,24.18,0
G001772,U127,08-09-2025,Learning,Learn SQL,Medium,100,100,08-11-2025,Completed,100%,0,1
G001773,U188,09-03-2025,Career,Build Portfolio,Medium,20,3.31,27-04-2025,In Progress,17%,16.69,0
G001774,U115,14-01-2025,Personal,Improve Work-Life Balance,Medium,30,24.61,14-05-2025,Overdue,82%,5.39,0
G001775,U043,13-04-2025,Health,Exercise Regularly,Medium,200,200,19-06-2025,Completed,100%,0,1
G001776,U133,15-03-2025,Health,Walk Daily,High,30,4.83,19-08-2025,Overdue,16%,25.17,0
G001777,U037,10-04-2025,Financial,Build Investment Fund,Medium,25000,2429.17,04-07-2025,Overdue,10%,22570.83,0
G001778,U160,14-02-2025,Learning,Learn SQL,Medium,150,91.63,10-04-2025,Overdue,61%,58.37,0
G001779,U135,14-06-2025,Career,Learn New Skill,Medium,20,19.46,23-10-2025,In Progress,97%,0.54,0
G001780,U173,17-04-2025,Personal,Travel More,Medium,20,5.76,08-08-2025,In Progress,29%,14.24,0
G001781,U088,30-04-2025,Personal,Travel More,High,30,19.79,20-08-2025,In Progress,66%,10.21,0
G001782,U175,09-04-2025,Health,Improve Fitness,High,100,78.84,19-06-2025,Overdue,79%,21.16,0
G001783,U129,08-07-2025,Learning,Complete Python Course,High,150,41.73,26-12-2025,In Progress,28%,108.27,0
G001784,U156,10-05-2025,Personal,Travel More,Medium,20,18.78,16-08-2025,Overdue,94%,1.22,0
G001785,U112,09-07-2025,Financial,Increase Savings,Medium,50000,8341.18,01-12-2025,In Progress,17%,41658.82,0
G001786,U082,09-08-2025,Learning,Complete Python Course,High,40,18.66,04-10-2025,Not Started,47%,21.34,0
G001787,U042,10-02-2025,Personal,Read More Books,Low,10,9.07,24-04-2025,Overdue,91%,0.93,0
G001788,U134,28-07-2025,Financial,Reduce Monthly Expenses,Medium,50000,50000,25-12-2025,Completed,100%,0,1
G001789,U011,29-01-2025,Learning,Complete Python Course,Medium,40,29.12,25-07-2025,In Progress,73%,10.88,0
G001790,U058,21-04-2025,Health,Improve Sleep,High,150,150,26-09-2025,Completed,100%,0,1
G001791,U158,03-04-2025,Health,Exercise Regularly,High,30,13.68,16-08-2025,Overdue,46%,16.32,0
G001792,U017,15-02-2025,Health,Exercise Regularly,High,60,3.01,09-05-2025,In Progress,5%,56.99,0
G001793,U002,23-03-2025,Health,Improve Fitness,Medium,150,110.78,24-08-2025,In Progress,74%,39.22,0
G001794,U134,01-06-2025,Productivity,Increase Deep Work,Critical,100,61.75,25-09-2025,Not Started,62%,38.25,0
G001795,U045,18-04-2025,Learning,Complete Python Course,Medium,40,40,22-05-2025,Completed,100%,0,1
G001796,U114,10-03-2025,Personal,Improve Work-Life Balance,Medium,10,7.16,23-07-2025,Overdue,72%,2.84,0
G001797,U111,21-06-2025,Personal,Read More Books,High,10,6.57,26-07-2025,In Progress,66%,3.43,0
G001798,U167,27-05-2025,Learning,Complete Certification,Critical,20,13.03,11-10-2025,In Progress,65%,6.97,0
G001799,U024,15-01-2025,Health,Improve Sleep,Critical,60,22.22,22-05-2025,Overdue,37%,37.78,0
G001800,U014,07-07-2025,Personal,Read More Books,Medium,30,30,12-11-2025,Completed,100%,0,1
G001801,U110,24-04-2025,Learning,Complete Certification,Medium,100,100,26-06-2025,Completed,100%,0,1
G001802,U159,20-08-2025,Financial,Reduce Monthly Expenses,Medium,10000,1119.7,31-12-2025,In Progress,11%,8880.3,0
G001803,U174,24-06-2025,Learning,Complete Certification,High,40,2.32,14-10-2025,In Progress,6%,37.68,0
G001804,U081,20-06-2025,Career,Apply for Jobs,Medium,10,7.28,25-09-2025,Not Started,73%,2.72,0
G001805,U097,23-06-2025,Personal,Read More Books,Medium,5,2.88,19-10-2025,In Progress,58%,2.12,0
G001806,U056,06-02-2025,Financial,Increase Savings,Low,10000,4990.12,29-06-2025,In Progress,50%,5009.88,0
G001807,U040,17-08-2025,Financial,Increase Savings,Low,200000,93080.08,09-11-2025,In Progress,47%,106919.92,0
G001808,U058,15-06-2025,Career,Learn New Skill,Medium,5,5,29-08-2025,Completed,100%,0,1
G001809,U180,17-04-2025,Productivity,Improve Productivity,Medium,40,17.79,17-08-2025,Overdue,44%,22.21,0
G001810,U053,19-05-2025,Personal,Travel More,Medium,10,5.83,27-06-2025,In Progress,58%,4.17,0
G001811,U111,15-06-2025,Financial,Build Investment Fund,Low,200000,119963.58,19-08-2025,Overdue,60%,80036.42,0
G001812,U006,16-04-2025,Productivity,Increase Deep Work,Medium,60,44.02,21-05-2025,Overdue,73%,15.98,0
G001813,U152,22-01-2025,Financial,Save Emergency Fund,High,25000,22519.72,19-05-2025,Overdue,90%,2480.28,0
G001814,U119,28-08-2025,Financial,Save Emergency Fund,Medium,10000,3947.84,23-11-2025,In Progress,39%,6052.16,0
G001815,U018,10-08-2025,Career,Apply for Jobs,Critical,10,9.32,09-10-2025,In Progress,93%,0.68,0
G001816,U164,31-03-2025,Productivity,Improve Productivity,High,20,13.17,18-09-2025,In Progress,66%,6.83,0
G001817,U191,28-01-2025,Productivity,Reduce Screen Time,Medium,100,9.53,14-06-2025,In Progress,10%,90.47,0
G001818,U107,20-06-2025,Financial,Build Investment Fund,Medium,10000,9022.04,01-08-2025,Overdue,90%,977.96,0
G001819,U168,24-08-2025,Financial,Reduce Monthly Expenses,Medium,100000,18572.95,31-12-2025,In Progress,19%,81427.05,0
G001820,U007,13-01-2025,Career,Learn New Skill,Medium,50,4.05,08-07-2025,In Progress,8%,45.95,0
G001821,U073,09-07-2025,Learning,Complete Python Course,Medium,40,19.42,27-10-2025,In Progress,49%,20.58,0
G001822,U025,16-02-2025,Productivity,Improve Productivity,Medium,100,59.43,09-04-2025,Overdue,59%,40.57,0
G001823,U060,04-09-2025,Personal,Travel More,High,30,30,11-12-2025,Completed,100%,0,1
G001824,U028,16-06-2025,Personal,Read More Books,Low,50,34.64,20-09-2025,Cancelled,69%,15.36,0
G001825,U115,02-09-2025,Financial,Save Emergency Fund,Low,200000,200000,21-11-2025,Completed,100%,0,1
G001826,U043,08-06-2025,Health,Exercise Regularly,Medium,150,143.62,14-11-2025,In Progress,96%,6.38,0
G001827,U010,05-04-2025,Financial,Reduce Monthly Expenses,Medium,10000,9779.39,05-05-2025,In Progress,98%,220.61,0
G001828,U058,21-01-2025,Productivity,Increase Deep Work,Medium,40,23.68,19-05-2025,In Progress,59%,16.32,0
G001829,U124,01-06-2025,Health,Improve Fitness,High,100,84.01,07-08-2025,In Progress,84%,15.99,0
G001830,U025,27-02-2025,Personal,Develop New Hobby,Low,50,5.79,02-06-2025,In Progress,12%,44.21,0
G001831,U002,12-08-2025,Productivity,Increase Deep Work,Medium,60,59.56,31-12-2025,In Progress,99%,0.44,0
G001832,U160,10-07-2025,Financial,Reduce Monthly Expenses,High,25000,3765.47,31-08-2025,In Progress,15%,21234.53,0
G001833,U002,04-07-2025,Financial,Build Investment Fund,Medium,25000,22197.32,10-11-2025,Not Started,89%,2802.68,0
G001834,U076,15-01-2025,Financial,Build Investment Fund,Low,25000,12504.27,18-06-2025,Overdue,50%,12495.73,0
G001835,U135,09-07-2025,Productivity,Reduce Screen Time,Medium,20,2.99,03-11-2025,In Progress,15%,17.01,0
G001836,U151,18-06-2025,Career,Improve Resume,Critical,30,5.26,14-08-2025,Overdue,18%,24.74,0
G001837,U170,25-08-2025,Learning,Complete Certification,Medium,60,25.22,04-11-2025,In Progress,42%,34.78,0
G001838,U067,06-08-2025,Career,Apply for Jobs,Medium,5,5,17-11-2025,Completed,100%,0,1
G001839,U101,04-07-2025,Health,Improve Fitness,Medium,30,30,21-10-2025,Completed,100%,0,1
G001840,U192,01-07-2025,Productivity,Increase Deep Work,Medium,100,25.17,10-11-2025,Not Started,25%,74.83,0
G001841,U086,14-07-2025,Career,Learn New Skill,Low,50,35.62,13-10-2025,Cancelled,71%,14.38,0
G001842,U051,18-01-2025,Learning,Learn Power BI,High,40,40,28-03-2025,Completed,100%,0,1
G001843,U085,30-06-2025,Financial,Reduce Monthly Expenses,Medium,10000,870.98,19-10-2025,In Progress,9%,9129.02,0
G001844,U129,31-01-2025,Productivity,Complete Tasks on Time,Low,20,9.39,24-06-2025,Overdue,47%,10.61,0
G001845,U059,07-08-2025,Learning,Complete Certification,Medium,60,53.49,20-11-2025,In Progress,89%,6.51,0
G001846,U057,20-06-2025,Financial,Save Emergency Fund,Medium,50000,50000,02-12-2025,Completed,100%,0,1
G001847,U192,05-02-2025,Personal,Improve Work-Life Balance,High,30,11.08,10-05-2025,Overdue,37%,18.92,0
G001848,U059,16-02-2025,Financial,Build Investment Fund,Critical,50000,35367.88,20-03-2025,In Progress,71%,14632.12,0
G001849,U011,13-07-2025,Learning,Complete Python Course,High,150,67.98,29-12-2025,In Progress,45%,82.02,0
G001850,U100,20-01-2025,Personal,Travel More,Low,20,17.72,09-05-2025,Overdue,89%,2.28,0
G001851,U108,16-06-2025,Career,Learn New Skill,High,50,22.57,08-11-2025,Not Started,45%,27.43,0
G001852,U131,06-02-2025,Career,Improve Resume,High,30,13.3,07-07-2025,Overdue,44%,16.7,0
G001853,U107,14-06-2025,Learning,Complete Certification,Medium,150,150,12-09-2025,Completed,100%,0,1
G001854,U065,20-07-2025,Learning,Learn SQL,Medium,40,7.27,24-11-2025,In Progress,18%,32.73,0
G001855,U027,22-06-2025,Career,Build Portfolio,Medium,50,6.96,17-11-2025,Cancelled,14%,43.04,0
G001856,U002,24-06-2025,Personal,Develop New Hobby,Critical,5,0.61,28-10-2025,In Progress,12%,4.39,0
G001857,U193,11-08-2025,Career,Learn New Skill,Medium,10,1.45,28-09-2025,Not Started,15%,8.55,0
G001858,U001,03-08-2025,Financial,Save Emergency Fund,Low,10000,10000,31-12-2025,Completed,100%,0,1
G001859,U187,22-03-2025,Financial,Increase Savings,Medium,100000,32225.67,15-07-2025,Overdue,32%,67774.33,0
G001860,U136,28-05-2025,Learning,Learn Power BI,High,150,77.17,21-09-2025,In Progress,51%,72.83,0
G001861,U134,23-07-2025,Productivity,Improve Productivity,High,40,20.6,03-12-2025,Not Started,52%,19.4,0
G001862,U013,08-05-2025,Personal,Develop New Hobby,High,10,7.43,16-06-2025,In Progress,74%,2.57,0
G001863,U017,05-07-2025,Health,Improve Fitness,High,30,10.67,09-10-2025,In Progress,36%,19.33,0
G001864,U048,18-06-2025,Personal,Travel More,Medium,30,17.74,24-09-2025,Not Started,59%,12.26,0
G001865,U111,02-06-2025,Financial,Reduce Monthly Expenses,Medium,25000,15306.5,04-07-2025,In Progress,61%,9693.5,0
G001866,U126,21-06-2025,Health,Improve Fitness,Critical,200,112.74,16-12-2025,In Progress,56%,87.26,0
G001867,U079,06-07-2025,Health,Improve Sleep,Medium,100,18.07,02-12-2025,In Progress,18%,81.93,0
G001868,U025,17-01-2025,Personal,Read More Books,High,20,18.7,09-03-2025,In Progress,94%,1.3,0
G001869,U196,27-04-2025,Career,Build Portfolio,Medium,20,20,19-10-2025,Completed,100%,0,1
G001870,U163,22-03-2025,Health,Walk Daily,Low,100,0.18,13-05-2025,In Progress,0%,99.82,0
G001871,U159,27-01-2025,Financial,Save Emergency Fund,Low,200000,196869.28,16-06-2025,In Progress,98%,3130.72,0
G001872,U190,04-03-2025,Productivity,Increase Deep Work,High,60,45.1,26-08-2025,In Progress,75%,14.9,0
G001873,U131,10-05-2025,Personal,Improve Work-Life Balance,Medium,10,10,16-08-2025,Completed,100%,0,1
G001874,U154,20-06-2025,Health,Improve Fitness,Medium,60,60,22-08-2025,Completed,100%,0,1
G001875,U005,27-07-2025,Financial,Save Emergency Fund,High,25000,21075.6,11-09-2025,In Progress,84%,3924.4,0
G001876,U190,01-09-2025,Learning,Complete Python Course,Low,40,32.68,20-12-2025,In Progress,82%,7.32,0
G001877,U169,20-08-2025,Learning,Learn Power BI,Critical,20,14.33,10-11-2025,In Progress,72%,5.67,0
G001878,U199,11-04-2025,Personal,Read More Books,Medium,5,0.05,08-08-2025,In Progress,1%,4.95,0
G001879,U176,09-04-2025,Career,Apply for Jobs,High,30,14.43,09-09-2025,In Progress,48%,15.57,0
G001880,U091,31-08-2025,Financial,Build Investment Fund,Low,25000,14495,17-10-2025,Cancelled,58%,10505,0
G001881,U135,12-07-2025,Personal,Improve Work-Life Balance,Low,10,6.83,03-12-2025,In Progress,68%,3.17,0
G001882,U028,06-04-2025,Learning,Learn Power BI,High,100,100,05-08-2025,Completed,100%,0,1
G001883,U188,03-06-2025,Learning,Learn Power BI,Medium,20,3.15,16-07-2025,Overdue,16%,16.85,0
G001884,U172,04-09-2025,Health,Walk Daily,High,60,20.91,31-12-2025,In Progress,35%,39.09,0
G001885,U102,11-04-2025,Personal,Develop New Hobby,Medium,5,4.83,29-09-2025,In Progress,97%,0.17,0
G001886,U086,15-08-2025,Productivity,Improve Productivity,Medium,80,9.71,09-12-2025,In Progress,12%,70.29,0
G001887,U043,17-06-2025,Personal,Read More Books,Low,20,19.88,10-10-2025,In Progress,99%,0.12,0
G001888,U176,27-04-2025,Productivity,Improve Productivity,Medium,80,41.38,17-09-2025,Not Started,52%,38.62,0
G001889,U087,12-08-2025,Financial,Save Emergency Fund,High,10000,3114.87,31-12-2025,Not Started,31%,6885.13,0
G001890,U001,18-07-2025,Personal,Travel More,High,10,3.26,21-08-2025,Overdue,33%,6.74,0
G001891,U159,29-04-2025,Learning,Learn Power BI,Medium,60,52.66,22-06-2025,In Progress,88%,7.34,0
G001892,U049,10-01-2025,Learning,Complete Python Course,Medium,20,17.94,16-06-2025,Overdue,90%,2.06,0
G001893,U189,29-03-2025,Personal,Develop New Hobby,Low,5,5,07-05-2025,Completed,100%,0,1
G001894,U169,23-03-2025,Health,Improve Sleep,Medium,200,200,06-06-2025,Completed,100%,0,1
G001895,U065,02-08-2025,Career,Improve Resume,Low,50,29.05,17-09-2025,Cancelled,58%,20.95,0
G001896,U118,14-08-2025,Financial,Reduce Monthly Expenses,High,25000,6051.87,31-12-2025,In Progress,24%,18948.13,0
G001897,U039,23-04-2025,Productivity,Reduce Screen Time,Medium,100,100,15-09-2025,Completed,100%,0,1
G001898,U119,08-07-2025,Learning,Learn SQL,Medium,100,30,31-12-2025,Cancelled,30%,70,0
G001899,U070,15-04-2025,Productivity,Complete Tasks on Time,Medium,20,20,18-06-2025,Completed,100%,0,1
G001900,U087,02-09-2025,Health,Walk Daily,Low,100,53.44,31-12-2025,Not Started,53%,46.56,0
G001901,U193,06-03-2025,Productivity,Improve Productivity,Medium,100,39.73,06-05-2025,Overdue,40%,60.27,0
G001902,U033,05-03-2025,Personal,Read More Books,High,10,6.97,11-06-2025,Overdue,70%,3.03,0
G001903,U146,15-08-2025,Personal,Develop New Hobby,Medium,30,28.41,29-12-2025,In Progress,95%,1.59,0
G001904,U026,15-05-2025,Productivity,Complete Tasks on Time,High,100,86.38,18-07-2025,In Progress,86%,13.62,0
G001905,U103,18-05-2025,Financial,Build Investment Fund,Medium,200000,61197.86,20-10-2025,In Progress,31%,138802.14,0
G001906,U182,04-05-2025,Personal,Read More Books,Low,20,20,12-07-2025,Completed,100%,0,1
G001907,U024,14-04-2025,Personal,Travel More,High,5,3.43,18-08-2025,Overdue,69%,1.57,0
G001908,U031,01-04-2025,Productivity,Increase Deep Work,Medium,40,17.06,07-08-2025,Overdue,43%,22.94,0
G001909,U186,22-06-2025,Financial,Save Emergency Fund,Medium,200000,83527.02,20-08-2025,Overdue,42%,116472.98,0
G001910,U120,05-07-2025,Personal,Improve Work-Life Balance,Low,20,8.2,06-08-2025,Overdue,41%,11.8,0
G001911,U065,22-06-2025,Learning,Complete Certification,Low,150,56.23,06-09-2025,In Progress,37%,93.77,0
G001912,U016,15-06-2025,Financial,Increase Savings,Medium,25000,15117.55,06-08-2025,Overdue,60%,9882.45,0
G001913,U143,04-09-2025,Career,Improve Resume,Low,20,6.66,13-10-2025,Cancelled,33%,13.34,0
G001914,U008,28-05-2025,Financial,Save Emergency Fund,Medium,50000,41076.04,15-09-2025,In Progress,82%,8923.96,0
G001915,U170,24-01-2025,Financial,Save Emergency Fund,Medium,10000,1815.39,21-06-2025,In Progress,18%,8184.61,0
G001916,U090,07-02-2025,Personal,Read More Books,High,20,16.48,06-05-2025,Overdue,82%,3.52,0
G001917,U125,11-06-2025,Health,Walk Daily,Medium,200,55.53,13-10-2025,Cancelled,28%,144.47,0
G001918,U197,06-05-2025,Career,Apply for Jobs,Critical,5,0.5,29-07-2025,Overdue,10%,4.5,0
G001919,U093,28-04-2025,Financial,Build Investment Fund,High,10000,4794.53,16-10-2025,Cancelled,48%,5205.47,0
G001920,U050,26-02-2025,Personal,Travel More,Low,50,15,08-04-2025,In Progress,30%,35,0
G001921,U005,11-01-2025,Health,Walk Daily,Medium,30,13.54,25-05-2025,Overdue,45%,16.46,0
G001922,U146,30-04-2025,Learning,Learn SQL,Medium,20,2.3,12-09-2025,In Progress,12%,17.7,0
G001923,U058,04-03-2025,Personal,Read More Books,Low,50,28.62,19-06-2025,Overdue,57%,21.38,0
G001924,U065,23-07-2025,Productivity,Increase Deep Work,Medium,100,100,25-11-2025,Completed,100%,0,1
G001925,U078,04-02-2025,Productivity,Reduce Screen Time,High,20,14.65,15-06-2025,In Progress,73%,5.35,0
G001926,U170,23-03-2025,Financial,Build Investment Fund,High,25000,20373.27,01-06-2025,In Progress,81%,4626.73,0
G001927,U138,15-04-2025,Learning,Learn Power BI,Low,100,1.11,15-06-2025,In Progress,1%,98.89,0
G001928,U061,24-06-2025,Learning,Complete Certification,Medium,20,14.15,03-08-2025,In Progress,71%,5.85,0
G001929,U152,07-02-2025,Productivity,Complete Tasks on Time,Medium,60,42.6,28-06-2025,In Progress,71%,17.4,0
G001930,U179,30-01-2025,Personal,Read More Books,Medium,30,19.09,12-06-2025,In Progress,64%,10.91,0
G001931,U132,13-04-2025,Personal,Travel More,Medium,20,18.02,17-07-2025,Overdue,90%,1.98,0
G001932,U099,10-06-2025,Financial,Reduce Monthly Expenses,Low,100000,47783.3,04-10-2025,In Progress,48%,52216.7,0
G001933,U181,11-06-2025,Personal,Read More Books,Critical,20,4.57,04-09-2025,In Progress,23%,15.43,0
G001934,U045,03-08-2025,Financial,Increase Savings,High,50000,50000,13-12-2025,Completed,100%,0,1
G001935,U051,10-01-2025,Productivity,Reduce Screen Time,Low,40,40,03-04-2025,Completed,100%,0,1
G001936,U158,05-01-2025,Health,Walk Daily,High,100,56.11,29-04-2025,Overdue,56%,43.89,0
G001937,U076,10-08-2025,Career,Improve Resume,Low,5,3.53,25-10-2025,In Progress,71%,1.47,0
G001938,U121,20-06-2025,Financial,Build Investment Fund,Low,25000,17802.65,29-10-2025,In Progress,71%,7197.35,0
G001939,U181,13-06-2025,Health,Improve Fitness,High,30,26.12,14-11-2025,In Progress,87%,3.88,0
G001940,U076,06-07-2025,Career,Build Portfolio,High,50,32.78,16-09-2025,Not Started,66%,17.22,0
G001941,U131,24-07-2025,Personal,Travel More,Medium,5,2.07,24-11-2025,Not Started,41%,2.93,0
G001942,U088,06-03-2025,Productivity,Improve Productivity,Medium,80,52.49,29-04-2025,Overdue,66%,27.51,0
G001943,U128,06-01-2025,Financial,Build Investment Fund,High,100000,61622.4,01-05-2025,In Progress,62%,38377.6,0
G001944,U096,19-08-2025,Productivity,Reduce Screen Time,High,20,13.73,31-12-2025,In Progress,69%,6.27,0
G001945,U032,20-05-2025,Personal,Improve Work-Life Balance,Medium,50,18.85,08-10-2025,In Progress,38%,31.15,0
G001946,U115,28-01-2025,Financial,Reduce Monthly Expenses,High,50000,50000,08-04-2025,Completed,100%,0,1
G001947,U059,29-08-2025,Career,Build Portfolio,Critical,50,42.62,31-12-2025,In Progress,85%,7.38,0
G001948,U045,25-05-2025,Health,Walk Daily,Medium,30,30,17-10-2025,Completed,100%,0,1
G001949,U138,05-07-2025,Learning,Learn SQL,High,60,25.92,26-12-2025,Not Started,43%,34.08,0
G001950,U067,30-01-2025,Learning,Learn Power BI,Low,40,21.01,04-07-2025,Overdue,53%,18.99,0
G001951,U113,16-05-2025,Productivity,Increase Deep Work,Low,60,60,17-07-2025,Completed,100%,0,1
G001952,U154,22-05-2025,Financial,Reduce Monthly Expenses,High,25000,25000,01-08-2025,Completed,100%,0,1
G001953,U014,12-06-2025,Health,Improve Sleep,High,150,150,08-11-2025,Completed,100%,0,1
G001954,U139,15-06-2025,Productivity,Increase Deep Work,Critical,20,16.08,21-07-2025,In Progress,80%,3.92,0
G001955,U080,17-05-2025,Career,Build Portfolio,High,5,3.87,21-06-2025,Overdue,77%,1.13,0
G001956,U033,27-08-2025,Health,Improve Sleep,Medium,100,9.45,29-11-2025,Cancelled,9%,90.55,0
G001957,U030,06-02-2025,Productivity,Complete Tasks on Time,Critical,60,32.83,29-07-2025,Overdue,55%,27.17,0
G001958,U057,31-07-2025,Learning,Complete Python Course,High,20,10.44,16-09-2025,In Progress,52%,9.56,0
G001959,U121,30-08-2025,Personal,Develop New Hobby,High,5,3.99,13-11-2025,In Progress,80%,1.01,0
G001960,U179,08-05-2025,Financial,Reduce Monthly Expenses,Medium,100000,79651.57,16-06-2025,Overdue,80%,20348.43,0
G001961,U089,14-01-2025,Learning,Complete Certification,High,20,4.84,26-03-2025,Overdue,24%,15.16,0
G001962,U067,26-05-2025,Career,Learn New Skill,Medium,30,12.79,21-11-2025,Cancelled,43%,17.21,0
G001963,U171,14-06-2025,Financial,Build Investment Fund,Critical,50000,44116.55,10-10-2025,In Progress,88%,5883.45,0
G001964,U130,03-08-2025,Learning,Learn Power BI,Medium,150,19.72,03-10-2025,In Progress,13%,130.28,0
G001965,U106,29-07-2025,Financial,Build Investment Fund,Low,50000,43165.6,31-12-2025,Not Started,86%,6834.4,0
G001966,U080,15-03-2025,Personal,Develop New Hobby,High,30,30,09-07-2025,Completed,100%,0,1
G001967,U067,10-08-2025,Productivity,Improve Productivity,Medium,100,68.63,21-12-2025,In Progress,69%,31.37,0
G001968,U020,10-07-2025,Career,Learn New Skill,Medium,30,24.6,19-09-2025,In Progress,82%,5.4,0
G001969,U146,06-07-2025,Personal,Travel More,Medium,30,10.6,25-12-2025,Not Started,35%,19.4,0
G001970,U023,06-01-2025,Productivity,Reduce Screen Time,Low,40,39.83,29-05-2025,In Progress,100%,0.17,0
G001971,U184,07-02-2025,Financial,Build Investment Fund,Low,50000,17583.3,19-03-2025,In Progress,35%,32416.7,0
G001972,U123,14-05-2025,Personal,Improve Work-Life Balance,Medium,20,1.17,02-09-2025,Cancelled,6%,18.83,0
G001973,U179,06-05-2025,Health,Exercise Regularly,Medium,100,16.5,25-09-2025,Not Started,17%,83.5,0
G001974,U170,29-08-2025,Financial,Build Investment Fund,Medium,25000,8091.66,31-12-2025,In Progress,32%,16908.34,0
G001975,U081,07-09-2025,Financial,Build Investment Fund,Low,200000,101142.06,31-12-2025,In Progress,51%,98857.94,0
G001976,U166,08-07-2025,Career,Learn New Skill,High,50,35.09,03-09-2025,Not Started,70%,14.91,0
G001977,U061,05-06-2025,Productivity,Reduce Screen Time,Medium,100,39.1,05-09-2025,In Progress,39%,60.9,0
G001978,U153,29-06-2025,Health,Walk Daily,High,200,112.2,28-11-2025,Cancelled,56%,87.8,0
G001979,U142,23-05-2025,Career,Learn New Skill,High,5,5,26-08-2025,Completed,100%,0,1
G001980,U104,21-05-2025,Productivity,Reduce Screen Time,High,100,44.23,31-08-2025,In Progress,44%,55.77,0
G001981,U138,07-05-2025,Personal,Develop New Hobby,Low,20,17.62,20-09-2025,In Progress,88%,2.38,0
G001982,U073,03-06-2025,Personal,Read More Books,Medium,20,18.51,06-09-2025,In Progress,93%,1.49,0
G001983,U028,04-09-2025,Personal,Travel More,Medium,5,5,21-10-2025,Completed,100%,0,1
G001984,U172,05-03-2025,Personal,Develop New Hobby,High,5,1.36,22-05-2025,Overdue,27%,3.64,0
G001985,U094,19-08-2025,Financial,Save Emergency Fund,High,100000,12174.24,31-12-2025,In Progress,12%,87825.76,0
G001986,U036,05-01-2025,Career,Build Portfolio,Medium,30,20.61,12-05-2025,Overdue,69%,9.39,0
G001987,U065,26-05-2025,Productivity,Improve Productivity,Low,60,57.84,12-10-2025,Not Started,96%,2.16,0
G001988,U118,14-04-2025,Financial,Reduce Monthly Expenses,Medium,25000,25000,14-08-2025,Completed,100%,0,1
G001989,U032,09-08-2025,Learning,Complete Python Course,Low,20,17,16-12-2025,In Progress,85%,3,0
G001990,U152,29-01-2025,Career,Build Portfolio,Medium,50,35.31,04-03-2025,In Progress,71%,14.69,0
G001991,U104,07-03-2025,Productivity,Increase Deep Work,Medium,80,80,15-04-2025,Completed,100%,0,1
G001992,U100,30-08-2025,Learning,Complete Python Course,High,100,83.37,06-10-2025,Cancelled,83%,16.63,0
G001993,U173,17-04-2025,Financial,Increase Savings,Medium,10000,4807.71,24-08-2025,Overdue,48%,5192.29,0
G001994,U140,15-03-2025,Financial,Save Emergency Fund,Low,100000,83534.63,14-05-2025,In Progress,84%,16465.37,0
G001995,U146,06-04-2025,Productivity,Complete Tasks on Time,Medium,20,16.9,16-08-2025,Overdue,85%,3.1,0
G001996,U021,02-08-2025,Productivity,Improve Productivity,Medium,80,29.32,09-10-2025,In Progress,37%,50.68,0
G001997,U133,05-04-2025,Career,Build Portfolio,Medium,20,20,30-08-2025,Completed,100%,0,1
G001998,U034,27-01-2025,Financial,Build Investment Fund,Low,50000,43389.87,08-04-2025,Overdue,87%,6610.13,0
G001999,U196,20-01-2025,Career,Learn New Skill,Medium,30,11.97,16-03-2025,Overdue,40%,18.03,0
G002000,U068,15-07-2025,Learning,Complete Python Course,Low,20,13.58,27-10-2025,In Progress,68%,6.42,0
G002001,U105,18-06-2025,Productivity,Complete Tasks on Time,Medium,40,12.34,15-10-2025,In Progress,31%,27.66,0
G002002,U181,13-05-2025,Financial,Save Emergency Fund,High,10000,4404.84,08-10-2025,In Progress,44%,5595.16,0
G002003,U083,22-08-2025,Personal,Read More Books,Medium,50,49.92,27-11-2025,In Progress,100%,0.08,0
G002004,U093,03-07-2025,Personal,Read More Books,Critical,10,3.49,11-12-2025,In Progress,35%,6.51,0
G002005,U131,17-03-2025,Financial,Reduce Monthly Expenses,Critical,25000,11914.32,09-08-2025,In Progress,48%,13085.68,0
G002006,U154,03-02-2025,Career,Build Portfolio,Low,20,3.31,10-05-2025,Overdue,17%,16.69,0
G002007,U146,17-01-2025,Health,Walk Daily,Critical,30,21.13,31-03-2025,Overdue,70%,8.87,0
G002008,U105,17-03-2025,Learning,Complete Python Course,Low,100,62.21,21-08-2025,In Progress,62%,37.79,0
G002009,U128,13-06-2025,Productivity,Increase Deep Work,High,40,18.75,26-10-2025,In Progress,47%,21.25,0
G002010,U111,11-04-2025,Health,Improve Sleep,Low,150,71.69,14-05-2025,Overdue,48%,78.31,0
G002011,U078,15-07-2025,Productivity,Complete Tasks on Time,Low,20,11.19,05-10-2025,In Progress,56%,8.81,0
G002012,U156,25-01-2025,Health,Improve Fitness,Medium,100,40.62,30-04-2025,In Progress,41%,59.38,0
G002013,U068,22-05-2025,Productivity,Improve Productivity,Medium,100,19.98,06-08-2025,In Progress,20%,80.02,0
G002014,U191,14-01-2025,Health,Improve Sleep,High,60,17.62,18-02-2025,In Progress,29%,42.38,0
G002015,U071,02-05-2025,Productivity,Improve Productivity,High,40,29.48,30-06-2025,Overdue,74%,10.52,0
G002016,U072,07-08-2025,Financial,Build Investment Fund,Critical,10000,9049.77,21-12-2025,In Progress,90%,950.23,0
G002017,U081,11-08-2025,Financial,Reduce Monthly Expenses,Medium,200000,20203.23,01-11-2025,Cancelled,10%,179796.77,0
G002018,U046,27-06-2025,Health,Walk Daily,Medium,100,37.27,18-09-2025,Not Started,37%,62.73,0
G002019,U094,25-02-2025,Learning,Learn SQL,Medium,100,100,06-07-2025,Completed,100%,0,1
G002020,U140,23-04-2025,Career,Build Portfolio,High,20,5.53,20-10-2025,In Progress,28%,14.47,0
G002021,U180,12-03-2025,Personal,Travel More,Low,20,9.88,10-08-2025,Overdue,49%,10.12,0
G002022,U186,03-03-2025,Career,Learn New Skill,Medium,5,2.86,26-06-2025,In Progress,57%,2.14,0
G002023,U006,19-03-2025,Career,Apply for Jobs,Medium,5,1.07,20-04-2025,Overdue,21%,3.93,0
G002024,U014,31-08-2025,Productivity,Complete Tasks on Time,High,20,10.65,31-12-2025,In Progress,53%,9.35,0
G002025,U018,19-02-2025,Learning,Complete Certification,Medium,100,5.42,21-07-2025,Overdue,5%,94.58,0
G002026,U044,09-07-2025,Productivity,Reduce Screen Time,Medium,40,12.04,09-09-2025,In Progress,30%,27.96,0
G002027,U157,24-02-2025,Financial,Save Emergency Fund,Medium,25000,12463.34,18-05-2025,Overdue,50%,12536.66,0
G002028,U039,03-03-2025,Learning,Learn SQL,High,20,1.64,23-07-2025,In Progress,8%,18.36,0
G002029,U002,15-02-2025,Career,Build Portfolio,High,5,1.06,08-08-2025,Overdue,21%,3.94,0
G002030,U136,01-06-2025,Personal,Develop New Hobby,Medium,20,9.33,01-11-2025,In Progress,47%,10.67,0
G002031,U099,28-03-2025,Learning,Learn Power BI,Low,60,60,28-07-2025,Completed,100%,0,1
G002032,U091,10-08-2025,Personal,Improve Work-Life Balance,High,30,30,19-12-2025,Completed,100%,0,1
G002033,U049,07-03-2025,Health,Exercise Regularly,Medium,150,73.14,08-05-2025,In Progress,49%,76.86,0
G002034,U042,24-02-2025,Learning,Complete Certification,Medium,100,100,28-07-2025,Completed,100%,0,1
G002035,U023,11-07-2025,Learning,Complete Python Course,Medium,20,1.11,10-08-2025,Overdue,6%,18.89,0
G002036,U023,08-05-2025,Learning,Learn Power BI,Medium,60,52.42,28-08-2025,Overdue,87%,7.58,0
G002037,U074,30-08-2025,Career,Build Portfolio,High,10,10,31-12-2025,Completed,100%,0,1
G002038,U112,18-03-2025,Personal,Improve Work-Life Balance,Low,30,2.8,30-06-2025,Overdue,9%,27.2,0
G002039,U148,30-06-2025,Personal,Develop New Hobby,Low,10,6.14,05-10-2025,In Progress,61%,3.86,0
G002040,U154,15-02-2025,Health,Exercise Regularly,Medium,150,80.22,20-05-2025,In Progress,53%,69.78,0
G002041,U098,06-02-2025,Career,Learn New Skill,Medium,50,28.35,17-03-2025,In Progress,57%,21.65,0
G002042,U025,11-08-2025,Learning,Learn Power BI,Medium,150,112.49,31-12-2025,Not Started,75%,37.51,0
G002043,U139,25-02-2025,Learning,Learn SQL,Low,20,4.82,09-04-2025,Overdue,24%,15.18,0
G002044,U110,11-02-2025,Learning,Learn Power BI,Medium,150,74.11,06-08-2025,Overdue,49%,75.89,0
G002045,U083,23-06-2025,Health,Improve Sleep,High,100,4.87,14-08-2025,In Progress,5%,95.13,0
G002046,U085,29-06-2025,Health,Exercise Regularly,Low,60,54.08,23-10-2025,Cancelled,90%,5.92,0
G002047,U086,17-05-2025,Personal,Travel More,High,20,1.12,09-07-2025,In Progress,6%,18.88,0
G002048,U031,09-05-2025,Health,Improve Sleep,Medium,100,82.32,22-06-2025,In Progress,82%,17.68,0
G002049,U117,07-08-2025,Personal,Travel More,Medium,10,8.75,18-09-2025,In Progress,88%,1.25,0
G002050,U149,18-07-2025,Learning,Complete Certification,Medium,60,15.81,23-08-2025,Overdue,26%,44.19,0
G002051,U086,16-06-2025,Career,Learn New Skill,Medium,50,43.03,15-10-2025,In Progress,86%,6.97,0
G002052,U094,04-06-2025,Personal,Develop New Hobby,Low,50,47.78,14-09-2025,In Progress,96%,2.22,0
G002053,U128,07-08-2025,Personal,Develop New Hobby,Medium,30,20.67,10-09-2025,In Progress,69%,9.33,0
G002054,U136,13-07-2025,Learning,Learn Power BI,Medium,100,100,03-09-2025,Completed,100%,0,1
G002055,U039,14-06-2025,Learning,Learn SQL,Medium,20,18.4,29-07-2025,In Progress,92%,1.6,0
G002056,U078,28-02-2025,Financial,Save Emergency Fund,Medium,25000,6619.98,21-08-2025,In Progress,26%,18380.02,0
G002057,U176,12-03-2025,Career,Apply for Jobs,Critical,30,29.04,07-06-2025,Overdue,97%,0.96,0
G002058,U060,08-04-2025,Health,Walk Daily,High,150,48.58,01-08-2025,Overdue,32%,101.42,0
G002059,U016,18-06-2025,Personal,Improve Work-Life Balance,High,20,17.27,20-08-2025,In Progress,86%,2.73,0
G002060,U057,14-08-2025,Personal,Develop New Hobby,Critical,10,10,07-12-2025,Completed,100%,0,1
G002061,U023,13-05-2025,Personal,Develop New Hobby,Low,20,20,25-10-2025,Completed,100%,0,1
G002062,U175,09-04-2025,Career,Apply for Jobs,Critical,30,10.98,12-07-2025,In Progress,37%,19.02,0
G002063,U023,24-02-2025,Learning,Learn Power BI,Critical,40,40,07-08-2025,Completed,100%,0,1
G002064,U195,26-07-2025,Productivity,Complete Tasks on Time,Medium,20,11.75,18-09-2025,Not Started,59%,8.25,0
G002065,U166,10-01-2025,Learning,Complete Certification,High,60,45.84,09-04-2025,In Progress,76%,14.16,0
G002066,U017,23-03-2025,Career,Learn New Skill,Medium,10,10,23-08-2025,Completed,100%,0,1
G002067,U016,25-03-2025,Personal,Read More Books,Medium,20,5.04,06-09-2025,In Progress,25%,14.96,0
G002068,U028,10-02-2025,Learning,Complete Certification,Medium,60,60,10-06-2025,Completed,100%,0,1
G002069,U072,25-03-2025,Personal,Travel More,Low,10,9.82,16-09-2025,In Progress,98%,0.18,0
G002070,U093,09-05-2025,Learning,Learn SQL,High,150,123.53,15-08-2025,Overdue,82%,26.47,0
G002071,U197,26-02-2025,Career,Learn New Skill,Medium,10,2.32,28-05-2025,In Progress,23%,7.68,0
G002072,U196,04-09-2025,Productivity,Complete Tasks on Time,Low,80,29.23,07-10-2025,In Progress,37%,50.77,0
G002073,U036,30-08-2025,Learning,Learn SQL,Critical,40,37.1,31-10-2025,In Progress,93%,2.9,0
G002074,U041,18-03-2025,Productivity,Increase Deep Work,High,60,7.26,06-08-2025,Overdue,12%,52.74,0
G002075,U136,04-09-2025,Personal,Travel More,Medium,50,33.67,17-12-2025,In Progress,67%,16.33,0
G002076,U001,23-02-2025,Personal,Travel More,Medium,50,1.03,03-05-2025,In Progress,2%,48.97,0
G002077,U078,07-06-2025,Personal,Read More Books,Medium,20,10.69,12-11-2025,In Progress,53%,9.31,0
G002078,U118,17-08-2025,Personal,Develop New Hobby,Low,10,4.88,12-11-2025,In Progress,49%,5.12,0
G002079,U046,02-08-2025,Financial,Save Emergency Fund,High,50000,3731.58,01-11-2025,In Progress,7%,46268.42,0
G002080,U001,25-05-2025,Productivity,Improve Productivity,High,60,15.39,25-08-2025,In Progress,26%,44.61,0
G002081,U078,03-09-2025,Learning,Complete Certification,Medium,20,11.95,31-12-2025,In Progress,60%,8.05,0
G002082,U083,06-05-2025,Health,Walk Daily,High,200,80.63,16-10-2025,In Progress,40%,119.37,0
G002083,U013,04-03-2025,Career,Apply for Jobs,Low,30,23.83,18-08-2025,In Progress,79%,6.17,0
G002084,U064,02-05-2025,Productivity,Increase Deep Work,High,100,96.11,13-08-2025,Overdue,96%,3.89,0
G002085,U148,22-02-2025,Productivity,Increase Deep Work,Low,60,11.89,19-06-2025,In Progress,20%,48.11,0
G002086,U188,15-07-2025,Productivity,Increase Deep Work,High,60,40.25,19-09-2025,In Progress,67%,19.75,0
G002087,U042,17-08-2025,Health,Exercise Regularly,Medium,60,57.38,16-10-2025,Not Started,96%,2.62,0
G002088,U037,25-06-2025,Productivity,Increase Deep Work,Medium,40,21.12,25-09-2025,Not Started,53%,18.88,0
G002089,U109,27-05-2025,Learning,Learn Power BI,High,150,129.72,10-09-2025,Cancelled,86%,20.28,0
G002090,U007,11-05-2025,Career,Learn New Skill,Critical,50,5.04,28-10-2025,In Progress,10%,44.96,0
G002091,U022,31-05-2025,Health,Improve Sleep,High,60,49.25,04-10-2025,In Progress,82%,10.75,0
G002092,U118,27-08-2025,Learning,Complete Python Course,Medium,60,19.92,26-10-2025,In Progress,33%,40.08,0
G002093,U026,13-04-2025,Learning,Complete Python Course,High,60,31.17,16-06-2025,Overdue,52%,28.83,0
G002094,U121,11-07-2025,Personal,Travel More,Medium,5,0.22,14-08-2025,In Progress,4%,4.78,0
G002095,U164,26-03-2025,Personal,Improve Work-Life Balance,Low,30,9.46,27-04-2025,In Progress,32%,20.54,0
G002096,U178,03-06-2025,Career,Build Portfolio,Medium,10,10,24-08-2025,Completed,100%,0,1
G002097,U128,01-01-2025,Career,Improve Resume,Medium,50,48.73,13-03-2025,In Progress,97%,1.27,0
G002098,U094,25-06-2025,Health,Improve Sleep,Low,30,10.49,11-11-2025,In Progress,35%,19.51,0
G002099,U171,08-07-2025,Financial,Build Investment Fund,Low,50000,34904.14,01-09-2025,In Progress,70%,15095.86,0
G002100,U173,22-01-2025,Learning,Complete Certification,Medium,100,59.92,05-05-2025,In Progress,60%,40.08,0
G002101,U110,24-07-2025,Financial,Increase Savings,High,25000,25000,26-08-2025,Completed,100%,0,1
G002102,U117,08-09-2025,Productivity,Improve Productivity,Medium,60,60,31-12-2025,Completed,100%,0,1
G002103,U049,18-01-2025,Productivity,Improve Productivity,Critical,60,42.65,21-06-2025,Overdue,71%,17.35,0
G002104,U152,12-06-2025,Financial,Reduce Monthly Expenses,Medium,200000,122794.56,13-08-2025,In Progress,61%,77205.44,0
G002105,U036,24-02-2025,Financial,Build Investment Fund,Critical,100000,50377.45,12-07-2025,In Progress,50%,49622.55,0
G002106,U075,19-03-2025,Personal,Develop New Hobby,High,30,30,03-05-2025,Completed,100%,0,1
G002107,U041,18-05-2025,Health,Walk Daily,Critical,200,189.03,03-07-2025,In Progress,95%,10.97,0
G002108,U033,05-08-2025,Health,Improve Fitness,Medium,30,27.95,21-11-2025,In Progress,93%,2.05,0
G002109,U068,06-02-2025,Career,Build Portfolio,High,20,15.48,29-03-2025,Overdue,77%,4.52,0
G002110,U155,17-04-2025,Personal,Improve Work-Life Balance,Low,5,5,22-07-2025,Completed,100%,0,1
G002111,U120,12-06-2025,Career,Build Portfolio,Critical,20,1.22,20-08-2025,In Progress,6%,18.78,0
G002112,U120,30-07-2025,Productivity,Reduce Screen Time,High,40,0.06,20-10-2025,In Progress,0%,39.94,0
G002113,U020,16-03-2025,Personal,Develop New Hobby,Low,50,10.7,05-06-2025,In Progress,21%,39.3,0
G002114,U046,31-08-2025,Learning,Learn SQL,Medium,100,92.04,27-12-2025,In Progress,92%,7.96,0
G002115,U194,24-08-2025,Learning,Complete Python Course,High,20,17.72,07-12-2025,Not Started,89%,2.28,0
G002116,U126,15-06-2025,Financial,Save Emergency Fund,Medium,100000,63504.61,17-09-2025,In Progress,64%,36495.39,0
G002117,U039,17-06-2025,Learning,Complete Python Course,Low,150,32.07,24-07-2025,In Progress,21%,117.93,0
G002118,U151,09-05-2025,Financial,Build Investment Fund,Low,10000,7420.99,03-10-2025,In Progress,74%,2579.01,0
G002119,U085,02-04-2025,Learning,Learn Power BI,High,20,1.15,04-09-2025,Not Started,6%,18.85,0
G002120,U198,27-02-2025,Career,Build Portfolio,High,5,4.33,16-05-2025,Overdue,87%,0.67,0
G002121,U042,07-07-2025,Financial,Increase Savings,Medium,200000,66352.87,15-08-2025,Overdue,33%,133647.13,0
G002122,U055,21-07-2025,Personal,Improve Work-Life Balance,High,20,20,27-10-2025,Completed,100%,0,1
G002123,U103,08-08-2025,Career,Improve Resume,Medium,5,2.68,17-11-2025,In Progress,54%,2.32,0
G002124,U161,06-06-2025,Productivity,Increase Deep Work,High,100,2.31,18-07-2025,In Progress,2%,97.69,0
G002125,U007,10-01-2025,Productivity,Complete Tasks on Time,Low,40,40,01-07-2025,Completed,100%,0,1
G002126,U193,26-07-2025,Learning,Learn Power BI,High,60,60,31-12-2025,Completed,100%,0,1
G002127,U194,30-07-2025,Productivity,Complete Tasks on Time,Medium,20,14.38,28-12-2025,In Progress,72%,5.62,0
G002128,U024,09-04-2025,Health,Walk Daily,Medium,150,150,03-06-2025,Completed,100%,0,1
G002129,U060,21-08-2025,Productivity,Reduce Screen Time,Medium,80,14.45,27-11-2025,Not Started,18%,65.55,0
G002130,U156,14-07-2025,Career,Improve Resume,High,50,1.68,10-10-2025,Not Started,3%,48.32,0
G002131,U103,17-01-2025,Productivity,Reduce Screen Time,Low,40,19.91,09-05-2025,In Progress,50%,20.09,0
G002132,U155,29-08-2025,Career,Improve Resume,High,20,20,04-11-2025,Completed,100%,0,1
G002133,U152,12-02-2025,Financial,Save Emergency Fund,Medium,100000,50761.18,26-05-2025,In Progress,51%,49238.82,0
G002134,U104,17-03-2025,Personal,Develop New Hobby,High,5,2.51,07-06-2025,Overdue,50%,2.49,0
G002135,U164,01-02-2025,Career,Learn New Skill,Medium,10,9.21,19-07-2025,In Progress,92%,0.79,0
G002136,U008,16-05-2025,Career,Learn New Skill,High,5,1.9,13-07-2025,Overdue,38%,3.1,0
G002137,U093,31-03-2025,Health,Walk Daily,High,200,22.5,09-07-2025,Overdue,11%,177.5,0
G002138,U056,04-01-2025,Health,Improve Sleep,Critical,60,55.86,16-02-2025,Overdue,93%,4.14,0
G002139,U030,18-07-2025,Learning,Complete Python Course,Medium,20,4.12,24-11-2025,Not Started,21%,15.88,0
G002140,U163,11-04-2025,Health,Improve Sleep,Medium,200,61.59,27-05-2025,Overdue,31%,138.41,0
G002141,U104,29-08-2025,Productivity,Complete Tasks on Time,Medium,20,3.77,31-12-2025,In Progress,19%,16.23,0
G002142,U187,03-08-2025,Health,Walk Daily,High,200,200,14-09-2025,Completed,100%,0,1
G002143,U035,14-08-2025,Learning,Complete Certification,Medium,20,11.15,31-12-2025,Not Started,56%,8.85,0
G002144,U029,01-04-2025,Personal,Travel More,High,50,45.31,16-06-2025,Overdue,91%,4.69,0
G002145,U057,27-08-2025,Career,Learn New Skill,Medium,50,32.45,10-11-2025,In Progress,65%,17.55,0
G002146,U038,28-01-2025,Career,Apply for Jobs,Medium,20,13.71,24-05-2025,Overdue,69%,6.29,0
G002147,U072,19-04-2025,Personal,Improve Work-Life Balance,Medium,5,5,27-07-2025,Completed,100%,0,1
G002148,U122,21-02-2025,Learning,Learn SQL,Low,40,24.21,03-07-2025,In Progress,61%,15.79,0
G002149,U009,10-08-2025,Health,Walk Daily,Medium,150,142.08,31-12-2025,In Progress,95%,7.92,0
G002150,U058,26-08-2025,Productivity,Complete Tasks on Time,High,80,20.76,30-12-2025,In Progress,26%,59.24,0
G002151,U187,30-06-2025,Financial,Increase Savings,High,100000,19843.41,23-12-2025,In Progress,20%,80156.59,0
G002152,U082,05-09-2025,Personal,Read More Books,Medium,5,4.54,31-12-2025,In Progress,91%,0.46,0
G002153,U099,29-01-2025,Career,Build Portfolio,Medium,10,9.33,04-07-2025,In Progress,93%,0.67,0
G002154,U099,06-07-2025,Health,Walk Daily,Medium,60,60,22-08-2025,Completed,100%,0,1
G002155,U059,28-08-2025,Financial,Reduce Monthly Expenses,High,200000,77970.58,31-12-2025,In Progress,39%,122029.42,0
G002156,U197,19-07-2025,Personal,Improve Work-Life Balance,High,20,7.61,31-12-2025,Not Started,38%,12.39,0
G002157,U015,14-04-2025,Learning,Learn SQL,High,60,29.64,16-05-2025,In Progress,49%,30.36,0
G002158,U062,11-05-2025,Health,Improve Fitness,Medium,150,66.26,11-08-2025,Overdue,44%,83.74,0
G002159,U151,12-02-2025,Career,Improve Resume,Medium,50,38.76,28-04-2025,In Progress,78%,11.24,0
G002160,U045,13-06-2025,Health,Improve Sleep,Critical,100,2.8,23-10-2025,In Progress,3%,97.2,0
G002161,U060,07-06-2025,Career,Learn New Skill,High,5,5,30-08-2025,Completed,100%,0,1
G002162,U100,22-08-2025,Productivity,Complete Tasks on Time,Low,60,60,29-12-2025,Completed,100%,0,1
G002163,U183,30-08-2025,Financial,Build Investment Fund,Low,200000,171329.9,12-12-2025,In Progress,86%,28670.1,0
G002164,U170,26-03-2025,Personal,Improve Work-Life Balance,High,50,18.63,12-09-2025,Not Started,37%,31.37,0
G002165,U081,11-05-2025,Learning,Learn Power BI,High,100,10.3,18-06-2025,Overdue,10%,89.7,0
G002166,U120,13-01-2025,Financial,Save Emergency Fund,Medium,100000,52476.33,27-04-2025,Overdue,52%,47523.67,0
G002167,U066,02-07-2025,Financial,Save Emergency Fund,Low,10000,10000,20-10-2025,Completed,100%,0,1
G002168,U056,21-02-2025,Career,Build Portfolio,Medium,30,10.56,17-07-2025,Overdue,35%,19.44,0
G002169,U089,07-04-2025,Learning,Learn SQL,Low,150,2.13,24-07-2025,In Progress,1%,147.87,0
G002170,U192,16-04-2025,Productivity,Complete Tasks on Time,Medium,80,11.25,06-10-2025,Not Started,14%,68.75,0
G002171,U094,26-05-2025,Personal,Read More Books,Medium,10,9.94,12-07-2025,Overdue,99%,0.06,0
G002172,U077,19-06-2025,Productivity,Increase Deep Work,High,100,67.91,28-09-2025,In Progress,68%,32.09,0
G002173,U054,09-07-2025,Learning,Learn Power BI,Low,40,25.17,28-12-2025,In Progress,63%,14.83,0
G002174,U084,31-08-2025,Career,Build Portfolio,High,50,2.16,11-12-2025,Not Started,4%,47.84,0
G002175,U192,23-07-2025,Career,Learn New Skill,Low,10,5.15,20-10-2025,Not Started,52%,4.85,0
G002176,U012,25-01-2025,Health,Improve Fitness,High,60,24.18,06-05-2025,Overdue,40%,35.82,0
G002177,U124,25-07-2025,Health,Improve Sleep,High,100,91.5,21-12-2025,In Progress,92%,8.5,0
G002178,U119,18-02-2025,Learning,Complete Certification,Low,60,14.51,06-05-2025,Overdue,24%,45.49,0
G002179,U073,26-06-2025,Career,Build Portfolio,High,50,0.68,23-09-2025,In Progress,1%,49.32,0
G002180,U011,01-08-2025,Personal,Read More Books,High,50,43.07,19-09-2025,In Progress,86%,6.93,0
G002181,U025,02-02-2025,Financial,Save Emergency Fund,Low,200000,98636.44,12-03-2025,In Progress,49%,101363.56,0
G002182,U041,11-02-2025,Health,Improve Sleep,Low,30,30,27-06-2025,Completed,100%,0,1
G002183,U185,09-05-2025,Health,Exercise Regularly,Low,200,107.77,16-08-2025,In Progress,54%,92.23,0
G002184,U166,05-05-2025,Personal,Develop New Hobby,Low,10,5.43,24-09-2025,In Progress,54%,4.57,0
G002185,U082,14-01-2025,Learning,Complete Python Course,Medium,40,8.87,09-03-2025,In Progress,22%,31.13,0
G002186,U159,07-04-2025,Career,Apply for Jobs,Medium,10,3.41,14-07-2025,In Progress,34%,6.59,0
G002187,U108,29-01-2025,Productivity,Improve Productivity,High,40,25.58,15-04-2025,In Progress,64%,14.42,0
G002188,U144,24-08-2025,Learning,Learn SQL,Medium,40,39.03,24-10-2025,Not Started,98%,0.97,0
G002189,U031,03-09-2025,Career,Learn New Skill,Medium,20,9.08,11-12-2025,Not Started,45%,10.92,0
G002190,U029,03-04-2025,Learning,Learn Power BI,High,60,10.07,12-07-2025,Overdue,17%,49.93,0
G002191,U068,01-08-2025,Personal,Develop New Hobby,High,50,17.16,03-12-2025,In Progress,34%,32.84,0
G002192,U127,05-04-2025,Productivity,Complete Tasks on Time,Medium,60,54.85,29-08-2025,In Progress,91%,5.15,0
G002193,U174,31-01-2025,Financial,Reduce Monthly Expenses,High,25000,12146.04,14-05-2025,In Progress,49%,12853.96,0
G002194,U019,26-03-2025,Personal,Read More Books,High,30,18.52,04-07-2025,Overdue,62%,11.48,0
G002195,U045,09-05-2025,Financial,Reduce Monthly Expenses,Medium,200000,110512.96,10-08-2025,Overdue,55%,89487.04,0
G002196,U071,19-08-2025,Financial,Increase Savings,Medium,25000,1503.53,01-11-2025,Not Started,6%,23496.47,0
G002197,U029,07-08-2025,Health,Improve Fitness,Medium,60,4.03,04-10-2025,In Progress,7%,55.97,0
G002198,U003,19-03-2025,Personal,Read More Books,High,50,9.37,11-06-2025,In Progress,19%,40.63,0
G002199,U015,17-06-2025,Financial,Build Investment Fund,Low,10000,665.88,05-10-2025,In Progress,7%,9334.12,0
G002200,U049,17-05-2025,Health,Exercise Regularly,High,30,27.56,30-08-2025,In Progress,92%,2.44,0
G002201,U125,20-01-2025,Health,Improve Sleep,Low,200,200,06-07-2025,Completed,100%,0,1
G002202,U137,27-04-2025,Learning,Learn SQL,High,60,50.62,20-10-2025,In Progress,84%,9.38,0
G002203,U186,08-05-2025,Learning,Learn Power BI,Medium,20,12.41,26-10-2025,In Progress,62%,7.59,0
G002204,U042,27-05-2025,Financial,Build Investment Fund,Low,10000,10000,23-11-2025,Completed,100%,0,1
G002205,U057,19-08-2025,Learning,Learn SQL,High,60,5.13,05-11-2025,In Progress,9%,54.87,0
G002206,U179,29-06-2025,Personal,Read More Books,Low,20,2.38,18-08-2025,In Progress,12%,17.62,0
G002207,U058,23-08-2025,Productivity,Complete Tasks on Time,High,60,51.23,31-12-2025,In Progress,85%,8.77,0
G002208,U026,16-06-2025,Learning,Learn Power BI,Low,100,48.99,04-11-2025,In Progress,49%,51.01,0
G002209,U182,28-07-2025,Financial,Reduce Monthly Expenses,Medium,100000,33138.71,19-11-2025,In Progress,33%,66861.29,0
G002210,U167,25-08-2025,Productivity,Increase Deep Work,Medium,40,40,04-12-2025,Completed,100%,0,1
G002211,U035,01-08-2025,Productivity,Improve Productivity,High,60,1.22,23-12-2025,In Progress,2%,58.78,0
G002212,U091,17-02-2025,Productivity,Increase Deep Work,High,40,24.59,17-06-2025,Overdue,61%,15.41,0
G002213,U098,05-05-2025,Career,Improve Resume,Medium,5,2.32,13-08-2025,In Progress,46%,2.68,0
G002214,U183,27-03-2025,Financial,Increase Savings,Low,100000,14420.56,26-08-2025,Overdue,14%,85579.44,0
G002215,U126,28-04-2025,Career,Improve Resume,Medium,10,10,17-08-2025,Completed,100%,0,1
G002216,U186,02-03-2025,Financial,Increase Savings,Medium,200000,154182.16,12-06-2025,Overdue,77%,45817.84,0
G002217,U146,21-02-2025,Career,Learn New Skill,High,5,4.19,10-07-2025,In Progress,84%,0.81,0
G002218,U162,20-01-2025,Learning,Complete Certification,High,20,6.23,05-04-2025,Overdue,31%,13.77,0
G002219,U145,10-02-2025,Learning,Learn SQL,Medium,150,18.56,10-06-2025,Overdue,12%,131.44,0
G002220,U107,17-05-2025,Financial,Increase Savings,Medium,25000,11668.76,21-06-2025,Overdue,47%,13331.24,0
G002221,U103,27-01-2025,Career,Apply for Jobs,High,50,29.04,18-04-2025,In Progress,58%,20.96,0
G002222,U054,14-01-2025,Learning,Learn Power BI,High,40,39.31,01-05-2025,In Progress,98%,0.69,0
G002223,U088,30-03-2025,Productivity,Increase Deep Work,Medium,60,9.09,26-09-2025,In Progress,15%,50.91,0
G002224,U126,18-07-2025,Financial,Save Emergency Fund,Medium,100000,98021.93,04-11-2025,In Progress,98%,1978.07,0
G002225,U009,10-05-2025,Career,Improve Resume,High,5,2.67,03-09-2025,In Progress,53%,2.33,0
G002226,U127,10-01-2025,Learning,Learn Power BI,Medium,100,88.86,28-03-2025,In Progress,89%,11.14,0
G002227,U081,01-04-2025,Financial,Build Investment Fund,Low,100000,9977.64,20-08-2025,Overdue,10%,90022.36,0
G002228,U193,26-06-2025,Learning,Complete Certification,Medium,40,40,16-08-2025,Completed,100%,0,1
G002229,U035,27-08-2025,Learning,Learn Power BI,Medium,100,100,22-12-2025,Completed,100%,0,1
G002230,U035,31-03-2025,Health,Exercise Regularly,Low,60,27.43,16-06-2025,In Progress,46%,32.57,0
G002231,U036,11-01-2025,Personal,Read More Books,Medium,50,4.45,25-06-2025,Overdue,9%,45.55,0
G002232,U004,04-03-2025,Health,Improve Sleep,High,100,100,25-05-2025,Completed,100%,0,1
G002233,U010,28-07-2025,Health,Walk Daily,Medium,60,60,26-10-2025,Completed,100%,0,1
G002234,U059,11-03-2025,Productivity,Complete Tasks on Time,Medium,20,5.38,26-07-2025,Overdue,27%,14.62,0
G002235,U077,26-07-2025,Health,Improve Fitness,Low,60,9.38,05-10-2025,In Progress,16%,50.62,0
G002236,U125,11-01-2025,Financial,Reduce Monthly Expenses,High,25000,25000,01-05-2025,Completed,100%,0,1
G002237,U028,28-08-2025,Learning,Learn Power BI,Low,20,17.14,26-11-2025,In Progress,86%,2.86,0
G002238,U027,03-01-2025,Personal,Develop New Hobby,Low,10,7.08,10-03-2025,Overdue,71%,2.92,0
G002239,U147,06-01-2025,Productivity,Reduce Screen Time,High,20,9.04,03-07-2025,Overdue,45%,10.96,0
G002240,U050,03-03-2025,Learning,Learn SQL,High,100,55.83,01-08-2025,Overdue,56%,44.17,0
G002241,U027,10-01-2025,Financial,Save Emergency Fund,High,50000,24362.66,20-04-2025,In Progress,49%,25637.34,0
G002242,U104,30-07-2025,Learning,Learn Power BI,Critical,40,37.69,21-12-2025,Not Started,94%,2.31,0
G002243,U163,21-04-2025,Financial,Save Emergency Fund,Medium,200000,200000,19-09-2025,Completed,100%,0,1
G002244,U125,24-04-2025,Financial,Reduce Monthly Expenses,Medium,50000,10557.58,11-07-2025,In Progress,21%,39442.42,0
G002245,U169,01-06-2025,Career,Improve Resume,Low,50,32.81,27-09-2025,Not Started,66%,17.19,0
G002246,U157,13-03-2025,Personal,Travel More,Medium,50,39.57,22-05-2025,Overdue,79%,10.43,0
G002247,U081,11-04-2025,Health,Improve Fitness,Medium,200,199.17,24-05-2025,In Progress,100%,0.83,0
G002248,U168,30-07-2025,Financial,Save Emergency Fund,Medium,200000,87481.57,21-11-2025,In Progress,44%,112518.43,0
G002249,U032,21-08-2025,Personal,Develop New Hobby,Low,10,7.2,26-12-2025,In Progress,72%,2.8,0
G002250,U194,13-06-2025,Productivity,Complete Tasks on Time,Medium,80,12.89,17-10-2025,In Progress,16%,67.11,0
G002251,U154,26-08-2025,Personal,Develop New Hobby,Medium,20,4.86,23-11-2025,Not Started,24%,15.14,0
G002252,U090,15-04-2025,Health,Improve Sleep,High,100,65.96,19-05-2025,In Progress,66%,34.04,0
G002253,U132,18-01-2025,Productivity,Reduce Screen Time,Medium,20,17.88,14-05-2025,In Progress,89%,2.12,0
G002254,U132,16-04-2025,Learning,Learn Power BI,Low,100,27.94,09-10-2025,In Progress,28%,72.06,0
G002255,U173,19-06-2025,Financial,Save Emergency Fund,Medium,25000,13093.87,14-11-2025,In Progress,52%,11906.13,0
G002256,U004,25-02-2025,Health,Walk Daily,Low,100,98.9,25-07-2025,In Progress,99%,1.1,0
G002257,U063,13-05-2025,Personal,Read More Books,High,50,42.38,28-08-2025,In Progress,85%,7.62,0
G002258,U148,14-02-2025,Learning,Complete Python Course,Low,60,45.87,10-08-2025,Overdue,76%,14.13,0
G002259,U054,29-06-2025,Personal,Develop New Hobby,Low,10,8.96,17-08-2025,In Progress,90%,1.04,0
G002260,U067,27-05-2025,Productivity,Complete Tasks on Time,Medium,60,23.22,18-10-2025,In Progress,39%,36.78,0
G002261,U097,02-08-2025,Health,Improve Fitness,High,100,100,11-11-2025,Completed,100%,0,1
G002262,U165,03-08-2025,Health,Improve Fitness,High,200,195.6,01-12-2025,In Progress,98%,4.4,0
G002263,U180,13-01-2025,Productivity,Reduce Screen Time,Low,40,40,27-03-2025,Completed,100%,0,1
G002264,U121,08-09-2025,Health,Exercise Regularly,High,200,65.66,18-11-2025,Not Started,33%,134.34,0
G002265,U020,20-05-2025,Productivity,Improve Productivity,Medium,60,2.45,14-11-2025,In Progress,4%,57.55,0
G002266,U154,07-09-2025,Financial,Build Investment Fund,High,10000,4514.87,31-12-2025,Not Started,45%,5485.13,0
G002267,U072,20-01-2025,Learning,Learn Power BI,Medium,150,142.41,01-03-2025,Overdue,95%,7.59,0
G002268,U015,11-06-2025,Personal,Read More Books,Medium,50,50,02-10-2025,Completed,100%,0,1
G002269,U052,09-03-2025,Health,Improve Fitness,Low,150,122.56,02-05-2025,Overdue,82%,27.44,0
G002270,U087,20-01-2025,Learning,Learn SQL,Critical,20,2.63,10-04-2025,In Progress,13%,17.37,0
G002271,U137,20-05-2025,Health,Exercise Regularly,Medium,200,139.76,16-11-2025,Not Started,70%,60.24,0
G002272,U064,01-01-2025,Health,Improve Sleep,Low,100,46.94,08-04-2025,In Progress,47%,53.06,0
G002273,U044,10-05-2025,Productivity,Increase Deep Work,High,80,37.95,12-09-2025,In Progress,47%,42.05,0
G002274,U032,16-07-2025,Personal,Improve Work-Life Balance,High,30,26.25,01-10-2025,In Progress,88%,3.75,0
G002275,U059,05-01-2025,Personal,Read More Books,Medium,50,6.18,14-04-2025,Overdue,12%,43.82,0
G002276,U021,06-03-2025,Productivity,Increase Deep Work,Medium,40,6.89,28-04-2025,In Progress,17%,33.11,0
G002277,U090,05-08-2025,Health,Exercise Regularly,Medium,100,93.45,19-12-2025,In Progress,93%,6.55,0
G002278,U058,30-04-2025,Health,Walk Daily,High,200,7.77,30-07-2025,In Progress,4%,192.23,0
G002279,U022,12-07-2025,Financial,Build Investment Fund,High,50000,3499.71,29-08-2025,Overdue,7%,46500.29,0
G002280,U055,06-07-2025,Personal,Develop New Hobby,High,10,2.05,04-09-2025,In Progress,21%,7.95,0
G002281,U097,24-07-2025,Career,Learn New Skill,Medium,5,0.59,15-12-2025,In Progress,12%,4.41,0
G002282,U024,11-04-2025,Career,Apply for Jobs,Critical,50,18.58,19-06-2025,In Progress,37%,31.42,0
G002283,U128,26-01-2025,Financial,Increase Savings,Medium,200000,130453.04,10-04-2025,In Progress,65%,69546.96,0
G002284,U059,30-05-2025,Personal,Read More Books,Medium,20,3.84,30-07-2025,Overdue,19%,16.16,0
G002285,U157,24-07-2025,Health,Exercise Regularly,Medium,150,44.57,12-11-2025,In Progress,30%,105.43,0
G002286,U127,07-04-2025,Financial,Reduce Monthly Expenses,High,100000,68497.92,19-08-2025,In Progress,68%,31502.08,0
G002287,U103,05-03-2025,Career,Build Portfolio,Medium,30,18.57,27-08-2025,In Progress,62%,11.43,0
G002288,U187,25-07-2025,Career,Learn New Skill,High,10,8.67,07-12-2025,In Progress,87%,1.33,0
G002289,U125,25-07-2025,Career,Improve Resume,Critical,20,18.4,02-12-2025,In Progress,92%,1.6,0
G002290,U067,15-02-2025,Career,Apply for Jobs,High,30,14.7,17-04-2025,In Progress,49%,15.3,0
G002291,U196,13-03-2025,Financial,Increase Savings,Medium,200000,124451.62,06-06-2025,Overdue,62%,75548.38,0
G002292,U071,26-05-2025,Career,Learn New Skill,Critical,30,6.03,26-06-2025,Overdue,20%,23.97,0
G002293,U189,27-02-2025,Health,Improve Sleep,High,30,8.96,25-06-2025,Overdue,30%,21.04,0
G002294,U109,16-08-2025,Learning,Complete Certification,Medium,20,20,01-11-2025,Completed,100%,0,1
G002295,U078,24-04-2025,Personal,Read More Books,Medium,50,3.69,10-10-2025,In Progress,7%,46.31,0
G002296,U032,19-02-2025,Productivity,Complete Tasks on Time,Low,20,18.05,03-08-2025,In Progress,90%,1.95,0
G002297,U154,25-04-2025,Learning,Learn SQL,Medium,60,4.2,28-09-2025,Cancelled,7%,55.8,0
G002298,U136,07-07-2025,Personal,Read More Books,Medium,10,4.9,08-11-2025,In Progress,49%,5.1,0
G002299,U041,22-07-2025,Learning,Learn SQL,Low,60,15.63,30-10-2025,In Progress,26%,44.37,0
G002300,U019,03-03-2025,Career,Improve Resume,Medium,30,22.09,03-04-2025,In Progress,74%,7.91,0
G002301,U063,18-01-2025,Learning,Complete Python Course,High,150,47.18,07-07-2025,Overdue,31%,102.82,0
G002302,U123,10-04-2025,Career,Apply for Jobs,Low,20,1.39,10-05-2025,In Progress,7%,18.61,0
G002303,U102,24-06-2025,Learning,Complete Certification,Low,60,52.45,03-08-2025,In Progress,87%,7.55,0
G002304,U190,02-05-2025,Productivity,Increase Deep Work,High,80,80,22-06-2025,Completed,100%,0,1
G002305,U077,03-06-2025,Learning,Learn Power BI,Medium,20,20,17-09-2025,Completed,100%,0,1
G002306,U039,01-05-2025,Personal,Travel More,Low,5,0.8,19-06-2025,In Progress,16%,4.2,0
G002307,U116,20-01-2025,Health,Improve Sleep,High,200,183.52,24-04-2025,Overdue,92%,16.48,0
G002308,U109,09-06-2025,Productivity,Improve Productivity,Medium,100,100,26-07-2025,Completed,100%,0,1
G002309,U108,25-03-2025,Health,Walk Daily,Low,60,60,23-06-2025,Completed,100%,0,1
G002310,U136,08-01-2025,Health,Walk Daily,Medium,30,16.21,09-02-2025,Overdue,54%,13.79,0
G002311,U086,03-07-2025,Career,Learn New Skill,Critical,20,13.13,30-10-2025,In Progress,66%,6.87,0
G002312,U181,17-06-2025,Financial,Reduce Monthly Expenses,Critical,50000,50000,10-10-2025,Completed,100%,0,1
G002313,U114,16-04-2025,Health,Walk Daily,High,150,60.27,05-08-2025,In Progress,40%,89.73,0
G002314,U047,21-01-2025,Productivity,Complete Tasks on Time,High,40,40,13-07-2025,Completed,100%,0,1
G002315,U085,15-02-2025,Learning,Learn SQL,Medium,60,31.26,17-07-2025,In Progress,52%,28.74,0
G002316,U194,10-02-2025,Career,Build Portfolio,High,20,5.98,16-07-2025,Overdue,30%,14.02,0
G002317,U062,09-05-2025,Productivity,Improve Productivity,Medium,20,6.8,05-10-2025,In Progress,34%,13.2,0
G002318,U085,11-08-2025,Health,Walk Daily,Medium,60,22.55,15-12-2025,Not Started,38%,37.45,0
G002319,U167,02-02-2025,Personal,Travel More,Low,50,10.09,11-03-2025,Overdue,20%,39.91,0
G002320,U010,28-06-2025,Productivity,Complete Tasks on Time,High,100,26.02,01-08-2025,Overdue,26%,73.98,0
G002321,U170,07-01-2025,Health,Exercise Regularly,High,150,19.5,10-05-2025,In Progress,13%,130.5,0
G002322,U075,21-07-2025,Financial,Reduce Monthly Expenses,High,200000,143129.9,24-11-2025,Not Started,72%,56870.1,0
G002323,U120,14-01-2025,Career,Learn New Skill,Low,20,16.32,24-02-2025,In Progress,82%,3.68,0
G002324,U149,11-08-2025,Career,Build Portfolio,Low,50,19.36,01-11-2025,Not Started,39%,30.64,0
G002325,U077,01-06-2025,Career,Build Portfolio,High,20,19.01,01-08-2025,Overdue,95%,0.99,0
G002326,U186,26-08-2025,Career,Apply for Jobs,Medium,20,1.46,12-11-2025,In Progress,7%,18.54,0
G002327,U092,02-05-2025,Productivity,Improve Productivity,Medium,40,40,21-09-2025,Completed,100%,0,1
G002328,U129,20-08-2025,Career,Apply for Jobs,Medium,50,12.15,31-12-2025,In Progress,24%,37.85,0
G002329,U156,27-04-2025,Financial,Build Investment Fund,High,25000,2956.72,11-07-2025,Overdue,12%,22043.28,0
G002330,U120,08-06-2025,Career,Learn New Skill,Low,30,30,29-10-2025,Completed,100%,0,1
G002331,U131,02-05-2025,Productivity,Increase Deep Work,Medium,100,100,10-06-2025,Completed,100%,0,1
G002332,U013,13-06-2025,Health,Improve Sleep,Low,60,39.36,09-09-2025,In Progress,66%,20.64,0
G002333,U174,21-04-2025,Learning,Learn Power BI,Low,60,43.1,22-09-2025,Cancelled,72%,16.9,0
G002334,U084,25-04-2025,Financial,Save Emergency Fund,High,100000,35875.53,04-09-2025,In Progress,36%,64124.47,0
G002335,U049,25-06-2025,Productivity,Complete Tasks on Time,High,80,5.59,06-10-2025,In Progress,7%,74.41,0
G002336,U096,24-03-2025,Learning,Learn Power BI,High,100,100,08-06-2025,Completed,100%,0,1
G002337,U102,20-07-2025,Personal,Improve Work-Life Balance,Medium,20,11.17,14-10-2025,In Progress,56%,8.83,0
G002338,U117,13-02-2025,Learning,Learn SQL,Low,20,20,08-06-2025,Completed,100%,0,1
G002339,U087,05-05-2025,Career,Build Portfolio,Medium,20,7.63,14-07-2025,Overdue,38%,12.37,0
G002340,U085,03-02-2025,Productivity,Improve Productivity,Low,100,28.47,14-03-2025,In Progress,28%,71.53,0
G002341,U188,15-01-2025,Productivity,Complete Tasks on Time,Medium,60,51.56,23-06-2025,In Progress,86%,8.44,0
G002342,U070,09-07-2025,Career,Build Portfolio,Medium,50,21.91,14-11-2025,In Progress,44%,28.09,0
G002343,U145,14-07-2025,Financial,Increase Savings,High,100000,19678.56,12-10-2025,In Progress,20%,80321.44,0
G002344,U057,22-01-2025,Learning,Complete Python Course,Medium,60,20.21,02-05-2025,In Progress,34%,39.79,0
G002345,U170,12-03-2025,Career,Learn New Skill,Medium,30,15.06,09-08-2025,Overdue,50%,14.94,0
G002346,U105,04-04-2025,Learning,Complete Certification,Low,60,23.11,23-06-2025,In Progress,39%,36.89,0
G002347,U085,15-01-2025,Learning,Complete Certification,Low,40,40,24-02-2025,Completed,100%,0,1
G002348,U027,11-07-2025,Personal,Improve Work-Life Balance,High,5,2.46,27-12-2025,In Progress,49%,2.54,0
G002349,U169,21-03-2025,Learning,Complete Certification,Medium,20,2.03,29-05-2025,In Progress,10%,17.97,0
G002350,U079,07-05-2025,Personal,Read More Books,Low,50,11.35,29-08-2025,In Progress,23%,38.65,0
G002351,U098,25-05-2025,Financial,Increase Savings,Low,50000,2711.29,08-08-2025,In Progress,5%,47288.71,0
G002352,U083,09-07-2025,Learning,Learn SQL,Critical,20,15.54,07-12-2025,In Progress,78%,4.46,0
G002353,U112,03-06-2025,Health,Improve Sleep,Low,30,7.3,05-11-2025,In Progress,24%,22.7,0
G002354,U065,07-01-2025,Productivity,Improve Productivity,Medium,40,17.39,07-03-2025,Overdue,43%,22.61,0
G002355,U082,06-09-2025,Health,Walk Daily,Medium,150,104.77,16-12-2025,In Progress,70%,45.23,0
G002356,U068,06-06-2025,Productivity,Increase Deep Work,High,60,60,08-08-2025,Completed,100%,0,1
G002357,U021,10-08-2025,Health,Improve Fitness,Medium,60,41.08,24-09-2025,In Progress,68%,18.92,0
G002358,U060,15-03-2025,Personal,Travel More,Medium,10,10,07-05-2025,Completed,100%,0,1
G002359,U011,30-08-2025,Personal,Read More Books,High,30,10.59,15-11-2025,In Progress,35%,19.41,0
G002360,U141,29-08-2025,Productivity,Improve Productivity,High,20,10.9,31-12-2025,In Progress,55%,9.1,0
G002361,U161,28-05-2025,Learning,Learn SQL,Medium,150,8.09,13-09-2025,In Progress,5%,141.91,0
G002362,U091,25-07-2025,Health,Improve Fitness,Medium,200,95.61,18-11-2025,In Progress,48%,104.39,0
G002363,U193,19-05-2025,Financial,Save Emergency Fund,Medium,25000,4300.11,03-09-2025,In Progress,17%,20699.89,0
G002364,U188,12-05-2025,Health,Improve Sleep,High,30,0.06,01-07-2025,Overdue,0%,29.94,0
G002365,U084,22-07-2025,Financial,Reduce Monthly Expenses,Medium,50000,3341.36,10-12-2025,In Progress,7%,46658.64,0
G002366,U162,14-07-2025,Career,Build Portfolio,High,5,1.64,29-10-2025,In Progress,33%,3.36,0
G002367,U178,12-01-2025,Productivity,Complete Tasks on Time,Medium,80,24.66,02-03-2025,Overdue,31%,55.34,0
G002368,U118,04-06-2025,Productivity,Improve Productivity,High,40,17,20-11-2025,Cancelled,43%,23,0
G002369,U072,24-02-2025,Productivity,Complete Tasks on Time,High,80,54.4,25-05-2025,Overdue,68%,25.6,0
G002370,U076,13-05-2025,Productivity,Complete Tasks on Time,Low,40,38.31,07-07-2025,Overdue,96%,1.69,0
G002371,U146,28-04-2025,Learning,Learn Power BI,Medium,150,147.29,28-07-2025,Overdue,98%,2.71,0
G002372,U079,25-07-2025,Learning,Complete Certification,Medium,60,60,21-09-2025,Completed,100%,0,1
G002373,U045,25-01-2025,Personal,Improve Work-Life Balance,High,10,4.8,01-07-2025,Overdue,48%,5.2,0
G002374,U114,23-01-2025,Personal,Travel More,High,50,28.22,06-03-2025,In Progress,56%,21.78,0
G002375,U014,29-06-2025,Productivity,Complete Tasks on Time,Medium,20,5.91,21-11-2025,In Progress,30%,14.09,0
G002376,U187,14-06-2025,Learning,Learn SQL,Low,100,69.42,17-10-2025,In Progress,69%,30.58,0
G002377,U102,17-04-2025,Financial,Reduce Monthly Expenses,Medium,50000,3097.61,04-10-2025,Cancelled,6%,46902.39,0
G002378,U066,29-07-2025,Personal,Develop New Hobby,Low,10,10,31-12-2025,Completed,100%,0,1
G002379,U175,09-02-2025,Learning,Complete Python Course,Medium,60,50.97,04-07-2025,Overdue,85%,9.03,0
G002380,U129,28-01-2025,Career,Apply for Jobs,Medium,30,25.94,24-07-2025,Overdue,86%,4.06,0
G002381,U181,18-05-2025,Learning,Complete Python Course,Low,150,26.33,11-10-2025,In Progress,18%,123.67,0
G002382,U086,27-07-2025,Personal,Read More Books,Critical,20,14.55,14-09-2025,In Progress,73%,5.45,0
G002383,U180,16-08-2025,Financial,Reduce Monthly Expenses,Medium,25000,25000,06-10-2025,Completed,100%,0,1
G002384,U160,04-09-2025,Health,Improve Sleep,Medium,100,19.87,21-12-2025,In Progress,20%,80.13,0
G002385,U089,12-02-2025,Personal,Improve Work-Life Balance,Medium,10,2.68,24-05-2025,In Progress,27%,7.32,0
G002386,U155,04-03-2025,Financial,Reduce Monthly Expenses,Low,25000,14507.06,19-08-2025,Overdue,58%,10492.94,0
G002387,U141,22-02-2025,Productivity,Complete Tasks on Time,High,100,91.65,15-06-2025,In Progress,92%,8.35,0
G002388,U108,02-01-2025,Personal,Travel More,Medium,30,9.33,06-02-2025,Overdue,31%,20.67,0
G002389,U002,20-08-2025,Career,Build Portfolio,Medium,5,3.91,22-12-2025,In Progress,78%,1.09,0
G002390,U053,14-04-2025,Personal,Develop New Hobby,High,30,15.14,26-09-2025,In Progress,50%,14.86,0
G002391,U144,16-08-2025,Career,Apply for Jobs,Medium,10,8.75,31-12-2025,In Progress,88%,1.25,0
G002392,U027,12-06-2025,Learning,Complete Certification,Low,20,14.63,07-11-2025,In Progress,73%,5.37,0
G002393,U188,14-03-2025,Learning,Learn Power BI,Medium,20,16.07,04-05-2025,In Progress,80%,3.93,0
G002394,U115,03-02-2025,Productivity,Reduce Screen Time,Low,20,10.06,18-05-2025,In Progress,50%,9.94,0
G002395,U037,19-02-2025,Financial,Reduce Monthly Expenses,Critical,25000,4844.49,23-03-2025,In Progress,19%,20155.51,0
G002396,U087,04-03-2025,Personal,Read More Books,Low,5,5,17-05-2025,Completed,100%,0,1
G002397,U119,03-05-2025,Learning,Complete Python Course,Low,100,3.94,25-07-2025,In Progress,4%,96.06,0
G002398,U199,01-08-2025,Health,Walk Daily,High,200,8.43,31-12-2025,In Progress,4%,191.57,0
G002399,U170,02-09-2025,Personal,Travel More,Medium,30,3.01,18-11-2025,In Progress,10%,26.99,0
G002400,U035,27-02-2025,Health,Improve Sleep,Low,60,56.52,20-07-2025,Overdue,94%,3.48,0
G002401,U061,25-03-2025,Learning,Learn Power BI,Medium,100,100,04-08-2025,Completed,100%,0,1
G002402,U057,11-01-2025,Financial,Save Emergency Fund,Medium,25000,16925.18,21-06-2025,In Progress,68%,8074.82,0
G002403,U111,06-08-2025,Health,Improve Sleep,Low,150,150,05-09-2025,Completed,100%,0,1
G002404,U139,02-04-2025,Productivity,Complete Tasks on Time,High,100,10.82,17-06-2025,In Progress,11%,89.18,0
G002405,U075,13-04-2025,Learning,Complete Python Course,High,100,100,12-09-2025,Completed,100%,0,1
G002406,U116,02-04-2025,Financial,Increase Savings,Critical,100000,21450.45,27-06-2025,Overdue,21%,78549.55,0
G002407,U093,03-07-2025,Productivity,Increase Deep Work,High,60,2.84,18-10-2025,In Progress,5%,57.16,0
G002408,U021,15-04-2025,Career,Build Portfolio,Medium,10,1.86,11-06-2025,In Progress,19%,8.14,0
G002409,U012,25-07-2025,Productivity,Complete Tasks on Time,Medium,100,100,20-12-2025,Completed,100%,0,1
G002410,U168,11-06-2025,Career,Learn New Skill,High,30,0.36,21-07-2025,In Progress,1%,29.64,0
G002411,U113,12-02-2025,Career,Build Portfolio,Critical,30,25.31,29-04-2025,Overdue,84%,4.69,0
G002412,U171,02-03-2025,Personal,Develop New Hobby,Low,50,41.01,15-04-2025,In Progress,82%,8.99,0
G002413,U070,15-07-2025,Productivity,Improve Productivity,Low,60,16,22-11-2025,In Progress,27%,44,0
G002414,U162,17-02-2025,Health,Exercise Regularly,Critical,60,0.04,07-05-2025,In Progress,0%,59.96,0
G002415,U150,11-05-2025,Financial,Increase Savings,Medium,50000,14259.62,12-07-2025,Overdue,29%,35740.38,0
G002416,U108,12-02-2025,Health,Exercise Regularly,High,30,21.65,13-07-2025,Overdue,72%,8.35,0
G002417,U093,23-07-2025,Learning,Learn Power BI,Medium,60,44.89,31-12-2025,In Progress,75%,15.11,0
G002418,U199,01-02-2025,Financial,Reduce Monthly Expenses,Medium,10000,8302.71,31-03-2025,In Progress,83%,1697.29,0
G002419,U154,25-04-2025,Career,Learn New Skill,Low,5,1.92,10-09-2025,Cancelled,38%,3.08,0
G002420,U006,07-03-2025,Learning,Learn SQL,Low,20,20,17-06-2025,Completed,100%,0,1
G002421,U199,23-03-2025,Career,Build Portfolio,Medium,20,2.45,15-07-2025,Overdue,12%,17.55,0
G002422,U189,19-08-2025,Productivity,Increase Deep Work,High,80,42.63,31-12-2025,In Progress,53%,37.37,0
G002423,U006,11-04-2025,Career,Learn New Skill,Medium,5,5,17-08-2025,Completed,100%,0,1
G002424,U191,03-04-2025,Career,Build Portfolio,Medium,10,3.87,29-07-2025,Overdue,39%,6.13,0
G002425,U171,23-05-2025,Learning,Complete Certification,High,150,59.43,24-09-2025,In Progress,40%,90.57,0
G002426,U160,28-01-2025,Career,Learn New Skill,Medium,50,35.35,22-07-2025,In Progress,71%,14.65,0
G002427,U046,06-08-2025,Learning,Learn Power BI,High,20,20,14-11-2025,Completed,100%,0,1
G002428,U182,28-02-2025,Productivity,Increase Deep Work,Medium,20,16.7,02-06-2025,In Progress,84%,3.3,0
G002429,U145,03-02-2025,Productivity,Increase Deep Work,Medium,100,44.93,24-04-2025,In Progress,45%,55.07,0
G002430,U079,03-06-2025,Productivity,Reduce Screen Time,Low,100,37.3,02-08-2025,Overdue,37%,62.7,0
G002431,U017,25-04-2025,Career,Apply for Jobs,Medium,20,9.6,18-07-2025,In Progress,48%,10.4,0
G002432,U015,28-08-2025,Career,Learn New Skill,Low,50,34.88,14-10-2025,Cancelled,70%,15.12,0
G002433,U124,18-02-2025,Health,Walk Daily,High,60,60,12-04-2025,Completed,100%,0,1
G002434,U032,05-08-2025,Health,Improve Fitness,Low,200,29.06,20-11-2025,In Progress,15%,170.94,0
G002435,U091,31-08-2025,Health,Exercise Regularly,Medium,30,30,31-12-2025,Completed,100%,0,1
G002436,U092,22-07-2025,Career,Apply for Jobs,Low,10,7.73,18-12-2025,In Progress,77%,2.27,0
G002437,U113,27-07-2025,Health,Exercise Regularly,High,150,4.06,12-10-2025,Cancelled,3%,145.94,0
G002438,U093,02-09-2025,Productivity,Reduce Screen Time,Medium,20,10.16,18-11-2025,In Progress,51%,9.84,0
G002439,U155,16-04-2025,Personal,Read More Books,Medium,20,5.51,08-10-2025,Not Started,28%,14.49,0
G002440,U103,24-01-2025,Productivity,Increase Deep Work,Critical,100,15.79,02-06-2025,Overdue,16%,84.21,0
G002441,U102,06-05-2025,Learning,Learn Power BI,Medium,150,24.16,31-08-2025,In Progress,16%,125.84,0
G002442,U017,23-01-2025,Productivity,Improve Productivity,High,60,31.23,10-07-2025,Overdue,52%,28.77,0
G002443,U164,12-07-2025,Learning,Complete Certification,Medium,60,60,31-12-2025,Completed,100%,0,1
G002444,U107,08-04-2025,Career,Improve Resume,Low,20,9.79,11-07-2025,Overdue,49%,10.21,0
G002445,U117,30-04-2025,Health,Improve Fitness,Low,60,43.96,27-09-2025,In Progress,73%,16.04,0
G002446,U015,04-06-2025,Financial,Build Investment Fund,High,25000,24872.36,13-07-2025,In Progress,99%,127.64,0
G002447,U139,11-08-2025,Learning,Learn SQL,Medium,40,0.14,07-11-2025,In Progress,0%,39.86,0
G002448,U155,23-08-2025,Productivity,Improve Productivity,Medium,80,27.6,25-11-2025,In Progress,35%,52.4,0
G002449,U042,14-04-2025,Health,Improve Fitness,Medium,100,3.5,29-09-2025,In Progress,4%,96.5,0
G002450,U019,27-08-2025,Financial,Reduce Monthly Expenses,High,200000,200000,31-12-2025,Completed,100%,0,1
G002451,U191,11-03-2025,Financial,Increase Savings,Medium,200000,70548.54,28-06-2025,In Progress,35%,129451.46,0
G002452,U109,04-07-2025,Learning,Complete Certification,Medium,60,27.72,20-11-2025,In Progress,46%,32.28,0
G002453,U151,16-06-2025,Health,Exercise Regularly,Critical,30,14.48,17-09-2025,In Progress,48%,15.52,0
G002454,U032,18-07-2025,Learning,Complete Certification,Medium,40,11.21,11-10-2025,In Progress,28%,28.79,0
G002455,U003,07-03-2025,Productivity,Increase Deep Work,High,100,100,02-09-2025,Completed,100%,0,1
G002456,U115,11-05-2025,Career,Improve Resume,Medium,20,20,21-06-2025,Completed,100%,0,1
G002457,U183,30-01-2025,Health,Improve Fitness,Low,200,84.47,09-03-2025,Overdue,42%,115.53,0
G002458,U182,01-06-2025,Career,Improve Resume,Low,10,6.29,25-10-2025,In Progress,63%,3.71,0
G002459,U088,06-01-2025,Career,Apply for Jobs,Medium,30,29.51,05-02-2025,In Progress,98%,0.49,0
G002460,U078,17-02-2025,Financial,Increase Savings,High,25000,24247.83,13-04-2025,Overdue,97%,752.17,0
G002461,U012,01-03-2025,Productivity,Increase Deep Work,Low,20,1.65,21-04-2025,Overdue,8%,18.35,0
G002462,U167,08-08-2025,Productivity,Complete Tasks on Time,Medium,80,31.21,20-10-2025,In Progress,39%,48.79,0
G002463,U131,11-03-2025,Learning,Complete Python Course,High,100,74.8,22-04-2025,Overdue,75%,25.2,0
G002464,U069,18-01-2025,Learning,Learn Power BI,High,100,18.06,28-02-2025,In Progress,18%,81.94,0
G002465,U029,16-01-2025,Career,Learn New Skill,Medium,20,5.06,23-06-2025,Overdue,25%,14.94,0
G002466,U190,24-01-2025,Career,Build Portfolio,Medium,50,27.87,12-05-2025,In Progress,56%,22.13,0
G002467,U087,16-07-2025,Financial,Save Emergency Fund,Low,100000,83953.17,25-11-2025,In Progress,84%,16046.83,0
G002468,U030,09-06-2025,Productivity,Reduce Screen Time,Medium,80,5.54,19-09-2025,In Progress,7%,74.46,0
G002469,U187,11-03-2025,Productivity,Increase Deep Work,Medium,40,12.2,21-08-2025,Overdue,31%,27.8,0
G002470,U147,01-04-2025,Personal,Read More Books,Medium,10,2.11,21-09-2025,In Progress,21%,7.89,0
G002471,U101,16-04-2025,Productivity,Improve Productivity,Medium,80,65.87,23-07-2025,In Progress,82%,14.13,0
G002472,U043,30-08-2025,Health,Improve Fitness,Low,150,150,15-10-2025,Completed,100%,0,1
G002473,U162,15-01-2025,Personal,Improve Work-Life Balance,Medium,50,46.72,14-02-2025,Overdue,93%,3.28,0
G002474,U088,22-01-2025,Financial,Build Investment Fund,High,10000,5672.19,09-06-2025,In Progress,57%,4327.81,0
G002475,U012,15-01-2025,Health,Improve Sleep,Critical,150,150,27-04-2025,Completed,100%,0,1
G002476,U199,13-07-2025,Career,Build Portfolio,High,20,20,16-11-2025,Completed,100%,0,1
G002477,U020,31-05-2025,Financial,Build Investment Fund,High,200000,200000,20-08-2025,Completed,100%,0,1
G002478,U162,21-04-2025,Personal,Develop New Hobby,Medium,10,1.1,22-06-2025,Overdue,11%,8.9,0
G002479,U037,14-08-2025,Productivity,Improve Productivity,Medium,100,16.59,07-10-2025,In Progress,17%,83.41,0
G002480,U175,04-09-2025,Financial,Save Emergency Fund,Medium,200000,12904.77,31-12-2025,Cancelled,6%,187095.23,0
G002481,U073,09-07-2025,Financial,Reduce Monthly Expenses,Medium,25000,7347.35,23-11-2025,Cancelled,29%,17652.65,0
G002482,U106,10-04-2025,Learning,Complete Python Course,Medium,150,2.85,27-06-2025,In Progress,2%,147.15,0
G002483,U104,02-03-2025,Personal,Travel More,Medium,30,30,25-07-2025,Completed,100%,0,1
G002484,U113,01-05-2025,Financial,Build Investment Fund,Medium,25000,7734.47,14-10-2025,Not Started,31%,17265.53,0
G002485,U141,16-02-2025,Productivity,Reduce Screen Time,Low,100,89.68,01-07-2025,Overdue,90%,10.32,0
G002486,U142,08-01-2025,Productivity,Reduce Screen Time,Low,80,54.55,15-05-2025,Overdue,68%,25.45,0
G002487,U089,29-08-2025,Personal,Develop New Hobby,Medium,10,2.79,30-09-2025,In Progress,28%,7.21,0
G002488,U200,02-09-2025,Financial,Reduce Monthly Expenses,Medium,50000,50000,01-12-2025,Completed,100%,0,1
G002489,U101,03-09-2025,Health,Improve Sleep,Medium,30,2.6,31-12-2025,Not Started,9%,27.4,0
G002490,U133,19-06-2025,Personal,Read More Books,High,10,10,20-10-2025,Completed,100%,0,1
G002491,U136,27-03-2025,Personal,Improve Work-Life Balance,Low,10,8.14,08-09-2025,In Progress,81%,1.86,0
G002492,U130,15-08-2025,Career,Learn New Skill,Low,5,4.75,27-09-2025,Cancelled,95%,0.25,0
G002493,U066,12-05-2025,Financial,Build Investment Fund,High,10000,4516.95,24-07-2025,Overdue,45%,5483.05,0
G002494,U124,17-03-2025,Productivity,Reduce Screen Time,Medium,80,29.3,14-06-2025,Overdue,37%,50.7,0
G002495,U200,28-01-2025,Career,Apply for Jobs,Low,30,29.22,22-03-2025,Overdue,97%,0.78,0
G002496,U133,16-02-2025,Health,Exercise Regularly,Medium,150,113.71,31-05-2025,In Progress,76%,36.29,0
G002497,U071,02-02-2025,Productivity,Reduce Screen Time,Medium,100,16.5,12-07-2025,In Progress,17%,83.5,0
G002498,U074,22-02-2025,Productivity,Improve Productivity,Low,100,59.97,14-05-2025,Overdue,60%,40.03,0
G002499,U193,08-01-2025,Financial,Reduce Monthly Expenses,Medium,10000,5457.1,16-04-2025,Overdue,55%,4542.9,0
G002500,U166,21-03-2025,Productivity,Improve Productivity,Medium,60,6.29,24-06-2025,In Progress,10%,53.71,0
G002501,U011,11-02-2025,Health,Walk Daily,High,200,66.96,31-05-2025,In Progress,33%,133.04,0
G002502,U192,10-03-2025,Productivity,Complete Tasks on Time,Low,40,6.27,10-07-2025,In Progress,16%,33.73,0
G002503,U069,31-01-2025,Career,Improve Resume,High,30,3.45,17-06-2025,Overdue,12%,26.55,0
G002504,U183,07-09-2025,Career,Apply for Jobs,Critical,20,14.11,31-12-2025,In Progress,71%,5.89,0
G002505,U113,19-02-2025,Productivity,Reduce Screen Time,Medium,40,6.28,22-04-2025,In Progress,16%,33.72,0
G002506,U024,03-04-2025,Career,Learn New Skill,High,20,20,19-05-2025,Completed,100%,0,1
G002507,U092,17-06-2025,Health,Improve Fitness,High,200,179.08,25-10-2025,In Progress,90%,20.92,0
G002508,U067,10-07-2025,Learning,Complete Python Course,High,100,86.8,12-08-2025,Overdue,87%,13.2,0
G002509,U068,06-03-2025,Productivity,Complete Tasks on Time,Medium,100,22.77,24-04-2025,Overdue,23%,77.23,0
G002510,U191,27-07-2025,Productivity,Complete Tasks on Time,Low,60,12.93,05-10-2025,In Progress,22%,47.07,0
G002511,U001,30-05-2025,Career,Build Portfolio,High,20,16.04,03-08-2025,Overdue,80%,3.96,0
G002512,U120,01-04-2025,Health,Improve Sleep,High,30,9.67,24-07-2025,In Progress,32%,20.33,0
G002513,U162,01-04-2025,Learning,Complete Certification,Low,40,7,08-06-2025,In Progress,18%,33,0
G002514,U129,07-02-2025,Personal,Improve Work-Life Balance,Low,5,3.82,18-03-2025,In Progress,76%,1.18,0
G002515,U172,28-05-2025,Career,Apply for Jobs,Low,30,16.6,11-07-2025,In Progress,55%,13.4,0
G002516,U062,19-02-2025,Productivity,Improve Productivity,Medium,20,8.68,12-06-2025,Overdue,43%,11.32,0
G002517,U131,27-08-2025,Financial,Save Emergency Fund,Low,25000,16926.07,31-12-2025,In Progress,68%,8073.93,0
G002518,U159,15-04-2025,Learning,Complete Python Course,Medium,100,27.91,08-09-2025,In Progress,28%,72.09,0
G002519,U078,01-08-2025,Health,Walk Daily,Medium,200,159.12,23-10-2025,In Progress,80%,40.88,0
G002520,U178,11-07-2025,Financial,Reduce Monthly Expenses,Low,25000,4235.71,27-11-2025,In Progress,17%,20764.29,0
G002521,U148,27-01-2025,Career,Build Portfolio,High,20,6.9,05-03-2025,Overdue,35%,13.1,0
G002522,U194,27-03-2025,Financial,Increase Savings,High,50000,50000,11-09-2025,Completed,100%,0,1
G002523,U024,23-06-2025,Productivity,Increase Deep Work,Medium,60,29.41,04-11-2025,In Progress,49%,30.59,0
G002524,U160,27-07-2025,Financial,Increase Savings,Medium,10000,8084.61,10-10-2025,In Progress,81%,1915.39,0
G002525,U110,13-04-2025,Productivity,Complete Tasks on Time,Medium,60,27.62,13-08-2025,Overdue,46%,32.38,0
G002526,U075,26-02-2025,Productivity,Complete Tasks on Time,Medium,40,16.77,29-04-2025,In Progress,42%,23.23,0
G002527,U022,02-02-2025,Learning,Learn SQL,Medium,20,16.13,19-03-2025,Overdue,81%,3.87,0
G002528,U192,01-04-2025,Productivity,Increase Deep Work,Low,80,8.74,25-05-2025,Overdue,11%,71.26,0
G002529,U041,02-07-2025,Financial,Reduce Monthly Expenses,High,100000,98711.92,16-09-2025,In Progress,99%,1288.08,0
G002530,U102,13-03-2025,Personal,Improve Work-Life Balance,Low,20,20,19-07-2025,Completed,100%,0,1
G002531,U099,21-06-2025,Productivity,Reduce Screen Time,High,60,50.77,31-07-2025,Overdue,85%,9.23,0
G002532,U016,23-08-2025,Personal,Develop New Hobby,Medium,50,16.5,27-09-2025,In Progress,33%,33.5,0
G002533,U073,04-03-2025,Career,Improve Resume,Low,50,27.84,01-07-2025,In Progress,56%,22.16,0
G002534,U144,05-01-2025,Financial,Save Emergency Fund,Critical,200000,200000,05-02-2025,Completed,100%,0,1
G002535,U167,30-01-2025,Productivity,Complete Tasks on Time,Medium,20,14.79,10-07-2025,Overdue,74%,5.21,0
G002536,U150,22-03-2025,Health,Improve Sleep,Low,30,10.23,05-07-2025,Overdue,34%,19.77,0
G002537,U128,19-02-2025,Career,Learn New Skill,High,50,14.96,12-04-2025,Overdue,30%,35.04,0
G002538,U079,26-06-2025,Career,Improve Resume,Medium,20,2.72,10-12-2025,In Progress,14%,17.28,0
G002539,U049,13-06-2025,Personal,Improve Work-Life Balance,Low,5,0.62,05-10-2025,In Progress,12%,4.38,0
G002540,U127,11-06-2025,Personal,Read More Books,Medium,30,30,15-07-2025,Completed,100%,0,1
G002541,U006,22-03-2025,Personal,Improve Work-Life Balance,High,10,1.14,16-07-2025,Overdue,11%,8.86,0
G002542,U029,22-08-2025,Financial,Increase Savings,Medium,200000,119819.83,31-12-2025,In Progress,60%,80180.17,0
G002543,U113,25-06-2025,Career,Learn New Skill,Critical,30,19.4,30-09-2025,In Progress,65%,10.6,0
G002544,U024,13-02-2025,Health,Improve Sleep,Medium,100,38.62,20-07-2025,Overdue,39%,61.38,0
G002545,U055,20-01-2025,Productivity,Complete Tasks on Time,Medium,40,30.2,23-06-2025,In Progress,76%,9.8,0
G002546,U190,17-07-2025,Learning,Learn Power BI,High,40,40,03-12-2025,Completed,100%,0,1
G002547,U044,20-05-2025,Learning,Complete Python Course,Medium,150,82.31,29-08-2025,In Progress,55%,67.69,0
G002548,U185,11-07-2025,Health,Improve Fitness,Medium,150,13.04,30-08-2025,In Progress,9%,136.96,0
G002549,U099,24-02-2025,Personal,Read More Books,Medium,5,4.25,28-04-2025,In Progress,85%,0.75,0
G002550,U097,08-03-2025,Productivity,Reduce Screen Time,Medium,40,37.67,01-09-2025,In Progress,94%,2.33,0
G002551,U057,26-07-2025,Financial,Increase Savings,High,10000,3629.74,10-11-2025,In Progress,36%,6370.26,0
G002552,U189,10-08-2025,Career,Apply for Jobs,Medium,50,48.13,31-12-2025,Not Started,96%,1.87,0
G002553,U189,28-08-2025,Personal,Develop New Hobby,High,10,3.8,30-10-2025,In Progress,38%,6.2,0
G002554,U078,17-03-2025,Financial,Increase Savings,High,100000,27127.79,07-09-2025,In Progress,27%,72872.21,0
G002555,U030,22-06-2025,Productivity,Improve Productivity,High,100,2.1,05-09-2025,In Progress,2%,97.9,0
G002556,U028,19-07-2025,Learning,Learn Power BI,High,150,57.18,22-08-2025,In Progress,38%,92.82,0
G002557,U016,19-06-2025,Learning,Complete Python Course,Medium,40,7.53,03-10-2025,In Progress,19%,32.47,0
G002558,U085,04-03-2025,Health,Exercise Regularly,High,60,9.43,10-07-2025,In Progress,16%,50.57,0
G002559,U117,12-03-2025,Financial,Increase Savings,Medium,50000,3446.66,01-07-2025,Overdue,7%,46553.34,0
G002560,U192,06-05-2025,Personal,Improve Work-Life Balance,High,30,23.69,18-09-2025,In Progress,79%,6.31,0
G002561,U196,27-01-2025,Health,Improve Sleep,Medium,200,124.18,03-04-2025,Overdue,62%,75.82,0
G002562,U180,25-03-2025,Learning,Complete Python Course,Low,100,100,21-08-2025,Completed,100%,0,1
G002563,U139,22-08-2025,Productivity,Complete Tasks on Time,Medium,20,2.93,29-12-2025,Not Started,15%,17.07,0
G002564,U167,22-06-2025,Financial,Reduce Monthly Expenses,Medium,10000,8574.61,12-12-2025,In Progress,86%,1425.39,0
G002565,U003,03-09-2025,Health,Improve Fitness,Critical,30,30,31-12-2025,Completed,100%,0,1
G002566,U134,16-02-2025,Personal,Read More Books,Medium,20,6.88,04-04-2025,In Progress,34%,13.12,0
G002567,U161,06-07-2025,Personal,Read More Books,High,20,7.55,12-08-2025,Overdue,38%,12.45,0
G002568,U018,15-02-2025,Productivity,Increase Deep Work,Low,40,24.93,19-07-2025,Overdue,62%,15.07,0
G002569,U029,24-04-2025,Productivity,Complete Tasks on Time,Low,20,8.38,06-06-2025,In Progress,42%,11.62,0
G002570,U042,07-08-2025,Financial,Increase Savings,Medium,200000,170452.73,31-12-2025,In Progress,85%,29547.27,0
G002571,U004,24-05-2025,Personal,Develop New Hobby,Low,30,30,26-08-2025,Completed,100%,0,1
G002572,U085,09-04-2025,Career,Improve Resume,Medium,10,0.33,14-08-2025,In Progress,3%,9.67,0
G002573,U078,25-03-2025,Health,Improve Sleep,Critical,30,12.13,17-09-2025,In Progress,40%,17.87,0
G002574,U190,21-02-2025,Career,Apply for Jobs,Medium,30,12.86,16-07-2025,In Progress,43%,17.14,0
G002575,U144,22-08-2025,Career,Improve Resume,Medium,30,26.56,08-11-2025,In Progress,89%,3.44,0
G002576,U170,22-01-2025,Career,Improve Resume,Medium,5,5,05-06-2025,Completed,100%,0,1
G002577,U199,03-05-2025,Productivity,Increase Deep Work,High,60,60,12-06-2025,Completed,100%,0,1
G002578,U039,08-04-2025,Career,Learn New Skill,Low,20,11.83,12-07-2025,Overdue,59%,8.17,0
G002579,U035,19-08-2025,Career,Improve Resume,Low,5,0.44,31-12-2025,In Progress,9%,4.56,0
G002580,U081,18-08-2025,Career,Apply for Jobs,Medium,50,20.47,04-10-2025,Not Started,41%,29.53,0
G002581,U004,31-08-2025,Learning,Complete Python Course,High,100,47.63,31-12-2025,Cancelled,48%,52.37,0
G002582,U113,04-04-2025,Productivity,Reduce Screen Time,Low,80,80,01-08-2025,Completed,100%,0,1
G002583,U174,21-01-2025,Career,Improve Resume,Medium,30,1.55,13-07-2025,Overdue,5%,28.45,0
G002584,U083,23-08-2025,Financial,Increase Savings,High,10000,10000,31-12-2025,Completed,100%,0,1
G002585,U143,29-03-2025,Learning,Learn Power BI,High,40,9.24,14-07-2025,In Progress,23%,30.76,0
G002586,U154,13-07-2025,Learning,Complete Python Course,High,40,1.07,30-09-2025,In Progress,3%,38.93,0
G002587,U200,15-08-2025,Personal,Develop New Hobby,Medium,5,2.48,24-11-2025,In Progress,50%,2.52,0
G002588,U066,16-01-2025,Health,Walk Daily,Medium,60,60,07-07-2025,Completed,100%,0,1
G002589,U184,21-07-2025,Learning,Learn SQL,Medium,20,10.6,07-10-2025,In Progress,53%,9.4,0
G002590,U144,15-06-2025,Learning,Learn SQL,Critical,150,36.96,09-11-2025,In Progress,25%,113.04,0
G002591,U099,16-02-2025,Personal,Improve Work-Life Balance,Low,50,50,16-07-2025,Completed,100%,0,1
G002592,U018,10-08-2025,Learning,Complete Certification,Low,20,3.79,16-10-2025,In Progress,19%,16.21,0
G002593,U052,17-07-2025,Financial,Increase Savings,Medium,25000,25000,29-11-2025,Completed,100%,0,1
G002594,U083,08-05-2025,Personal,Travel More,Medium,50,50,18-10-2025,Completed,100%,0,1
G002595,U173,08-09-2025,Learning,Complete Certification,Medium,20,10.95,16-10-2025,In Progress,55%,9.05,0
G002596,U070,29-06-2025,Productivity,Reduce Screen Time,Medium,60,54.85,22-11-2025,In Progress,91%,5.15,0
G002597,U181,16-01-2025,Learning,Learn SQL,High,100,100,04-03-2025,Completed,100%,0,1
G002598,U002,14-03-2025,Personal,Improve Work-Life Balance,Medium,5,2.33,16-04-2025,In Progress,47%,2.67,0
G002599,U077,17-01-2025,Health,Improve Sleep,Medium,30,24.96,29-06-2025,In Progress,83%,5.04,0
G002600,U087,08-01-2025,Personal,Travel More,High,50,0.75,09-05-2025,In Progress,2%,49.25,0
G002601,U029,13-05-2025,Career,Learn New Skill,Medium,10,4.93,26-09-2025,Not Started,49%,5.07,0
G002602,U104,05-01-2025,Health,Improve Sleep,Medium,150,75.6,23-03-2025,Overdue,50%,74.4,0
G002603,U034,22-06-2025,Personal,Improve Work-Life Balance,Medium,10,2.25,13-12-2025,In Progress,23%,7.75,0
G002604,U175,31-01-2025,Career,Build Portfolio,Medium,50,35.99,26-03-2025,In Progress,72%,14.01,0
G002605,U117,21-07-2025,Productivity,Increase Deep Work,Low,100,14.91,31-10-2025,In Progress,15%,85.09,0
G002606,U178,05-02-2025,Career,Improve Resume,Medium,50,50,14-05-2025,Completed,100%,0,1
G002607,U076,22-05-2025,Personal,Develop New Hobby,Low,10,0.41,05-08-2025,In Progress,4%,9.59,0
G002608,U133,23-05-2025,Learning,Complete Python Course,Medium,60,33.51,13-11-2025,In Progress,56%,26.49,0
G002609,U084,31-07-2025,Personal,Improve Work-Life Balance,Critical,50,50,01-09-2025,Completed,100%,0,1
G002610,U099,04-09-2025,Learning,Complete Python Course,High,60,60,31-12-2025,Completed,100%,0,1
G002611,U148,31-03-2025,Career,Build Portfolio,High,20,6.63,18-09-2025,In Progress,33%,13.37,0
G002612,U077,06-01-2025,Productivity,Complete Tasks on Time,Medium,60,10.87,28-03-2025,Overdue,18%,49.13,0
G002613,U152,06-08-2025,Health,Improve Sleep,Medium,30,29.1,31-12-2025,Not Started,97%,0.9,0
G002614,U068,07-07-2025,Personal,Travel More,High,30,10.27,16-12-2025,Cancelled,34%,19.73,0
G002615,U053,13-01-2025,Financial,Reduce Monthly Expenses,Critical,200000,79367.15,24-02-2025,Overdue,40%,120632.85,0
G002616,U017,07-01-2025,Learning,Learn SQL,High,20,4.5,24-02-2025,Overdue,23%,15.5,0
G002617,U157,16-02-2025,Health,Improve Sleep,Medium,150,6.15,21-05-2025,Overdue,4%,143.85,0
G002618,U089,15-03-2025,Personal,Develop New Hobby,Critical,10,7.37,03-08-2025,In Progress,74%,2.63,0
G002619,U199,12-08-2025,Health,Exercise Regularly,Medium,200,200,31-12-2025,Completed,100%,0,1
G002620,U111,13-02-2025,Productivity,Reduce Screen Time,Low,20,19.15,02-07-2025,Overdue,96%,0.85,0
G002621,U159,29-08-2025,Learning,Learn Power BI,Medium,100,100,13-10-2025,Completed,100%,0,1
G002622,U117,27-07-2025,Health,Exercise Regularly,Critical,100,60.39,31-12-2025,Cancelled,60%,39.61,0
G002623,U055,01-04-2025,Career,Learn New Skill,High,20,20,02-06-2025,Completed,100%,0,1
G002624,U145,18-02-2025,Financial,Increase Savings,Low,50000,22228.4,01-08-2025,In Progress,44%,27771.6,0
G002625,U164,27-08-2025,Personal,Travel More,Medium,10,8.63,06-10-2025,Not Started,86%,1.37,0
G002626,U152,08-02-2025,Productivity,Reduce Screen Time,High,20,8.01,10-04-2025,In Progress,40%,11.99,0
G002627,U011,05-07-2025,Career,Apply for Jobs,Low,5,3.46,17-08-2025,In Progress,69%,1.54,0
G002628,U157,17-02-2025,Health,Exercise Regularly,High,200,157.98,07-07-2025,In Progress,79%,42.02,0
G002629,U146,05-09-2025,Learning,Learn Power BI,High,40,28.7,26-12-2025,In Progress,72%,11.3,0
G002630,U001,20-01-2025,Personal,Travel More,High,10,2.38,08-06-2025,In Progress,24%,7.62,0
G002631,U011,23-05-2025,Financial,Build Investment Fund,Medium,200000,2399.02,17-09-2025,Not Started,1%,197600.98,0
G002632,U149,19-01-2025,Productivity,Reduce Screen Time,Medium,20,20,04-03-2025,Completed,100%,0,1
G002633,U021,10-08-2025,Financial,Reduce Monthly Expenses,High,25000,6537.36,31-12-2025,In Progress,26%,18462.64,0
G002634,U115,13-04-2025,Financial,Increase Savings,High,200000,11945.97,19-09-2025,Not Started,6%,188054.03,0
G002635,U118,14-07-2025,Learning,Complete Python Course,Low,100,71.02,13-10-2025,In Progress,71%,28.98,0
G002636,U017,15-02-2025,Productivity,Improve Productivity,Medium,20,20,23-07-2025,Completed,100%,0,1
G002637,U137,21-08-2025,Learning,Learn SQL,Medium,100,29.22,31-12-2025,In Progress,29%,70.78,0
G002638,U170,10-05-2025,Learning,Complete Python Course,Medium,20,14.86,11-08-2025,In Progress,74%,5.14,0
G002639,U080,10-03-2025,Personal,Travel More,High,10,10,17-04-2025,Completed,100%,0,1
G002640,U166,17-01-2025,Health,Improve Fitness,Low,150,130.73,20-06-2025,In Progress,87%,19.27,0
G002641,U150,09-04-2025,Financial,Increase Savings,Medium,100000,72873.61,10-09-2025,In Progress,73%,27126.39,0
G002642,U140,11-05-2025,Career,Build Portfolio,Medium,5,3.49,18-06-2025,In Progress,70%,1.51,0
G002643,U093,16-02-2025,Learning,Learn SQL,Medium,40,30.8,11-06-2025,In Progress,77%,9.2,0
G002644,U179,02-02-2025,Health,Improve Fitness,Medium,100,100,11-07-2025,Completed,100%,0,1
G002645,U045,29-03-2025,Productivity,Reduce Screen Time,High,40,19.72,22-06-2025,In Progress,49%,20.28,0
G002646,U089,27-02-2025,Productivity,Complete Tasks on Time,Low,40,40,14-08-2025,Completed,100%,0,1
G002647,U128,07-09-2025,Health,Improve Fitness,Low,150,60.86,31-12-2025,In Progress,41%,89.14,0
G002648,U115,15-01-2025,Personal,Develop New Hobby,Medium,5,0.8,12-05-2025,In Progress,16%,4.2,0
G002649,U161,27-04-2025,Personal,Travel More,Critical,30,17.8,21-08-2025,In Progress,59%,12.2,0
G002650,U013,15-08-2025,Health,Improve Sleep,Medium,200,12.63,21-10-2025,In Progress,6%,187.37,0
G002651,U083,15-01-2025,Learning,Complete Python Course,Medium,150,88.15,06-05-2025,In Progress,59%,61.85,0
G002652,U098,12-07-2025,Personal,Improve Work-Life Balance,Medium,30,24.53,13-11-2025,In Progress,82%,5.47,0
G002653,U098,31-03-2025,Health,Exercise Regularly,Low,30,25.66,25-08-2025,In Progress,86%,4.34,0
G002654,U015,06-01-2025,Health,Improve Sleep,Low,60,60,14-04-2025,Completed,100%,0,1
G002655,U023,04-08-2025,Productivity,Reduce Screen Time,Medium,60,24.04,13-09-2025,In Progress,40%,35.96,0
G002656,U113,25-03-2025,Learning,Learn Power BI,Medium,40,38.58,10-06-2025,In Progress,96%,1.42,0
G002657,U161,17-01-2025,Health,Exercise Regularly,Medium,30,16.89,19-06-2025,In Progress,56%,13.11,0
G002658,U184,30-03-2025,Career,Improve Resume,Medium,30,11.21,08-05-2025,Overdue,37%,18.79,0
G002659,U091,27-03-2025,Health,Walk Daily,Medium,60,36.22,31-07-2025,Overdue,60%,23.78,0
G002660,U058,19-04-2025,Career,Build Portfolio,Low,20,20,30-06-2025,Completed,100%,0,1
G002661,U082,07-06-2025,Career,Apply for Jobs,Medium,50,9.96,24-07-2025,In Progress,20%,40.04,0
G002662,U172,27-07-2025,Learning,Complete Python Course,Medium,20,11.13,27-11-2025,Not Started,56%,8.87,0
G002663,U008,26-04-2025,Career,Apply for Jobs,Medium,30,4.01,18-10-2025,In Progress,13%,25.99,0
G002664,U007,28-07-2025,Health,Exercise Regularly,Critical,200,69.56,22-11-2025,In Progress,35%,130.44,0
G002665,U136,10-08-2025,Financial,Reduce Monthly Expenses,Medium,25000,25000,12-10-2025,Completed,100%,0,1
G002666,U131,02-07-2025,Career,Improve Resume,High,50,50,21-10-2025,Completed,100%,0,1
G002667,U003,24-02-2025,Health,Walk Daily,High,200,200,12-05-2025,Completed,100%,0,1
G002668,U120,09-04-2025,Health,Improve Sleep,Medium,100,61.8,09-07-2025,Overdue,62%,38.2,0
G002669,U164,31-05-2025,Personal,Improve Work-Life Balance,Medium,30,30,15-09-2025,Completed,100%,0,1
G002670,U095,08-04-2025,Personal,Develop New Hobby,Low,30,9.06,09-08-2025,Overdue,30%,20.94,0
G002671,U011,10-03-2025,Personal,Read More Books,High,5,5,25-06-2025,Completed,100%,0,1
G002672,U014,22-03-2025,Financial,Build Investment Fund,High,100000,43800.03,20-06-2025,Overdue,44%,56199.97,0
G002673,U108,12-06-2025,Personal,Improve Work-Life Balance,Low,30,6.18,19-10-2025,Not Started,21%,23.82,0
G002674,U026,16-01-2025,Personal,Read More Books,Medium,50,44.72,24-05-2025,Overdue,89%,5.28,0
G002675,U023,12-02-2025,Personal,Develop New Hobby,Medium,10,2.18,20-06-2025,Overdue,22%,7.82,0
G002676,U158,15-02-2025,Productivity,Improve Productivity,Low,60,2.08,08-07-2025,In Progress,3%,57.92,0
G002677,U007,07-02-2025,Career,Apply for Jobs,Low,5,0.49,05-04-2025,In Progress,10%,4.51,0
G002678,U140,30-01-2025,Personal,Develop New Hobby,Medium,10,5.58,22-07-2025,In Progress,56%,4.42,0
G002679,U082,12-05-2025,Career,Build Portfolio,High,50,50,19-08-2025,Completed,100%,0,1
G002680,U081,30-06-2025,Financial,Build Investment Fund,Medium,100000,100000,30-11-2025,Completed,100%,0,1
G002681,U166,18-03-2025,Personal,Read More Books,Low,5,1.24,21-06-2025,Overdue,25%,3.76,0
G002682,U017,04-02-2025,Productivity,Complete Tasks on Time,High,100,25.11,04-06-2025,In Progress,25%,74.89,0
G002683,U199,25-03-2025,Financial,Build Investment Fund,High,25000,19667.27,31-05-2025,Overdue,79%,5332.73,0
G002684,U026,12-02-2025,Financial,Increase Savings,Medium,10000,6510.91,11-07-2025,In Progress,65%,3489.09,0
G002685,U029,27-06-2025,Financial,Save Emergency Fund,Low,50000,41382.01,22-10-2025,Not Started,83%,8617.99,0
G002686,U027,11-04-2025,Financial,Increase Savings,Medium,50000,5065.09,14-08-2025,In Progress,10%,44934.91,0
G002687,U140,06-09-2025,Learning,Complete Certification,High,100,85.74,31-12-2025,Cancelled,86%,14.26,0
G002688,U030,18-02-2025,Personal,Improve Work-Life Balance,Low,5,2.17,08-07-2025,In Progress,43%,2.83,0
G002689,U018,11-02-2025,Financial,Build Investment Fund,Medium,25000,5439.29,19-04-2025,In Progress,22%,19560.71,0
G002690,U117,23-04-2025,Personal,Travel More,Medium,5,5,11-07-2025,Completed,100%,0,1
G002691,U120,10-07-2025,Career,Learn New Skill,High,10,0.88,28-08-2025,Overdue,9%,9.12,0
G002692,U180,12-01-2025,Personal,Develop New Hobby,High,20,7.85,05-06-2025,In Progress,39%,12.15,0
G002693,U050,28-07-2025,Health,Walk Daily,High,60,18.32,31-12-2025,In Progress,31%,41.68,0
G002694,U119,22-06-2025,Career,Improve Resume,Medium,20,16.38,06-08-2025,Overdue,82%,3.62,0
G002695,U175,25-01-2025,Learning,Complete Certification,Low,20,7.45,28-06-2025,In Progress,37%,12.55,0
G002696,U117,30-05-2025,Health,Exercise Regularly,Critical,60,60,27-10-2025,Completed,100%,0,1
G002697,U099,03-02-2025,Career,Apply for Jobs,Low,30,19.94,15-07-2025,Overdue,66%,10.06,0
G002698,U014,16-01-2025,Health,Improve Fitness,Medium,30,15.52,18-03-2025,In Progress,52%,14.48,0
G002699,U054,13-04-2025,Health,Walk Daily,Medium,150,140.64,22-06-2025,In Progress,94%,9.36,0
G002700,U153,27-07-2025,Personal,Read More Books,Low,5,5,30-08-2025,Completed,100%,0,1
G002701,U021,12-08-2025,Productivity,Increase Deep Work,Medium,100,8.19,15-10-2025,In Progress,8%,91.81,0
G002702,U129,04-06-2025,Health,Improve Sleep,Low,150,120.49,27-08-2025,In Progress,80%,29.51,0
G002703,U183,19-06-2025,Learning,Learn SQL,Critical,60,60,23-11-2025,Completed,100%,0,1
G002704,U191,01-03-2025,Financial,Increase Savings,Low,10000,4875.66,29-07-2025,In Progress,49%,5124.34,0
G002705,U004,25-02-2025,Financial,Reduce Monthly Expenses,Medium,50000,24300.79,19-06-2025,In Progress,49%,25699.21,0
G002706,U104,06-07-2025,Learning,Complete Python Course,Medium,40,19.61,15-09-2025,Not Started,49%,20.39,0
G002707,U178,28-03-2025,Learning,Complete Python Course,Low,100,0.59,31-08-2025,Not Started,1%,99.41,0
G002708,U170,22-05-2025,Financial,Increase Savings,Medium,25000,25000,16-09-2025,Completed,100%,0,1
G002709,U173,22-04-2025,Productivity,Increase Deep Work,Low,80,4.07,10-09-2025,Cancelled,5%,75.93,0
G002710,U042,22-01-2025,Career,Learn New Skill,Medium,20,12.56,21-06-2025,In Progress,63%,7.44,0
G002711,U178,15-01-2025,Learning,Complete Python Course,Low,60,60,12-03-2025,Completed,100%,0,1
G002712,U006,24-05-2025,Financial,Save Emergency Fund,High,10000,4421.74,08-10-2025,Not Started,44%,5578.26,0
G002713,U128,27-03-2025,Personal,Read More Books,Medium,10,10,16-07-2025,Completed,100%,0,1
G002714,U015,06-02-2025,Productivity,Complete Tasks on Time,Medium,100,83.61,28-03-2025,In Progress,84%,16.39,0
G002715,U178,05-04-2025,Personal,Read More Books,Critical,20,14.58,13-05-2025,Overdue,73%,5.42,0
G002716,U112,20-05-2025,Personal,Develop New Hobby,High,50,32.72,19-07-2025,In Progress,65%,17.28,0
G002717,U173,08-03-2025,Learning,Learn Power BI,High,40,36.02,30-04-2025,Overdue,90%,3.98,0
G002718,U031,12-06-2025,Learning,Complete Certification,Medium,60,13.31,27-10-2025,In Progress,22%,46.69,0
G002719,U043,10-04-2025,Financial,Build Investment Fund,Low,25000,13026.92,24-05-2025,In Progress,52%,11973.08,0
G002720,U197,05-02-2025,Health,Exercise Regularly,Medium,100,17.46,25-06-2025,Overdue,17%,82.54,0
G002721,U022,30-07-2025,Financial,Build Investment Fund,Medium,25000,25000,21-09-2025,Completed,100%,0,1
G002722,U020,04-07-2025,Productivity,Increase Deep Work,High,20,5.85,02-10-2025,In Progress,29%,14.15,0
G002723,U179,13-01-2025,Health,Improve Sleep,Low,60,41.74,01-05-2025,In Progress,70%,18.26,0
G002724,U190,13-07-2025,Personal,Read More Books,Low,10,10,23-11-2025,Completed,100%,0,1
G002725,U126,02-07-2025,Career,Build Portfolio,High,5,3.6,15-09-2025,Not Started,72%,1.4,0
G002726,U118,03-07-2025,Health,Walk Daily,Low,200,200,09-10-2025,Completed,100%,0,1
G002727,U183,24-04-2025,Productivity,Complete Tasks on Time,Medium,20,5.55,23-08-2025,Overdue,28%,14.45,0
G002728,U025,14-04-2025,Career,Learn New Skill,Low,50,32.3,21-09-2025,Cancelled,65%,17.7,0
G002729,U013,10-04-2025,Productivity,Improve Productivity,High,20,6.97,06-09-2025,Not Started,35%,13.03,0
G002730,U191,28-06-2025,Career,Learn New Skill,Critical,10,4.89,02-12-2025,In Progress,49%,5.11,0
G002731,U052,10-04-2025,Career,Apply for Jobs,Medium,10,10,19-05-2025,Completed,100%,0,1
G002732,U096,11-02-2025,Financial,Build Investment Fund,Medium,10000,7346.32,25-07-2025,Overdue,73%,2653.68,0
G002733,U158,30-01-2025,Personal,Improve Work-Life Balance,Medium,20,20,20-05-2025,Completed,100%,0,1
G002734,U014,04-04-2025,Learning,Learn Power BI,Medium,100,100,12-08-2025,Completed,100%,0,1
G002735,U017,28-05-2025,Personal,Improve Work-Life Balance,Medium,5,0.58,12-09-2025,In Progress,12%,4.42,0
G002736,U104,11-01-2025,Financial,Reduce Monthly Expenses,Medium,200000,59282.22,14-06-2025,In Progress,30%,140717.78,0
G002737,U193,22-02-2025,Health,Improve Sleep,Medium,30,18.1,16-04-2025,Overdue,60%,11.9,0
G002738,U162,11-03-2025,Productivity,Improve Productivity,Medium,100,15.34,15-06-2025,Overdue,15%,84.66,0
G002739,U085,25-06-2025,Financial,Build Investment Fund,Medium,50000,50000,27-08-2025,Completed,100%,0,1
G002740,U161,16-06-2025,Career,Learn New Skill,Medium,30,11.14,27-08-2025,In Progress,37%,18.86,0
G002741,U123,14-08-2025,Financial,Save Emergency Fund,High,25000,12076.1,31-12-2025,Not Started,48%,12923.9,0
G002742,U123,03-03-2025,Productivity,Improve Productivity,High,80,13.72,03-04-2025,Overdue,17%,66.28,0
G002743,U166,19-03-2025,Financial,Reduce Monthly Expenses,Medium,25000,10015.12,24-06-2025,Overdue,40%,14984.88,0
G002744,U054,17-03-2025,Career,Learn New Skill,Low,5,2.92,26-07-2025,In Progress,58%,2.08,0
G002745,U178,30-04-2025,Career,Build Portfolio,Medium,10,7.58,16-09-2025,In Progress,76%,2.42,0
G002746,U162,25-07-2025,Learning,Complete Certification,Low,60,4,27-09-2025,Not Started,7%,56,0
G002747,U197,28-01-2025,Health,Walk Daily,Low,60,42.34,08-05-2025,In Progress,71%,17.66,0
G002748,U083,06-03-2025,Personal,Improve Work-Life Balance,Low,30,23.37,02-05-2025,In Progress,78%,6.63,0
G002749,U176,21-02-2025,Health,Improve Sleep,Medium,30,13.01,21-07-2025,Overdue,43%,16.99,0
G002750,U170,22-05-2025,Learning,Complete Python Course,Medium,150,23.81,09-09-2025,In Progress,16%,126.19,0
G002751,U017,10-07-2025,Health,Exercise Regularly,High,100,1.66,05-10-2025,In Progress,2%,98.34,0
G002752,U153,08-03-2025,Health,Improve Fitness,Medium,30,22.9,28-04-2025,In Progress,76%,7.1,0
G002753,U113,03-07-2025,Learning,Complete Certification,Medium,20,8.93,18-08-2025,In Progress,45%,11.07,0
G002754,U023,27-06-2025,Personal,Travel More,Medium,5,2.05,20-12-2025,Not Started,41%,2.95,0
G002755,U116,11-04-2025,Career,Learn New Skill,Low,50,0.51,16-08-2025,Overdue,1%,49.49,0
G002756,U043,03-05-2025,Career,Improve Resume,Medium,5,0.8,11-06-2025,Overdue,16%,4.2,0
G002757,U044,01-03-2025,Personal,Read More Books,Low,5,4.23,19-05-2025,In Progress,85%,0.77,0
G002758,U198,26-05-2025,Personal,Develop New Hobby,High,30,6.78,19-09-2025,In Progress,23%,23.22,0
G002759,U069,02-09-2025,Financial,Increase Savings,Low,10000,1549.99,31-12-2025,Not Started,15%,8450.01,0
G002760,U034,20-02-2025,Productivity,Complete Tasks on Time,High,60,9.31,21-04-2025,In Progress,16%,50.69,0
G002761,U145,26-07-2025,Productivity,Complete Tasks on Time,High,80,80,29-11-2025,Completed,100%,0,1
G002762,U064,02-08-2025,Personal,Read More Books,Medium,20,19.09,05-12-2025,In Progress,95%,0.91,0
G002763,U082,22-04-2025,Health,Improve Sleep,High,30,24.11,10-07-2025,Overdue,80%,5.89,0
G002764,U150,26-07-2025,Personal,Read More Books,High,10,10,30-09-2025,Completed,100%,0,1
G002765,U134,02-05-2025,Learning,Complete Python Course,Medium,100,100,06-09-2025,Completed,100%,0,1
G002766,U055,27-01-2025,Financial,Increase Savings,Medium,10000,2254.81,21-05-2025,In Progress,23%,7745.19,0
G002767,U011,24-01-2025,Financial,Build Investment Fund,High,10000,1509.85,04-07-2025,Overdue,15%,8490.15,0
G002768,U025,07-05-2025,Productivity,Complete Tasks on Time,High,40,34.15,18-08-2025,In Progress,85%,5.85,0
G002769,U095,02-06-2025,Career,Learn New Skill,Medium,10,0.56,21-08-2025,Overdue,6%,9.44,0
G002770,U153,03-04-2025,Learning,Learn SQL,High,20,19.01,30-08-2025,In Progress,95%,0.99,0
G002771,U187,20-08-2025,Personal,Develop New Hobby,Medium,30,2.84,31-12-2025,Cancelled,9%,27.16,0
G002772,U101,22-07-2025,Productivity,Increase Deep Work,Medium,60,60,12-11-2025,Completed,100%,0,1
G002773,U141,06-02-2025,Financial,Increase Savings,Medium,50000,50000,26-03-2025,Completed,100%,0,1
G002774,U074,04-01-2025,Personal,Improve Work-Life Balance,High,20,4.89,19-04-2025,Overdue,24%,15.11,0
G002775,U084,21-03-2025,Financial,Save Emergency Fund,Medium,100000,19752.03,29-05-2025,In Progress,20%,80247.97,0
G002776,U113,12-02-2025,Financial,Reduce Monthly Expenses,Low,25000,17807.62,24-03-2025,In Progress,71%,7192.38,0
G002777,U066,18-07-2025,Career,Improve Resume,Medium,50,24.22,13-11-2025,In Progress,48%,25.78,0
G002778,U093,17-04-2025,Learning,Learn Power BI,Low,60,19.06,29-09-2025,In Progress,32%,40.94,0
G002779,U018,13-08-2025,Productivity,Reduce Screen Time,Low,100,100,30-09-2025,Completed,100%,0,1
G002780,U146,06-06-2025,Productivity,Improve Productivity,Medium,60,29.41,29-08-2025,Overdue,49%,30.59,0
G002781,U057,10-03-2025,Health,Improve Sleep,Medium,60,53.54,06-08-2025,In Progress,89%,6.46,0
G002782,U051,29-07-2025,Health,Walk Daily,Low,30,14.16,29-08-2025,Overdue,47%,15.84,0
G002783,U143,11-04-2025,Personal,Improve Work-Life Balance,Medium,50,0.9,19-05-2025,Overdue,2%,49.1,0
G002784,U036,04-06-2025,Health,Exercise Regularly,Medium,30,22.73,02-10-2025,In Progress,76%,7.27,0
G002785,U003,25-02-2025,Personal,Read More Books,High,5,4.02,24-07-2025,Overdue,80%,0.98,0
G002786,U056,21-04-2025,Productivity,Improve Productivity,Medium,20,16.1,26-08-2025,In Progress,81%,3.9,0
G002787,U006,03-08-2025,Career,Improve Resume,High,10,0.31,04-09-2025,In Progress,3%,9.69,0
G002788,U113,15-04-2025,Health,Exercise Regularly,High,150,22.6,08-10-2025,In Progress,15%,127.4,0
G002789,U194,25-06-2025,Financial,Save Emergency Fund,Critical,100000,92365,21-10-2025,In Progress,92%,7635,0
G002790,U086,03-08-2025,Personal,Read More Books,Medium,5,2.57,18-09-2025,In Progress,51%,2.43,0
G002791,U168,03-05-2025,Personal,Travel More,Medium,10,8.55,20-09-2025,In Progress,86%,1.45,0
G002792,U126,27-05-2025,Career,Learn New Skill,Low,5,5,27-08-2025,Completed,100%,0,1
G002793,U153,15-04-2025,Financial,Save Emergency Fund,Medium,200000,105159.47,25-06-2025,In Progress,53%,94840.53,0
G002794,U012,13-02-2025,Financial,Increase Savings,High,10000,10000,26-07-2025,Completed,100%,0,1
G002795,U119,14-04-2025,Career,Build Portfolio,Medium,5,4.07,12-09-2025,In Progress,81%,0.93,0
G002796,U109,13-01-2025,Financial,Reduce Monthly Expenses,Medium,10000,2160.38,06-07-2025,In Progress,22%,7839.62,0
G002797,U111,23-07-2025,Health,Walk Daily,High,30,30,20-11-2025,Completed,100%,0,1
G002798,U143,23-08-2025,Learning,Learn SQL,Medium,100,25.37,31-12-2025,Cancelled,25%,74.63,0
G002799,U063,06-08-2025,Personal,Travel More,Medium,30,22.11,17-11-2025,In Progress,74%,7.89,0
G002800,U163,07-01-2025,Financial,Reduce Monthly Expenses,High,100000,9133.92,22-05-2025,In Progress,9%,90866.08,0
G002801,U054,06-07-2025,Personal,Improve Work-Life Balance,High,20,19.96,24-10-2025,In Progress,100%,0.04,0
G002802,U036,03-02-2025,Productivity,Reduce Screen Time,Medium,80,75.72,19-07-2025,Overdue,95%,4.28,0
G002803,U037,11-08-2025,Financial,Increase Savings,Low,25000,20400.71,15-10-2025,In Progress,82%,4599.29,0
G002804,U003,17-06-2025,Learning,Learn Power BI,High,100,61.65,24-11-2025,In Progress,62%,38.35,0
G002805,U132,31-08-2025,Productivity,Reduce Screen Time,Medium,60,13.47,31-12-2025,In Progress,22%,46.53,0
G002806,U031,21-03-2025,Health,Improve Fitness,Low,100,74.7,23-06-2025,In Progress,75%,25.3,0
G002807,U157,02-08-2025,Productivity,Reduce Screen Time,Medium,20,13.96,31-12-2025,Cancelled,70%,6.04,0
G002808,U003,10-04-2025,Health,Walk Daily,Medium,30,18.85,31-07-2025,Overdue,63%,11.15,0
G002809,U054,13-02-2025,Career,Improve Resume,Low,30,3.86,18-04-2025,Overdue,13%,26.14,0
G002810,U017,25-07-2025,Productivity,Improve Productivity,High,80,2.07,31-12-2025,In Progress,3%,77.93,0
G002811,U057,25-01-2025,Productivity,Improve Productivity,High,80,58.77,16-06-2025,Overdue,73%,21.23,0
G002812,U048,26-06-2025,Personal,Travel More,Critical,50,49.54,14-12-2025,In Progress,99%,0.46,0
G002813,U145,19-08-2025,Productivity,Increase Deep Work,High,60,47.81,31-12-2025,Not Started,80%,12.19,0
G002814,U194,27-01-2025,Health,Improve Sleep,High,30,10.36,18-04-2025,Overdue,35%,19.64,0
G002815,U014,17-07-2025,Productivity,Increase Deep Work,High,100,100,01-10-2025,Completed,100%,0,1
G002816,U065,09-05-2025,Financial,Save Emergency Fund,Medium,10000,10000,08-06-2025,Completed,100%,0,1
G002817,U185,15-02-2025,Health,Walk Daily,Medium,30,18.4,09-06-2025,Overdue,61%,11.6,0
G002818,U028,07-06-2025,Learning,Complete Python Course,High,150,84.21,02-11-2025,Not Started,56%,65.79,0
G002819,U052,17-03-2025,Learning,Complete Certification,Medium,20,13.81,20-06-2025,In Progress,69%,6.19,0
G002820,U107,24-01-2025,Financial,Increase Savings,Medium,200000,200000,20-05-2025,Completed,100%,0,1
G002821,U001,20-04-2025,Financial,Save Emergency Fund,Medium,50000,24039.1,26-05-2025,Overdue,48%,25960.9,0
G002822,U025,06-04-2025,Health,Walk Daily,Medium,30,7.97,09-06-2025,Overdue,27%,22.03,0
G002823,U141,16-01-2025,Personal,Improve Work-Life Balance,High,5,3.91,10-06-2025,In Progress,78%,1.09,0
G002824,U179,27-04-2025,Career,Learn New Skill,Low,10,8.17,07-09-2025,In Progress,82%,1.83,0
G002825,U085,16-03-2025,Productivity,Improve Productivity,Medium,80,58.05,02-07-2025,Overdue,73%,21.95,0
G002826,U190,11-04-2025,Learning,Learn SQL,High,20,20,27-05-2025,Completed,100%,0,1
G002827,U088,13-06-2025,Health,Exercise Regularly,Medium,200,41.3,29-11-2025,Cancelled,21%,158.7,0
G002828,U154,17-02-2025,Learning,Learn Power BI,Medium,40,1.79,15-06-2025,Overdue,4%,38.21,0
G002829,U056,30-03-2025,Productivity,Reduce Screen Time,Low,20,19.05,21-05-2025,Overdue,95%,0.95,0
G002830,U047,12-01-2025,Personal,Travel More,High,10,5.47,03-03-2025,Overdue,55%,4.53,0
G002831,U171,13-05-2025,Learning,Complete Certification,Medium,60,22.26,04-09-2025,Cancelled,37%,37.74,0
G002832,U118,20-07-2025,Productivity,Improve Productivity,Medium,20,20,21-10-2025,Completed,100%,0,1
G002833,U025,19-07-2025,Health,Exercise Regularly,Low,100,100,17-09-2025,Completed,100%,0,1
G002834,U043,05-03-2025,Career,Apply for Jobs,Medium,10,10,05-04-2025,Completed,100%,0,1
G002835,U200,25-02-2025,Productivity,Improve Productivity,Low,40,10.44,06-04-2025,Overdue,26%,29.56,0
G002836,U124,30-08-2025,Financial,Save Emergency Fund,High,50000,20148.34,29-11-2025,In Progress,40%,29851.66,0
G002837,U140,15-07-2025,Learning,Learn SQL,Medium,40,4.85,27-09-2025,In Progress,12%,35.15,0
G002838,U035,14-05-2025,Health,Improve Sleep,Medium,200,200,11-10-2025,Completed,100%,0,1
G002839,U099,05-01-2025,Personal,Travel More,High,30,23.94,13-04-2025,In Progress,80%,6.06,0
G002840,U050,05-02-2025,Career,Build Portfolio,Medium,5,5,05-05-2025,Completed,100%,0,1
G002841,U189,25-04-2025,Health,Improve Sleep,Medium,200,165.58,09-06-2025,Overdue,83%,34.42,0
G002842,U175,30-08-2025,Career,Learn New Skill,Medium,30,30,31-12-2025,Completed,100%,0,1
G002843,U069,17-06-2025,Personal,Travel More,High,10,2.83,14-08-2025,In Progress,28%,7.17,0
G002844,U044,31-07-2025,Learning,Learn SQL,High,150,131.86,02-10-2025,In Progress,88%,18.14,0
G002845,U133,18-02-2025,Personal,Read More Books,Medium,20,18.48,09-04-2025,Overdue,92%,1.52,0
G002846,U196,15-07-2025,Learning,Complete Python Course,High,150,1.2,26-09-2025,In Progress,1%,148.8,0
G002847,U042,06-05-2025,Career,Apply for Jobs,High,20,5.2,05-06-2025,Overdue,26%,14.8,0
G002848,U107,26-02-2025,Productivity,Increase Deep Work,Medium,60,0.93,15-08-2025,In Progress,2%,59.07,0
G002849,U017,13-06-2025,Learning,Complete Certification,Medium,40,21.29,31-08-2025,In Progress,53%,18.71,0
G002850,U116,11-08-2025,Health,Improve Fitness,Critical,60,36.4,01-10-2025,In Progress,61%,23.6,0
G002851,U118,21-07-2025,Financial,Reduce Monthly Expenses,High,25000,7461.58,04-12-2025,Not Started,30%,17538.42,0
G002852,U187,03-02-2025,Productivity,Complete Tasks on Time,Medium,40,6.7,25-06-2025,Overdue,17%,33.3,0
G002853,U179,21-05-2025,Health,Improve Sleep,High,60,25.78,11-07-2025,Overdue,43%,34.22,0
G002854,U037,05-06-2025,Personal,Read More Books,Medium,20,0.63,07-09-2025,Not Started,3%,19.37,0
G002855,U111,02-05-2025,Financial,Build Investment Fund,Medium,25000,15631.9,03-08-2025,Overdue,63%,9368.1,0
G002856,U133,07-02-2025,Learning,Learn SQL,Medium,150,102.64,28-03-2025,In Progress,68%,47.36,0
G002857,U123,16-01-2025,Personal,Read More Books,Medium,5,3.06,15-04-2025,Overdue,61%,1.94,0
G002858,U186,01-04-2025,Career,Improve Resume,Medium,20,15.07,18-09-2025,In Progress,75%,4.93,0
G002859,U010,16-06-2025,Learning,Learn Power BI,High,40,31.26,04-10-2025,In Progress,78%,8.74,0
G002860,U184,20-05-2025,Career,Apply for Jobs,Medium,10,1.38,08-09-2025,In Progress,14%,8.62,0
G002861,U118,28-06-2025,Health,Exercise Regularly,Medium,100,14.13,14-09-2025,In Progress,14%,85.87,0
G002862,U131,18-03-2025,Learning,Learn Power BI,Medium,150,149.5,16-08-2025,In Progress,100%,0.5,0
G002863,U173,12-05-2025,Productivity,Reduce Screen Time,Medium,20,20,12-07-2025,Completed,100%,0,1
G002864,U079,09-07-2025,Learning,Complete Python Course,High,100,45.2,01-12-2025,In Progress,45%,54.8,0
G002865,U166,04-04-2025,Learning,Complete Python Course,Low,20,17.34,02-06-2025,Overdue,87%,2.66,0
G002866,U044,13-07-2025,Health,Improve Fitness,High,100,55.49,23-12-2025,In Progress,55%,44.51,0
G002867,U009,28-06-2025,Productivity,Improve Productivity,Low,40,9.74,14-08-2025,Overdue,24%,30.26,0
G002868,U021,22-08-2025,Learning,Complete Python Course,Medium,60,49.91,03-10-2025,In Progress,83%,10.09,0
G002869,U064,23-02-2025,Learning,Complete Python Course,High,40,10.86,01-07-2025,In Progress,27%,29.14,0
G002870,U162,29-06-2025,Health,Exercise Regularly,Medium,100,25.15,25-10-2025,In Progress,25%,74.85,0
G002871,U056,15-03-2025,Financial,Build Investment Fund,Medium,25000,25000,01-09-2025,Completed,100%,0,1
G002872,U046,12-06-2025,Health,Improve Fitness,Medium,100,89.48,14-09-2025,Not Started,89%,10.52,0
G002873,U099,16-04-2025,Personal,Improve Work-Life Balance,High,5,3.24,05-08-2025,In Progress,65%,1.76,0
G002874,U113,13-03-2025,Career,Improve Resume,Medium,5,2.96,10-06-2025,In Progress,59%,2.04,0
G002875,U042,21-07-2025,Career,Improve Resume,High,30,18.45,31-12-2025,In Progress,62%,11.55,0
G002876,U165,09-03-2025,Career,Learn New Skill,High,30,30,08-05-2025,Completed,100%,0,1
G002877,U021,05-06-2025,Personal,Improve Work-Life Balance,High,10,10,14-08-2025,Completed,100%,0,1
G002878,U093,05-05-2025,Productivity,Increase Deep Work,Medium,40,4.24,13-10-2025,In Progress,11%,35.76,0
G002879,U176,05-06-2025,Health,Improve Fitness,Medium,30,30,26-09-2025,Completed,100%,0,1
G002880,U094,14-04-2025,Learning,Learn Power BI,Medium,20,2.57,03-07-2025,Overdue,13%,17.43,0
G002881,U073,09-04-2025,Career,Apply for Jobs,Medium,10,10,06-10-2025,Completed,100%,0,1
G002882,U033,09-08-2025,Productivity,Reduce Screen Time,Medium,60,22.77,15-10-2025,In Progress,38%,37.23,0
G002883,U125,26-07-2025,Productivity,Reduce Screen Time,Medium,60,55.82,08-11-2025,Cancelled,93%,4.18,0
G002884,U198,15-01-2025,Learning,Learn SQL,Medium,40,3.21,15-03-2025,In Progress,8%,36.79,0
G002885,U115,01-03-2025,Personal,Develop New Hobby,Medium,50,27.02,16-05-2025,In Progress,54%,22.98,0
G002886,U038,15-06-2025,Personal,Develop New Hobby,High,10,10,01-09-2025,Completed,100%,0,1
G002887,U092,06-04-2025,Productivity,Increase Deep Work,Medium,20,20,21-06-2025,Completed,100%,0,1
G002888,U135,11-07-2025,Learning,Learn SQL,Medium,100,60.41,06-11-2025,In Progress,60%,39.59,0
G002889,U035,08-07-2025,Financial,Reduce Monthly Expenses,Medium,50000,17358.88,14-11-2025,In Progress,35%,32641.12,0
G002890,U138,28-04-2025,Health,Improve Sleep,Medium,60,18.81,25-09-2025,Not Started,31%,41.19,0
G002891,U187,24-01-2025,Financial,Save Emergency Fund,Medium,10000,1403.81,02-04-2025,Overdue,14%,8596.19,0
G002892,U158,18-01-2025,Financial,Build Investment Fund,High,100000,100000,21-06-2025,Completed,100%,0,1
G002893,U079,28-03-2025,Health,Improve Fitness,Medium,150,94.65,24-05-2025,In Progress,63%,55.35,0
G002894,U068,11-02-2025,Career,Improve Resume,High,10,10,12-07-2025,Completed,100%,0,1
G002895,U157,17-08-2025,Health,Walk Daily,Low,60,51.15,03-12-2025,Not Started,85%,8.85,0
G002896,U175,03-06-2025,Personal,Improve Work-Life Balance,Medium,30,13.66,29-07-2025,Overdue,46%,16.34,0
G002897,U198,16-05-2025,Career,Improve Resume,High,30,26.43,14-07-2025,Overdue,88%,3.57,0
G002898,U087,06-04-2025,Health,Improve Fitness,Critical,100,22.84,05-07-2025,Overdue,23%,77.16,0
G002899,U060,26-03-2025,Financial,Increase Savings,High,200000,159370.14,08-06-2025,Overdue,80%,40629.86,0
G002900,U041,13-01-2025,Learning,Learn SQL,High,20,2.51,26-04-2025,Overdue,13%,17.49,0
G002901,U162,18-03-2025,Health,Improve Fitness,Critical,100,36.35,02-09-2025,Not Started,36%,63.65,0
G002902,U010,27-06-2025,Financial,Reduce Monthly Expenses,Medium,10000,10000,10-12-2025,Completed,100%,0,1
G002903,U007,09-01-2025,Learning,Learn Power BI,Low,150,79.38,20-05-2025,Overdue,53%,70.62,0
G002904,U028,01-02-2025,Career,Improve Resume,Low,30,20.16,23-07-2025,Overdue,67%,9.84,0
G002905,U087,03-03-2025,Productivity,Complete Tasks on Time,Low,80,44.35,10-04-2025,In Progress,55%,35.65,0
G002906,U134,17-01-2025,Productivity,Improve Productivity,High,60,50.7,07-06-2025,In Progress,85%,9.3,0
G002907,U035,20-08-2025,Productivity,Complete Tasks on Time,Medium,20,1.6,03-12-2025,Not Started,8%,18.4,0
G002908,U161,31-05-2025,Career,Learn New Skill,Medium,50,26.45,05-07-2025,In Progress,53%,23.55,0
G002909,U131,04-08-2025,Health,Improve Fitness,Medium,150,35.72,01-12-2025,Not Started,24%,114.28,0
G002910,U008,12-05-2025,Financial,Build Investment Fund,Medium,100000,72604.25,09-10-2025,In Progress,73%,27395.75,0
G002911,U152,26-05-2025,Health,Exercise Regularly,Medium,100,68.44,05-07-2025,Overdue,68%,31.56,0
G002912,U019,28-03-2025,Productivity,Complete Tasks on Time,High,40,3.77,25-08-2025,Overdue,9%,36.23,0
G002913,U031,23-03-2025,Productivity,Reduce Screen Time,High,20,20,17-09-2025,Completed,100%,0,1
G002914,U116,16-01-2025,Health,Improve Sleep,Medium,60,60,03-04-2025,Completed,100%,0,1
G002915,U095,07-05-2025,Personal,Read More Books,Medium,30,8.99,16-06-2025,Overdue,30%,21.01,0
G002916,U004,18-04-2025,Personal,Improve Work-Life Balance,Medium,30,7.08,18-09-2025,Not Started,24%,22.92,0
G002917,U004,04-08-2025,Learning,Learn SQL,High,150,150,04-10-2025,Completed,100%,0,1
G002918,U155,02-07-2025,Financial,Build Investment Fund,Medium,50000,15260.56,28-11-2025,In Progress,31%,34739.44,0
G002919,U090,25-02-2025,Health,Improve Fitness,Low,100,100,16-08-2025,Completed,100%,0,1
G002920,U067,30-03-2025,Learning,Learn Power BI,Medium,60,60,29-07-2025,Completed,100%,0,1
G002921,U199,17-02-2025,Career,Learn New Skill,Medium,5,5,11-07-2025,Completed,100%,0,1
G002922,U177,14-01-2025,Personal,Develop New Hobby,Critical,50,50,27-04-2025,Completed,100%,0,1
G002923,U157,20-07-2025,Financial,Reduce Monthly Expenses,Medium,50000,1212.61,23-11-2025,In Progress,2%,48787.39,0
G002924,U131,19-02-2025,Financial,Increase Savings,Low,50000,50000,04-05-2025,Completed,100%,0,1
G002925,U038,25-06-2025,Learning,Complete Python Course,Medium,150,148.6,07-10-2025,In Progress,99%,1.4,0
G002926,U101,14-05-2025,Financial,Save Emergency Fund,Low,200000,77974.51,01-08-2025,In Progress,39%,122025.49,0
G002927,U079,23-05-2025,Learning,Learn Power BI,Low,60,35.54,14-08-2025,Overdue,59%,24.46,0
G002928,U185,27-07-2025,Personal,Improve Work-Life Balance,Medium,10,4.39,15-10-2025,In Progress,44%,5.61,0
G002929,U086,09-02-2025,Financial,Save Emergency Fund,Low,200000,1961.46,30-04-2025,Overdue,1%,198038.54,0
G002930,U118,10-06-2025,Health,Improve Fitness,High,150,4.16,07-08-2025,Overdue,3%,145.84,0
G002931,U020,07-03-2025,Productivity,Complete Tasks on Time,High,20,3.69,03-08-2025,In Progress,18%,16.31,0
G002932,U131,12-05-2025,Financial,Increase Savings,Low,10000,3178.37,09-09-2025,Cancelled,32%,6821.63,0
G002933,U009,18-08-2025,Learning,Complete Python Course,Medium,150,23.37,31-12-2025,In Progress,16%,126.63,0
G002934,U067,23-01-2025,Career,Learn New Skill,High,30,5.77,18-07-2025,Overdue,19%,24.23,0
G002935,U060,18-04-2025,Health,Exercise Regularly,Low,30,29.16,16-07-2025,In Progress,97%,0.84,0
G002936,U019,28-01-2025,Career,Build Portfolio,Medium,50,13.49,21-05-2025,Overdue,27%,36.51,0
G002937,U029,04-07-2025,Career,Build Portfolio,Medium,30,30,29-09-2025,Completed,100%,0,1
G002938,U003,18-02-2025,Financial,Reduce Monthly Expenses,Medium,50000,46124.05,27-03-2025,In Progress,92%,3875.95,0
G002939,U126,10-04-2025,Health,Walk Daily,High,30,16.7,02-06-2025,Overdue,56%,13.3,0
G002940,U128,20-07-2025,Health,Improve Fitness,Critical,150,122.66,18-11-2025,In Progress,82%,27.34,0
G002941,U173,07-07-2025,Learning,Complete Certification,Critical,20,6.88,16-08-2025,Overdue,34%,13.12,0
G002942,U049,18-05-2025,Health,Improve Fitness,Medium,30,12.27,29-10-2025,In Progress,41%,17.73,0
G002943,U127,14-05-2025,Financial,Save Emergency Fund,Medium,50000,2820.08,28-06-2025,Overdue,6%,47179.92,0
G002944,U190,22-02-2025,Financial,Save Emergency Fund,Medium,25000,13186.73,17-06-2025,In Progress,53%,11813.27,0
G002945,U063,08-03-2025,Productivity,Complete Tasks on Time,Low,20,5.54,12-05-2025,Overdue,28%,14.46,0
G002946,U131,22-08-2025,Health,Walk Daily,High,200,44.18,24-11-2025,In Progress,22%,155.82,0
G002947,U028,21-07-2025,Health,Exercise Regularly,High,30,30,31-08-2025,Completed,100%,0,1
G002948,U138,19-01-2025,Career,Learn New Skill,High,20,17.07,18-03-2025,In Progress,85%,2.93,0
G002949,U145,16-02-2025,Career,Learn New Skill,High,5,4.53,13-08-2025,Overdue,91%,0.47,0
G002950,U058,29-03-2025,Learning,Learn Power BI,Medium,150,150,25-07-2025,Completed,100%,0,1
G002951,U166,14-01-2025,Learning,Complete Python Course,Medium,100,83.57,09-04-2025,In Progress,84%,16.43,0
G002952,U051,09-04-2025,Learning,Learn SQL,High,100,65.04,13-08-2025,Overdue,65%,34.96,0
G002953,U095,20-05-2025,Productivity,Reduce Screen Time,Medium,20,15.93,07-09-2025,In Progress,80%,4.07,0
G002954,U142,09-04-2025,Productivity,Complete Tasks on Time,Medium,40,4.27,27-08-2025,In Progress,11%,35.73,0
G002955,U042,27-07-2025,Health,Exercise Regularly,Medium,30,5.66,19-12-2025,In Progress,19%,24.34,0
G002956,U103,15-05-2025,Personal,Read More Books,Medium,50,19.76,30-08-2025,In Progress,40%,30.24,0
G002957,U028,13-01-2025,Personal,Read More Books,High,20,20,17-04-2025,Completed,100%,0,1
G002958,U028,22-04-2025,Personal,Improve Work-Life Balance,Medium,50,43.31,11-06-2025,In Progress,87%,6.69,0
G002959,U002,10-02-2025,Financial,Increase Savings,Low,100000,84277.88,29-04-2025,Overdue,84%,15722.12,0
G002960,U131,08-04-2025,Productivity,Increase Deep Work,Medium,80,41.19,05-09-2025,In Progress,51%,38.81,0
G002961,U110,25-03-2025,Learning,Complete Certification,High,60,47.65,15-08-2025,In Progress,79%,12.35,0
G002962,U063,11-05-2025,Financial,Reduce Monthly Expenses,Medium,25000,12024.84,19-09-2025,In Progress,48%,12975.16,0
G002963,U022,23-04-2025,Career,Improve Resume,Medium,50,44.8,30-05-2025,Overdue,90%,5.2,0
G002964,U133,24-03-2025,Productivity,Improve Productivity,Medium,100,100,03-07-2025,Completed,100%,0,1
G002965,U059,16-02-2025,Career,Apply for Jobs,High,10,2.47,13-06-2025,Overdue,25%,7.53,0
G002966,U197,19-06-2025,Financial,Reduce Monthly Expenses,Medium,200000,200000,13-09-2025,Completed,100%,0,1
G002967,U049,05-07-2025,Personal,Read More Books,Medium,20,8.13,27-10-2025,In Progress,41%,11.87,0
G002968,U085,27-02-2025,Productivity,Improve Productivity,Low,40,33.98,03-04-2025,In Progress,85%,6.02,0
G002969,U195,24-06-2025,Learning,Complete Certification,Low,20,20,31-08-2025,Completed,100%,0,1
G002970,U175,27-03-2025,Personal,Develop New Hobby,High,20,20,20-05-2025,Completed,100%,0,1
G002971,U036,20-05-2025,Learning,Learn SQL,High,150,113.67,15-09-2025,Not Started,76%,36.33,0
G002972,U079,08-03-2025,Personal,Develop New Hobby,Critical,50,27.99,21-06-2025,In Progress,56%,22.01,0
G002973,U102,19-08-2025,Learning,Complete Certification,Low,40,0.1,31-12-2025,In Progress,0%,39.9,0
G002974,U080,02-07-2025,Career,Learn New Skill,Medium,50,24.11,16-12-2025,In Progress,48%,25.89,0
G002975,U086,10-06-2025,Learning,Learn Power BI,High,60,37.63,14-07-2025,In Progress,63%,22.37,0
G002976,U193,23-07-2025,Productivity,Increase Deep Work,High,80,80,28-10-2025,Completed,100%,0,1
G002977,U037,31-05-2025,Productivity,Reduce Screen Time,Medium,40,3.75,21-09-2025,In Progress,9%,36.25,0
G002978,U074,20-04-2025,Career,Apply for Jobs,Medium,50,24.03,20-08-2025,In Progress,48%,25.97,0
G002979,U047,11-03-2025,Productivity,Increase Deep Work,Medium,60,26.04,26-06-2025,In Progress,43%,33.96,0
G002980,U183,20-01-2025,Personal,Travel More,Medium,50,50,19-04-2025,Completed,100%,0,1
G002981,U027,13-03-2025,Career,Build Portfolio,Medium,10,5.15,23-04-2025,Overdue,52%,4.85,0
G002982,U028,17-04-2025,Learning,Learn Power BI,High,60,30.22,09-06-2025,Overdue,50%,29.78,0
G002983,U118,05-09-2025,Learning,Complete Python Course,Low,150,62.65,31-12-2025,In Progress,42%,87.35,0
G002984,U091,28-02-2025,Financial,Build Investment Fund,Medium,200000,182189.33,19-08-2025,In Progress,91%,17810.67,0
G002985,U058,10-07-2025,Personal,Improve Work-Life Balance,Medium,20,18.51,28-08-2025,Overdue,93%,1.49,0
G002986,U166,21-06-2025,Financial,Increase Savings,Medium,10000,6307.43,28-08-2025,In Progress,63%,3692.57,0
G002987,U179,17-05-2025,Learning,Complete Certification,High,20,16.64,18-06-2025,In Progress,83%,3.36,0
G002988,U075,28-06-2025,Personal,Travel More,Medium,30,16.27,26-11-2025,In Progress,54%,13.73,0
G002989,U059,13-02-2025,Personal,Travel More,High,20,8.95,12-08-2025,In Progress,45%,11.05,0
G002990,U139,12-07-2025,Financial,Increase Savings,Low,10000,9120.7,02-09-2025,Not Started,91%,879.3,0
G002991,U008,17-03-2025,Personal,Improve Work-Life Balance,Low,20,16.4,11-08-2025,Overdue,82%,3.6,0
G002992,U196,16-02-2025,Health,Exercise Regularly,High,200,21.77,28-07-2025,In Progress,11%,178.23,0
G002993,U061,04-01-2025,Financial,Save Emergency Fund,Medium,50000,15795.09,21-05-2025,In Progress,32%,34204.91,0
G002994,U144,12-02-2025,Health,Improve Fitness,High,30,30,01-04-2025,Completed,100%,0,1
G002995,U029,06-07-2025,Learning,Complete Certification,Medium,100,33.65,29-11-2025,In Progress,34%,66.35,0
G002996,U134,10-06-2025,Personal,Improve Work-Life Balance,High,20,8.75,13-11-2025,In Progress,44%,11.25,0
G002997,U037,13-03-2025,Financial,Increase Savings,Low,200000,158691.3,06-09-2025,Not Started,79%,41308.7,0
G002998,U096,14-08-2025,Productivity,Improve Productivity,Medium,40,40,28-10-2025,Completed,100%,0,1
G002999,U058,29-07-2025,Health,Improve Fitness,Medium,150,117.73,21-12-2025,Cancelled,78%,32.27,0
G003000,U096,03-09-2025,Learning,Learn SQL,Medium,60,55.52,03-10-2025,In Progress,93%,4.48,0
