LearningID,UserID,LearningDate,Skill,CourseType,HoursSpent,AssessmentScore,CompletionPercent,LearningStatus,DifficultyLevel,LearningEfficiency,CompletionFlag,LearningMonth
L000001,U119,27-09-2025,Java,Workshop,4,81.9,21.3,In Progress,Intermediate,20.475,0,Sep
L000002,U147,16-02-2025,SQL,Certification,1.8,76.4,100,Completed,Intermediate,42.44444444,1,Feb
L000003,U160,07-06-2025,Machine Learning,Certification,1.1,93.4,32.4,Dropped,Intermediate,84.90909091,0,Jun
L000004,U086,16-08-2025,Excel,Self Learning,3.8,48.8,84.5,In Progress,Beginner,12.84210526,0,Aug
L000005,U128,04-04-2025,Java,Workshop,5.7,73.1,17.6,In Progress,Advanced,12.8245614,0,Apr
L000006,U116,21-05-2025,ServiceNow,Project,4.2,76.6,60.6,Dropped,Advanced,18.23809524,0,May
L000007,U089,17-05-2025,Machine Learning,Project,0.8,94.1,70.9,In Progress,Advanced,117.625,0,May
L000008,U119,04-04-2025,ServiceNow,Project,0,0,0,Not Started,Advanced,0,0,Apr
L000009,U008,13-01-2025,Excel,Workshop,0.9,68.6,24.1,In Progress,Advanced,76.22222222,0,Jan
L000010,U100,27-05-2025,Cloud,Workshop,3.7,73.2,0.4,In Progress,Beginner,19.78378378,0,May
L000011,U021,15-11-2025,ServiceNow,Workshop,2.4,64.9,14.7,In Progress,Beginner,27.04166667,0,Nov
L000012,U148,25-11-2025,Communication,Workshop,4.3,43.1,74.2,In Progress,Beginner,10.02325581,0,Nov
L000013,U140,01-01-2025,Machine Learning,Project,2.1,97.8,100,Completed,Intermediate,46.57142857,1,Jan
L000014,U109,15-11-2025,Cloud,Self Learning,3.9,80.3,34.8,In Progress,Advanced,20.58974359,0,Nov
L000015,U023,28-01-2025,Machine Learning,Workshop,5.7,86,23,Dropped,Advanced,15.0877193,0,Jan
L000016,U134,02-04-2025,Communication,Online Course,2.4,40.2,24.5,In Progress,Intermediate,16.75,0,Apr
L000017,U131,12-09-2025,ServiceNow,Workshop,3.4,96.6,100,Completed,Advanced,28.41176471,1,Sep
L000018,U082,27-08-2025,Python,Workshop,5.3,78,100,Completed,Intermediate,14.71698113,1,Aug
L000019,U086,06-07-2025,Machine Learning,Project,2.5,69.5,100,Completed,Beginner,27.8,1,Jul
L000020,U154,29-10-2025,SQL,Self Learning,3.1,70.1,100,Completed,Advanced,22.61290323,1,Oct
L000021,U106,19-03-2025,Power BI,Online Course,3.6,73,100,Completed,Beginner,20.27777778,1,Mar
L000022,U126,19-10-2025,Communication,Certification,3.7,95.4,100,Completed,Advanced,25.78378378,1,Oct
L000023,U024,22-01-2025,Excel,Online Course,2.3,90.6,100,Completed,Advanced,39.39130435,1,Jan
L000024,U195,12-02-2025,Machine Learning,Workshop,3.4,96.2,60.9,In Progress,Advanced,28.29411765,0,Feb
L000025,U081,21-06-2025,Excel,Self Learning,0,0,0,Not Started,Advanced,0,0,Jun
L000026,U089,29-09-2025,Data Analytics,Workshop,4.7,41.6,62,In Progress,Beginner,8.85106383,0,Sep
L000027,U115,06-07-2025,Cloud,Online Course,1.2,71.6,73.3,In Progress,Advanced,59.66666667,0,Jul
L000028,U161,21-01-2025,Python,Certification,5.4,71.1,11.2,In Progress,Advanced,13.16666667,0,Jan
L000029,U087,16-04-2025,Data Analytics,Self Learning,5,92.7,36.3,In Progress,Beginner,18.54,0,Apr
L000030,U135,13-05-2025,Data Analytics,Project,3.8,93.5,82.3,In Progress,Beginner,24.60526316,0,May
L000031,U163,05-06-2025,Power BI,Self Learning,4.4,56,34.5,In Progress,Advanced,12.72727273,0,Jun
L000032,U073,23-12-2025,Java,Workshop,1.4,64.3,72,In Progress,Beginner,45.92857143,0,Dec
L000033,U173,26-03-2025,Data Analytics,Workshop,2.5,84.9,68.8,In Progress,Intermediate,33.96,0,Mar
L000034,U057,27-11-2025,Data Analytics,Online Course,4.4,76.1,48.3,Dropped,Advanced,17.29545455,0,Nov
L000035,U189,12-08-2025,Java,Certification,1.9,90.6,92.1,In Progress,Beginner,47.68421053,0,Aug
L000036,U090,06-07-2025,SQL,Certification,0,0,0,Not Started,Beginner,0,0,Jul
L000037,U157,26-03-2025,ServiceNow,Online Course,0,0,0,Not Started,Beginner,0,0,Mar
L000038,U181,02-06-2025,Cloud,Self Learning,0,0,0,Not Started,Advanced,0,0,Jun
L000039,U034,07-10-2025,ServiceNow,Online Course,1.7,70.5,39.7,In Progress,Beginner,41.47058824,0,Oct
L000040,U034,30-03-2025,ServiceNow,Project,1.1,46.8,79.7,In Progress,Beginner,42.54545455,0,Mar
L000041,U060,24-01-2025,Communication,Workshop,1.2,71.3,100,Completed,Advanced,59.41666667,1,Jan
L000042,U171,15-05-2025,Machine Learning,Online Course,5.6,94.9,16.5,In Progress,Advanced,16.94642857,0,May
L000043,U179,17-09-2025,Power BI,Project,1.8,76.6,100,Completed,Advanced,42.55555556,1,Sep
L000044,U017,06-10-2025,Machine Learning,Online Course,3.8,84.3,100,Completed,Beginner,22.18421053,1,Oct
L000045,U010,28-07-2025,Power BI,Workshop,4.7,63.7,55,Dropped,Intermediate,13.55319149,0,Jul
L000046,U125,26-02-2025,Power BI,Project,4.6,81,89,In Progress,Beginner,17.60869565,0,Feb
L000047,U187,07-11-2025,Machine Learning,Project,4.5,65,55.9,Dropped,Beginner,14.44444444,0,Nov
L000048,U079,10-04-2025,Java,Project,0.6,96.3,67.5,In Progress,Advanced,160.5,0,Apr
L000049,U101,11-12-2025,Excel,Online Course,4.9,100,100,Completed,Advanced,20.40816327,1,Dec
L000050,U117,18-03-2025,Java,Project,1.1,87.6,100,Completed,Intermediate,79.63636364,1,Mar
L000051,U158,18-12-2025,ServiceNow,Online Course,1.6,59,36,Dropped,Beginner,36.875,0,Dec
L000052,U033,26-06-2025,Python,Project,3.9,69.9,100,Completed,Beginner,17.92307692,1,Jun
L000053,U050,16-02-2025,SQL,Self Learning,3.8,94.3,100,Completed,Beginner,24.81578947,1,Feb
L000054,U013,20-04-2025,Python,Self Learning,3.7,58.9,19.1,In Progress,Advanced,15.91891892,0,Apr
L000055,U037,03-02-2025,Machine Learning,Certification,3.9,72.5,98.5,In Progress,Intermediate,18.58974359,0,Feb
L000056,U066,19-02-2025,Cloud,Project,1,95.1,100,Completed,Beginner,95.1,1,Feb
L000057,U055,29-10-2025,Machine Learning,Online Course,2.8,40.7,20.4,In Progress,Beginner,14.53571429,0,Oct
L000058,U169,16-06-2025,Power BI,Project,4.6,56.2,75.5,In Progress,Advanced,12.2173913,0,Jun
L000059,U101,02-02-2025,Python,Certification,2.7,54.8,48.5,In Progress,Advanced,20.2962963,0,Feb
L000060,U062,10-04-2025,Data Analytics,Certification,2.9,70.6,65.7,Dropped,Beginner,24.34482759,0,Apr
L000061,U114,22-03-2025,SQL,Certification,2.1,45.5,45.7,In Progress,Intermediate,21.66666667,0,Mar
L000062,U179,06-11-2025,Cloud,Project,3.7,68,48.6,In Progress,Beginner,18.37837838,0,Nov
L000063,U081,22-06-2025,Communication,Certification,1,64.6,16.8,In Progress,Advanced,64.6,0,Jun
L000064,U172,09-01-2025,ServiceNow,Workshop,6,80.7,100,Completed,Intermediate,13.45,1,Jan
L000065,U195,23-05-2025,Java,Online Course,3.7,70.7,23.5,In Progress,Advanced,19.10810811,0,May
L000066,U195,22-02-2025,Communication,Workshop,5.9,78,100,Completed,Beginner,13.22033898,1,Feb
L000067,U091,17-05-2025,Power BI,Self Learning,2.7,84.4,55.9,In Progress,Intermediate,31.25925926,0,May
L000068,U147,27-06-2025,Cloud,Self Learning,2.9,97,17,In Progress,Intermediate,33.44827586,0,Jun
L000069,U092,08-03-2025,Java,Self Learning,5.6,86.3,100,Completed,Advanced,15.41071429,1,Mar
L000070,U149,09-02-2025,Cloud,Self Learning,5.6,70.4,100,Completed,Advanced,12.57142857,1,Feb
L000071,U051,19-05-2025,Java,Project,0,0,0,Not Started,Intermediate,0,0,May
L000072,U121,01-07-2025,Machine Learning,Project,3.2,48.3,71.7,In Progress,Intermediate,15.09375,0,Jul
L000073,U110,21-07-2025,Machine Learning,Workshop,5.7,71.4,100,Completed,Beginner,12.52631579,1,Jul
L000074,U155,30-10-2025,ServiceNow,Online Course,4.7,67.7,5.4,In Progress,Advanced,14.40425532,0,Oct
L000075,U125,18-08-2025,Machine Learning,Workshop,3.1,65.6,100,Completed,Beginner,21.16129032,1,Aug
L000076,U118,23-10-2025,Cloud,Online Course,3.5,74.5,100,Completed,Intermediate,21.28571429,1,Oct
L000077,U057,21-11-2025,Cloud,Online Course,2.7,60.2,12.3,In Progress,Beginner,22.2962963,0,Nov
L000078,U123,06-12-2025,Machine Learning,Project,1.5,57.7,61.6,In Progress,Intermediate,38.46666667,0,Dec
L000079,U037,24-04-2025,ServiceNow,Online Course,5.4,93.1,61.9,Dropped,Advanced,17.24074074,0,Apr
L000080,U121,21-11-2025,Java,Project,2.6,78.6,79.8,In Progress,Beginner,30.23076923,0,Nov
L000081,U138,27-07-2025,Cloud,Project,2.1,90.3,5,In Progress,Advanced,43,0,Jul
L000082,U157,25-06-2025,Python,Workshop,5.9,80.5,69.5,In Progress,Intermediate,13.6440678,0,Jun
L000083,U015,05-10-2025,Excel,Project,2,77.6,57.8,In Progress,Beginner,38.8,0,Oct
L000084,U024,15-04-2025,Communication,Workshop,4.1,43.1,26.8,In Progress,Beginner,10.51219512,0,Apr
L000085,U165,07-08-2025,Java,Workshop,4,89.2,100,Completed,Advanced,22.3,1,Aug
L000086,U123,15-02-2025,Java,Project,1.4,80.9,100,Completed,Intermediate,57.78571429,1,Feb
L000087,U030,17-03-2025,Power BI,Project,2.4,55.6,77.1,In Progress,Intermediate,23.16666667,0,Mar
L000088,U070,03-12-2025,SQL,Project,3,66.6,100,Completed,Advanced,22.2,1,Dec
L000089,U042,26-08-2025,Power BI,Self Learning,3.1,59.4,90.4,In Progress,Beginner,19.16129032,0,Aug
L000090,U125,12-08-2025,Cloud,Workshop,2.9,62,41.3,Dropped,Intermediate,21.37931034,0,Aug
L000091,U079,18-09-2025,Data Analytics,Certification,2.6,98.6,11.7,In Progress,Beginner,37.92307692,0,Sep
L000092,U094,15-02-2025,Data Analytics,Online Course,2.1,59.4,31.6,Dropped,Beginner,28.28571429,0,Feb
L000093,U125,15-05-2025,Power BI,Certification,5.2,79.1,100,Completed,Advanced,15.21153846,1,May
L000094,U143,12-11-2025,Python,Online Course,4.1,84.5,69.9,In Progress,Intermediate,20.6097561,0,Nov
L000095,U019,14-06-2025,Data Analytics,Online Course,3.5,65.1,62.5,In Progress,Beginner,18.6,0,Jun
L000096,U154,07-03-2025,ServiceNow,Certification,5.2,86.4,98.9,In Progress,Intermediate,16.61538462,0,Mar
L000097,U090,09-09-2025,Data Analytics,Workshop,1.2,87.6,100,Completed,Advanced,73,1,Sep
L000098,U131,11-04-2025,Machine Learning,Certification,5.7,71,78.1,In Progress,Intermediate,12.45614035,0,Apr
L000099,U101,07-09-2025,Python,Online Course,5,92.6,100,Completed,Beginner,18.52,1,Sep
L000100,U176,25-04-2025,Java,Online Course,1,94.6,29.9,In Progress,Advanced,94.6,0,Apr
L000101,U149,28-05-2025,Data Analytics,Online Course,5.4,67.4,69.5,In Progress,Beginner,12.48148148,0,May
L000102,U187,23-11-2025,Java,Certification,4.5,93.7,46.2,In Progress,Advanced,20.82222222,0,Nov
L000103,U024,22-11-2025,Machine Learning,Online Course,2.8,58.1,88.8,In Progress,Intermediate,20.75,0,Nov
L000104,U009,02-12-2025,Data Analytics,Certification,2,86,100,Completed,Advanced,43,1,Dec
L000105,U041,05-11-2025,Communication,Workshop,1.4,77.2,100,Completed,Advanced,55.14285714,1,Nov
L000106,U071,08-01-2025,Data Analytics,Self Learning,5.2,53.6,63.1,In Progress,Intermediate,10.30769231,0,Jan
L000107,U098,28-11-2025,Machine Learning,Self Learning,0,0,0,Not Started,Beginner,0,0,Nov
L000108,U164,11-12-2025,Cloud,Certification,5.6,76.9,100,Completed,Beginner,13.73214286,1,Dec
L000109,U103,08-01-2025,SQL,Project,5,86.2,100,Completed,Beginner,17.24,1,Jan
L000110,U102,20-12-2025,Cloud,Certification,4.3,67.7,43.3,In Progress,Advanced,15.74418605,0,Dec
L000111,U069,03-07-2025,Cloud,Certification,1.7,77.9,100,Completed,Advanced,45.82352941,1,Jul
L000112,U165,14-01-2025,Excel,Certification,2.3,78.4,5.6,In Progress,Advanced,34.08695652,0,Jan
L000113,U181,27-02-2025,ServiceNow,Workshop,1.1,71.7,100,Completed,Intermediate,65.18181818,1,Feb
L000114,U098,26-06-2025,Communication,Certification,0,0,0,Not Started,Beginner,0,0,Jun
L000115,U024,20-10-2025,ServiceNow,Online Course,5.5,65.7,6.2,In Progress,Advanced,11.94545455,0,Oct
L000116,U039,06-07-2025,Excel,Project,5.6,95.6,31.2,In Progress,Beginner,17.07142857,0,Jul
L000117,U003,09-06-2025,Communication,Self Learning,0.7,80.4,95.8,In Progress,Advanced,114.8571429,0,Jun
L000118,U048,19-02-2025,ServiceNow,Self Learning,0,0,0,Not Started,Intermediate,0,0,Feb
L000119,U145,06-02-2025,ServiceNow,Self Learning,1.3,79.9,100,Completed,Intermediate,61.46153846,1,Feb
L000120,U128,14-03-2025,Java,Online Course,5,41,72.5,In Progress,Intermediate,8.2,0,Mar
L000121,U085,07-06-2025,Data Analytics,Project,3.5,71.8,7.9,In Progress,Intermediate,20.51428571,0,Jun
L000122,U200,14-11-2025,Java,Project,1.4,82.5,100,Completed,Intermediate,58.92857143,1,Nov
L000123,U085,12-12-2025,Data Analytics,Workshop,5.1,86.3,28.1,In Progress,Advanced,16.92156863,0,Dec
L000124,U187,08-06-2025,Machine Learning,Certification,4.9,58.4,15.6,In Progress,Advanced,11.91836735,0,Jun
L000125,U172,21-07-2025,Cloud,Project,5.8,46.3,32.2,Dropped,Beginner,7.982758621,0,Jul
L000126,U169,31-08-2025,Data Analytics,Certification,3.4,91.4,70.9,In Progress,Intermediate,26.88235294,0,Aug
L000127,U132,11-10-2025,SQL,Certification,6,83,2.5,In Progress,Advanced,13.83333333,0,Oct
L000128,U052,06-06-2025,Java,Workshop,3.8,85.1,43.1,Dropped,Intermediate,22.39473684,0,Jun
L000129,U146,26-02-2025,Python,Workshop,4.9,83.9,15.5,In Progress,Intermediate,17.12244898,0,Feb
L000130,U134,01-10-2025,Data Analytics,Certification,2,75.9,76.9,In Progress,Intermediate,37.95,0,Oct
L000131,U189,10-12-2025,Cloud,Self Learning,2.7,71.2,63.9,In Progress,Beginner,26.37037037,0,Dec
L000132,U087,31-12-2025,ServiceNow,Project,3.2,76.8,100,Completed,Advanced,24,1,Dec
L000133,U157,20-06-2025,Communication,Self Learning,4.9,80.3,100,Completed,Advanced,16.3877551,1,Jun
L000134,U047,03-11-2025,SQL,Online Course,6,98.1,100,Completed,Beginner,16.35,1,Nov
L000135,U096,27-04-2025,Data Analytics,Online Course,0,0,0,Not Started,Advanced,0,0,Apr
L000136,U125,16-04-2025,Python,Workshop,1.1,71.8,15.9,In Progress,Beginner,65.27272727,0,Apr
L000137,U098,31-12-2025,SQL,Self Learning,5.3,94,6,In Progress,Advanced,17.73584906,0,Dec
L000138,U137,15-06-2025,Python,Certification,5.1,88.7,100,Completed,Intermediate,17.39215686,1,Jun
L000139,U126,02-03-2025,Java,Project,0.5,67.3,16.4,In Progress,Intermediate,134.6,0,Mar
L000140,U030,02-08-2025,Java,Project,0.6,74.9,97.5,In Progress,Beginner,124.8333333,0,Aug
L000141,U013,24-04-2025,Communication,Workshop,0.9,89.9,100,Completed,Beginner,99.88888889,1,Apr
L000142,U133,24-07-2025,Cloud,Workshop,0,0,0,Not Started,Advanced,0,0,Jul
L000143,U083,08-12-2025,Machine Learning,Self Learning,1.9,91.9,100,Completed,Beginner,48.36842105,1,Dec
L000144,U078,23-03-2025,Python,Online Course,1.9,42,5.8,In Progress,Advanced,22.10526316,0,Mar
L000145,U071,06-10-2025,ServiceNow,Workshop,1.5,98.4,18.1,In Progress,Beginner,65.6,0,Oct
L000146,U037,09-03-2025,Excel,Self Learning,1.6,41.2,37.9,Dropped,Beginner,25.75,0,Mar
L000147,U111,12-10-2025,Data Analytics,Self Learning,2.7,57.4,18.6,In Progress,Intermediate,21.25925926,0,Oct
L000148,U113,13-04-2025,Data Analytics,Project,3.2,93.1,8.9,In Progress,Beginner,29.09375,0,Apr
L000149,U144,23-03-2025,Data Analytics,Self Learning,4.1,96.9,100,Completed,Advanced,23.63414634,1,Mar
L000150,U156,29-06-2025,Java,Self Learning,3,85,73,In Progress,Beginner,28.33333333,0,Jun
L000151,U039,13-12-2025,Cloud,Self Learning,3.9,73.4,100,Completed,Advanced,18.82051282,1,Dec
L000152,U080,06-03-2025,Data Analytics,Self Learning,3.6,87.3,49.9,In Progress,Beginner,24.25,0,Mar
L000153,U022,19-11-2025,Data Analytics,Self Learning,5.6,92.4,100,Completed,Beginner,16.5,1,Nov
L000154,U180,10-10-2025,Cloud,Project,5.2,51.9,38.1,In Progress,Beginner,9.980769231,0,Oct
L000155,U197,09-01-2025,Communication,Online Course,2.6,67.5,16.7,In Progress,Intermediate,25.96153846,0,Jan
L000156,U118,17-08-2025,SQL,Self Learning,2.6,79.7,100,Completed,Beginner,30.65384615,1,Aug
L000157,U016,27-07-2025,SQL,Self Learning,5.8,69.8,56.7,Dropped,Intermediate,12.03448276,0,Jul
L000158,U005,21-02-2025,Cloud,Workshop,3.5,65.2,100,Completed,Beginner,18.62857143,1,Feb
L000159,U002,16-10-2025,Communication,Workshop,5.4,90,100,Completed,Intermediate,16.66666667,1,Oct
L000160,U185,31-07-2025,Python,Self Learning,2,53.9,78.9,In Progress,Advanced,26.95,0,Jul
L000161,U167,17-05-2025,Power BI,Workshop,3.8,81.3,25.8,Dropped,Intermediate,21.39473684,0,May
L000162,U184,17-06-2025,Communication,Self Learning,1.8,62.1,99,In Progress,Advanced,34.5,0,Jun
L000163,U059,15-06-2025,ServiceNow,Certification,1.5,88,11.1,In Progress,Beginner,58.66666667,0,Jun
L000164,U188,22-04-2025,Python,Project,4.1,70.8,100,Completed,Advanced,17.26829268,1,Apr
L000165,U059,05-06-2025,Power BI,Certification,3.8,55.7,33.4,In Progress,Beginner,14.65789474,0,Jun
L000166,U057,20-01-2025,Communication,Self Learning,1.6,67.2,100,Completed,Advanced,42,1,Jan
L000167,U120,25-10-2025,Power BI,Self Learning,5.1,42.8,47.4,In Progress,Intermediate,8.392156863,0,Oct
L000168,U154,01-08-2025,Power BI,Self Learning,5.3,71.6,72.1,In Progress,Beginner,13.50943396,0,Aug
L000169,U095,25-07-2025,Power BI,Project,0,0,0,Not Started,Intermediate,0,0,Jul
L000170,U128,11-10-2025,Machine Learning,Self Learning,4.7,81.8,9.7,In Progress,Advanced,17.40425532,0,Oct
L000171,U043,11-01-2025,Excel,Workshop,4.5,78,60.1,In Progress,Beginner,17.33333333,0,Jan
L000172,U171,14-12-2025,Power BI,Self Learning,1.1,73.9,100,Completed,Advanced,67.18181818,1,Dec
L000173,U171,26-01-2025,Data Analytics,Online Course,1.9,78.3,63.5,In Progress,Beginner,41.21052632,0,Jan
L000174,U065,19-08-2025,Excel,Online Course,2.6,63.7,44,In Progress,Intermediate,24.5,0,Aug
L000175,U091,08-04-2025,Power BI,Certification,5.8,61.3,21.1,In Progress,Intermediate,10.56896552,0,Apr
L000176,U102,07-07-2025,Communication,Workshop,0.6,42.8,35,Dropped,Intermediate,71.33333333,0,Jul
L000177,U011,10-01-2025,Communication,Project,3.9,78.3,7.9,In Progress,Beginner,20.07692308,0,Jan
L000178,U143,13-01-2025,Java,Certification,1.9,40.6,30.9,Dropped,Advanced,21.36842105,0,Jan
L000179,U001,23-03-2025,Java,Self Learning,1.2,80.5,100,Completed,Advanced,67.08333333,1,Mar
L000180,U029,24-09-2025,Java,Certification,0.6,98.6,32.5,Dropped,Intermediate,164.3333333,0,Sep
L000181,U117,04-05-2025,Machine Learning,Project,1.9,65.5,100,Completed,Advanced,34.47368421,1,May
L000182,U169,19-11-2025,ServiceNow,Certification,2.5,64.7,58.2,In Progress,Advanced,25.88,0,Nov
L000183,U188,29-12-2025,Machine Learning,Self Learning,1.9,66.4,43,In Progress,Advanced,34.94736842,0,Dec
L000184,U195,27-09-2025,Java,Online Course,3,56.8,13.4,In Progress,Intermediate,18.93333333,0,Sep
L000185,U140,11-06-2025,Power BI,Online Course,2.8,76.6,8.6,In Progress,Beginner,27.35714286,0,Jun
L000186,U076,14-06-2025,Excel,Workshop,6,75.2,13.1,In Progress,Beginner,12.53333333,0,Jun
L000187,U142,24-01-2025,Machine Learning,Certification,0.9,44.9,31.1,In Progress,Intermediate,49.88888889,0,Jan
L000188,U197,25-01-2025,Communication,Self Learning,3.8,99.9,59.4,In Progress,Intermediate,26.28947368,0,Jan
L000189,U028,19-07-2025,Machine Learning,Certification,0.7,91,100,Completed,Advanced,130,1,Jul
L000190,U200,06-11-2025,Excel,Online Course,0.7,70.6,100,Completed,Advanced,100.8571429,1,Nov
L000191,U007,22-05-2025,ServiceNow,Project,2.4,49.6,68.7,In Progress,Beginner,20.66666667,0,May
L000192,U087,30-01-2025,Cloud,Project,4,42.2,7.7,In Progress,Beginner,10.55,0,Jan
L000193,U080,27-04-2025,Communication,Self Learning,2.1,47,80.3,In Progress,Beginner,22.38095238,0,Apr
L000194,U013,12-08-2025,Python,Workshop,1.5,69.9,85.4,In Progress,Beginner,46.6,0,Aug
L000195,U095,26-11-2025,Power BI,Self Learning,3.2,70.1,100,Completed,Advanced,21.90625,1,Nov
L000196,U141,03-11-2025,Cloud,Online Course,3.5,75.9,36.4,Dropped,Beginner,21.68571429,0,Nov
L000197,U071,04-10-2025,ServiceNow,Workshop,3,99.6,62.4,Dropped,Intermediate,33.2,0,Oct
L000198,U022,02-12-2025,Power BI,Workshop,5,78,32.2,Dropped,Beginner,15.6,0,Dec
L000199,U117,30-08-2025,Cloud,Certification,2,96.6,100,Completed,Intermediate,48.3,1,Aug
L000200,U161,03-12-2025,Power BI,Online Course,4.9,83.2,65.3,Dropped,Intermediate,16.97959184,0,Dec
L000201,U024,08-02-2025,Communication,Certification,0,0,0,Not Started,Advanced,0,0,Feb
L000202,U130,11-08-2025,Communication,Certification,1.6,56,8,In Progress,Advanced,35,0,Aug
L000203,U005,11-04-2025,ServiceNow,Online Course,5.9,89.6,43.6,Dropped,Beginner,15.18644068,0,Apr
L000204,U068,21-11-2025,Data Analytics,Self Learning,3.9,45.6,11.5,In Progress,Advanced,11.69230769,0,Nov
L000205,U161,01-10-2025,Cloud,Certification,5.6,81.2,12.7,In Progress,Intermediate,14.5,0,Oct
L000206,U083,08-10-2025,Machine Learning,Project,4.9,78.2,56.6,Dropped,Intermediate,15.95918367,0,Oct
L000207,U072,28-01-2025,Data Analytics,Online Course,0,0,0,Not Started,Advanced,0,0,Jan
L000208,U180,11-12-2025,Java,Certification,5.3,79,4.6,In Progress,Advanced,14.90566038,0,Dec
L000209,U034,18-08-2025,Machine Learning,Self Learning,2.3,56.1,89.1,In Progress,Beginner,24.39130435,0,Aug
L000210,U029,21-10-2025,Communication,Certification,2.1,67.9,23.4,In Progress,Beginner,32.33333333,0,Oct
L000211,U014,21-09-2025,Java,Online Course,4.3,65.2,100,Completed,Advanced,15.1627907,1,Sep
L000212,U159,25-10-2025,Machine Learning,Project,4.7,92.5,100,Completed,Beginner,19.68085106,1,Oct
L000213,U117,09-07-2025,Data Analytics,Self Learning,1.1,92.8,100,Completed,Advanced,84.36363636,1,Jul
L000214,U107,12-03-2025,Python,Project,5.5,67.9,47.6,Dropped,Intermediate,12.34545455,0,Mar
L000215,U044,29-07-2025,Cloud,Certification,5.1,70.3,100,Completed,Advanced,13.78431373,1,Jul
L000216,U037,18-05-2025,Machine Learning,Certification,0,0,0,Not Started,Beginner,0,0,May
L000217,U076,30-07-2025,Python,Project,5.4,60.3,10.9,Dropped,Beginner,11.16666667,0,Jul
L000218,U021,06-08-2025,Java,Certification,3,41.8,10.6,In Progress,Beginner,13.93333333,0,Aug
L000219,U041,18-07-2025,Machine Learning,Online Course,2,96.9,86.4,In Progress,Beginner,48.45,0,Jul
L000220,U197,16-06-2025,Communication,Project,5.7,88.6,100,Completed,Intermediate,15.54385965,1,Jun
L000221,U028,22-01-2025,Excel,Online Course,2.1,66.4,100,Completed,Advanced,31.61904762,1,Jan
L000222,U049,19-09-2025,ServiceNow,Project,0,0,0,Not Started,Advanced,0,0,Sep
L000223,U079,06-09-2025,SQL,Project,4.7,81,95,In Progress,Advanced,17.23404255,0,Sep
L000224,U130,16-11-2025,Python,Self Learning,4.6,79.3,61.9,Dropped,Advanced,17.23913043,0,Nov
L000225,U122,10-02-2025,Cloud,Workshop,5.5,81.3,100,Completed,Beginner,14.78181818,1,Feb
L000226,U058,08-07-2025,Cloud,Self Learning,1.4,91,74.5,In Progress,Intermediate,65,0,Jul
L000227,U099,22-02-2025,Cloud,Online Course,4.1,92.7,100,Completed,Advanced,22.6097561,1,Feb
L000228,U101,01-01-2025,SQL,Self Learning,4.2,74.1,44.2,Dropped,Beginner,17.64285714,0,Jan
L000229,U037,28-07-2025,ServiceNow,Certification,1.7,42.3,24.6,In Progress,Advanced,24.88235294,0,Jul
L000230,U039,10-02-2025,Communication,Project,1.5,51.7,10,In Progress,Advanced,34.46666667,0,Feb
L000231,U022,18-09-2025,Data Analytics,Certification,0,0,0,Not Started,Intermediate,0,0,Sep
L000232,U179,22-04-2025,ServiceNow,Self Learning,3.1,81.5,100,Completed,Beginner,26.29032258,1,Apr
L000233,U107,24-08-2025,Communication,Project,4.3,79.4,97.9,In Progress,Intermediate,18.46511628,0,Aug
L000234,U020,23-11-2025,Java,Project,0.7,47.2,65.1,In Progress,Beginner,67.42857143,0,Nov
L000235,U084,18-06-2025,ServiceNow,Self Learning,6,95.9,100,Completed,Intermediate,15.98333333,1,Jun
L000236,U124,12-09-2025,Data Analytics,Project,4.7,77.1,38.5,Dropped,Advanced,16.40425532,0,Sep
L000237,U103,14-08-2025,Java,Project,5.6,77.6,17.1,In Progress,Intermediate,13.85714286,0,Aug
L000238,U126,02-07-2025,Cloud,Online Course,3.4,94.3,100,Completed,Beginner,27.73529412,1,Jul
L000239,U166,27-12-2025,Cloud,Project,5.8,49.8,76.6,In Progress,Advanced,8.586206897,0,Dec
L000240,U166,09-02-2025,Communication,Workshop,3.8,81.2,100,Completed,Advanced,21.36842105,1,Feb
L000241,U003,30-11-2025,Data Analytics,Workshop,1.8,81.8,100,Completed,Advanced,45.44444444,1,Nov
L000242,U098,30-06-2025,Excel,Self Learning,3.7,69.1,100,Completed,Intermediate,18.67567568,1,Jun
L000243,U179,05-08-2025,Cloud,Workshop,1.1,87.9,100,Completed,Advanced,79.90909091,1,Aug
L000244,U089,24-08-2025,Power BI,Project,5.9,58.1,12.4,In Progress,Advanced,9.847457627,0,Aug
L000245,U009,27-09-2025,Communication,Self Learning,2.5,86.8,43.3,In Progress,Beginner,34.72,0,Sep
L000246,U077,12-08-2025,Python,Certification,3.5,51.8,0.7,In Progress,Beginner,14.8,0,Aug
L000247,U032,31-03-2025,Java,Online Course,0,0,0,Not Started,Intermediate,0,0,Mar
L000248,U053,24-10-2025,Communication,Workshop,4.1,81.3,0.7,In Progress,Advanced,19.82926829,0,Oct
L000249,U153,22-12-2025,ServiceNow,Certification,5.6,52.6,75.3,In Progress,Beginner,9.392857143,0,Dec
L000250,U129,07-05-2025,Cloud,Project,2.8,68.8,100,Completed,Advanced,24.57142857,1,May
L000251,U133,08-08-2025,Data Analytics,Workshop,2.1,71.2,71.9,In Progress,Advanced,33.9047619,0,Aug
L000252,U172,02-09-2025,Python,Certification,2.1,58.9,80.8,In Progress,Beginner,28.04761905,0,Sep
L000253,U073,26-02-2025,SQL,Workshop,4.6,57,26.5,In Progress,Intermediate,12.39130435,0,Feb
L000254,U030,24-11-2025,Power BI,Self Learning,3.7,74.2,59,Dropped,Intermediate,20.05405405,0,Nov
L000255,U139,27-02-2025,Cloud,Self Learning,4.8,72.8,60,In Progress,Advanced,15.16666667,0,Feb
L000256,U056,03-03-2025,Cloud,Certification,2.6,90.5,27.9,In Progress,Advanced,34.80769231,0,Mar
L000257,U189,29-01-2025,SQL,Self Learning,4,93.5,100,Completed,Advanced,23.375,1,Jan
L000258,U008,29-05-2025,SQL,Workshop,1.1,86.4,49.9,Dropped,Advanced,78.54545455,0,May
L000259,U046,29-04-2025,Python,Project,2,84.4,100,Completed,Intermediate,42.2,1,Apr
L000260,U010,01-06-2025,Machine Learning,Certification,3.6,95.1,59.4,In Progress,Beginner,26.41666667,0,Jun
L000261,U150,23-11-2025,Power BI,Workshop,0,0,0,Not Started,Intermediate,0,0,Nov
L000262,U181,14-03-2025,Java,Self Learning,1,85.4,100,Completed,Intermediate,85.4,1,Mar
L000263,U080,10-03-2025,ServiceNow,Workshop,0,0,0,Not Started,Beginner,0,0,Mar
L000264,U040,03-11-2025,SQL,Self Learning,2.4,86.5,2.2,In Progress,Advanced,36.04166667,0,Nov
L000265,U060,28-03-2025,Data Analytics,Online Course,2.5,85,36.8,In Progress,Intermediate,34,0,Mar
L000266,U118,26-12-2025,Machine Learning,Workshop,3.4,61,56.7,In Progress,Intermediate,17.94117647,0,Dec
L000267,U168,10-03-2025,Excel,Certification,2,91.3,100,Completed,Intermediate,45.65,1,Mar
L000268,U147,26-10-2025,Machine Learning,Online Course,2.6,85.9,19.5,In Progress,Intermediate,33.03846154,0,Oct
L000269,U071,10-06-2025,Power BI,Project,5.8,91.3,41.5,Dropped,Intermediate,15.74137931,0,Jun
L000270,U185,17-12-2025,ServiceNow,Project,5.3,84.8,100,Completed,Beginner,16,1,Dec
L000271,U123,17-10-2025,Excel,Self Learning,2.9,87,100,Completed,Intermediate,30,1,Oct
L000272,U005,07-06-2025,Communication,Self Learning,2,75.2,100,Completed,Intermediate,37.6,1,Jun
L000273,U165,13-06-2025,Python,Certification,2.5,99.6,100,Completed,Intermediate,39.84,1,Jun
L000274,U188,13-12-2025,Machine Learning,Project,1,64.2,15.9,In Progress,Beginner,64.2,0,Dec
L000275,U062,12-11-2025,Cloud,Project,0,0,0,Not Started,Intermediate,0,0,Nov
L000276,U027,15-06-2025,Machine Learning,Workshop,2.8,55.4,56.9,In Progress,Advanced,19.78571429,0,Jun
L000277,U092,22-10-2025,Java,Online Course,2.9,90.3,100,Completed,Advanced,31.13793103,1,Oct
L000278,U004,22-03-2025,Excel,Self Learning,4.1,79,12.8,In Progress,Beginner,19.26829268,0,Mar
L000279,U031,05-11-2025,Communication,Workshop,0,0,0,Not Started,Advanced,0,0,Nov
L000280,U102,01-08-2025,Python,Certification,5.5,94.1,36.4,In Progress,Beginner,17.10909091,0,Aug
L000281,U176,26-11-2025,Cloud,Workshop,4.6,80.2,33.1,In Progress,Beginner,17.43478261,0,Nov
L000282,U045,19-01-2025,Communication,Online Course,5,75.7,100,Completed,Intermediate,15.14,1,Jan
L000283,U132,16-07-2025,Cloud,Self Learning,4.1,72.4,100,Completed,Advanced,17.65853659,1,Jul
L000284,U173,03-08-2025,Excel,Online Course,4.6,91.8,27,In Progress,Beginner,19.95652174,0,Aug
L000285,U032,09-10-2025,Excel,Workshop,0,0,0,Not Started,Beginner,0,0,Oct
L000286,U089,21-05-2025,Data Analytics,Workshop,4,71.9,16.7,In Progress,Advanced,17.975,0,May
L000287,U053,16-04-2025,Python,Workshop,5.1,83.8,13.1,In Progress,Intermediate,16.43137255,0,Apr
L000288,U098,12-04-2025,Excel,Self Learning,1.1,67.3,100,Completed,Beginner,61.18181818,1,Apr
L000289,U013,25-01-2025,Excel,Workshop,5.6,84.6,100,Completed,Intermediate,15.10714286,1,Jan
L000290,U109,09-07-2025,ServiceNow,Self Learning,5.6,46.6,44.1,In Progress,Intermediate,8.321428571,0,Jul
L000291,U118,01-08-2025,Communication,Workshop,2.8,70,100,Completed,Intermediate,25,1,Aug
L000292,U009,25-12-2025,Data Analytics,Workshop,0.9,96.4,100,Completed,Beginner,107.1111111,1,Dec
L000293,U082,03-10-2025,Power BI,Workshop,1.7,62.5,32.6,In Progress,Advanced,36.76470588,0,Oct
L000294,U054,02-06-2025,Data Analytics,Workshop,4.6,73.7,6.3,In Progress,Intermediate,16.02173913,0,Jun
L000295,U090,09-09-2025,Power BI,Self Learning,1.4,50.2,63.4,In Progress,Intermediate,35.85714286,0,Sep
L000296,U043,10-11-2025,Java,Workshop,1.6,85.8,100,Completed,Intermediate,53.625,1,Nov
L000297,U199,03-11-2025,SQL,Workshop,3.7,52.7,51,In Progress,Beginner,14.24324324,0,Nov
L000298,U052,22-04-2025,Python,Workshop,2.1,86.9,1.6,In Progress,Intermediate,41.38095238,0,Apr
L000299,U106,04-02-2025,Python,Online Course,4.9,94.7,25.5,In Progress,Intermediate,19.32653061,0,Feb
L000300,U151,28-01-2025,Python,Workshop,3.7,55.8,26.4,In Progress,Advanced,15.08108108,0,Jan
L000301,U105,24-02-2025,Machine Learning,Project,0,0,0,Not Started,Beginner,0,0,Feb
L000302,U092,03-11-2025,Data Analytics,Self Learning,5.5,96.2,100,Completed,Beginner,17.49090909,1,Nov
L000303,U078,28-03-2025,Python,Self Learning,0.8,49.5,11.9,Dropped,Intermediate,61.875,0,Mar
L000304,U051,06-04-2025,Communication,Self Learning,3.2,82.6,86.1,In Progress,Beginner,25.8125,0,Apr
L000305,U119,08-03-2025,Excel,Online Course,1.5,62.4,26.5,In Progress,Intermediate,41.6,0,Mar
L000306,U091,04-07-2025,Communication,Project,5.4,59,51.3,Dropped,Intermediate,10.92592593,0,Jul
L000307,U109,08-07-2025,Power BI,Workshop,5.1,49.5,58.9,In Progress,Advanced,9.705882353,0,Jul
L000308,U148,10-01-2025,Python,Self Learning,1.2,91.1,76.9,In Progress,Advanced,75.91666667,0,Jan
L000309,U062,27-06-2025,Java,Project,3.9,98.5,100,Completed,Beginner,25.25641026,1,Jun
L000310,U195,27-02-2025,Excel,Online Course,4.2,47.3,30.4,In Progress,Advanced,11.26190476,0,Feb
L000311,U177,30-01-2025,Power BI,Online Course,1.6,84.1,78.3,In Progress,Intermediate,52.5625,0,Jan
L000312,U035,14-03-2025,Power BI,Self Learning,2,70.6,100,Completed,Advanced,35.3,1,Mar
L000313,U144,31-07-2025,ServiceNow,Workshop,0,0,0,Not Started,Beginner,0,0,Jul
L000314,U200,03-07-2025,Data Analytics,Workshop,4.1,76.5,70.6,In Progress,Advanced,18.65853659,0,Jul
L000315,U048,06-11-2025,SQL,Workshop,1.7,86.7,21,In Progress,Beginner,51,0,Nov
L000316,U139,12-01-2025,Java,Certification,5.3,99.1,24,In Progress,Advanced,18.69811321,0,Jan
L000317,U023,07-06-2025,Data Analytics,Certification,2.4,94.5,69.2,In Progress,Advanced,39.375,0,Jun
L000318,U025,08-03-2025,Java,Certification,3.6,67,100,Completed,Advanced,18.61111111,1,Mar
L000319,U086,18-07-2025,Python,Self Learning,1.7,66.6,100,Completed,Advanced,39.17647059,1,Jul
L000320,U098,31-05-2025,SQL,Online Course,3.5,64.4,32.2,In Progress,Advanced,18.4,0,May
L000321,U146,02-07-2025,Communication,Project,0,0,0,Not Started,Intermediate,0,0,Jul
L000322,U050,07-05-2025,SQL,Online Course,4.9,62.6,11.9,In Progress,Advanced,12.7755102,0,May
L000323,U006,16-02-2025,SQL,Project,6,97.3,69.7,In Progress,Advanced,16.21666667,0,Feb
L000324,U125,28-07-2025,Cloud,Self Learning,0.6,66.2,54.2,In Progress,Intermediate,110.3333333,0,Jul
L000325,U008,20-12-2025,Machine Learning,Workshop,4.8,67.1,58.3,In Progress,Advanced,13.97916667,0,Dec
L000326,U133,25-12-2025,Machine Learning,Certification,4.9,85.6,100,Completed,Advanced,17.46938776,1,Dec
L000327,U092,10-08-2025,Java,Online Course,3.7,71,3.7,In Progress,Intermediate,19.18918919,0,Aug
L000328,U054,27-07-2025,Power BI,Workshop,5.1,52.6,77.3,In Progress,Intermediate,10.31372549,0,Jul
L000329,U172,20-12-2025,Python,Project,4.3,40.4,49.9,In Progress,Intermediate,9.395348837,0,Dec
L000330,U054,15-11-2025,Python,Self Learning,3.6,42,7.2,In Progress,Intermediate,11.66666667,0,Nov
L000331,U184,03-04-2025,Communication,Certification,0.8,96.3,100,Completed,Advanced,120.375,1,Apr
L000332,U080,18-11-2025,Java,Certification,4.9,79.7,19.2,Dropped,Beginner,16.26530612,0,Nov
L000333,U067,19-06-2025,SQL,Certification,0,0,0,Not Started,Intermediate,0,0,Jun
L000334,U123,01-03-2025,Machine Learning,Online Course,5.8,97.1,100,Completed,Intermediate,16.74137931,1,Mar
L000335,U093,07-03-2025,Java,Self Learning,3.4,56.8,11.2,In Progress,Advanced,16.70588235,0,Mar
L000336,U165,20-07-2025,Cloud,Self Learning,5.9,88.5,100,Completed,Advanced,15,1,Jul
L000337,U123,26-08-2025,Machine Learning,Workshop,5.5,93.8,100,Completed,Advanced,17.05454545,1,Aug
L000338,U017,17-11-2025,Communication,Project,5.7,77.6,18.6,In Progress,Advanced,13.61403509,0,Nov
L000339,U104,14-12-2025,Cloud,Workshop,2,84.7,100,Completed,Intermediate,42.35,1,Dec
L000340,U026,20-06-2025,Excel,Workshop,1.8,96.5,50,In Progress,Beginner,53.61111111,0,Jun
L000341,U122,27-02-2025,Excel,Project,0,0,0,Not Started,Intermediate,0,0,Feb
L000342,U094,24-11-2025,Machine Learning,Online Course,3.9,89.6,54.6,Dropped,Advanced,22.97435897,0,Nov
L000343,U156,02-12-2025,Excel,Project,5.2,68.9,49,Dropped,Intermediate,13.25,0,Dec
L000344,U143,07-02-2025,Machine Learning,Workshop,1.1,86.9,29.9,In Progress,Intermediate,79,0,Feb
L000345,U107,30-09-2025,Machine Learning,Project,1.2,85.1,16.1,In Progress,Advanced,70.91666667,0,Sep
L000346,U048,20-06-2025,Python,Workshop,0.6,99.7,39.3,Dropped,Beginner,166.1666667,0,Jun
L000347,U127,30-12-2025,ServiceNow,Project,3.6,71.6,100,Completed,Intermediate,19.88888889,1,Dec
L000348,U050,06-06-2025,Data Analytics,Self Learning,3.7,50.1,85.8,In Progress,Beginner,13.54054054,0,Jun
L000349,U162,21-02-2025,ServiceNow,Online Course,1.5,51.4,45.8,Dropped,Beginner,34.26666667,0,Feb
L000350,U200,30-05-2025,SQL,Self Learning,0,0,0,Not Started,Beginner,0,0,May
L000351,U066,21-07-2025,Java,Online Course,5.3,60.8,52.6,In Progress,Intermediate,11.47169811,0,Jul
L000352,U093,13-10-2025,Data Analytics,Online Course,5,84.7,100,Completed,Beginner,16.94,1,Oct
L000353,U070,14-11-2025,Power BI,Workshop,3.1,68,100,Completed,Intermediate,21.93548387,1,Nov
L000354,U077,19-03-2025,Java,Self Learning,0.6,95.1,100,Completed,Advanced,158.5,1,Mar
L000355,U024,24-05-2025,Power BI,Certification,4.4,84.4,100,Completed,Intermediate,19.18181818,1,May
L000356,U065,07-04-2025,Java,Self Learning,0,0,0,Not Started,Advanced,0,0,Apr
L000357,U003,13-08-2025,Machine Learning,Self Learning,4.8,83.8,12.5,In Progress,Advanced,17.45833333,0,Aug
L000358,U140,19-03-2025,Communication,Certification,1.4,64.6,71.6,In Progress,Beginner,46.14285714,0,Mar
L000359,U133,12-03-2025,Power BI,Self Learning,5.7,66,52,In Progress,Intermediate,11.57894737,0,Mar
L000360,U083,06-02-2025,Power BI,Online Course,4.6,47.3,17.5,Dropped,Beginner,10.2826087,0,Feb
L000361,U097,11-07-2025,SQL,Online Course,1.8,74.2,52.4,In Progress,Beginner,41.22222222,0,Jul
L000362,U095,20-09-2025,Data Analytics,Self Learning,2.3,90.8,64.4,In Progress,Beginner,39.47826087,0,Sep
L000363,U116,14-03-2025,Communication,Online Course,1.3,84.2,100,Completed,Intermediate,64.76923077,1,Mar
L000364,U137,30-07-2025,Python,Workshop,2.8,98.8,86,In Progress,Intermediate,35.28571429,0,Jul
L000365,U023,25-05-2025,Data Analytics,Self Learning,2.3,84.4,100,Completed,Intermediate,36.69565217,1,May
L000366,U120,27-06-2025,Excel,Self Learning,5.2,98.6,100,Completed,Intermediate,18.96153846,1,Jun
L000367,U128,10-05-2025,Machine Learning,Self Learning,1.2,57.3,96,In Progress,Advanced,47.75,0,May
L000368,U034,19-08-2025,Excel,Project,4.5,70.9,71.8,In Progress,Beginner,15.75555556,0,Aug
L000369,U015,20-03-2025,Machine Learning,Certification,0.7,79.6,100,Completed,Beginner,113.7142857,1,Mar
L000370,U043,21-05-2025,Communication,Project,5.7,52.6,77.7,In Progress,Beginner,9.228070175,0,May
L000371,U074,01-03-2025,Data Analytics,Workshop,5.5,66.9,5.1,In Progress,Intermediate,12.16363636,0,Mar
L000372,U095,03-11-2025,Python,Workshop,2.8,49.2,48.8,Dropped,Advanced,17.57142857,0,Nov
L000373,U174,30-03-2025,Java,Project,0.6,91.9,56.2,In Progress,Advanced,153.1666667,0,Mar
L000374,U131,29-05-2025,Communication,Online Course,3.5,94.4,30.5,In Progress,Advanced,26.97142857,0,May
L000375,U134,30-07-2025,Data Analytics,Project,3.4,91.4,100,Completed,Beginner,26.88235294,1,Jul
L000376,U148,02-09-2025,Python,Project,0,0,0,Not Started,Intermediate,0,0,Sep
L000377,U159,02-08-2025,Power BI,Project,5,93.7,92,In Progress,Beginner,18.74,0,Aug
L000378,U167,11-05-2025,ServiceNow,Project,1.3,73.4,47.3,Dropped,Advanced,56.46153846,0,May
L000379,U045,08-09-2025,Machine Learning,Online Course,0.5,58.2,48.4,In Progress,Beginner,116.4,0,Sep
L000380,U165,17-03-2025,SQL,Certification,6,52.8,72.9,In Progress,Intermediate,8.8,0,Mar
L000381,U033,03-03-2025,Machine Learning,Online Course,1.1,42.8,85.7,In Progress,Intermediate,38.90909091,0,Mar
L000382,U023,19-05-2025,Data Analytics,Online Course,2.2,73.2,100,Completed,Intermediate,33.27272727,1,May
L000383,U017,06-06-2025,Communication,Workshop,4.9,74.9,0.5,In Progress,Advanced,15.28571429,0,Jun
L000384,U099,29-04-2025,Machine Learning,Self Learning,4.1,70,91.8,In Progress,Intermediate,17.07317073,0,Apr
L000385,U168,01-08-2025,Cloud,Workshop,5.9,80.7,70.2,In Progress,Beginner,13.6779661,0,Aug
L000386,U103,26-04-2025,Machine Learning,Online Course,4.2,89.1,100,Completed,Beginner,21.21428571,1,Apr
L000387,U064,24-09-2025,Machine Learning,Certification,4.5,67.2,100,Completed,Intermediate,14.93333333,1,Sep
L000388,U148,23-11-2025,SQL,Self Learning,0.7,69.8,65.7,In Progress,Intermediate,99.71428571,0,Nov
L000389,U165,14-05-2025,SQL,Certification,0,0,0,Not Started,Advanced,0,0,May
L000390,U122,27-01-2025,SQL,Workshop,4.5,85.4,100,Completed,Beginner,18.97777778,1,Jan
L000391,U031,20-12-2025,Excel,Project,3.7,96.5,100,Completed,Intermediate,26.08108108,1,Dec
L000392,U078,17-08-2025,Communication,Self Learning,3,77.4,35.1,In Progress,Intermediate,25.8,0,Aug
L000393,U134,10-01-2025,Cloud,Self Learning,3.2,89.5,100,Completed,Beginner,27.96875,1,Jan
L000394,U139,01-05-2025,ServiceNow,Project,3.9,69.1,40.6,In Progress,Beginner,17.71794872,0,May
L000395,U173,23-06-2025,Power BI,Self Learning,5.9,81.4,24.4,In Progress,Intermediate,13.79661017,0,Jun
L000396,U049,21-09-2025,Data Analytics,Self Learning,3.9,60.9,32.2,In Progress,Beginner,15.61538462,0,Sep
L000397,U015,07-01-2025,Excel,Workshop,2.6,89.5,25.6,In Progress,Beginner,34.42307692,0,Jan
L000398,U021,28-08-2025,Power BI,Certification,2.1,80.7,41.1,Dropped,Beginner,38.42857143,0,Aug
L000399,U099,10-10-2025,Java,Online Course,5.7,40.2,85.9,In Progress,Intermediate,7.052631579,0,Oct
L000400,U090,28-05-2025,ServiceNow,Self Learning,3.9,40.8,82.9,In Progress,Advanced,10.46153846,0,May
L000401,U026,10-02-2025,Java,Workshop,4.5,84,100,Completed,Beginner,18.66666667,1,Feb
L000402,U179,31-07-2025,ServiceNow,Project,0,0,0,Not Started,Beginner,0,0,Jul
L000403,U114,20-12-2025,Data Analytics,Online Course,4.5,73.4,94.1,In Progress,Intermediate,16.31111111,0,Dec
L000404,U124,31-12-2025,ServiceNow,Project,1.4,49.8,64.6,In Progress,Beginner,35.57142857,0,Dec
L000405,U049,02-04-2025,SQL,Online Course,5.4,89.2,100,Completed,Beginner,16.51851852,1,Apr
L000406,U006,09-01-2025,Cloud,Online Course,0.6,82.8,3.1,In Progress,Advanced,138,0,Jan
L000407,U186,05-09-2025,SQL,Certification,4.5,63.9,45.3,Dropped,Intermediate,14.2,0,Sep
L000408,U011,31-07-2025,Communication,Project,0,0,0,Not Started,Beginner,0,0,Jul
L000409,U039,20-11-2025,Data Analytics,Project,4.4,97.5,100,Completed,Advanced,22.15909091,1,Nov
L000410,U073,11-06-2025,Cloud,Online Course,1.6,61.7,55.3,In Progress,Advanced,38.5625,0,Jun
L000411,U199,28-12-2025,Communication,Self Learning,0.7,87.7,100,Completed,Intermediate,125.2857143,1,Dec
L000412,U187,18-07-2025,Excel,Certification,1.7,55.6,47.4,Dropped,Beginner,32.70588235,0,Jul
L000413,U171,05-12-2025,Cloud,Self Learning,0.7,81.2,64.7,In Progress,Advanced,116,0,Dec
L000414,U077,14-04-2025,Excel,Online Course,3.6,86.3,100,Completed,Advanced,23.97222222,1,Apr
L000415,U162,05-01-2025,Java,Project,3.9,66,94.3,In Progress,Advanced,16.92307692,0,Jan
L000416,U023,24-12-2025,Excel,Self Learning,6,78.1,100,Completed,Intermediate,13.01666667,1,Dec
L000417,U093,09-01-2025,Machine Learning,Online Course,0,0,0,Not Started,Advanced,0,0,Jan
L000418,U136,07-01-2025,Communication,Workshop,3.1,63.6,49.6,In Progress,Advanced,20.51612903,0,Jan
L000419,U014,09-05-2025,Data Analytics,Workshop,5.3,48.5,4.3,In Progress,Beginner,9.150943396,0,May
L000420,U053,01-08-2025,Cloud,Workshop,0.8,83.1,47.5,In Progress,Advanced,103.875,0,Aug
L000421,U111,17-09-2025,ServiceNow,Project,5.8,69.9,100,Completed,Intermediate,12.05172414,1,Sep
L000422,U082,18-06-2025,Communication,Self Learning,1.1,91.3,35.2,Dropped,Intermediate,83,0,Jun
L000423,U145,26-10-2025,Cloud,Self Learning,0,0,0,Not Started,Beginner,0,0,Oct
L000424,U069,10-11-2025,Excel,Certification,3.1,98.6,100,Completed,Advanced,31.80645161,1,Nov
L000425,U173,10-05-2025,Communication,Workshop,4.3,61.3,26.7,In Progress,Intermediate,14.25581395,0,May
L000426,U060,25-02-2025,Machine Learning,Self Learning,1.3,66.5,100,Completed,Advanced,51.15384615,1,Feb
L000427,U175,17-02-2025,Power BI,Workshop,3.5,63.4,81.6,In Progress,Intermediate,18.11428571,0,Feb
L000428,U096,20-06-2025,Python,Self Learning,0,0,0,Not Started,Intermediate,0,0,Jun
L000429,U144,15-12-2025,Excel,Online Course,4.8,72.8,94.3,In Progress,Beginner,15.16666667,0,Dec
L000430,U009,07-05-2025,Cloud,Workshop,1.1,72.3,100,Completed,Beginner,65.72727273,1,May
L000431,U058,28-01-2025,Data Analytics,Workshop,0.8,65.6,52,In Progress,Beginner,82,0,Jan
L000432,U071,13-01-2025,SQL,Workshop,5.9,47.7,85.5,In Progress,Beginner,8.084745763,0,Jan
L000433,U083,07-02-2025,Excel,Online Course,3.8,77.7,89.7,In Progress,Beginner,20.44736842,0,Feb
L000434,U150,19-11-2025,Machine Learning,Workshop,1.6,65.5,54,In Progress,Intermediate,40.9375,0,Nov
L000435,U138,25-12-2025,Machine Learning,Online Course,1,77.8,100,Completed,Beginner,77.8,1,Dec
L000436,U080,07-07-2025,Machine Learning,Self Learning,4.9,70.1,100,Completed,Advanced,14.30612245,1,Jul
L000437,U129,15-10-2025,Communication,Project,0,0,0,Not Started,Beginner,0,0,Oct
L000438,U191,30-09-2025,Java,Online Course,4.1,93.5,76.6,In Progress,Advanced,22.80487805,0,Sep
L000439,U156,23-06-2025,Cloud,Certification,2.6,98.2,79.9,In Progress,Intermediate,37.76923077,0,Jun
L000440,U092,02-09-2025,Cloud,Self Learning,1.7,83.1,88.5,In Progress,Beginner,48.88235294,0,Sep
L000441,U065,08-09-2025,Cloud,Workshop,0,0,0,Not Started,Intermediate,0,0,Sep
L000442,U002,10-08-2025,Cloud,Certification,5.7,86.7,6.5,In Progress,Beginner,15.21052632,0,Aug
L000443,U008,21-09-2025,Power BI,Project,4.3,80.9,49.4,In Progress,Intermediate,18.81395349,0,Sep
L000444,U111,13-09-2025,Machine Learning,Self Learning,1.1,46.8,56.8,In Progress,Advanced,42.54545455,0,Sep
L000445,U129,17-06-2025,Power BI,Project,5.5,86.6,100,Completed,Beginner,15.74545455,1,Jun
L000446,U056,22-08-2025,Cloud,Online Course,4.2,77.1,6.2,In Progress,Intermediate,18.35714286,0,Aug
L000447,U185,28-05-2025,Excel,Self Learning,4.8,77,26.1,In Progress,Intermediate,16.04166667,0,May
L000448,U151,05-07-2025,ServiceNow,Self Learning,5.2,89.5,98,In Progress,Advanced,17.21153846,0,Jul
L000449,U012,05-11-2025,ServiceNow,Workshop,2.4,82.8,100,Completed,Advanced,34.5,1,Nov
L000450,U017,26-05-2025,Python,Certification,1.4,85.3,51.5,In Progress,Advanced,60.92857143,0,May
L000451,U073,28-10-2025,Machine Learning,Certification,5.1,52.1,19.4,Dropped,Advanced,10.21568627,0,Oct
L000452,U120,10-09-2025,Python,Self Learning,5.8,91.2,100,Completed,Advanced,15.72413793,1,Sep
L000453,U188,10-05-2025,Cloud,Workshop,4.7,66.4,46.7,In Progress,Intermediate,14.12765957,0,May
L000454,U037,02-12-2025,ServiceNow,Project,1.3,94.8,53.8,In Progress,Advanced,72.92307692,0,Dec
L000455,U065,10-04-2025,SQL,Workshop,0,0,0,Not Started,Advanced,0,0,Apr
L000456,U158,30-05-2025,Power BI,Workshop,2.3,98.2,50.7,In Progress,Beginner,42.69565217,0,May
L000457,U023,24-03-2025,Power BI,Self Learning,3.1,95.8,69.2,In Progress,Advanced,30.90322581,0,Mar
L000458,U059,20-10-2025,Communication,Self Learning,1.3,68.4,100,Completed,Intermediate,52.61538462,1,Oct
L000459,U194,26-10-2025,Python,Self Learning,2.3,86.8,16.4,In Progress,Beginner,37.73913043,0,Oct
L000460,U017,31-03-2025,Java,Self Learning,3.8,88.7,100,Completed,Intermediate,23.34210526,1,Mar
L000461,U012,17-10-2025,Data Analytics,Certification,1.4,99.4,69.5,In Progress,Advanced,71,0,Oct
L000462,U111,06-07-2025,Power BI,Project,4.2,98.4,100,Completed,Intermediate,23.42857143,1,Jul
L000463,U153,05-07-2025,SQL,Project,4.7,90.4,55,In Progress,Intermediate,19.23404255,0,Jul
L000464,U160,18-12-2025,ServiceNow,Certification,0,0,0,Not Started,Advanced,0,0,Dec
L000465,U023,21-10-2025,Java,Project,1.6,95.6,82,In Progress,Intermediate,59.75,0,Oct
L000466,U191,02-03-2025,Machine Learning,Online Course,3.4,85.1,100,Completed,Intermediate,25.02941176,1,Mar
L000467,U012,17-07-2025,SQL,Project,3.9,93.1,100,Completed,Advanced,23.87179487,1,Jul
L000468,U059,16-01-2025,Excel,Workshop,3.6,91.7,89,In Progress,Beginner,25.47222222,0,Jan
L000469,U072,12-12-2025,Data Analytics,Workshop,4.4,86,100,Completed,Advanced,19.54545455,1,Dec
L000470,U103,07-04-2025,Cloud,Workshop,3,66.6,100,Completed,Advanced,22.2,1,Apr
L000471,U112,13-10-2025,Communication,Online Course,0,0,0,Not Started,Advanced,0,0,Oct
L000472,U116,22-08-2025,SQL,Self Learning,5,78.3,16.5,In Progress,Intermediate,15.66,0,Aug
L000473,U137,19-04-2025,Excel,Project,2.5,59.4,42.4,In Progress,Advanced,23.76,0,Apr
L000474,U018,22-12-2025,Communication,Certification,1.2,96.6,33.9,In Progress,Beginner,80.5,0,Dec
L000475,U163,26-01-2025,Java,Online Course,5,83.6,50.9,Dropped,Beginner,16.72,0,Jan
L000476,U040,29-09-2025,Python,Self Learning,2.7,47.5,36.8,Dropped,Advanced,17.59259259,0,Sep
L000477,U192,15-04-2025,SQL,Workshop,3.3,57.2,89.8,In Progress,Advanced,17.33333333,0,Apr
L000478,U084,20-05-2025,Power BI,Self Learning,5.4,82.9,100,Completed,Intermediate,15.35185185,1,May
L000479,U091,02-11-2025,ServiceNow,Certification,4,99.9,23.1,In Progress,Advanced,24.975,0,Nov
L000480,U048,15-06-2025,Java,Project,1.3,78.8,2.6,In Progress,Intermediate,60.61538462,0,Jun
L000481,U014,14-12-2025,SQL,Certification,3.5,90.6,75.9,In Progress,Intermediate,25.88571429,0,Dec
L000482,U027,16-02-2025,ServiceNow,Workshop,4.2,75.9,100,Completed,Beginner,18.07142857,1,Feb
L000483,U010,06-01-2025,Data Analytics,Online Course,2.4,73.1,25.3,In Progress,Beginner,30.45833333,0,Jan
L000484,U082,25-09-2025,SQL,Project,1,63.6,10,In Progress,Beginner,63.6,0,Sep
L000485,U192,07-05-2025,Data Analytics,Online Course,3.8,85.3,100,Completed,Intermediate,22.44736842,1,May
L000486,U137,07-03-2025,SQL,Online Course,4.6,93.7,51.2,Dropped,Beginner,20.36956522,0,Mar
L000487,U162,30-01-2025,Java,Workshop,2.4,77.8,100,Completed,Advanced,32.41666667,1,Jan
L000488,U104,15-11-2025,Machine Learning,Project,1,54.7,95.8,In Progress,Advanced,54.7,0,Nov
L000489,U196,07-07-2025,Cloud,Workshop,3.6,97.4,79.2,In Progress,Beginner,27.05555556,0,Jul
L000490,U114,23-05-2025,Communication,Workshop,5.6,89.8,100,Completed,Intermediate,16.03571429,1,May
L000491,U170,08-05-2025,ServiceNow,Self Learning,4.6,84.5,13.1,Dropped,Intermediate,18.36956522,0,May
L000492,U064,04-02-2025,Cloud,Online Course,5.9,76.9,100,Completed,Beginner,13.03389831,1,Feb
L000493,U080,16-06-2025,Cloud,Certification,5.3,84.1,87.4,In Progress,Advanced,15.86792453,0,Jun
L000494,U131,29-07-2025,Excel,Online Course,2.3,68.7,100,Completed,Intermediate,29.86956522,1,Jul
L000495,U160,12-02-2025,Communication,Workshop,1.5,80.9,100,Completed,Intermediate,53.93333333,1,Feb
L000496,U008,13-03-2025,Cloud,Project,5.1,89.3,100,Completed,Beginner,17.50980392,1,Mar
L000497,U102,29-03-2025,Python,Project,3.2,58.5,4.8,In Progress,Intermediate,18.28125,0,Mar
L000498,U193,11-04-2025,Excel,Online Course,3.7,77.8,29.4,In Progress,Intermediate,21.02702703,0,Apr
L000499,U047,14-09-2025,Excel,Online Course,4.3,73.2,13.4,In Progress,Advanced,17.02325581,0,Sep
L000500,U161,06-05-2025,Python,Workshop,1.9,48.2,96.7,In Progress,Beginner,25.36842105,0,May
L000501,U110,05-02-2025,Machine Learning,Online Course,2.5,94.3,100,Completed,Intermediate,37.72,1,Feb
L000502,U136,15-02-2025,SQL,Project,2.2,44.6,93.6,In Progress,Intermediate,20.27272727,0,Feb
L000503,U198,20-06-2025,Java,Workshop,4,46.7,87.9,In Progress,Intermediate,11.675,0,Jun
L000504,U070,28-03-2025,Java,Self Learning,2.8,75.8,100,Completed,Intermediate,27.07142857,1,Mar
L000505,U103,20-01-2025,Communication,Certification,5.2,46.5,26.6,In Progress,Advanced,8.942307692,0,Jan
L000506,U143,06-03-2025,Excel,Workshop,3.2,93.1,33.3,Dropped,Beginner,29.09375,0,Mar
L000507,U196,29-07-2025,Java,Online Course,0,0,0,Not Started,Intermediate,0,0,Jul
L000508,U087,18-06-2025,Machine Learning,Workshop,0.9,75.5,10.4,Dropped,Beginner,83.88888889,0,Jun
L000509,U199,22-04-2025,Excel,Project,5.6,72.3,77.5,In Progress,Beginner,12.91071429,0,Apr
L000510,U166,17-08-2025,Cloud,Certification,5.4,80.6,100,Completed,Advanced,14.92592593,1,Aug
L000511,U051,09-03-2025,Machine Learning,Certification,3.4,87.5,77.2,In Progress,Advanced,25.73529412,0,Mar
L000512,U095,13-02-2025,Data Analytics,Online Course,5.4,84.5,100,Completed,Intermediate,15.64814815,1,Feb
L000513,U019,16-04-2025,Communication,Project,3.1,46.8,67.5,In Progress,Intermediate,15.09677419,0,Apr
L000514,U164,23-02-2025,Excel,Project,3.5,88,100,Completed,Beginner,25.14285714,1,Feb
L000515,U138,14-11-2025,Excel,Online Course,5,90.8,100,Completed,Intermediate,18.16,1,Nov
L000516,U001,18-09-2025,SQL,Online Course,4.8,54.4,28.1,Dropped,Beginner,11.33333333,0,Sep
L000517,U097,04-10-2025,Python,Certification,6,76,100,Completed,Advanced,12.66666667,1,Oct
L000518,U038,21-04-2025,Machine Learning,Self Learning,0.8,90.7,33.4,In Progress,Beginner,113.375,0,Apr
L000519,U050,07-12-2025,Data Analytics,Project,5.8,42.5,10.2,In Progress,Beginner,7.327586207,0,Dec
L000520,U171,30-06-2025,Python,Project,0.7,84.1,71.5,In Progress,Intermediate,120.1428571,0,Jun
L000521,U105,15-04-2025,ServiceNow,Workshop,2.7,74.9,100,Completed,Advanced,27.74074074,1,Apr
L000522,U063,11-01-2025,ServiceNow,Project,1.1,75.2,9.9,In Progress,Intermediate,68.36363636,0,Jan
L000523,U024,24-03-2025,SQL,Certification,1.7,64.5,48.9,In Progress,Intermediate,37.94117647,0,Mar
L000524,U147,08-04-2025,Java,Project,2.4,90.1,32.4,In Progress,Advanced,37.54166667,0,Apr
L000525,U066,04-10-2025,Cloud,Self Learning,4.7,84.8,100,Completed,Beginner,18.04255319,1,Oct
L000526,U055,28-08-2025,SQL,Online Course,3.3,96.8,49.5,In Progress,Advanced,29.33333333,0,Aug
L000527,U160,05-07-2025,Machine Learning,Workshop,1,92.3,30,Dropped,Intermediate,92.3,0,Jul
L000528,U187,28-01-2025,Java,Project,4.3,87.8,27.1,In Progress,Beginner,20.41860465,0,Jan
L000529,U103,25-12-2025,Cloud,Self Learning,0,0,0,Not Started,Beginner,0,0,Dec
L000530,U190,09-12-2025,Cloud,Online Course,3,63.6,97.4,In Progress,Advanced,21.2,0,Dec
L000531,U053,02-04-2025,Java,Online Course,2.8,75.4,10.5,In Progress,Advanced,26.92857143,0,Apr
L000532,U149,11-07-2025,Communication,Workshop,5.5,65.9,100,Completed,Intermediate,11.98181818,1,Jul
L000533,U108,09-05-2025,Java,Online Course,1.6,95.9,17.6,In Progress,Intermediate,59.9375,0,May
L000534,U004,11-01-2025,Python,Online Course,4.6,88.3,100,Completed,Beginner,19.19565217,1,Jan
L000535,U099,27-05-2025,SQL,Online Course,5.3,54.6,55.7,Dropped,Advanced,10.30188679,0,May
L000536,U051,21-12-2025,Communication,Workshop,0,0,0,Not Started,Intermediate,0,0,Dec
L000537,U135,06-04-2025,ServiceNow,Workshop,4.7,79.4,26.5,Dropped,Intermediate,16.89361702,0,Apr
L000538,U079,09-05-2025,Communication,Self Learning,5.1,72.5,13.4,In Progress,Advanced,14.21568627,0,May
L000539,U189,10-08-2025,Machine Learning,Workshop,4.6,84.1,7.2,In Progress,Intermediate,18.2826087,0,Aug
L000540,U059,02-12-2025,Communication,Online Course,5.2,42.4,97.4,In Progress,Intermediate,8.153846154,0,Dec
L000541,U113,07-01-2025,Machine Learning,Self Learning,2.4,72,100,Completed,Intermediate,30,1,Jan
L000542,U056,11-10-2025,Communication,Self Learning,2,76.9,75.9,In Progress,Advanced,38.45,0,Oct
L000543,U110,17-10-2025,Power BI,Workshop,0.9,59.2,31.2,In Progress,Intermediate,65.77777778,0,Oct
L000544,U055,24-10-2025,SQL,Self Learning,2,61.8,76.6,In Progress,Advanced,30.9,0,Oct
L000545,U004,23-04-2025,Machine Learning,Workshop,4.7,71.5,100,Completed,Intermediate,15.21276596,1,Apr
L000546,U064,22-07-2025,Machine Learning,Project,1.7,65.5,29.4,In Progress,Intermediate,38.52941176,0,Jul
L000547,U157,18-04-2025,Power BI,Workshop,0,0,0,Not Started,Intermediate,0,0,Apr
L000548,U153,25-10-2025,Java,Project,5.7,40.1,84,In Progress,Intermediate,7.035087719,0,Oct
L000549,U067,28-03-2025,Java,Certification,1.8,65.2,5.7,In Progress,Intermediate,36.22222222,0,Mar
L000550,U080,26-07-2025,Excel,Workshop,5.5,56.9,29,In Progress,Intermediate,10.34545455,0,Jul
L000551,U195,22-07-2025,Excel,Workshop,4.9,88,53.2,Dropped,Intermediate,17.95918367,0,Jul
L000552,U117,31-05-2025,Data Analytics,Project,3.9,75.3,41,In Progress,Intermediate,19.30769231,0,May
L000553,U058,06-03-2025,Data Analytics,Online Course,5,42.1,63,In Progress,Intermediate,8.42,0,Mar
L000554,U033,03-11-2025,ServiceNow,Self Learning,5.5,43,77,In Progress,Intermediate,7.818181818,0,Nov
L000555,U094,04-05-2025,Power BI,Certification,2.9,83.3,100,Completed,Intermediate,28.72413793,1,May
L000556,U070,17-05-2025,Cloud,Certification,2,65.4,97.2,In Progress,Beginner,32.7,0,May
L000557,U052,24-12-2025,Data Analytics,Certification,2.3,94.2,65.2,In Progress,Intermediate,40.95652174,0,Dec
L000558,U035,03-11-2025,Java,Workshop,1.8,94,7.7,In Progress,Beginner,52.22222222,0,Nov
L000559,U036,24-02-2025,Excel,Certification,1.8,98.2,100,Completed,Intermediate,54.55555556,1,Feb
L000560,U047,03-03-2025,Machine Learning,Workshop,0.7,80.4,16.9,In Progress,Advanced,114.8571429,0,Mar
L000561,U054,10-10-2025,Machine Learning,Self Learning,4.7,65.6,85,In Progress,Advanced,13.95744681,0,Oct
L000562,U023,16-05-2025,Power BI,Project,1.9,81.6,67.7,In Progress,Beginner,42.94736842,0,May
L000563,U085,07-01-2025,Power BI,Certification,2.5,95.7,100,Completed,Advanced,38.28,1,Jan
L000564,U133,16-12-2025,Cloud,Online Course,1.3,44.4,68.6,In Progress,Advanced,34.15384615,0,Dec
L000565,U057,17-02-2025,Machine Learning,Workshop,4.9,88.2,100,Completed,Beginner,18,1,Feb
L000566,U072,17-03-2025,SQL,Project,4.3,98.3,100,Completed,Advanced,22.86046512,1,Mar
L000567,U079,24-06-2025,Python,Workshop,1,95.4,20.5,In Progress,Advanced,95.4,0,Jun
L000568,U197,25-02-2025,Java,Online Course,1,71.3,77.1,In Progress,Advanced,71.3,0,Feb
L000569,U033,08-02-2025,Python,Self Learning,4.9,91.9,100,Completed,Advanced,18.75510204,1,Feb
L000570,U161,24-08-2025,Python,Self Learning,5,73.9,17.9,Dropped,Advanced,14.78,0,Aug
L000571,U139,12-08-2025,Java,Workshop,4.7,63.5,13.5,Dropped,Advanced,13.5106383,0,Aug
L000572,U192,12-03-2025,Data Analytics,Online Course,3.9,62.4,18.2,Dropped,Beginner,16,0,Mar
L000573,U001,19-02-2025,Cloud,Certification,3.2,90.6,80.7,In Progress,Beginner,28.3125,0,Feb
L000574,U144,17-07-2025,ServiceNow,Certification,4.5,69.8,2.6,In Progress,Intermediate,15.51111111,0,Jul
L000575,U167,22-10-2025,Cloud,Online Course,0,0,0,Not Started,Intermediate,0,0,Oct
L000576,U035,01-03-2025,Communication,Workshop,4.7,81.3,62.2,In Progress,Intermediate,17.29787234,0,Mar
L000577,U188,19-02-2025,Python,Project,2.5,87.2,100,Completed,Beginner,34.88,1,Feb
L000578,U041,12-11-2025,Cloud,Workshop,0.8,83.9,100,Completed,Intermediate,104.875,1,Nov
L000579,U167,15-09-2025,Excel,Online Course,3.5,76.1,100,Completed,Advanced,21.74285714,1,Sep
L000580,U019,15-06-2025,Cloud,Self Learning,0.5,66.9,100,Completed,Beginner,133.8,1,Jun
L000581,U161,18-02-2025,Power BI,Project,3,51.5,20.4,In Progress,Advanced,17.16666667,0,Feb
L000582,U116,23-01-2025,Data Analytics,Certification,0.8,72.5,33.4,In Progress,Advanced,90.625,0,Jan
L000583,U191,09-02-2025,SQL,Self Learning,5.6,45.9,5.3,In Progress,Advanced,8.196428571,0,Feb
L000584,U120,01-04-2025,Power BI,Self Learning,1.7,45.3,14.1,In Progress,Intermediate,26.64705882,0,Apr
L000585,U054,28-06-2025,Cloud,Self Learning,1,55,21.4,In Progress,Advanced,55,0,Jun
L000586,U010,24-06-2025,Java,Online Course,4.6,55.2,66.6,Dropped,Intermediate,12,0,Jun
L000587,U132,15-05-2025,Cloud,Online Course,5,51.8,52.5,Dropped,Intermediate,10.36,0,May
L000588,U120,29-04-2025,Power BI,Workshop,0,0,0,Not Started,Beginner,0,0,Apr
L000589,U083,22-12-2025,Cloud,Project,1.9,76.9,97.5,In Progress,Beginner,40.47368421,0,Dec
L000590,U047,30-04-2025,ServiceNow,Certification,1.2,99.4,100,Completed,Advanced,82.83333333,1,Apr
L000591,U015,13-02-2025,Communication,Online Course,0,0,0,Not Started,Advanced,0,0,Feb
L000592,U095,01-04-2025,Python,Online Course,2,70.1,100,Completed,Intermediate,35.05,1,Apr
L000593,U092,07-12-2025,Power BI,Project,1,90.4,100,Completed,Advanced,90.4,1,Dec
L000594,U160,31-07-2025,Excel,Online Course,3.1,77.5,100,Completed,Advanced,25,1,Jul
L000595,U169,05-02-2025,Cloud,Workshop,5,86.1,100,Completed,Intermediate,17.22,1,Feb
L000596,U178,23-12-2025,Java,Self Learning,4.8,81.2,19.7,Dropped,Advanced,16.91666667,0,Dec
L000597,U088,01-11-2025,Python,Workshop,5.7,86.4,19.1,In Progress,Advanced,15.15789474,0,Nov
L000598,U094,11-09-2025,Data Analytics,Workshop,2.6,56.8,1.7,In Progress,Intermediate,21.84615385,0,Sep
L000599,U015,15-05-2025,ServiceNow,Project,3.3,84,100,Completed,Advanced,25.45454545,1,May
L000600,U086,30-12-2025,Cloud,Project,2.7,95.5,100,Completed,Beginner,35.37037037,1,Dec
L000601,U063,31-07-2025,Excel,Certification,2,95.4,100,Completed,Beginner,47.7,1,Jul
L000602,U173,06-01-2025,SQL,Workshop,4.3,78.1,100,Completed,Intermediate,18.1627907,1,Jan
L000603,U129,06-12-2025,SQL,Online Course,4.6,56.5,60.8,In Progress,Advanced,12.2826087,0,Dec
L000604,U066,26-11-2025,Data Analytics,Self Learning,5.6,51.5,6.9,In Progress,Beginner,9.196428571,0,Nov
L000605,U030,05-08-2025,Python,Project,0.7,40.7,28.1,In Progress,Intermediate,58.14285714,0,Aug
L000606,U099,08-05-2025,Communication,Self Learning,4.4,98.9,39.8,In Progress,Beginner,22.47727273,0,May
L000607,U084,26-02-2025,Power BI,Online Course,4.3,49.9,49.5,In Progress,Intermediate,11.60465116,0,Feb
L000608,U192,29-12-2025,ServiceNow,Online Course,2.4,71.1,97.3,In Progress,Intermediate,29.625,0,Dec
L000609,U186,10-06-2025,SQL,Workshop,3.9,74.3,48.3,Dropped,Advanced,19.05128205,0,Jun
L000610,U142,07-05-2025,Power BI,Project,5.7,81.8,47.1,In Progress,Beginner,14.35087719,0,May
L000611,U058,21-08-2025,SQL,Project,3.3,69.4,23.7,In Progress,Advanced,21.03030303,0,Aug
L000612,U129,13-03-2025,Cloud,Online Course,1.7,92.4,100,Completed,Intermediate,54.35294118,1,Mar
L000613,U066,30-12-2025,Python,Project,5.7,62.2,42.4,In Progress,Advanced,10.9122807,0,Dec
L000614,U174,11-04-2025,Java,Workshop,1.8,60.8,65.7,In Progress,Beginner,33.77777778,0,Apr
L000615,U008,18-10-2025,Machine Learning,Project,0.5,78.2,28.9,In Progress,Beginner,156.4,0,Oct
L000616,U196,01-10-2025,Cloud,Project,3.2,78.2,58.1,In Progress,Intermediate,24.4375,0,Oct
L000617,U087,13-12-2025,ServiceNow,Certification,3.9,73.2,100,Completed,Intermediate,18.76923077,1,Dec
L000618,U104,19-05-2025,Data Analytics,Certification,3.5,64.5,27.1,In Progress,Beginner,18.42857143,0,May
L000619,U174,24-05-2025,ServiceNow,Project,1.9,80.2,45.5,Dropped,Beginner,42.21052632,0,May
L000620,U176,09-11-2025,Excel,Project,0,0,0,Not Started,Beginner,0,0,Nov
L000621,U089,12-07-2025,Excel,Self Learning,2.2,62.9,15.8,In Progress,Beginner,28.59090909,0,Jul
L000622,U062,13-05-2025,Excel,Online Course,2.9,66.8,16.5,Dropped,Beginner,23.03448276,0,May
L000623,U178,22-07-2025,Java,Workshop,3.6,88.8,100,Completed,Beginner,24.66666667,1,Jul
L000624,U072,03-08-2025,SQL,Self Learning,5.3,75.1,84.3,In Progress,Beginner,14.16981132,0,Aug
L000625,U176,05-05-2025,Power BI,Self Learning,5.1,85.4,100,Completed,Beginner,16.74509804,1,May
L000626,U013,10-07-2025,Cloud,Workshop,1.9,52.5,52.9,In Progress,Beginner,27.63157895,0,Jul
L000627,U135,03-10-2025,ServiceNow,Self Learning,2,81.5,20.9,Dropped,Advanced,40.75,0,Oct
L000628,U020,15-11-2025,Power BI,Self Learning,5.2,90.3,100,Completed,Beginner,17.36538462,1,Nov
L000629,U078,20-05-2025,Python,Workshop,3.8,66.3,80,In Progress,Beginner,17.44736842,0,May
L000630,U038,10-11-2025,Python,Certification,2.7,69.8,100,Completed,Beginner,25.85185185,1,Nov
L000631,U087,10-04-2025,Java,Self Learning,2.5,41.8,19.9,In Progress,Intermediate,16.72,0,Apr
L000632,U058,22-02-2025,Excel,Workshop,3.4,66.4,59.1,In Progress,Intermediate,19.52941176,0,Feb
L000633,U079,31-10-2025,Data Analytics,Certification,4.8,50.2,1.1,In Progress,Beginner,10.45833333,0,Oct
L000634,U145,24-06-2025,Python,Project,2.7,49.9,77.1,In Progress,Beginner,18.48148148,0,Jun
L000635,U147,27-01-2025,Machine Learning,Online Course,0,0,0,Not Started,Intermediate,0,0,Jan
L000636,U139,10-08-2025,Cloud,Certification,1.6,88.3,100,Completed,Intermediate,55.1875,1,Aug
L000637,U115,26-10-2025,Machine Learning,Workshop,0,0,0,Not Started,Advanced,0,0,Oct
L000638,U027,18-06-2025,ServiceNow,Project,4.4,73.6,45.5,In Progress,Advanced,16.72727273,0,Jun
L000639,U009,15-10-2025,Machine Learning,Online Course,0.8,94.7,100,Completed,Advanced,118.375,1,Oct
L000640,U007,03-11-2025,Cloud,Self Learning,5.5,83.9,100,Completed,Intermediate,15.25454545,1,Nov
L000641,U022,31-08-2025,Java,Self Learning,1.5,47.3,0.9,In Progress,Advanced,31.53333333,0,Aug
L000642,U196,23-03-2025,SQL,Workshop,1.1,53.1,84.4,In Progress,Beginner,48.27272727,0,Mar
L000643,U017,07-11-2025,ServiceNow,Online Course,5.6,90.9,100,Completed,Beginner,16.23214286,1,Nov
L000644,U012,31-12-2025,ServiceNow,Certification,0.8,78.5,5.7,In Progress,Beginner,98.125,0,Dec
L000645,U087,11-03-2025,SQL,Project,4.6,59.5,35.5,In Progress,Advanced,12.93478261,0,Mar
L000646,U070,12-07-2025,Python,Online Course,2.7,53.7,26.8,In Progress,Beginner,19.88888889,0,Jul
L000647,U195,27-12-2025,SQL,Workshop,4.3,45.1,32.5,In Progress,Advanced,10.48837209,0,Dec
L000648,U041,26-10-2025,Power BI,Online Course,4.6,92.1,100,Completed,Advanced,20.02173913,1,Oct
L000649,U029,29-04-2025,Power BI,Online Course,0,0,0,Not Started,Advanced,0,0,Apr
L000650,U086,31-05-2025,SQL,Project,0.9,67.6,100,Completed,Advanced,75.11111111,1,May
L000651,U125,08-08-2025,Data Analytics,Online Course,0,0,0,Not Started,Beginner,0,0,Aug
L000652,U124,17-09-2025,Cloud,Workshop,4.9,92.7,100,Completed,Beginner,18.91836735,1,Sep
L000653,U152,01-10-2025,Excel,Online Course,4.6,40.1,24.4,In Progress,Beginner,8.717391304,0,Oct
L000654,U018,22-06-2025,Java,Certification,1.2,77,100,Completed,Intermediate,64.16666667,1,Jun
L000655,U099,23-07-2025,Power BI,Certification,2.5,90.3,100,Completed,Beginner,36.12,1,Jul
L000656,U163,15-05-2025,Excel,Workshop,4.8,98.2,20.4,Dropped,Intermediate,20.45833333,0,May
L000657,U092,17-04-2025,Power BI,Certification,1.6,70.1,24.9,Dropped,Intermediate,43.8125,0,Apr
L000658,U145,05-02-2025,Power BI,Workshop,4.7,75.3,78.2,In Progress,Advanced,16.0212766,0,Feb
L000659,U141,08-01-2025,Power BI,Online Course,3.2,83.7,4.3,In Progress,Beginner,26.15625,0,Jan
L000660,U102,25-03-2025,ServiceNow,Project,5.9,47,41.7,In Progress,Beginner,7.966101695,0,Mar
L000661,U067,17-07-2025,Data Analytics,Self Learning,0,0,0,Not Started,Intermediate,0,0,Jul
L000662,U034,08-01-2025,Python,Self Learning,0,0,0,Not Started,Intermediate,0,0,Jan
L000663,U022,01-04-2025,Cloud,Workshop,3.8,84,6,In Progress,Intermediate,22.10526316,0,Apr
L000664,U143,26-04-2025,Cloud,Online Course,3.8,77.8,41.3,Dropped,Intermediate,20.47368421,0,Apr
L000665,U118,21-04-2025,Java,Workshop,2.3,69.9,46.8,In Progress,Intermediate,30.39130435,0,Apr
L000666,U003,18-04-2025,Data Analytics,Workshop,0,0,0,Not Started,Advanced,0,0,Apr
L000667,U101,01-04-2025,Data Analytics,Online Course,2.6,47.5,15.2,In Progress,Beginner,18.26923077,0,Apr
L000668,U014,22-08-2025,Java,Project,4.3,76.3,100,Completed,Beginner,17.74418605,1,Aug
L000669,U080,11-10-2025,Power BI,Certification,5.3,96.3,100,Completed,Beginner,18.16981132,1,Oct
L000670,U032,18-04-2025,Cloud,Online Course,4.1,61.8,88.8,In Progress,Intermediate,15.07317073,0,Apr
L000671,U086,28-12-2025,Java,Project,6,98.5,54.7,In Progress,Advanced,16.41666667,0,Dec
L000672,U085,30-09-2025,Python,Online Course,1.3,51,88.5,In Progress,Beginner,39.23076923,0,Sep
L000673,U123,25-03-2025,SQL,Self Learning,2.2,97.2,12.9,In Progress,Advanced,44.18181818,0,Mar
L000674,U151,29-06-2025,Cloud,Online Course,0,0,0,Not Started,Advanced,0,0,Jun
L000675,U117,20-07-2025,Cloud,Project,0,0,0,Not Started,Advanced,0,0,Jul
L000676,U162,11-04-2025,SQL,Workshop,4.5,84.7,100,Completed,Advanced,18.82222222,1,Apr
L000677,U048,02-09-2025,Communication,Workshop,4.8,62.6,86.9,In Progress,Beginner,13.04166667,0,Sep
L000678,U168,29-05-2025,Machine Learning,Project,3.7,60.3,54.2,Dropped,Beginner,16.2972973,0,May
L000679,U123,27-02-2025,Python,Workshop,2.1,74.1,47.2,In Progress,Beginner,35.28571429,0,Feb
L000680,U101,25-11-2025,Communication,Project,2.8,84.1,100,Completed,Intermediate,30.03571429,1,Nov
L000681,U043,16-02-2025,SQL,Certification,2,89.1,100,Completed,Intermediate,44.55,1,Feb
L000682,U105,05-07-2025,SQL,Certification,1.6,57.3,39.2,In Progress,Beginner,35.8125,0,Jul
L000683,U147,09-05-2025,SQL,Online Course,4.1,80.4,100,Completed,Advanced,19.6097561,1,May
L000684,U165,24-12-2025,ServiceNow,Online Course,4.5,70.2,53.8,Dropped,Beginner,15.6,0,Dec
L000685,U021,29-07-2025,SQL,Project,5.1,67.9,100,Completed,Advanced,13.31372549,1,Jul
L000686,U020,13-10-2025,Python,Workshop,2.2,69.8,79.7,In Progress,Intermediate,31.72727273,0,Oct
L000687,U116,10-07-2025,Excel,Online Course,2.2,91.6,100,Completed,Intermediate,41.63636364,1,Jul
L000688,U017,20-03-2025,Excel,Certification,5,89.4,100,Completed,Intermediate,17.88,1,Mar
L000689,U029,02-01-2025,Excel,Certification,2.3,65.4,74.2,In Progress,Beginner,28.43478261,0,Jan
L000690,U192,15-04-2025,Cloud,Project,1.1,66,50.9,In Progress,Intermediate,60,0,Apr
L000691,U137,23-08-2025,SQL,Online Course,4.4,91.6,100,Completed,Beginner,20.81818182,1,Aug
L000692,U181,05-02-2025,Cloud,Workshop,3.5,94,100,Completed,Beginner,26.85714286,1,Feb
L000693,U059,14-06-2025,Machine Learning,Certification,0,0,0,Not Started,Beginner,0,0,Jun
L000694,U173,16-06-2025,ServiceNow,Project,2,89.7,13,In Progress,Beginner,44.85,0,Jun
L000695,U083,23-07-2025,Excel,Certification,5.4,71.3,21.5,In Progress,Beginner,13.2037037,0,Jul
L000696,U110,04-06-2025,Communication,Workshop,5.7,64.8,30.9,In Progress,Advanced,11.36842105,0,Jun
L000697,U016,17-02-2025,ServiceNow,Workshop,5.7,79.1,100,Completed,Advanced,13.87719298,1,Feb
L000698,U046,17-05-2025,Data Analytics,Online Course,5.5,74.4,38.7,In Progress,Intermediate,13.52727273,0,May
L000699,U167,11-07-2025,Cloud,Workshop,5,96.8,98.3,In Progress,Advanced,19.36,0,Jul
L000700,U104,18-01-2025,Power BI,Certification,4,94.1,100,Completed,Intermediate,23.525,1,Jan
L000701,U142,18-09-2025,SQL,Project,1.7,72.9,15.7,In Progress,Advanced,42.88235294,0,Sep
L000702,U179,12-03-2025,Communication,Workshop,1.9,40.8,73.5,In Progress,Advanced,21.47368421,0,Mar
L000703,U141,02-08-2025,Communication,Workshop,2.5,43.8,55.5,In Progress,Intermediate,17.52,0,Aug
L000704,U104,02-04-2025,SQL,Workshop,2.3,88.6,71.3,In Progress,Advanced,38.52173913,0,Apr
L000705,U128,06-06-2025,Communication,Certification,4,75.5,100,Completed,Beginner,18.875,1,Jun
L000706,U162,17-09-2025,Power BI,Project,1.6,49.6,58,In Progress,Intermediate,31,0,Sep
L000707,U110,28-08-2025,Data Analytics,Project,1.5,51.1,62,In Progress,Beginner,34.06666667,0,Aug
L000708,U127,21-03-2025,Machine Learning,Online Course,5.6,87.3,100,Completed,Beginner,15.58928571,1,Mar
L000709,U036,08-05-2025,SQL,Online Course,2,82.3,100,Completed,Beginner,41.15,1,May
L000710,U097,12-03-2025,Power BI,Online Course,4.6,57.7,53.9,In Progress,Advanced,12.54347826,0,Mar
L000711,U192,26-02-2025,Data Analytics,Certification,1.7,98.5,29.1,Dropped,Intermediate,57.94117647,0,Feb
L000712,U120,14-06-2025,Python,Online Course,4.4,73.5,100,Completed,Beginner,16.70454545,1,Jun
L000713,U195,18-03-2025,ServiceNow,Project,4,66.1,42.3,Dropped,Intermediate,16.525,0,Mar
L000714,U104,13-01-2025,Power BI,Certification,2.1,67.1,89.2,In Progress,Beginner,31.95238095,0,Jan
L000715,U088,15-12-2025,Python,Certification,1.9,81.3,94.7,In Progress,Advanced,42.78947368,0,Dec
L000716,U031,13-04-2025,SQL,Self Learning,0.7,47.3,95.4,In Progress,Intermediate,67.57142857,0,Apr
L000717,U102,07-02-2025,Power BI,Certification,3.1,46.3,60.1,Dropped,Intermediate,14.93548387,0,Feb
L000718,U164,24-09-2025,Machine Learning,Online Course,3.4,80.7,53.5,In Progress,Advanced,23.73529412,0,Sep
L000719,U070,02-10-2025,Communication,Self Learning,0,0,0,Not Started,Intermediate,0,0,Oct
L000720,U196,24-01-2025,Excel,Certification,4.8,89,18.7,In Progress,Intermediate,18.54166667,0,Jan
L000721,U040,21-05-2025,SQL,Online Course,0.7,71.2,62,In Progress,Advanced,101.7142857,0,May
L000722,U161,02-02-2025,SQL,Certification,0,0,0,Not Started,Advanced,0,0,Feb
L000723,U166,16-10-2025,Cloud,Workshop,3,80.3,7,In Progress,Intermediate,26.76666667,0,Oct
L000724,U105,12-05-2025,ServiceNow,Online Course,0,0,0,Not Started,Beginner,0,0,May
L000725,U109,10-01-2025,ServiceNow,Online Course,5.2,73.8,99.8,In Progress,Advanced,14.19230769,0,Jan
L000726,U023,28-03-2025,ServiceNow,Certification,2,75.6,28.4,Dropped,Advanced,37.8,0,Mar
L000727,U107,29-10-2025,ServiceNow,Online Course,0,0,0,Not Started,Beginner,0,0,Oct
L000728,U058,23-02-2025,Communication,Self Learning,3.9,67.3,100,Completed,Beginner,17.25641026,1,Feb
L000729,U083,21-03-2025,Cloud,Project,1.5,73.9,100,Completed,Beginner,49.26666667,1,Mar
L000730,U195,08-11-2025,Machine Learning,Certification,1.9,79.9,100,Completed,Intermediate,42.05263158,1,Nov
L000731,U090,12-08-2025,Java,Online Course,6,89,100,Completed,Intermediate,14.83333333,1,Aug
L000732,U023,07-12-2025,Power BI,Workshop,2.8,80.3,9.3,In Progress,Advanced,28.67857143,0,Dec
L000733,U098,15-02-2025,ServiceNow,Self Learning,0,0,0,Not Started,Beginner,0,0,Feb
L000734,U069,05-06-2025,Java,Online Course,5.1,54.3,80.1,In Progress,Beginner,10.64705882,0,Jun
L000735,U116,19-03-2025,Python,Online Course,3.6,84.5,99.6,In Progress,Intermediate,23.47222222,0,Mar
L000736,U163,04-05-2025,Power BI,Self Learning,5.4,91.1,100,Completed,Intermediate,16.87037037,1,May
L000737,U107,12-11-2025,Cloud,Online Course,0,0,0,Not Started,Intermediate,0,0,Nov
L000738,U012,11-03-2025,Data Analytics,Online Course,3.5,87.4,44.8,In Progress,Intermediate,24.97142857,0,Mar
L000739,U129,14-07-2025,Data Analytics,Project,3.9,93.6,100,Completed,Beginner,24,1,Jul
L000740,U140,27-02-2025,Data Analytics,Self Learning,2.8,97,100,Completed,Intermediate,34.64285714,1,Feb
L000741,U126,22-09-2025,SQL,Certification,1.2,72.9,6.6,In Progress,Intermediate,60.75,0,Sep
L000742,U153,19-11-2025,Cloud,Workshop,2.9,96.2,16,Dropped,Beginner,33.17241379,0,Nov
L000743,U092,19-03-2025,Java,Project,1.3,47.3,23.9,In Progress,Advanced,36.38461538,0,Mar
L000744,U027,15-09-2025,Communication,Self Learning,5.6,67.6,58.2,In Progress,Beginner,12.07142857,0,Sep
L000745,U182,02-11-2025,Excel,Project,0,0,0,Not Started,Advanced,0,0,Nov
L000746,U146,25-09-2025,Communication,Project,4.6,49.3,19.4,In Progress,Intermediate,10.7173913,0,Sep
L000747,U123,05-10-2025,Java,Project,0.7,74.8,45.2,In Progress,Advanced,106.8571429,0,Oct
L000748,U041,14-02-2025,Power BI,Project,3.3,43,52.5,In Progress,Intermediate,13.03030303,0,Feb
L000749,U091,02-04-2025,Machine Learning,Workshop,4.4,76.2,100,Completed,Intermediate,17.31818182,1,Apr
L000750,U018,27-10-2025,Cloud,Certification,0,0,0,Not Started,Beginner,0,0,Oct
L000751,U136,30-10-2025,SQL,Self Learning,4.3,84.5,52,In Progress,Intermediate,19.65116279,0,Oct
L000752,U061,24-08-2025,Power BI,Online Course,1.3,94.3,27.6,Dropped,Advanced,72.53846154,0,Aug
L000753,U164,27-08-2025,Communication,Certification,3.9,78.7,97.9,In Progress,Beginner,20.17948718,0,Aug
L000754,U153,05-09-2025,Machine Learning,Self Learning,0,0,0,Not Started,Beginner,0,0,Sep
L000755,U092,04-04-2025,Data Analytics,Certification,0.6,64.1,31.8,In Progress,Advanced,106.8333333,0,Apr
L000756,U016,08-12-2025,Data Analytics,Certification,4.8,95,100,Completed,Beginner,19.79166667,1,Dec
L000757,U147,22-08-2025,Data Analytics,Workshop,2.1,68.8,36.3,Dropped,Intermediate,32.76190476,0,Aug
L000758,U011,01-03-2025,Machine Learning,Project,4.5,98.6,100,Completed,Advanced,21.91111111,1,Mar
L000759,U114,10-05-2025,Power BI,Self Learning,1.6,95.5,33.7,Dropped,Intermediate,59.6875,0,May
L000760,U156,20-07-2025,Machine Learning,Certification,4.4,70.9,100,Completed,Intermediate,16.11363636,1,Jul
L000761,U157,21-08-2025,Excel,Self Learning,2.2,46.8,64,In Progress,Advanced,21.27272727,0,Aug
L000762,U002,05-07-2025,Cloud,Workshop,3.4,63.3,13.7,In Progress,Intermediate,18.61764706,0,Jul
L000763,U187,05-10-2025,ServiceNow,Self Learning,2.2,96.1,20.5,In Progress,Advanced,43.68181818,0,Oct
L000764,U097,27-03-2025,Data Analytics,Workshop,3.7,77.7,26.1,Dropped,Advanced,21,0,Mar
L000765,U049,14-08-2025,Data Analytics,Project,4.9,66.1,100,Completed,Intermediate,13.48979592,1,Aug
L000766,U062,22-07-2025,Cloud,Project,2.7,75.4,100,Completed,Advanced,27.92592593,1,Jul
L000767,U081,26-10-2025,ServiceNow,Workshop,1.3,82.8,36.4,Dropped,Advanced,63.69230769,0,Oct
L000768,U058,22-11-2025,Data Analytics,Self Learning,5.2,82.4,41.9,In Progress,Beginner,15.84615385,0,Nov
L000769,U170,11-08-2025,Communication,Project,5.1,72,100,Completed,Beginner,14.11764706,1,Aug
L000770,U191,19-07-2025,Python,Certification,4.5,87.9,100,Completed,Advanced,19.53333333,1,Jul
L000771,U106,22-09-2025,Power BI,Online Course,1.8,97.1,78.9,In Progress,Intermediate,53.94444444,0,Sep
L000772,U050,29-11-2025,Cloud,Self Learning,3,98.5,100,Completed,Advanced,32.83333333,1,Nov
L000773,U158,18-04-2025,Java,Workshop,3.8,80.9,8.5,In Progress,Beginner,21.28947368,0,Apr
L000774,U130,27-04-2025,Java,Certification,4.8,88.3,57.7,In Progress,Advanced,18.39583333,0,Apr
L000775,U080,17-04-2025,Power BI,Self Learning,2.2,50.9,30.4,In Progress,Advanced,23.13636364,0,Apr
L000776,U180,22-03-2025,Power BI,Online Course,0,0,0,Not Started,Advanced,0,0,Mar
L000777,U027,11-04-2025,SQL,Self Learning,1.1,83.9,59.1,In Progress,Advanced,76.27272727,0,Apr
L000778,U105,07-08-2025,Machine Learning,Workshop,2.8,59.8,17.3,In Progress,Advanced,21.35714286,0,Aug
L000779,U199,05-10-2025,Python,Project,0,0,0,Not Started,Beginner,0,0,Oct
L000780,U140,09-12-2025,Cloud,Online Course,1.5,83.4,37.4,In Progress,Advanced,55.6,0,Dec
L000781,U175,05-07-2025,Java,Self Learning,0,0,0,Not Started,Intermediate,0,0,Jul
L000782,U073,05-03-2025,Power BI,Workshop,2.8,78.3,100,Completed,Beginner,27.96428571,1,Mar
L000783,U097,23-04-2025,Cloud,Online Course,1.2,88.8,27.2,In Progress,Beginner,74,0,Apr
L000784,U146,14-10-2025,Machine Learning,Certification,3.6,78.8,27.5,In Progress,Beginner,21.88888889,0,Oct
L000785,U152,14-02-2025,Java,Self Learning,5.9,98.8,100,Completed,Advanced,16.74576271,1,Feb
L000786,U114,13-04-2025,Data Analytics,Workshop,5,78.5,17.1,Dropped,Advanced,15.7,0,Apr
L000787,U063,12-11-2025,Java,Certification,5.1,63.1,84.9,In Progress,Beginner,12.37254902,0,Nov
L000788,U112,13-12-2025,Communication,Online Course,0,0,0,Not Started,Beginner,0,0,Dec
L000789,U035,09-06-2025,Communication,Workshop,0,0,0,Not Started,Advanced,0,0,Jun
L000790,U200,13-10-2025,Python,Online Course,4.9,99.6,26.3,In Progress,Intermediate,20.32653061,0,Oct
L000791,U112,27-02-2025,Python,Certification,5.6,84.2,100,Completed,Advanced,15.03571429,1,Feb
L000792,U060,23-02-2025,Power BI,Self Learning,4.2,86.3,100,Completed,Beginner,20.54761905,1,Feb
L000793,U128,01-02-2025,Power BI,Online Course,0.8,56.1,41.9,In Progress,Advanced,70.125,0,Feb
L000794,U045,03-11-2025,ServiceNow,Self Learning,5.2,60.5,19.6,In Progress,Intermediate,11.63461538,0,Nov
L000795,U020,04-03-2025,Cloud,Certification,2.1,94,12.9,In Progress,Advanced,44.76190476,0,Mar
L000796,U196,05-12-2025,Machine Learning,Certification,2,85,34.4,In Progress,Intermediate,42.5,0,Dec
L000797,U125,31-12-2025,Power BI,Workshop,1.3,59,61.6,In Progress,Advanced,45.38461538,0,Dec
L000798,U195,28-02-2025,SQL,Self Learning,4.1,88.7,100,Completed,Advanced,21.63414634,1,Feb
L000799,U074,09-05-2025,SQL,Self Learning,2.9,53.5,91.6,In Progress,Advanced,18.44827586,0,May
L000800,U054,25-09-2025,Power BI,Project,5.6,41.5,8.3,In Progress,Beginner,7.410714286,0,Sep
L000801,U150,24-09-2025,Power BI,Online Course,2.4,69.5,100,Completed,Intermediate,28.95833333,1,Sep
L000802,U045,13-01-2025,Data Analytics,Self Learning,3.5,62.5,68,In Progress,Advanced,17.85714286,0,Jan
L000803,U179,11-10-2025,Communication,Online Course,4.5,98.8,35.8,In Progress,Advanced,21.95555556,0,Oct
L000804,U035,09-12-2025,Excel,Online Course,1.9,40.9,20.2,In Progress,Intermediate,21.52631579,0,Dec
L000805,U039,21-12-2025,Excel,Project,5.7,68.1,92.8,In Progress,Advanced,11.94736842,0,Dec
L000806,U142,11-01-2025,Excel,Certification,3.3,64.4,57.4,In Progress,Beginner,19.51515152,0,Jan
L000807,U150,13-07-2025,Python,Project,1.2,76.3,100,Completed,Advanced,63.58333333,1,Jul
L000808,U003,30-06-2025,Cloud,Certification,4.7,42.4,93.7,In Progress,Advanced,9.021276596,0,Jun
L000809,U019,09-04-2025,Machine Learning,Workshop,4.3,59.9,3.1,In Progress,Beginner,13.93023256,0,Apr
L000810,U117,08-03-2025,SQL,Workshop,3,62.6,41.4,In Progress,Advanced,20.86666667,0,Mar
L000811,U073,05-03-2025,Excel,Workshop,0,0,0,Not Started,Intermediate,0,0,Mar
L000812,U100,27-10-2025,Java,Self Learning,4.7,54.5,13.4,In Progress,Intermediate,11.59574468,0,Oct
L000813,U136,26-02-2025,Cloud,Project,6,92,100,Completed,Intermediate,15.33333333,1,Feb
L000814,U026,25-01-2025,Java,Self Learning,0.9,85.9,85.4,In Progress,Beginner,95.44444444,0,Jan
L000815,U021,14-04-2025,Power BI,Online Course,1.9,86.2,100,Completed,Advanced,45.36842105,1,Apr
L000816,U197,09-01-2025,Power BI,Workshop,1.2,91.1,69.2,Dropped,Advanced,75.91666667,0,Jan
L000817,U076,20-06-2025,ServiceNow,Online Course,5.7,75.6,90,In Progress,Intermediate,13.26315789,0,Jun
L000818,U061,17-05-2025,Communication,Workshop,3.5,91.6,15.3,In Progress,Advanced,26.17142857,0,May
L000819,U036,20-11-2025,Cloud,Online Course,4.9,60.9,57.3,In Progress,Advanced,12.42857143,0,Nov
L000820,U199,11-05-2025,Excel,Self Learning,4.7,81.5,62.5,In Progress,Advanced,17.34042553,0,May
L000821,U118,10-09-2025,Power BI,Self Learning,1.1,58.8,89,In Progress,Intermediate,53.45454545,0,Sep
L000822,U125,23-07-2025,Power BI,Self Learning,3.1,76.3,100,Completed,Beginner,24.61290323,1,Jul
L000823,U135,23-01-2025,SQL,Certification,5.3,64.1,23.2,In Progress,Intermediate,12.09433962,0,Jan
L000824,U199,11-08-2025,Communication,Workshop,0.8,63.3,58.4,Dropped,Beginner,79.125,0,Aug
L000825,U175,09-10-2025,Java,Online Course,2.4,81.9,29.3,In Progress,Beginner,34.125,0,Oct
L000826,U069,08-03-2025,Cloud,Certification,3.3,87.1,69.8,In Progress,Beginner,26.39393939,0,Mar
L000827,U005,21-05-2025,Power BI,Workshop,2.7,99.6,100,Completed,Beginner,36.88888889,1,May
L000828,U029,21-11-2025,Excel,Self Learning,5.5,83.5,83.8,In Progress,Beginner,15.18181818,0,Nov
L000829,U111,10-02-2025,SQL,Workshop,2.7,86.9,11.4,In Progress,Advanced,32.18518519,0,Feb
L000830,U091,15-10-2025,Data Analytics,Self Learning,2.6,99.4,73,In Progress,Intermediate,38.23076923,0,Oct
L000831,U138,08-10-2025,Data Analytics,Workshop,3.7,78.7,36.8,Dropped,Advanced,21.27027027,0,Oct
L000832,U144,14-12-2025,Power BI,Online Course,0.5,88.4,61.2,Dropped,Beginner,176.8,0,Dec
L000833,U029,15-12-2025,Communication,Project,1.3,69.9,100,Completed,Advanced,53.76923077,1,Dec
L000834,U029,20-09-2025,Machine Learning,Project,4.1,94.6,87.1,In Progress,Beginner,23.07317073,0,Sep
L000835,U047,10-04-2025,Java,Online Course,2.5,67.6,100,Completed,Advanced,27.04,1,Apr
L000836,U046,04-11-2025,Machine Learning,Self Learning,3.1,54.6,37.1,In Progress,Beginner,17.61290323,0,Nov
L000837,U182,12-06-2025,Power BI,Certification,0,0,0,Not Started,Intermediate,0,0,Jun
L000838,U192,25-08-2025,Machine Learning,Self Learning,3.4,81.5,61.4,In Progress,Advanced,23.97058824,0,Aug
L000839,U021,07-06-2025,Communication,Self Learning,5.1,92.5,100,Completed,Beginner,18.1372549,1,Jun
L000840,U154,29-08-2025,SQL,Online Course,3.8,65.6,100,Completed,Advanced,17.26315789,1,Aug
L000841,U173,06-10-2025,Python,Workshop,2.9,99.5,92.9,In Progress,Intermediate,34.31034483,0,Oct
L000842,U159,20-12-2025,Machine Learning,Self Learning,5.9,80.5,100,Completed,Intermediate,13.6440678,1,Dec
L000843,U081,20-12-2025,Cloud,Self Learning,5.2,72.8,66.9,In Progress,Beginner,14,0,Dec
L000844,U037,29-11-2025,Cloud,Workshop,2.4,67.2,100,Completed,Beginner,28,1,Nov
L000845,U068,17-07-2025,Machine Learning,Project,0,0,0,Not Started,Beginner,0,0,Jul
L000846,U012,03-06-2025,SQL,Certification,0.5,80.9,100,Completed,Beginner,161.8,1,Jun
L000847,U126,18-04-2025,Power BI,Certification,0,0,0,Not Started,Beginner,0,0,Apr
L000848,U048,18-04-2025,Java,Self Learning,3.3,75,100,Completed,Advanced,22.72727273,1,Apr
L000849,U049,29-10-2025,Data Analytics,Project,5.3,86.6,34.8,In Progress,Intermediate,16.33962264,0,Oct
L000850,U198,27-08-2025,Power BI,Self Learning,2.7,79.6,28.8,In Progress,Advanced,29.48148148,0,Aug
L000851,U043,27-11-2025,Cloud,Certification,0,0,0,Not Started,Beginner,0,0,Nov
L000852,U108,29-07-2025,Python,Certification,1.4,70.2,32,In Progress,Advanced,50.14285714,0,Jul
L000853,U169,04-05-2025,Java,Workshop,1,78.4,100,Completed,Beginner,78.4,1,May
L000854,U010,31-07-2025,Machine Learning,Workshop,2.7,87.1,100,Completed,Advanced,32.25925926,1,Jul
L000855,U080,03-04-2025,SQL,Self Learning,4.6,79.7,100,Completed,Beginner,17.32608696,1,Apr
L000856,U168,22-10-2025,ServiceNow,Self Learning,3.6,70.4,0.5,In Progress,Beginner,19.55555556,0,Oct
L000857,U077,07-09-2025,Data Analytics,Online Course,4.4,64.6,2.5,In Progress,Beginner,14.68181818,0,Sep
L000858,U075,30-09-2025,Python,Project,1,68.7,64.1,Dropped,Beginner,68.7,0,Sep
L000859,U071,25-04-2025,Java,Project,2.5,91.1,71.4,In Progress,Intermediate,36.44,0,Apr
L000860,U151,03-09-2025,ServiceNow,Certification,3,77.1,79.2,In Progress,Beginner,25.7,0,Sep
L000861,U060,05-02-2025,Data Analytics,Self Learning,1.3,84.5,69,In Progress,Advanced,65,0,Feb
L000862,U163,03-08-2025,Data Analytics,Self Learning,2.3,62.4,83.6,In Progress,Beginner,27.13043478,0,Aug
L000863,U079,04-11-2025,Communication,Online Course,2.3,87.3,100,Completed,Beginner,37.95652174,1,Nov
L000864,U151,21-01-2025,SQL,Project,2.9,89.2,100,Completed,Beginner,30.75862069,1,Jan
L000865,U018,24-06-2025,Python,Self Learning,0,0,0,Not Started,Advanced,0,0,Jun
L000866,U032,27-09-2025,Excel,Workshop,3.6,50.8,33.5,In Progress,Intermediate,14.11111111,0,Sep
L000867,U155,15-02-2025,Cloud,Self Learning,2.1,87.9,55,In Progress,Beginner,41.85714286,0,Feb
L000868,U128,21-02-2025,SQL,Certification,2.1,76.4,100,Completed,Advanced,36.38095238,1,Feb
L000869,U116,29-04-2025,Communication,Workshop,5.2,82.3,27.3,Dropped,Intermediate,15.82692308,0,Apr
L000870,U062,27-01-2025,Python,Project,2.6,79.8,100,Completed,Advanced,30.69230769,1,Jan
L000871,U159,29-05-2025,Communication,Self Learning,0.6,92.5,100,Completed,Beginner,154.1666667,1,May
L000872,U031,04-06-2025,Java,Online Course,4.8,64.9,13,In Progress,Advanced,13.52083333,0,Jun
L000873,U107,22-03-2025,Excel,Project,2.4,54.9,61.1,Dropped,Intermediate,22.875,0,Mar
L000874,U004,29-06-2025,Cloud,Project,3.9,79,43.3,In Progress,Advanced,20.25641026,0,Jun
L000875,U016,06-09-2025,SQL,Project,2.6,79.6,22.7,In Progress,Beginner,30.61538462,0,Sep
L000876,U152,09-01-2025,ServiceNow,Online Course,2,42,6.8,In Progress,Intermediate,21,0,Jan
L000877,U197,13-10-2025,Power BI,Workshop,1.5,67.7,38.4,Dropped,Advanced,45.13333333,0,Oct
L000878,U077,01-05-2025,Python,Workshop,0.7,97.6,26.4,In Progress,Intermediate,139.4285714,0,May
L000879,U184,25-06-2025,Machine Learning,Self Learning,1.1,95.5,16.5,In Progress,Intermediate,86.81818182,0,Jun
L000880,U094,03-07-2025,ServiceNow,Self Learning,4,86.9,100,Completed,Advanced,21.725,1,Jul
L000881,U073,01-11-2025,Cloud,Workshop,3.5,99.8,70.5,In Progress,Intermediate,28.51428571,0,Nov
L000882,U014,13-03-2025,Python,Certification,2.3,85.7,23.4,In Progress,Beginner,37.26086957,0,Mar
L000883,U168,10-02-2025,Python,Online Course,1,50.6,25.9,In Progress,Advanced,50.6,0,Feb
L000884,U089,31-08-2025,SQL,Online Course,0,0,0,Not Started,Beginner,0,0,Aug
L000885,U097,07-11-2025,Cloud,Project,3.4,74.2,72,In Progress,Intermediate,21.82352941,0,Nov
L000886,U027,15-02-2025,Machine Learning,Self Learning,0,0,0,Not Started,Beginner,0,0,Feb
L000887,U180,23-04-2025,Excel,Self Learning,3.5,94.1,100,Completed,Beginner,26.88571429,1,Apr
L000888,U130,19-10-2025,Communication,Online Course,4.1,59,45,Dropped,Beginner,14.3902439,0,Oct
L000889,U089,27-03-2025,Java,Self Learning,4.6,66.9,17,Dropped,Advanced,14.54347826,0,Mar
L000890,U200,10-01-2025,Excel,Self Learning,2.4,88.1,100,Completed,Advanced,36.70833333,1,Jan
L000891,U093,31-05-2025,Java,Project,3.3,69.6,100,Completed,Advanced,21.09090909,1,May
L000892,U126,12-08-2025,Machine Learning,Self Learning,2.9,87.1,100,Completed,Beginner,30.03448276,1,Aug
L000893,U093,29-08-2025,Communication,Project,1.1,62.9,82.7,In Progress,Beginner,57.18181818,0,Aug
L000894,U131,27-02-2025,Communication,Certification,4.5,45.8,14.8,In Progress,Beginner,10.17777778,0,Feb
L000895,U140,09-08-2025,Data Analytics,Workshop,4.2,92.9,56.4,In Progress,Beginner,22.11904762,0,Aug
L000896,U148,27-01-2025,Cloud,Certification,0,0,0,Not Started,Intermediate,0,0,Jan
L000897,U147,25-01-2025,ServiceNow,Project,5.9,78,100,Completed,Advanced,13.22033898,1,Jan
L000898,U045,22-01-2025,SQL,Certification,5.8,81.3,100,Completed,Intermediate,14.01724138,1,Jan
L000899,U014,01-04-2025,Excel,Online Course,5.7,100,100,Completed,Intermediate,17.54385965,1,Apr
L000900,U158,14-04-2025,Power BI,Self Learning,4.7,42.6,99.6,In Progress,Advanced,9.063829787,0,Apr
L000901,U120,03-05-2025,Python,Workshop,4,99.4,100,Completed,Intermediate,24.85,1,May
L000902,U159,10-04-2025,SQL,Online Course,2.2,77.6,100,Completed,Intermediate,35.27272727,1,Apr
L000903,U174,22-05-2025,Power BI,Project,1.4,94.4,49.5,In Progress,Beginner,67.42857143,0,May
L000904,U089,12-03-2025,ServiceNow,Online Course,4.5,86.8,68.3,In Progress,Beginner,19.28888889,0,Mar
L000905,U069,16-07-2025,Data Analytics,Workshop,0.7,91.2,56.8,Dropped,Advanced,130.2857143,0,Jul
L000906,U041,23-12-2025,Data Analytics,Project,4.5,96.2,35,In Progress,Advanced,21.37777778,0,Dec
L000907,U144,08-05-2025,Cloud,Online Course,0.6,60.3,58.8,In Progress,Advanced,100.5,0,May
L000908,U010,20-09-2025,Java,Workshop,4.1,87.8,100,Completed,Intermediate,21.41463415,1,Sep
L000909,U178,20-08-2025,Cloud,Project,3.1,44.1,19.3,Dropped,Intermediate,14.22580645,0,Aug
L000910,U172,24-07-2025,Cloud,Workshop,3,57.8,46.1,Dropped,Intermediate,19.26666667,0,Jul
L000911,U062,25-02-2025,Java,Self Learning,2,72.5,42.3,In Progress,Intermediate,36.25,0,Feb
L000912,U124,17-08-2025,Power BI,Project,0,0,0,Not Started,Intermediate,0,0,Aug
L000913,U019,05-03-2025,SQL,Certification,3,92.6,100,Completed,Beginner,30.86666667,1,Mar
L000914,U028,24-09-2025,Cloud,Workshop,1.4,82.8,100,Completed,Intermediate,59.14285714,1,Sep
L000915,U153,23-10-2025,Machine Learning,Workshop,0,0,0,Not Started,Advanced,0,0,Oct
L000916,U140,20-09-2025,Python,Workshop,0.9,46.2,25.7,In Progress,Advanced,51.33333333,0,Sep
L000917,U041,02-04-2025,Machine Learning,Self Learning,0.9,98.1,16,In Progress,Intermediate,109,0,Apr
L000918,U024,10-09-2025,Power BI,Project,1.3,55.1,51.7,In Progress,Intermediate,42.38461538,0,Sep
L000919,U075,11-10-2025,Python,Online Course,5,71,100,Completed,Advanced,14.2,1,Oct
L000920,U077,13-07-2025,ServiceNow,Self Learning,5.8,99.3,64,In Progress,Intermediate,17.12068966,0,Jul
L000921,U020,30-09-2025,Cloud,Certification,1,97.3,99.6,In Progress,Beginner,97.3,0,Sep
L000922,U051,12-12-2025,Excel,Online Course,3,58,27.2,Dropped,Beginner,19.33333333,0,Dec
L000923,U090,27-06-2025,Java,Online Course,2.7,74.5,100,Completed,Advanced,27.59259259,1,Jun
L000924,U190,09-06-2025,Data Analytics,Project,0,0,0,Not Started,Beginner,0,0,Jun
L000925,U099,19-06-2025,Power BI,Workshop,5.6,55.7,94.4,In Progress,Intermediate,9.946428571,0,Jun
L000926,U186,17-07-2025,Communication,Workshop,1.6,87.4,98,In Progress,Intermediate,54.625,0,Jul
L000927,U032,26-09-2025,Java,Self Learning,3,78.3,100,Completed,Advanced,26.1,1,Sep
L000928,U190,27-06-2025,Cloud,Self Learning,4.5,87,5.9,In Progress,Advanced,19.33333333,0,Jun
L000929,U145,31-01-2025,Communication,Project,5.4,56.1,65.3,In Progress,Advanced,10.38888889,0,Jan
L000930,U200,26-06-2025,SQL,Project,4.2,93.4,37.4,In Progress,Beginner,22.23809524,0,Jun
L000931,U175,01-07-2025,Communication,Online Course,3.7,95.1,100,Completed,Beginner,25.7027027,1,Jul
L000932,U034,07-06-2025,SQL,Project,3,69.6,99.2,In Progress,Intermediate,23.2,0,Jun
L000933,U057,04-10-2025,SQL,Online Course,5.4,81.9,100,Completed,Advanced,15.16666667,1,Oct
L000934,U086,12-10-2025,Data Analytics,Project,0,0,0,Not Started,Beginner,0,0,Oct
L000935,U082,03-01-2025,Python,Self Learning,3.2,79,100,Completed,Beginner,24.6875,1,Jan
L000936,U045,12-09-2025,ServiceNow,Workshop,3.3,57.9,59.9,Dropped,Beginner,17.54545455,0,Sep
L000937,U192,03-08-2025,ServiceNow,Self Learning,1.5,83.2,100,Completed,Advanced,55.46666667,1,Aug
L000938,U089,18-06-2025,Machine Learning,Self Learning,2.9,65.2,94.2,In Progress,Beginner,22.48275862,0,Jun
L000939,U056,25-02-2025,Java,Self Learning,5.7,69,100,Completed,Advanced,12.10526316,1,Feb
L000940,U034,09-09-2025,Data Analytics,Workshop,1.2,44.1,53.4,In Progress,Intermediate,36.75,0,Sep
L000941,U198,20-10-2025,Machine Learning,Online Course,0,0,0,Not Started,Beginner,0,0,Oct
L000942,U014,21-06-2025,Machine Learning,Workshop,1,84.9,100,Completed,Advanced,84.9,1,Jun
L000943,U106,22-08-2025,Excel,Project,1.7,90.7,60.3,In Progress,Advanced,53.35294118,0,Aug
L000944,U052,01-07-2025,Power BI,Self Learning,1.5,92.3,65.3,Dropped,Intermediate,61.53333333,0,Jul
L000945,U077,25-10-2025,Cloud,Certification,0,0,0,Not Started,Intermediate,0,0,Oct
L000946,U032,11-10-2025,ServiceNow,Certification,4.8,82,65.2,In Progress,Intermediate,17.08333333,0,Oct
L000947,U019,24-02-2025,ServiceNow,Workshop,0.6,94.6,100,Completed,Advanced,157.6666667,1,Feb
L000948,U041,09-05-2025,Power BI,Certification,3.3,90.3,100,Completed,Beginner,27.36363636,1,May
L000949,U131,08-05-2025,Excel,Workshop,2.7,96,92.2,In Progress,Intermediate,35.55555556,0,May
L000950,U130,17-02-2025,Power BI,Project,3.4,43.3,77.8,In Progress,Intermediate,12.73529412,0,Feb
L000951,U163,04-07-2025,Python,Certification,5.2,57.7,64.2,Dropped,Beginner,11.09615385,0,Jul
L000952,U194,23-06-2025,Cloud,Project,5.3,55.8,35.7,In Progress,Beginner,10.52830189,0,Jun
L000953,U080,11-06-2025,Java,Project,0.8,73,100,Completed,Advanced,91.25,1,Jun
L000954,U016,19-11-2025,Cloud,Online Course,3.6,72.1,23.9,Dropped,Advanced,20.02777778,0,Nov
L000955,U190,29-10-2025,Data Analytics,Certification,2.3,44.4,2.4,In Progress,Advanced,19.30434783,0,Oct
L000956,U074,03-09-2025,Communication,Online Course,0,0,0,Not Started,Beginner,0,0,Sep
L000957,U172,01-11-2025,Python,Self Learning,3,90.9,50.7,In Progress,Beginner,30.3,0,Nov
L000958,U151,16-11-2025,Power BI,Workshop,2.3,79.5,63,In Progress,Intermediate,34.56521739,0,Nov
L000959,U175,28-10-2025,Data Analytics,Online Course,5.6,97.9,100,Completed,Intermediate,17.48214286,1,Oct
L000960,U004,31-08-2025,Data Analytics,Online Course,0,0,0,Not Started,Advanced,0,0,Aug
L000961,U016,22-09-2025,Java,Self Learning,5.7,82.9,100,Completed,Intermediate,14.54385965,1,Sep
L000962,U080,26-02-2025,Data Analytics,Online Course,4.1,92.7,100,Completed,Advanced,22.6097561,1,Feb
L000963,U125,11-10-2025,Excel,Workshop,2.7,85.2,100,Completed,Beginner,31.55555556,1,Oct
L000964,U190,23-12-2025,Machine Learning,Project,5.6,65.8,100,Completed,Beginner,11.75,1,Dec
L000965,U147,19-08-2025,Machine Learning,Workshop,0,0,0,Not Started,Intermediate,0,0,Aug
L000966,U111,26-08-2025,Data Analytics,Self Learning,1.2,44.1,19.9,In Progress,Beginner,36.75,0,Aug
L000967,U179,20-04-2025,Machine Learning,Workshop,1.9,63.6,7.5,In Progress,Beginner,33.47368421,0,Apr
L000968,U015,15-07-2025,Python,Workshop,0,0,0,Not Started,Advanced,0,0,Jul
L000969,U163,13-12-2025,ServiceNow,Certification,3.3,66.7,100,Completed,Intermediate,20.21212121,1,Dec
L000970,U058,04-04-2025,Java,Certification,4,86.5,65,In Progress,Beginner,21.625,0,Apr
L000971,U047,11-02-2025,SQL,Project,5.3,96.3,21.8,Dropped,Intermediate,18.16981132,0,Feb
L000972,U048,25-02-2025,Communication,Certification,0,0,0,Not Started,Advanced,0,0,Feb
L000973,U044,10-09-2025,Power BI,Certification,2.5,94.5,100,Completed,Beginner,37.8,1,Sep
L000974,U196,25-10-2025,Data Analytics,Self Learning,5.1,65.2,100,Completed,Intermediate,12.78431373,1,Oct
L000975,U001,18-07-2025,Cloud,Self Learning,0.8,55.5,73.8,In Progress,Advanced,69.375,0,Jul
L000976,U180,26-02-2025,Machine Learning,Self Learning,1.2,42.5,16.8,In Progress,Advanced,35.41666667,0,Feb
L000977,U062,03-11-2025,Java,Self Learning,5.5,72.5,2,In Progress,Beginner,13.18181818,0,Nov
L000978,U093,08-01-2025,SQL,Workshop,1.5,66.1,100,Completed,Beginner,44.06666667,1,Jan
L000979,U186,04-03-2025,Data Analytics,Certification,3.9,99.7,100,Completed,Beginner,25.56410256,1,Mar
L000980,U018,03-02-2025,Machine Learning,Project,0.6,85.5,100,Completed,Advanced,142.5,1,Feb
L000981,U196,17-09-2025,ServiceNow,Workshop,4.5,74.7,61.9,In Progress,Advanced,16.6,0,Sep
L000982,U083,22-10-2025,SQL,Certification,1.9,92.4,100,Completed,Beginner,48.63157895,1,Oct
L000983,U119,08-12-2025,Python,Self Learning,1.5,97,100,Completed,Advanced,64.66666667,1,Dec
L000984,U150,07-02-2025,SQL,Workshop,4.9,44.1,66.5,In Progress,Beginner,9,0,Feb
L000985,U121,24-12-2025,Excel,Online Course,0,0,0,Not Started,Beginner,0,0,Dec
L000986,U190,22-09-2025,Power BI,Workshop,1.9,92,89,In Progress,Beginner,48.42105263,0,Sep
L000987,U188,15-09-2025,Java,Project,0,0,0,Not Started,Advanced,0,0,Sep
L000988,U052,05-02-2025,Java,Self Learning,1.3,74.1,22,In Progress,Advanced,57,0,Feb
L000989,U078,19-12-2025,Excel,Workshop,4.1,67,10.1,In Progress,Advanced,16.34146341,0,Dec
L000990,U114,26-10-2025,ServiceNow,Project,4.6,68.8,100,Completed,Beginner,14.95652174,1,Oct
L000991,U074,01-06-2025,Cloud,Self Learning,4,89.5,30.9,In Progress,Advanced,22.375,0,Jun
L000992,U166,25-09-2025,Machine Learning,Workshop,0,0,0,Not Started,Intermediate,0,0,Sep
L000993,U186,20-10-2025,Cloud,Certification,5.2,70.3,100,Completed,Beginner,13.51923077,1,Oct
L000994,U004,15-05-2025,Communication,Project,1.4,90.7,73.5,In Progress,Beginner,64.78571429,0,May
L000995,U122,22-12-2025,ServiceNow,Online Course,1,87.8,100,Completed,Intermediate,87.8,1,Dec
L000996,U120,05-07-2025,Machine Learning,Self Learning,1.4,96.5,49,Dropped,Beginner,68.92857143,0,Jul
L000997,U064,28-07-2025,SQL,Online Course,5.8,96.8,100,Completed,Beginner,16.68965517,1,Jul
L000998,U064,31-10-2025,Excel,Online Course,4.9,68.3,25.2,In Progress,Beginner,13.93877551,0,Oct
L000999,U144,21-11-2025,Data Analytics,Online Course,2.6,76.6,100,Completed,Beginner,29.46153846,1,Nov
L001000,U048,10-10-2025,ServiceNow,Online Course,5.5,86.1,28.9,In Progress,Advanced,15.65454545,0,Oct
L001001,U065,08-02-2025,Cloud,Workshop,3.8,58.1,13.4,In Progress,Advanced,15.28947368,0,Feb
L001002,U023,30-01-2025,Python,Self Learning,4,76.9,100,Completed,Beginner,19.225,1,Jan
L001003,U086,13-01-2025,Data Analytics,Project,0.6,66.5,100,Completed,Intermediate,110.8333333,1,Jan
L001004,U101,21-11-2025,Machine Learning,Online Course,1.5,81,45,Dropped,Advanced,54,0,Nov
L001005,U111,11-11-2025,Python,Workshop,5,82.1,100,Completed,Advanced,16.42,1,Nov
L001006,U125,12-04-2025,SQL,Project,4.2,88.6,10.7,In Progress,Advanced,21.0952381,0,Apr
L001007,U122,19-08-2025,Data Analytics,Project,5.1,62.5,60.8,In Progress,Beginner,12.25490196,0,Aug
L001008,U195,22-06-2025,Machine Learning,Project,2.4,96.9,19.5,In Progress,Intermediate,40.375,0,Jun
L001009,U193,14-08-2025,Communication,Project,2,61.6,62.8,In Progress,Beginner,30.8,0,Aug
L001010,U015,19-10-2025,Communication,Online Course,5.4,60,49.1,In Progress,Intermediate,11.11111111,0,Oct
L001011,U114,21-10-2025,Excel,Workshop,1.7,51.2,92.3,In Progress,Beginner,30.11764706,0,Oct
L001012,U074,15-01-2025,Machine Learning,Certification,4.7,77,100,Completed,Advanced,16.38297872,1,Jan
L001013,U022,01-08-2025,Power BI,Project,4.7,84.3,36.8,In Progress,Beginner,17.93617021,0,Aug
L001014,U010,06-05-2025,Excel,Workshop,0.6,86,9.9,In Progress,Advanced,143.3333333,0,May
L001015,U109,24-10-2025,Communication,Online Course,2.1,92.3,34.6,In Progress,Intermediate,43.95238095,0,Oct
L001016,U137,20-01-2025,Python,Certification,0.8,95.5,100,Completed,Advanced,119.375,1,Jan
L001017,U062,14-06-2025,Excel,Self Learning,0,0,0,Not Started,Intermediate,0,0,Jun
L001018,U035,26-03-2025,Power BI,Project,1.6,76.2,100,Completed,Intermediate,47.625,1,Mar
L001019,U113,28-05-2025,Data Analytics,Workshop,2.8,80.4,79,In Progress,Advanced,28.71428571,0,May
L001020,U116,26-07-2025,Communication,Online Course,4.7,67.4,74.7,In Progress,Advanced,14.34042553,0,Jul
L001021,U072,31-01-2025,Cloud,Self Learning,0.9,99.9,100,Completed,Intermediate,111,1,Jan
L001022,U127,10-09-2025,ServiceNow,Project,3.5,67.8,100,Completed,Beginner,19.37142857,1,Sep
L001023,U086,09-11-2025,SQL,Workshop,3,96.9,100,Completed,Beginner,32.3,1,Nov
L001024,U087,13-09-2025,ServiceNow,Self Learning,0,0,0,Not Started,Advanced,0,0,Sep
L001025,U116,29-07-2025,Communication,Project,4.8,81.4,60,Dropped,Advanced,16.95833333,0,Jul
L001026,U101,16-07-2025,Communication,Workshop,5,48.9,39.9,In Progress,Intermediate,9.78,0,Jul
L001027,U079,30-01-2025,ServiceNow,Project,3.7,94.1,100,Completed,Beginner,25.43243243,1,Jan
L001028,U018,02-03-2025,Python,Workshop,0.7,73.3,13.6,In Progress,Intermediate,104.7142857,0,Mar
L001029,U097,13-01-2025,Java,Project,2.1,78.3,100,Completed,Beginner,37.28571429,1,Jan
L001030,U174,14-04-2025,Cloud,Project,5.9,89.5,100,Completed,Intermediate,15.16949153,1,Apr
L001031,U063,02-08-2025,Communication,Online Course,2.1,99.6,100,Completed,Intermediate,47.42857143,1,Aug
L001032,U126,17-07-2025,Cloud,Certification,1.5,89.2,100,Completed,Beginner,59.46666667,1,Jul
L001033,U168,10-04-2025,Java,Project,5.6,62.8,77.4,In Progress,Intermediate,11.21428571,0,Apr
L001034,U161,28-06-2025,Communication,Online Course,4.5,53.6,0.7,In Progress,Beginner,11.91111111,0,Jun
L001035,U019,17-08-2025,ServiceNow,Certification,3.3,94.7,0.2,In Progress,Intermediate,28.6969697,0,Aug
L001036,U139,12-10-2025,Cloud,Online Course,1,70.6,20.2,Dropped,Beginner,70.6,0,Oct
L001037,U010,17-03-2025,Python,Certification,3.8,79.2,100,Completed,Advanced,20.84210526,1,Mar
L001038,U116,05-04-2025,Communication,Certification,0,0,0,Not Started,Advanced,0,0,Apr
L001039,U106,25-02-2025,ServiceNow,Project,4.6,81.7,69.5,Dropped,Advanced,17.76086957,0,Feb
L001040,U059,26-10-2025,Power BI,Workshop,5.3,73.9,100,Completed,Beginner,13.94339623,1,Oct
L001041,U194,22-05-2025,Communication,Self Learning,1.3,63.1,3.6,In Progress,Advanced,48.53846154,0,May
L001042,U174,05-09-2025,ServiceNow,Workshop,1.5,65.8,100,Completed,Intermediate,43.86666667,1,Sep
L001043,U160,31-01-2025,Excel,Online Course,4.9,97.5,100,Completed,Beginner,19.89795918,1,Jan
L001044,U001,13-07-2025,Java,Online Course,4.7,94.4,100,Completed,Advanced,20.08510638,1,Jul
L001045,U088,07-07-2025,Machine Learning,Online Course,2,86.9,53.8,Dropped,Advanced,43.45,0,Jul
L001046,U194,22-06-2025,Cloud,Workshop,3.4,85.3,100,Completed,Intermediate,25.08823529,1,Jun
L001047,U027,25-11-2025,SQL,Online Course,3.1,54,14.2,In Progress,Beginner,17.41935484,0,Nov
L001048,U039,23-06-2025,Cloud,Self Learning,0,0,0,Not Started,Advanced,0,0,Jun
L001049,U140,13-07-2025,ServiceNow,Online Course,0.8,67.5,100,Completed,Advanced,84.375,1,Jul
L001050,U150,09-08-2025,Power BI,Self Learning,0,0,0,Not Started,Advanced,0,0,Aug
L001051,U006,06-01-2025,Excel,Certification,1.4,48.6,13.7,In Progress,Intermediate,34.71428571,0,Jan
L001052,U060,11-07-2025,Machine Learning,Self Learning,4.4,76.6,100,Completed,Advanced,17.40909091,1,Jul
L001053,U040,15-10-2025,Java,Online Course,3.1,67.7,100,Completed,Advanced,21.83870968,1,Oct
L001054,U177,06-03-2025,SQL,Online Course,3.3,69.9,26.9,Dropped,Beginner,21.18181818,0,Mar
L001055,U075,19-05-2025,Power BI,Certification,2.1,80.1,25.4,In Progress,Beginner,38.14285714,0,May
L001056,U191,11-12-2025,Java,Certification,3.2,76.4,48.1,In Progress,Beginner,23.875,0,Dec
L001057,U179,23-03-2025,Communication,Online Course,2.3,93.5,58.1,In Progress,Advanced,40.65217391,0,Mar
L001058,U152,13-09-2025,Power BI,Certification,3.1,73.8,100,Completed,Beginner,23.80645161,1,Sep
L001059,U196,22-07-2025,Excel,Certification,2.6,62.7,67.9,In Progress,Beginner,24.11538462,0,Jul
L001060,U183,10-11-2025,Python,Certification,2.7,75.8,100,Completed,Advanced,28.07407407,1,Nov
L001061,U050,04-11-2025,Communication,Project,2.9,98.1,18.1,In Progress,Advanced,33.82758621,0,Nov
L001062,U184,13-05-2025,Cloud,Self Learning,5.1,88.6,93.6,In Progress,Advanced,17.37254902,0,May
L001063,U080,28-06-2025,Power BI,Self Learning,2.9,92.1,100,Completed,Advanced,31.75862069,1,Jun
L001064,U015,03-09-2025,Machine Learning,Certification,2.1,96.9,23.1,In Progress,Beginner,46.14285714,0,Sep
L001065,U027,21-11-2025,Python,Certification,0.7,43.8,29,Dropped,Advanced,62.57142857,0,Nov
L001066,U186,01-04-2025,ServiceNow,Certification,4.2,52.6,50.5,In Progress,Intermediate,12.52380952,0,Apr
L001067,U152,20-01-2025,ServiceNow,Workshop,1.4,71.6,100,Completed,Beginner,51.14285714,1,Jan
L001068,U162,17-09-2025,Cloud,Self Learning,4.8,94.7,0.6,In Progress,Intermediate,19.72916667,0,Sep
L001069,U072,04-08-2025,Machine Learning,Project,4.2,64.1,66.8,Dropped,Beginner,15.26190476,0,Aug
L001070,U060,30-07-2025,Excel,Self Learning,1.6,79.8,30.1,In Progress,Intermediate,49.875,0,Jul
L001071,U007,17-06-2025,SQL,Self Learning,3.7,93.4,66.8,In Progress,Beginner,25.24324324,0,Jun
L001072,U176,08-08-2025,SQL,Online Course,1.2,70,27.7,In Progress,Advanced,58.33333333,0,Aug
L001073,U140,04-02-2025,Power BI,Certification,4,72.2,100,Completed,Advanced,18.05,1,Feb
L001074,U062,14-05-2025,SQL,Self Learning,2.9,92.1,100,Completed,Intermediate,31.75862069,1,May
L001075,U116,25-10-2025,Power BI,Certification,0.9,96.5,100,Completed,Intermediate,107.2222222,1,Oct
L001076,U142,27-05-2025,Communication,Certification,3.2,70.7,17.1,In Progress,Intermediate,22.09375,0,May
L001077,U034,10-10-2025,Cloud,Self Learning,4.7,68,100,Completed,Intermediate,14.46808511,1,Oct
L001078,U134,25-05-2025,Power BI,Project,5.9,85.2,83,In Progress,Advanced,14.44067797,0,May
L001079,U015,06-03-2025,SQL,Project,2.1,48.1,30.1,Dropped,Beginner,22.9047619,0,Mar
L001080,U101,16-03-2025,Java,Certification,0,0,0,Not Started,Beginner,0,0,Mar
L001081,U091,20-12-2025,Communication,Workshop,3,98.5,90.9,In Progress,Advanced,32.83333333,0,Dec
L001082,U169,24-03-2025,Excel,Workshop,3.1,88.8,25.4,In Progress,Beginner,28.64516129,0,Mar
L001083,U033,13-09-2025,ServiceNow,Project,3.3,89.2,60.7,In Progress,Beginner,27.03030303,0,Sep
L001084,U068,05-03-2025,Communication,Certification,0,0,0,Not Started,Beginner,0,0,Mar
L001085,U107,26-06-2025,Communication,Online Course,4.1,74.2,84.4,In Progress,Advanced,18.09756098,0,Jun
L001086,U069,05-08-2025,Machine Learning,Certification,4.3,60.9,61.5,Dropped,Beginner,14.1627907,0,Aug
L001087,U140,30-07-2025,SQL,Self Learning,2.8,88.8,100,Completed,Advanced,31.71428571,1,Jul
L001088,U169,14-06-2025,Data Analytics,Certification,0.6,74.3,16.4,In Progress,Intermediate,123.8333333,0,Jun
L001089,U110,21-08-2025,Python,Certification,3.2,48.3,44.2,In Progress,Beginner,15.09375,0,Aug
L001090,U138,22-02-2025,Communication,Online Course,5.9,54.5,15.4,In Progress,Intermediate,9.237288136,0,Feb
L001091,U041,16-05-2025,Python,Certification,0,0,0,Not Started,Intermediate,0,0,May
L001092,U175,19-04-2025,Cloud,Workshop,0,0,0,Not Started,Advanced,0,0,Apr
L001093,U029,02-01-2025,Data Analytics,Online Course,3.8,81.8,22,In Progress,Advanced,21.52631579,0,Jan
L001094,U012,07-07-2025,Cloud,Self Learning,0,0,0,Not Started,Advanced,0,0,Jul
L001095,U116,18-08-2025,Excel,Certification,1.5,63.4,52.9,In Progress,Intermediate,42.26666667,0,Aug
L001096,U152,09-08-2025,Cloud,Workshop,1,67,40.5,In Progress,Beginner,67,0,Aug
L001097,U036,04-08-2025,Machine Learning,Certification,1.5,79.1,100,Completed,Beginner,52.73333333,1,Aug
L001098,U059,30-12-2025,Data Analytics,Workshop,5.2,72.4,100,Completed,Advanced,13.92307692,1,Dec
L001099,U048,01-11-2025,ServiceNow,Project,3.2,87.1,62.7,In Progress,Intermediate,27.21875,0,Nov
L001100,U098,12-10-2025,Cloud,Online Course,1.2,74.4,100,Completed,Intermediate,62,1,Oct
L001101,U131,18-11-2025,SQL,Self Learning,1.8,47.9,0.7,In Progress,Advanced,26.61111111,0,Nov
L001102,U177,16-08-2025,SQL,Online Course,5.7,72.8,51.9,In Progress,Intermediate,12.77192982,0,Aug
L001103,U025,12-08-2025,Communication,Certification,3,68.1,100,Completed,Intermediate,22.7,1,Aug
L001104,U139,05-05-2025,SQL,Project,1.3,85.9,100,Completed,Advanced,66.07692308,1,May
L001105,U082,14-08-2025,Data Analytics,Certification,2.3,76.1,100,Completed,Advanced,33.08695652,1,Aug
L001106,U026,11-01-2025,SQL,Project,5.7,77.4,46.5,In Progress,Intermediate,13.57894737,0,Jan
L001107,U112,10-01-2025,Machine Learning,Certification,0.7,58,43.3,In Progress,Intermediate,82.85714286,0,Jan
L001108,U152,24-07-2025,Cloud,Online Course,4.9,95.3,100,Completed,Advanced,19.44897959,1,Jul
L001109,U089,04-06-2025,ServiceNow,Self Learning,2.3,84.2,65.8,In Progress,Intermediate,36.60869565,0,Jun
L001110,U015,16-08-2025,Data Analytics,Online Course,4.9,88.6,64.3,In Progress,Beginner,18.08163265,0,Aug
L001111,U083,05-08-2025,SQL,Workshop,4.6,89,100,Completed,Beginner,19.34782609,1,Aug
L001112,U020,04-11-2025,ServiceNow,Workshop,5.4,88.6,100,Completed,Advanced,16.40740741,1,Nov
L001113,U195,17-12-2025,Cloud,Online Course,5.7,64,83.4,In Progress,Beginner,11.22807018,0,Dec
L001114,U187,23-09-2025,ServiceNow,Certification,2.4,47.2,25.9,Dropped,Advanced,19.66666667,0,Sep
L001115,U155,08-04-2025,Machine Learning,Online Course,5.4,43.2,83.1,In Progress,Advanced,8,0,Apr
L001116,U046,29-07-2025,Communication,Online Course,1.9,48.3,6.7,In Progress,Advanced,25.42105263,0,Jul
L001117,U140,16-03-2025,Communication,Self Learning,2.4,70.4,77.5,In Progress,Intermediate,29.33333333,0,Mar
L001118,U056,01-08-2025,Communication,Workshop,1.4,70,22.2,In Progress,Intermediate,50,0,Aug
L001119,U034,27-12-2025,Power BI,Workshop,2.1,71.8,65.4,Dropped,Intermediate,34.19047619,0,Dec
L001120,U030,26-08-2025,Java,Self Learning,1.2,84.5,81.9,In Progress,Advanced,70.41666667,0,Aug
L001121,U080,17-09-2025,Data Analytics,Project,0,0,0,Not Started,Intermediate,0,0,Sep
L001122,U039,10-06-2025,Communication,Project,0.8,92.8,100,Completed,Advanced,116,1,Jun
L001123,U024,06-05-2025,Cloud,Workshop,5.6,90.7,100,Completed,Advanced,16.19642857,1,May
L001124,U007,23-06-2025,SQL,Project,4.6,94.1,65.3,Dropped,Advanced,20.45652174,0,Jun
L001125,U149,16-09-2025,Data Analytics,Project,2.9,91.7,100,Completed,Beginner,31.62068966,1,Sep
L001126,U155,21-07-2025,ServiceNow,Certification,4.6,77.7,98.8,In Progress,Beginner,16.89130435,0,Jul
L001127,U075,12-08-2025,Python,Project,4.4,59.1,15,Dropped,Beginner,13.43181818,0,Aug
L001128,U183,09-01-2025,Cloud,Online Course,5.9,66.4,100,Completed,Beginner,11.25423729,1,Jan
L001129,U005,19-03-2025,Communication,Online Course,4,52.3,87.3,In Progress,Advanced,13.075,0,Mar
L001130,U154,24-05-2025,SQL,Certification,1.2,46.9,44.5,In Progress,Intermediate,39.08333333,0,May
L001131,U177,22-07-2025,SQL,Online Course,3.5,73.6,100,Completed,Beginner,21.02857143,1,Jul
L001132,U002,27-01-2025,Python,Workshop,2.4,64.5,18.8,In Progress,Beginner,26.875,0,Jan
L001133,U005,19-06-2025,SQL,Project,1.6,75.7,94.2,In Progress,Beginner,47.3125,0,Jun
L001134,U165,29-04-2025,Power BI,Certification,2.3,40,28.6,Dropped,Advanced,17.39130435,0,Apr
L001135,U076,31-12-2025,Machine Learning,Online Course,4.9,49.9,87.7,In Progress,Beginner,10.18367347,0,Dec
L001136,U129,08-06-2025,Data Analytics,Workshop,3.7,88.7,35.7,In Progress,Advanced,23.97297297,0,Jun
L001137,U126,04-06-2025,Power BI,Workshop,2,42.3,29.4,In Progress,Intermediate,21.15,0,Jun
L001138,U040,23-01-2025,SQL,Project,1.9,71.6,77.4,In Progress,Advanced,37.68421053,0,Jan
L001139,U010,26-10-2025,Excel,Certification,4.7,51.1,19.3,Dropped,Intermediate,10.87234043,0,Oct
L001140,U047,08-08-2025,ServiceNow,Project,1.3,70.5,8.6,In Progress,Intermediate,54.23076923,0,Aug
L001141,U081,10-06-2025,Power BI,Workshop,0,0,0,Not Started,Advanced,0,0,Jun
L001142,U181,13-02-2025,Python,Online Course,3,69.7,100,Completed,Intermediate,23.23333333,1,Feb
L001143,U198,15-07-2025,Cloud,Online Course,5.6,98.4,100,Completed,Beginner,17.57142857,1,Jul
L001144,U070,27-08-2025,Machine Learning,Online Course,5.6,91.4,100,Completed,Intermediate,16.32142857,1,Aug
L001145,U171,05-04-2025,Java,Self Learning,4.9,95.6,100,Completed,Intermediate,19.51020408,1,Apr
L001146,U113,03-04-2025,Communication,Online Course,3.4,87.4,100,Completed,Advanced,25.70588235,1,Apr
L001147,U093,12-05-2025,Data Analytics,Certification,2.2,70.3,100,Completed,Beginner,31.95454545,1,May
L001148,U137,04-01-2025,Cloud,Workshop,3.4,89,100,Completed,Beginner,26.17647059,1,Jan
L001149,U016,04-10-2025,Data Analytics,Project,5.5,98.7,100,Completed,Advanced,17.94545455,1,Oct
L001150,U072,22-03-2025,Cloud,Project,5,94.5,7.8,In Progress,Beginner,18.9,0,Mar
L001151,U067,23-05-2025,Communication,Online Course,5.3,85.5,100,Completed,Advanced,16.13207547,1,May
L001152,U109,08-10-2025,Java,Workshop,1.3,92.3,100,Completed,Intermediate,71,1,Oct
L001153,U101,20-11-2025,Machine Learning,Self Learning,2.6,92.5,100,Completed,Advanced,35.57692308,1,Nov
L001154,U179,09-06-2025,ServiceNow,Workshop,4.9,74.3,45.9,In Progress,Beginner,15.16326531,0,Jun
L001155,U080,10-07-2025,Power BI,Project,2.6,75,100,Completed,Advanced,28.84615385,1,Jul
L001156,U100,10-01-2025,ServiceNow,Self Learning,1,41.7,37.5,In Progress,Intermediate,41.7,0,Jan
L001157,U112,18-10-2025,Data Analytics,Certification,2.7,86.4,100,Completed,Advanced,32,1,Oct
L001158,U062,27-04-2025,Cloud,Project,3,97.4,96.4,In Progress,Advanced,32.46666667,0,Apr
L001159,U083,17-01-2025,Data Analytics,Self Learning,0,0,0,Not Started,Intermediate,0,0,Jan
L001160,U128,02-09-2025,Data Analytics,Certification,1.1,76.5,100,Completed,Intermediate,69.54545455,1,Sep
L001161,U019,16-05-2025,Cloud,Online Course,0,0,0,Not Started,Advanced,0,0,May
L001162,U115,31-08-2025,Communication,Project,2.6,45.4,4,In Progress,Advanced,17.46153846,0,Aug
L001163,U054,30-07-2025,Data Analytics,Certification,5.8,45.3,84.6,In Progress,Intermediate,7.810344828,0,Jul
L001164,U078,23-03-2025,Power BI,Self Learning,4.8,55.4,45.2,Dropped,Advanced,11.54166667,0,Mar
L001165,U075,02-07-2025,SQL,Online Course,3.3,69.9,35.9,In Progress,Beginner,21.18181818,0,Jul
L001166,U100,14-04-2025,Excel,Online Course,2.6,79.3,13.2,In Progress,Beginner,30.5,0,Apr
L001167,U080,25-12-2025,Excel,Project,3.7,70.9,100,Completed,Intermediate,19.16216216,1,Dec
L001168,U109,05-09-2025,Python,Project,5.6,84.2,100,Completed,Advanced,15.03571429,1,Sep
L001169,U013,11-12-2025,Machine Learning,Workshop,0,0,0,Not Started,Advanced,0,0,Dec
L001170,U011,22-08-2025,Python,Workshop,5.2,90.7,100,Completed,Beginner,17.44230769,1,Aug
L001171,U017,28-03-2025,SQL,Online Course,3.4,72.1,100,Completed,Intermediate,21.20588235,1,Mar
L001172,U067,15-04-2025,Power BI,Online Course,1.2,76.7,82.8,In Progress,Intermediate,63.91666667,0,Apr
L001173,U063,28-01-2025,Machine Learning,Self Learning,4,51.8,24.7,Dropped,Intermediate,12.95,0,Jan
L001174,U087,26-05-2025,Cloud,Self Learning,5.2,53.5,38.4,In Progress,Beginner,10.28846154,0,May
L001175,U019,18-02-2025,Communication,Workshop,3.4,75.8,100,Completed,Advanced,22.29411765,1,Feb
L001176,U145,13-07-2025,Machine Learning,Online Course,2,76.9,46.5,In Progress,Beginner,38.45,0,Jul
L001177,U119,18-01-2025,Power BI,Project,3.9,80.4,100,Completed,Beginner,20.61538462,1,Jan
L001178,U131,19-12-2025,Java,Workshop,3.2,83.4,94,In Progress,Beginner,26.0625,0,Dec
L001179,U011,13-03-2025,ServiceNow,Certification,3.7,67.2,100,Completed,Intermediate,18.16216216,1,Mar
L001180,U099,04-06-2025,Java,Self Learning,0,0,0,Not Started,Beginner,0,0,Jun
L001181,U121,20-03-2025,SQL,Workshop,1.4,90.6,19.7,In Progress,Advanced,64.71428571,0,Mar
L001182,U049,27-04-2025,Java,Self Learning,3.6,70,31.9,In Progress,Beginner,19.44444444,0,Apr
L001183,U029,24-02-2025,Communication,Certification,1.3,88.5,73.4,In Progress,Advanced,68.07692308,0,Feb
L001184,U017,24-11-2025,Communication,Self Learning,1.5,56.4,39.9,In Progress,Intermediate,37.6,0,Nov
L001185,U175,21-03-2025,Cloud,Online Course,2.1,43.7,48.8,In Progress,Beginner,20.80952381,0,Mar
L001186,U078,09-11-2025,SQL,Project,2.1,91.4,100,Completed,Advanced,43.52380952,1,Nov
L001187,U102,30-09-2025,Communication,Workshop,5.7,73.9,80.1,In Progress,Advanced,12.96491228,0,Sep
L001188,U022,29-09-2025,Cloud,Workshop,3.9,98.9,11.6,Dropped,Beginner,25.35897436,0,Sep
L001189,U028,09-12-2025,Power BI,Online Course,2.7,75.3,100,Completed,Intermediate,27.88888889,1,Dec
L001190,U110,12-01-2025,Power BI,Project,4.8,83.8,67.1,In Progress,Beginner,17.45833333,0,Jan
L001191,U060,05-10-2025,Power BI,Workshop,4,42,98.9,In Progress,Beginner,10.5,0,Oct
L001192,U029,12-11-2025,Java,Self Learning,3.3,96.5,13.5,In Progress,Beginner,29.24242424,0,Nov
L001193,U157,24-03-2025,Python,Self Learning,0.9,78.2,40.2,In Progress,Beginner,86.88888889,0,Mar
L001194,U048,16-10-2025,Machine Learning,Project,1.9,80.9,100,Completed,Intermediate,42.57894737,1,Oct
L001195,U177,22-08-2025,Excel,Certification,1.3,77.8,81.8,In Progress,Intermediate,59.84615385,0,Aug
L001196,U063,27-05-2025,Excel,Online Course,1.6,90.3,100,Completed,Beginner,56.4375,1,May
L001197,U126,26-12-2025,SQL,Workshop,3.9,76.3,87,In Progress,Beginner,19.56410256,0,Dec
L001198,U186,16-03-2025,Java,Project,4.9,91.5,28.5,Dropped,Beginner,18.67346939,0,Mar
L001199,U016,17-02-2025,Excel,Certification,4.9,72.2,100,Completed,Intermediate,14.73469388,1,Feb
L001200,U095,30-08-2025,Cloud,Certification,4.9,96.3,100,Completed,Intermediate,19.65306122,1,Aug
L001201,U114,27-08-2025,Power BI,Project,1.9,45.4,42.9,In Progress,Intermediate,23.89473684,0,Aug
L001202,U002,25-06-2025,SQL,Self Learning,3,85.1,100,Completed,Beginner,28.36666667,1,Jun
L001203,U188,23-09-2025,Cloud,Self Learning,3.8,49.2,80.2,In Progress,Advanced,12.94736842,0,Sep
L001204,U192,05-05-2025,Excel,Project,3.5,89.4,74.8,In Progress,Advanced,25.54285714,0,May
L001205,U139,16-07-2025,Data Analytics,Certification,5.1,70.4,50.5,In Progress,Advanced,13.80392157,0,Jul
L001206,U193,27-04-2025,Power BI,Self Learning,3,94.5,17.7,In Progress,Beginner,31.5,0,Apr
L001207,U040,12-10-2025,Java,Project,5,83.8,100,Completed,Beginner,16.76,1,Oct
L001208,U129,29-08-2025,Cloud,Project,3.5,93.8,100,Completed,Beginner,26.8,1,Aug
L001209,U166,12-06-2025,Python,Online Course,4.4,68.1,1.9,In Progress,Intermediate,15.47727273,0,Jun
L001210,U152,20-05-2025,SQL,Online Course,0.7,49.9,80.7,In Progress,Advanced,71.28571429,0,May
L001211,U062,12-04-2025,Java,Online Course,5.1,68.5,100,Completed,Beginner,13.43137255,1,Apr
L001212,U069,17-03-2025,Power BI,Workshop,4.8,90.1,100,Completed,Beginner,18.77083333,1,Mar
L001213,U131,14-08-2025,Data Analytics,Project,5.9,67.4,100,Completed,Advanced,11.42372881,1,Aug
L001214,U195,28-10-2025,Java,Online Course,2.3,66.8,60.4,In Progress,Beginner,29.04347826,0,Oct
L001215,U004,07-05-2025,Cloud,Certification,3.3,93.3,94.2,In Progress,Beginner,28.27272727,0,May
L001216,U080,13-02-2025,Machine Learning,Certification,0,0,0,Not Started,Advanced,0,0,Feb
L001217,U063,21-11-2025,Communication,Project,4.5,62.6,50.2,Dropped,Advanced,13.91111111,0,Nov
L001218,U111,08-04-2025,SQL,Project,1.8,53.7,97.6,In Progress,Beginner,29.83333333,0,Apr
L001219,U051,26-06-2025,Cloud,Certification,6,56.3,56.8,Dropped,Advanced,9.383333333,0,Jun
L001220,U127,07-07-2025,Data Analytics,Workshop,5.4,67.3,43,In Progress,Intermediate,12.46296296,0,Jul
L001221,U107,09-07-2025,Excel,Workshop,5.4,81.4,79.6,In Progress,Beginner,15.07407407,0,Jul
L001222,U196,23-04-2025,ServiceNow,Online Course,4.5,68.4,100,Completed,Advanced,15.2,1,Apr
L001223,U184,02-10-2025,Machine Learning,Workshop,5.4,58,63,In Progress,Advanced,10.74074074,0,Oct
L001224,U159,12-07-2025,Communication,Certification,4.8,57.5,6.3,In Progress,Advanced,11.97916667,0,Jul
L001225,U128,16-04-2025,Python,Project,1.2,74.6,44.9,In Progress,Advanced,62.16666667,0,Apr
L001226,U010,21-03-2025,Python,Online Course,0.6,83.1,67.8,In Progress,Beginner,138.5,0,Mar
L001227,U047,20-04-2025,Cloud,Certification,1,47.8,85.2,In Progress,Beginner,47.8,0,Apr
L001228,U002,15-10-2025,Machine Learning,Workshop,2.7,93.1,100,Completed,Beginner,34.48148148,1,Oct
L001229,U178,24-05-2025,Excel,Workshop,0,0,0,Not Started,Advanced,0,0,May
L001230,U166,25-03-2025,Power BI,Self Learning,1.7,79.8,71.9,In Progress,Beginner,46.94117647,0,Mar
L001231,U104,30-05-2025,SQL,Workshop,1.4,98.3,8.9,In Progress,Intermediate,70.21428571,0,May
L001232,U160,26-04-2025,Python,Self Learning,1,59.7,47.2,Dropped,Beginner,59.7,0,Apr
L001233,U181,14-05-2025,SQL,Self Learning,4,75.8,40.6,Dropped,Beginner,18.95,0,May
L001234,U187,10-08-2025,Communication,Certification,3.2,65.4,10.1,In Progress,Beginner,20.4375,0,Aug
L001235,U187,18-07-2025,Data Analytics,Project,5.3,63.2,33.3,In Progress,Advanced,11.9245283,0,Jul
L001236,U089,20-10-2025,Machine Learning,Workshop,5.2,65.5,89.2,In Progress,Intermediate,12.59615385,0,Oct
L001237,U114,31-01-2025,Excel,Online Course,5.3,80.5,100,Completed,Intermediate,15.18867925,1,Jan
L001238,U065,11-11-2025,Machine Learning,Certification,2.7,72.1,61.1,In Progress,Advanced,26.7037037,0,Nov
L001239,U124,08-04-2025,Machine Learning,Project,5.5,42.5,16.6,In Progress,Beginner,7.727272727,0,Apr
L001240,U054,02-02-2025,ServiceNow,Self Learning,2.4,98.4,60.4,In Progress,Beginner,41,0,Feb
L001241,U090,15-08-2025,SQL,Workshop,2.9,79.5,100,Completed,Intermediate,27.4137931,1,Aug
L001242,U191,02-07-2025,Cloud,Certification,2.6,72.2,25.8,Dropped,Beginner,27.76923077,0,Jul
L001243,U066,08-09-2025,Machine Learning,Self Learning,6,80.1,18.9,Dropped,Advanced,13.35,0,Sep
L001244,U013,18-08-2025,Java,Workshop,1.9,84.4,86.4,In Progress,Advanced,44.42105263,0,Aug
L001245,U090,11-05-2025,Excel,Workshop,0,0,0,Not Started,Beginner,0,0,May
L001246,U120,14-06-2025,Machine Learning,Online Course,5.8,94.4,24.6,In Progress,Beginner,16.27586207,0,Jun
L001247,U009,26-07-2025,Python,Online Course,3.3,86.8,33.6,In Progress,Beginner,26.3030303,0,Jul
L001248,U179,22-10-2025,Excel,Self Learning,4.9,58.2,98.3,In Progress,Advanced,11.87755102,0,Oct
L001249,U174,17-08-2025,Cloud,Online Course,4.8,71.9,30.9,In Progress,Intermediate,14.97916667,0,Aug
L001250,U186,30-03-2025,Machine Learning,Certification,0,0,0,Not Started,Intermediate,0,0,Mar
L001251,U172,21-08-2025,Data Analytics,Online Course,1.3,92.7,6.4,In Progress,Intermediate,71.30769231,0,Aug
L001252,U141,26-08-2025,Power BI,Self Learning,1.4,59.5,18.5,In Progress,Beginner,42.5,0,Aug
L001253,U089,23-05-2025,Communication,Online Course,3.8,90.5,89,In Progress,Advanced,23.81578947,0,May
L001254,U054,06-05-2025,Cloud,Certification,2.9,76.8,25.6,In Progress,Intermediate,26.48275862,0,May
L001255,U167,23-05-2025,Power BI,Project,4,83.8,60.7,In Progress,Beginner,20.95,0,May
L001256,U005,30-11-2025,Python,Online Course,4.8,53.1,20.6,In Progress,Intermediate,11.0625,0,Nov
L001257,U191,21-02-2025,Cloud,Project,1.2,66.5,100,Completed,Beginner,55.41666667,1,Feb
L001258,U075,18-07-2025,Excel,Workshop,3.1,60.6,40.7,In Progress,Beginner,19.5483871,0,Jul
L001259,U024,27-10-2025,Communication,Online Course,0.9,91.6,100,Completed,Advanced,101.7777778,1,Oct
L001260,U134,12-06-2025,Java,Workshop,1.2,98.7,100,Completed,Advanced,82.25,1,Jun
L001261,U136,07-08-2025,Power BI,Workshop,1,55.9,82.3,In Progress,Beginner,55.9,0,Aug
L001262,U148,12-06-2025,SQL,Self Learning,2.9,42.1,21.3,In Progress,Beginner,14.51724138,0,Jun
L001263,U136,04-12-2025,Excel,Workshop,1.3,98,100,Completed,Intermediate,75.38461538,1,Dec
L001264,U053,15-04-2025,Cloud,Certification,5.4,81.4,1.6,In Progress,Intermediate,15.07407407,0,Apr
L001265,U095,30-06-2025,Power BI,Certification,1,85.5,100,Completed,Beginner,85.5,1,Jun
L001266,U143,06-11-2025,Communication,Certification,3.9,99.8,57.9,Dropped,Advanced,25.58974359,0,Nov
L001267,U092,02-01-2025,Python,Certification,5.3,46.6,6.4,In Progress,Intermediate,8.79245283,0,Jan
L001268,U027,12-08-2025,Java,Workshop,5.5,52.6,17.4,Dropped,Advanced,9.563636364,0,Aug
L001269,U031,08-02-2025,Data Analytics,Certification,4.5,80.4,70.4,In Progress,Beginner,17.86666667,0,Feb
L001270,U159,21-01-2025,Machine Learning,Online Course,1.4,42.5,25.4,In Progress,Advanced,30.35714286,0,Jan
L001271,U083,04-09-2025,Python,Online Course,1.2,69,100,Completed,Intermediate,57.5,1,Sep
L001272,U173,14-05-2025,Power BI,Online Course,2.1,87.1,100,Completed,Intermediate,41.47619048,1,May
L001273,U174,24-04-2025,Python,Project,3.4,89,100,Completed,Intermediate,26.17647059,1,Apr
L001274,U115,15-06-2025,Java,Self Learning,3.6,67.7,32.4,In Progress,Advanced,18.80555556,0,Jun
L001275,U051,23-06-2025,Cloud,Online Course,3.2,96.4,92.5,In Progress,Advanced,30.125,0,Jun
L001276,U125,23-03-2025,Power BI,Self Learning,5.4,74.1,38.3,In Progress,Advanced,13.72222222,0,Mar
L001277,U013,04-12-2025,Excel,Self Learning,4.8,63.3,54.1,In Progress,Beginner,13.1875,0,Dec
L001278,U022,19-08-2025,Java,Project,4.5,51.1,61.9,In Progress,Beginner,11.35555556,0,Aug
L001279,U114,30-03-2025,Data Analytics,Online Course,1.3,41.1,33.7,In Progress,Beginner,31.61538462,0,Mar
L001280,U178,09-10-2025,ServiceNow,Certification,1.5,73.3,30.6,Dropped,Beginner,48.86666667,0,Oct
L001281,U052,28-07-2025,SQL,Online Course,0,0,0,Not Started,Intermediate,0,0,Jul
L001282,U040,15-06-2025,Data Analytics,Certification,2.8,45.9,60.8,In Progress,Advanced,16.39285714,0,Jun
L001283,U114,09-09-2025,Power BI,Project,5.2,71.4,57.5,In Progress,Intermediate,13.73076923,0,Sep
L001284,U032,04-11-2025,Excel,Online Course,0.7,97.6,39.3,In Progress,Intermediate,139.4285714,0,Nov
L001285,U085,12-02-2025,Machine Learning,Workshop,0,0,0,Not Started,Advanced,0,0,Feb
L001286,U167,02-11-2025,Java,Self Learning,0,0,0,Not Started,Advanced,0,0,Nov
L001287,U033,13-01-2025,Data Analytics,Self Learning,3.2,72.4,11.2,Dropped,Beginner,22.625,0,Jan
L001288,U144,28-09-2025,Communication,Workshop,3.2,43.3,76.9,In Progress,Beginner,13.53125,0,Sep
L001289,U040,03-07-2025,Machine Learning,Online Course,3.4,88.6,100,Completed,Beginner,26.05882353,1,Jul
L001290,U046,28-06-2025,Machine Learning,Certification,1.2,57.7,93.1,In Progress,Intermediate,48.08333333,0,Jun
L001291,U180,03-04-2025,SQL,Project,3.6,71.7,100,Completed,Advanced,19.91666667,1,Apr
L001292,U111,08-02-2025,Cloud,Online Course,0,0,0,Not Started,Intermediate,0,0,Feb
L001293,U031,28-01-2025,Communication,Workshop,0.6,82.8,100,Completed,Intermediate,138,1,Jan
L001294,U014,27-01-2025,Java,Workshop,2.3,66.7,100,Completed,Advanced,29,1,Jan
L001295,U143,04-11-2025,Communication,Online Course,1.5,65,40.9,In Progress,Advanced,43.33333333,0,Nov
L001296,U163,17-06-2025,Python,Project,3,70.4,100,Completed,Beginner,23.46666667,1,Jun
L001297,U031,10-10-2025,Machine Learning,Workshop,2.7,89.4,88.4,In Progress,Intermediate,33.11111111,0,Oct
L001298,U110,02-11-2025,Communication,Online Course,0.7,78.3,100,Completed,Advanced,111.8571429,1,Nov
L001299,U028,11-10-2025,SQL,Self Learning,5.1,58,1.4,In Progress,Intermediate,11.37254902,0,Oct
L001300,U167,15-06-2025,Java,Online Course,4.1,74.5,49.3,In Progress,Advanced,18.17073171,0,Jun
L001301,U191,17-04-2025,Power BI,Workshop,2.9,88,77.2,In Progress,Advanced,30.34482759,0,Apr
L001302,U041,11-07-2025,Data Analytics,Workshop,2.6,58.8,21.8,Dropped,Intermediate,22.61538462,0,Jul
L001303,U078,18-11-2025,SQL,Self Learning,0.5,92.5,69.9,In Progress,Advanced,185,0,Nov
L001304,U103,01-11-2025,Machine Learning,Online Course,1.7,71.1,95.1,In Progress,Intermediate,41.82352941,0,Nov
L001305,U010,18-04-2025,Java,Workshop,4.4,67.5,77.8,In Progress,Intermediate,15.34090909,0,Apr
L001306,U012,27-04-2025,Java,Certification,3.2,54.6,77,In Progress,Advanced,17.0625,0,Apr
L001307,U008,09-02-2025,Excel,Online Course,5.9,80.6,100,Completed,Advanced,13.66101695,1,Feb
L001308,U099,20-03-2025,Excel,Workshop,2.5,96.6,100,Completed,Intermediate,38.64,1,Mar
L001309,U118,23-04-2025,Data Analytics,Online Course,0.7,83.2,33.2,Dropped,Intermediate,118.8571429,0,Apr
L001310,U028,14-04-2025,Machine Learning,Project,4.5,50.2,28.6,In Progress,Advanced,11.15555556,0,Apr
L001311,U121,26-01-2025,Python,Workshop,3,72.3,33.5,In Progress,Intermediate,24.1,0,Jan
L001312,U082,27-07-2025,Power BI,Certification,5.8,97.1,19.2,In Progress,Beginner,16.74137931,0,Jul
L001313,U197,24-02-2025,Machine Learning,Online Course,2.9,70.4,36.9,In Progress,Beginner,24.27586207,0,Feb
L001314,U170,14-09-2025,Machine Learning,Project,5.7,45.3,86.5,In Progress,Advanced,7.947368421,0,Sep
L001315,U075,28-09-2025,Power BI,Project,3.2,98.1,74.8,In Progress,Intermediate,30.65625,0,Sep
L001316,U155,13-11-2025,Power BI,Certification,5.8,73.5,100,Completed,Advanced,12.67241379,1,Nov
L001317,U105,29-12-2025,Excel,Workshop,3.3,84.9,17.7,In Progress,Intermediate,25.72727273,0,Dec
L001318,U122,02-05-2025,SQL,Self Learning,4.2,99.1,59.5,In Progress,Intermediate,23.5952381,0,May
L001319,U127,21-02-2025,SQL,Certification,4.7,83.6,100,Completed,Beginner,17.78723404,1,Feb
L001320,U036,21-10-2025,Power BI,Workshop,2.9,81.1,100,Completed,Intermediate,27.96551724,1,Oct
L001321,U015,07-12-2025,Java,Certification,0,0,0,Not Started,Beginner,0,0,Dec
L001322,U142,23-10-2025,Communication,Self Learning,6,97.4,73.4,In Progress,Advanced,16.23333333,0,Oct
L001323,U159,04-06-2025,SQL,Online Course,1.3,98.1,3.4,In Progress,Intermediate,75.46153846,0,Jun
L001324,U057,05-11-2025,ServiceNow,Project,1.8,87.1,9.8,In Progress,Intermediate,48.38888889,0,Nov
L001325,U033,09-09-2025,Data Analytics,Project,2,59.7,96.5,In Progress,Intermediate,29.85,0,Sep
L001326,U089,18-12-2025,Python,Project,2.8,75.6,100,Completed,Intermediate,27,1,Dec
L001327,U188,27-08-2025,Communication,Certification,3.7,45.8,48.5,In Progress,Intermediate,12.37837838,0,Aug
L001328,U037,29-11-2025,Python,Online Course,2.8,87.6,92.5,In Progress,Intermediate,31.28571429,0,Nov
L001329,U037,05-06-2025,ServiceNow,Certification,5,76.8,65,In Progress,Intermediate,15.36,0,Jun
L001330,U169,19-01-2025,SQL,Workshop,0.7,70.3,61.1,Dropped,Intermediate,100.4285714,0,Jan
L001331,U098,12-01-2025,Data Analytics,Online Course,2.3,66.6,40.2,In Progress,Advanced,28.95652174,0,Jan
L001332,U115,10-04-2025,Cloud,Project,2.6,74.8,6,In Progress,Intermediate,28.76923077,0,Apr
L001333,U112,01-11-2025,Machine Learning,Online Course,3,45.5,76.9,In Progress,Intermediate,15.16666667,0,Nov
L001334,U147,28-04-2025,SQL,Online Course,1.8,75.6,100,Completed,Advanced,42,1,Apr
L001335,U120,18-05-2025,Java,Certification,1.7,67.9,60.3,In Progress,Advanced,39.94117647,0,May
L001336,U031,18-02-2025,Communication,Online Course,3.1,56.4,40.6,Dropped,Advanced,18.19354839,0,Feb
L001337,U048,11-01-2025,Java,Certification,4,76.7,100,Completed,Advanced,19.175,1,Jan
L001338,U172,09-02-2025,Python,Online Course,4,83.1,38.9,In Progress,Advanced,20.775,0,Feb
L001339,U141,05-06-2025,Machine Learning,Certification,5.6,74.1,100,Completed,Advanced,13.23214286,1,Jun
L001340,U177,22-09-2025,Java,Workshop,3.6,66,100,Completed,Intermediate,18.33333333,1,Sep
L001341,U195,18-05-2025,Machine Learning,Workshop,4.2,86.5,69.2,In Progress,Intermediate,20.5952381,0,May
L001342,U166,14-06-2025,Excel,Certification,3.2,66.2,56.1,In Progress,Advanced,20.6875,0,Jun
L001343,U072,25-09-2025,Machine Learning,Project,1.7,75.8,100,Completed,Advanced,44.58823529,1,Sep
L001344,U144,13-04-2025,Communication,Self Learning,3,83.1,15.5,Dropped,Beginner,27.7,0,Apr
L001345,U148,06-02-2025,SQL,Project,3,56.7,11,Dropped,Advanced,18.9,0,Feb
L001346,U155,21-11-2025,Java,Certification,3.1,91,100,Completed,Advanced,29.35483871,1,Nov
L001347,U187,11-11-2025,ServiceNow,Workshop,2.8,64.3,39.7,In Progress,Advanced,22.96428571,0,Nov
L001348,U145,12-04-2025,Excel,Self Learning,0,0,0,Not Started,Intermediate,0,0,Apr
L001349,U116,14-07-2025,SQL,Self Learning,2.6,90,38.8,In Progress,Beginner,34.61538462,0,Jul
L001350,U039,17-12-2025,Communication,Certification,1.8,61.3,65.3,Dropped,Intermediate,34.05555556,0,Dec
L001351,U143,19-06-2025,Machine Learning,Certification,2.1,48.3,59.4,In Progress,Advanced,23,0,Jun
L001352,U086,22-12-2025,Communication,Workshop,3,73,63.5,Dropped,Beginner,24.33333333,0,Dec
L001353,U192,05-11-2025,SQL,Workshop,3.1,85,100,Completed,Advanced,27.41935484,1,Nov
L001354,U009,12-04-2025,ServiceNow,Online Course,1.2,68,100,Completed,Intermediate,56.66666667,1,Apr
L001355,U044,20-08-2025,Python,Certification,3.7,70.6,100,Completed,Beginner,19.08108108,1,Aug
L001356,U198,23-08-2025,Java,Self Learning,2.5,94.7,100,Completed,Intermediate,37.88,1,Aug
L001357,U199,07-08-2025,ServiceNow,Certification,1.1,53.9,49.8,In Progress,Intermediate,49,0,Aug
L001358,U148,07-11-2025,Excel,Self Learning,1.5,70.6,59.2,In Progress,Beginner,47.06666667,0,Nov
L001359,U186,05-06-2025,Python,Online Course,3.4,90.4,47.1,Dropped,Intermediate,26.58823529,0,Jun
L001360,U070,24-02-2025,Cloud,Online Course,5.4,61.3,43.7,Dropped,Beginner,11.35185185,0,Feb
L001361,U102,06-05-2025,Python,Self Learning,0.7,79.4,4.4,In Progress,Beginner,113.4285714,0,May
L001362,U024,23-09-2025,SQL,Self Learning,3.1,99.4,100,Completed,Beginner,32.06451613,1,Sep
L001363,U125,03-12-2025,ServiceNow,Self Learning,0.5,75,100,Completed,Intermediate,150,1,Dec
L001364,U195,15-01-2025,Cloud,Workshop,5.9,91.3,100,Completed,Intermediate,15.47457627,1,Jan
L001365,U114,22-02-2025,Python,Online Course,5.7,72.6,100,Completed,Intermediate,12.73684211,1,Feb
L001366,U167,08-05-2025,Power BI,Certification,1.2,88.1,56.2,In Progress,Beginner,73.41666667,0,May
L001367,U160,11-09-2025,Cloud,Self Learning,2.7,51.1,3.2,In Progress,Intermediate,18.92592593,0,Sep
L001368,U151,17-11-2025,Cloud,Workshop,4,93.5,16.8,Dropped,Intermediate,23.375,0,Nov
L001369,U041,15-10-2025,Power BI,Project,3.3,62.6,26.4,In Progress,Intermediate,18.96969697,0,Oct
L001370,U178,27-07-2025,Python,Workshop,1.5,66.2,100,Completed,Beginner,44.13333333,1,Jul
L001371,U042,29-12-2025,Excel,Workshop,2.6,80.1,100,Completed,Advanced,30.80769231,1,Dec
L001372,U013,12-11-2025,Excel,Certification,5.1,99.1,100,Completed,Advanced,19.43137255,1,Nov
L001373,U173,06-11-2025,ServiceNow,Self Learning,1.7,74.2,100,Completed,Beginner,43.64705882,1,Nov
L001374,U027,01-06-2025,ServiceNow,Workshop,2,61.1,57.8,In Progress,Advanced,30.55,0,Jun
L001375,U119,06-08-2025,SQL,Project,2,59.2,61.3,In Progress,Beginner,29.6,0,Aug
L001376,U035,05-01-2025,Java,Online Course,4.8,98.8,100,Completed,Beginner,20.58333333,1,Jan
L001377,U032,16-02-2025,SQL,Project,1.4,54,54.8,In Progress,Intermediate,38.57142857,0,Feb
L001378,U126,08-10-2025,ServiceNow,Online Course,2.8,67.3,100,Completed,Intermediate,24.03571429,1,Oct
L001379,U186,01-02-2025,Power BI,Workshop,0,0,0,Not Started,Advanced,0,0,Feb
L001380,U200,23-10-2025,Machine Learning,Project,1.7,79.7,100,Completed,Intermediate,46.88235294,1,Oct
L001381,U033,19-12-2025,Java,Workshop,2.7,45.3,48.7,Dropped,Intermediate,16.77777778,0,Dec
L001382,U015,06-04-2025,SQL,Workshop,0.9,61.9,43.1,In Progress,Advanced,68.77777778,0,Apr
L001383,U171,20-03-2025,SQL,Project,1.7,60.2,43.6,In Progress,Intermediate,35.41176471,0,Mar
L001384,U170,24-01-2025,Excel,Project,4.1,41.4,27.4,Dropped,Beginner,10.09756098,0,Jan
L001385,U047,01-05-2025,Excel,Project,4.3,71.8,100,Completed,Beginner,16.69767442,1,May
L001386,U122,14-02-2025,Java,Self Learning,4.5,55.7,25,In Progress,Beginner,12.37777778,0,Feb
L001387,U060,09-09-2025,Python,Project,2.3,81.6,45.6,In Progress,Intermediate,35.47826087,0,Sep
L001388,U001,24-11-2025,Java,Project,5.9,72.6,37.2,Dropped,Beginner,12.30508475,0,Nov
L001389,U113,08-04-2025,Python,Self Learning,5.7,61.3,30.8,In Progress,Advanced,10.75438596,0,Apr
L001390,U031,28-03-2025,Communication,Self Learning,3.2,41.1,9.7,In Progress,Beginner,12.84375,0,Mar
L001391,U154,24-03-2025,Data Analytics,Self Learning,1.8,73.5,37.1,In Progress,Intermediate,40.83333333,0,Mar
L001392,U195,17-08-2025,Java,Certification,1.4,93.8,56.5,In Progress,Beginner,67,0,Aug
L001393,U134,06-01-2025,Machine Learning,Self Learning,1.2,84.6,60.4,In Progress,Intermediate,70.5,0,Jan
L001394,U029,01-05-2025,ServiceNow,Workshop,5.5,87.7,50.7,Dropped,Advanced,15.94545455,0,May
L001395,U095,24-06-2025,SQL,Online Course,2.3,97.4,100,Completed,Advanced,42.34782609,1,Jun
L001396,U146,21-05-2025,Communication,Workshop,1.4,77.8,48.2,In Progress,Beginner,55.57142857,0,May
L001397,U140,14-07-2025,Communication,Self Learning,3.2,65.4,85,In Progress,Intermediate,20.4375,0,Jul
L001398,U016,01-06-2025,ServiceNow,Project,4,69.1,100,Completed,Advanced,17.275,1,Jun
L001399,U190,03-12-2025,Cloud,Workshop,5.3,53.1,96,In Progress,Beginner,10.01886792,0,Dec
L001400,U165,18-10-2025,SQL,Online Course,1.7,98.4,100,Completed,Beginner,57.88235294,1,Oct
L001401,U119,08-07-2025,Data Analytics,Certification,3.8,61.1,44,Dropped,Advanced,16.07894737,0,Jul
L001402,U177,15-01-2025,Machine Learning,Online Course,0.6,81.4,11.8,Dropped,Intermediate,135.6666667,0,Jan
L001403,U122,27-02-2025,Power BI,Certification,1,66.4,24,In Progress,Intermediate,66.4,0,Feb
L001404,U064,15-07-2025,Machine Learning,Project,2.3,62.8,71.8,In Progress,Intermediate,27.30434783,0,Jul
L001405,U025,02-12-2025,ServiceNow,Workshop,5.6,85.4,100,Completed,Advanced,15.25,1,Dec
L001406,U071,14-07-2025,Power BI,Online Course,1.5,74.9,100,Completed,Beginner,49.93333333,1,Jul
L001407,U095,27-12-2025,Machine Learning,Online Course,1.2,84.1,100,Completed,Advanced,70.08333333,1,Dec
L001408,U048,14-09-2025,ServiceNow,Online Course,4.6,67.7,100,Completed,Beginner,14.7173913,1,Sep
L001409,U115,26-03-2025,Excel,Project,0,0,0,Not Started,Beginner,0,0,Mar
L001410,U057,26-04-2025,Machine Learning,Online Course,0,0,0,Not Started,Intermediate,0,0,Apr
L001411,U185,05-06-2025,Machine Learning,Online Course,1.4,54.3,50.1,In Progress,Intermediate,38.78571429,0,Jun
L001412,U183,12-08-2025,SQL,Certification,2,97.8,100,Completed,Advanced,48.9,1,Aug
L001413,U168,21-07-2025,Machine Learning,Workshop,2.7,87.9,3.6,In Progress,Advanced,32.55555556,0,Jul
L001414,U014,17-07-2025,Excel,Certification,1.6,78.7,100,Completed,Beginner,49.1875,1,Jul
L001415,U194,11-03-2025,Communication,Online Course,4.2,91.7,68.2,Dropped,Beginner,21.83333333,0,Mar
L001416,U061,09-04-2025,Excel,Certification,3.3,95.7,62.7,In Progress,Intermediate,29,0,Apr
L001417,U199,20-10-2025,SQL,Online Course,5.2,75,100,Completed,Advanced,14.42307692,1,Oct
L001418,U109,28-04-2025,ServiceNow,Online Course,1.2,48.5,85.7,In Progress,Beginner,40.41666667,0,Apr
L001419,U044,25-08-2025,Machine Learning,Workshop,4.1,96.1,21.3,In Progress,Advanced,23.43902439,0,Aug
L001420,U138,12-09-2025,ServiceNow,Workshop,1.1,90.3,90.1,In Progress,Advanced,82.09090909,0,Sep
L001421,U142,10-09-2025,Cloud,Online Course,5.8,60.5,13.8,In Progress,Beginner,10.43103448,0,Sep
L001422,U086,31-10-2025,Excel,Self Learning,1,68.2,44.2,Dropped,Intermediate,68.2,0,Oct
L001423,U123,09-05-2025,Data Analytics,Online Course,5.5,69.4,100,Completed,Beginner,12.61818182,1,May
L001424,U040,01-08-2025,Machine Learning,Project,5.2,98.1,25.5,In Progress,Beginner,18.86538462,0,Aug
L001425,U189,12-09-2025,Data Analytics,Workshop,0,0,0,Not Started,Intermediate,0,0,Sep
L001426,U099,27-02-2025,Python,Project,5.2,48.6,67.2,In Progress,Advanced,9.346153846,0,Feb
L001427,U065,02-07-2025,Excel,Workshop,2.4,62.4,6.3,In Progress,Beginner,26,0,Jul
L001428,U069,22-05-2025,Power BI,Online Course,5.9,66.1,91.6,In Progress,Intermediate,11.20338983,0,May
L001429,U040,22-08-2025,Communication,Project,3.6,86.3,100,Completed,Advanced,23.97222222,1,Aug
L001430,U181,09-10-2025,ServiceNow,Self Learning,6,86.8,54.3,In Progress,Advanced,14.46666667,0,Oct
L001431,U047,10-03-2025,Python,Certification,0.5,81.2,61.6,In Progress,Beginner,162.4,0,Mar
L001432,U021,12-12-2025,SQL,Self Learning,1.8,79.3,90.4,In Progress,Intermediate,44.05555556,0,Dec
L001433,U163,03-10-2025,Cloud,Self Learning,1.3,71.6,100,Completed,Intermediate,55.07692308,1,Oct
L001434,U198,02-03-2025,SQL,Online Course,1.7,73.7,100,Completed,Advanced,43.35294118,1,Mar
L001435,U129,22-11-2025,Excel,Workshop,0.7,73.7,100,Completed,Beginner,105.2857143,1,Nov
L001436,U168,01-10-2025,Python,Online Course,4.4,50.3,75.2,In Progress,Intermediate,11.43181818,0,Oct
L001437,U074,04-02-2025,Python,Self Learning,2.2,66.3,100,Completed,Beginner,30.13636364,1,Feb
L001438,U011,22-07-2025,Cloud,Self Learning,1.8,78.9,71.5,In Progress,Beginner,43.83333333,0,Jul
L001439,U007,04-01-2025,Excel,Certification,0,0,0,Not Started,Intermediate,0,0,Jan
L001440,U090,25-06-2025,Excel,Online Course,0,0,0,Not Started,Intermediate,0,0,Jun
L001441,U181,21-09-2025,Excel,Certification,5.6,99.9,68.7,In Progress,Beginner,17.83928571,0,Sep
L001442,U047,15-09-2025,Power BI,Self Learning,5.8,99.3,1.8,In Progress,Advanced,17.12068966,0,Sep
L001443,U085,05-03-2025,Excel,Self Learning,0.8,92.3,100,Completed,Beginner,115.375,1,Mar
L001444,U062,18-07-2025,Python,Online Course,5.6,87.6,100,Completed,Beginner,15.64285714,1,Jul
L001445,U003,04-01-2025,Machine Learning,Self Learning,1.8,96.7,100,Completed,Advanced,53.72222222,1,Jan
L001446,U107,24-08-2025,Cloud,Project,2.6,88.4,100,Completed,Beginner,34,1,Aug
L001447,U200,18-05-2025,ServiceNow,Workshop,2,60.7,95.2,In Progress,Intermediate,30.35,0,May
L001448,U145,09-05-2025,SQL,Self Learning,3.1,68,100,Completed,Beginner,21.93548387,1,May
L001449,U160,04-09-2025,Data Analytics,Self Learning,0,0,0,Not Started,Advanced,0,0,Sep
L001450,U004,28-04-2025,SQL,Project,3.9,94.2,94,In Progress,Intermediate,24.15384615,0,Apr
L001451,U042,25-08-2025,ServiceNow,Project,2.9,99,100,Completed,Advanced,34.13793103,1,Aug
L001452,U049,24-08-2025,Machine Learning,Project,0.6,61.5,7.1,In Progress,Advanced,102.5,0,Aug
L001453,U101,06-10-2025,Excel,Project,5,82.8,23.1,In Progress,Intermediate,16.56,0,Oct
L001454,U179,05-03-2025,Excel,Workshop,3.9,82.3,100,Completed,Intermediate,21.1025641,1,Mar
L001455,U104,12-11-2025,Data Analytics,Project,1.1,74.5,65.7,Dropped,Intermediate,67.72727273,0,Nov
L001456,U086,08-02-2025,Excel,Workshop,1,82.7,34.7,In Progress,Beginner,82.7,0,Feb
L001457,U044,20-02-2025,Data Analytics,Project,1.1,77.5,10.2,In Progress,Advanced,70.45454545,0,Feb
L001458,U119,21-12-2025,SQL,Project,0,0,0,Not Started,Beginner,0,0,Dec
L001459,U032,21-06-2025,Excel,Self Learning,5,69.6,68.1,In Progress,Intermediate,13.92,0,Jun
L001460,U150,08-12-2025,Cloud,Workshop,4.2,74.1,13,In Progress,Advanced,17.64285714,0,Dec
L001461,U192,19-12-2025,Java,Project,0,0,0,Not Started,Beginner,0,0,Dec
L001462,U158,14-09-2025,SQL,Certification,5.9,82,66.6,Dropped,Intermediate,13.89830508,0,Sep
L001463,U113,23-11-2025,Data Analytics,Project,1.2,76,10.5,In Progress,Intermediate,63.33333333,0,Nov
L001464,U089,21-03-2025,Excel,Certification,1.6,75.9,66.3,In Progress,Advanced,47.4375,0,Mar
L001465,U032,24-05-2025,Excel,Online Course,1.2,80.5,80.1,In Progress,Advanced,67.08333333,0,May
L001466,U068,01-01-2025,Java,Certification,1.6,68.4,100,Completed,Advanced,42.75,1,Jan
L001467,U141,28-02-2025,SQL,Workshop,3.3,56.2,94.7,In Progress,Beginner,17.03030303,0,Feb
L001468,U042,21-11-2025,Java,Project,2.9,93.2,100,Completed,Beginner,32.13793103,1,Nov
L001469,U077,16-07-2025,Java,Certification,4.3,80.3,93.7,In Progress,Beginner,18.6744186,0,Jul
L001470,U047,19-11-2025,ServiceNow,Workshop,1.3,78.4,83.5,In Progress,Beginner,60.30769231,0,Nov
L001471,U045,04-12-2025,Communication,Self Learning,3.6,77.4,100,Completed,Advanced,21.5,1,Dec
L001472,U178,28-05-2025,Data Analytics,Certification,4.3,96.7,60.6,In Progress,Intermediate,22.48837209,0,May
L001473,U190,24-06-2025,Excel,Certification,4.6,44.7,45.2,In Progress,Beginner,9.717391304,0,Jun
L001474,U013,26-10-2025,Power BI,Self Learning,4.6,48.5,52,Dropped,Intermediate,10.54347826,0,Oct
L001475,U031,13-08-2025,ServiceNow,Workshop,5.4,87.4,27.4,Dropped,Beginner,16.18518519,0,Aug
L001476,U177,08-11-2025,Java,Workshop,1.5,58.5,59.2,In Progress,Advanced,39,0,Nov
L001477,U102,03-04-2025,ServiceNow,Project,0,0,0,Not Started,Beginner,0,0,Apr
L001478,U042,05-02-2025,SQL,Certification,0,0,0,Not Started,Intermediate,0,0,Feb
L001479,U109,21-10-2025,Machine Learning,Workshop,3.8,85.2,100,Completed,Advanced,22.42105263,1,Oct
L001480,U083,20-09-2025,Java,Project,4.6,96.3,54.2,In Progress,Beginner,20.93478261,0,Sep
L001481,U143,09-04-2025,SQL,Online Course,5.5,61.7,78.7,In Progress,Beginner,11.21818182,0,Apr
L001482,U105,23-10-2025,Machine Learning,Certification,2.7,86.4,100,Completed,Advanced,32,1,Oct
L001483,U085,28-04-2025,SQL,Self Learning,2.8,85.1,88.7,In Progress,Beginner,30.39285714,0,Apr
L001484,U152,06-09-2025,ServiceNow,Self Learning,3.5,93.7,100,Completed,Intermediate,26.77142857,1,Sep
L001485,U030,15-01-2025,Excel,Certification,1.8,83.8,94.8,In Progress,Beginner,46.55555556,0,Jan
L001486,U193,11-11-2025,Python,Certification,0,0,0,Not Started,Advanced,0,0,Nov
L001487,U065,20-11-2025,Excel,Self Learning,2.4,48.9,21.8,In Progress,Beginner,20.375,0,Nov
L001488,U136,19-11-2025,Java,Certification,1.8,92.8,46.9,In Progress,Advanced,51.55555556,0,Nov
L001489,U060,17-09-2025,Excel,Self Learning,4.6,98,100,Completed,Intermediate,21.30434783,1,Sep
L001490,U037,20-11-2025,Java,Self Learning,3.5,95.8,79.5,In Progress,Intermediate,27.37142857,0,Nov
L001491,U003,13-02-2025,Machine Learning,Project,2.7,65.3,100,Completed,Intermediate,24.18518519,1,Feb
L001492,U157,23-10-2025,ServiceNow,Workshop,4.1,95.3,20.9,Dropped,Intermediate,23.24390244,0,Oct
L001493,U090,06-11-2025,Python,Workshop,2.8,94.2,74.1,In Progress,Beginner,33.64285714,0,Nov
L001494,U183,15-08-2025,Machine Learning,Workshop,4.2,69.2,53.8,In Progress,Advanced,16.47619048,0,Aug
L001495,U122,26-03-2025,SQL,Project,3.9,95.4,100,Completed,Advanced,24.46153846,1,Mar
L001496,U094,30-03-2025,Cloud,Online Course,4.6,52.7,21.7,Dropped,Beginner,11.45652174,0,Mar
L001497,U044,02-02-2025,Java,Project,0.5,73.6,93.9,In Progress,Intermediate,147.2,0,Feb
L001498,U034,15-08-2025,Power BI,Workshop,1,78.2,100,Completed,Intermediate,78.2,1,Aug
L001499,U088,23-12-2025,Data Analytics,Workshop,0.9,80.8,100,Completed,Beginner,89.77777778,1,Dec
L001500,U022,09-05-2025,Data Analytics,Online Course,2.6,79,100,Completed,Advanced,30.38461538,1,May
L001501,U019,17-05-2025,Excel,Self Learning,5.6,97.3,67.2,In Progress,Advanced,17.375,0,May
L001502,U128,17-03-2025,ServiceNow,Certification,4.9,94.8,70.8,In Progress,Intermediate,19.34693878,0,Mar
L001503,U104,05-07-2025,Cloud,Online Course,3.5,91.7,93.7,In Progress,Beginner,26.2,0,Jul
L001504,U107,21-07-2025,Java,Online Course,2.8,81.6,100,Completed,Intermediate,29.14285714,1,Jul
L001505,U153,28-07-2025,Cloud,Online Course,4.5,65.2,54.5,In Progress,Intermediate,14.48888889,0,Jul
L001506,U100,16-12-2025,Python,Self Learning,5,81.4,83.6,In Progress,Intermediate,16.28,0,Dec
L001507,U185,20-07-2025,SQL,Workshop,1.1,93.5,100,Completed,Beginner,85,1,Jul
L001508,U044,14-05-2025,ServiceNow,Online Course,3.6,88,77.9,In Progress,Advanced,24.44444444,0,May
L001509,U092,01-02-2025,Power BI,Online Course,3.4,78.3,33.8,In Progress,Advanced,23.02941176,0,Feb
L001510,U139,03-07-2025,Python,Online Course,4,49.3,11,In Progress,Beginner,12.325,0,Jul
L001511,U169,10-07-2025,SQL,Self Learning,3.8,82.5,68.6,In Progress,Intermediate,21.71052632,0,Jul
L001512,U009,05-10-2025,Data Analytics,Workshop,4.7,87.1,100,Completed,Intermediate,18.53191489,1,Oct
L001513,U092,22-03-2025,Excel,Project,0.6,72.8,16.4,In Progress,Intermediate,121.3333333,0,Mar
L001514,U085,18-09-2025,Power BI,Online Course,5.1,61.2,30.1,In Progress,Intermediate,12,0,Sep
L001515,U030,09-12-2025,SQL,Online Course,5,88.4,22.7,Dropped,Beginner,17.68,0,Dec
L001516,U195,28-10-2025,Data Analytics,Self Learning,3.5,87.5,13.2,In Progress,Intermediate,25,0,Oct
L001517,U144,26-05-2025,Cloud,Project,0,0,0,Not Started,Intermediate,0,0,May
L001518,U036,29-06-2025,Python,Workshop,1.2,96.8,34.1,Dropped,Intermediate,80.66666667,0,Jun
L001519,U056,25-05-2025,Excel,Self Learning,2.8,72.9,100,Completed,Beginner,26.03571429,1,May
L001520,U058,07-02-2025,Python,Self Learning,1.2,87.5,55.2,In Progress,Intermediate,72.91666667,0,Feb
L001521,U052,15-12-2025,Machine Learning,Self Learning,2.2,85,100,Completed,Intermediate,38.63636364,1,Dec
L001522,U120,12-01-2025,ServiceNow,Online Course,5.8,93.4,100,Completed,Advanced,16.10344828,1,Jan
L001523,U053,18-04-2025,Power BI,Project,4.5,80.7,58.5,In Progress,Beginner,17.93333333,0,Apr
L001524,U051,06-01-2025,Power BI,Self Learning,5.7,72.7,69,In Progress,Intermediate,12.75438596,0,Jan
L001525,U027,05-12-2025,Excel,Workshop,2.3,87.6,39,In Progress,Beginner,38.08695652,0,Dec
L001526,U094,14-08-2025,Power BI,Self Learning,5.9,94,100,Completed,Beginner,15.93220339,1,Aug
L001527,U183,07-05-2025,Data Analytics,Online Course,5.8,79,100,Completed,Advanced,13.62068966,1,May
L001528,U155,09-11-2025,Cloud,Certification,1.2,47.9,66,In Progress,Intermediate,39.91666667,0,Nov
L001529,U103,13-05-2025,Communication,Project,1.7,41,9.4,In Progress,Beginner,24.11764706,0,May
L001530,U001,01-01-2025,ServiceNow,Self Learning,2.5,59.5,96,In Progress,Beginner,23.8,0,Jan
L001531,U191,30-08-2025,Communication,Project,3.5,74,98,In Progress,Beginner,21.14285714,0,Aug
L001532,U072,10-10-2025,Machine Learning,Project,4.7,48.7,33.3,In Progress,Intermediate,10.36170213,0,Oct
L001533,U168,04-09-2025,Data Analytics,Project,1.7,87.5,65.9,In Progress,Intermediate,51.47058824,0,Sep
L001534,U162,02-08-2025,Machine Learning,Project,5.5,95,100,Completed,Advanced,17.27272727,1,Aug
L001535,U190,23-07-2025,Data Analytics,Project,3.5,59.4,94.7,In Progress,Beginner,16.97142857,0,Jul
L001536,U052,08-03-2025,Power BI,Workshop,3.2,78.2,100,Completed,Intermediate,24.4375,1,Mar
L001537,U060,03-12-2025,Communication,Workshop,0,0,0,Not Started,Advanced,0,0,Dec
L001538,U142,06-04-2025,Excel,Online Course,1.6,56.9,5,In Progress,Advanced,35.5625,0,Apr
L001539,U032,20-09-2025,SQL,Self Learning,0.5,92.8,100,Completed,Beginner,185.6,1,Sep
L001540,U011,03-11-2025,Communication,Online Course,4.5,92.2,100,Completed,Advanced,20.48888889,1,Nov
L001541,U055,28-06-2025,SQL,Self Learning,2,57.2,19.4,In Progress,Intermediate,28.6,0,Jun
L001542,U127,11-01-2025,Machine Learning,Project,4.5,79.6,5.3,In Progress,Beginner,17.68888889,0,Jan
L001543,U188,28-02-2025,ServiceNow,Certification,3.5,50.4,12.1,In Progress,Beginner,14.4,0,Feb
L001544,U146,03-08-2025,SQL,Project,2.9,46.3,11.5,In Progress,Advanced,15.96551724,0,Aug
L001545,U110,03-11-2025,ServiceNow,Project,0,0,0,Not Started,Beginner,0,0,Nov
L001546,U001,17-05-2025,Excel,Online Course,4.9,64.3,17,In Progress,Intermediate,13.12244898,0,May
L001547,U011,29-11-2025,Power BI,Certification,0.9,76.7,69.9,Dropped,Intermediate,85.22222222,0,Nov
L001548,U051,03-06-2025,Data Analytics,Workshop,1.4,58.5,56.6,In Progress,Advanced,41.78571429,0,Jun
L001549,U080,29-08-2025,SQL,Certification,2.3,62.9,89.8,In Progress,Intermediate,27.34782609,0,Aug
L001550,U057,13-03-2025,ServiceNow,Self Learning,0.8,58,26.4,Dropped,Beginner,72.5,0,Mar
L001551,U056,04-07-2025,Cloud,Self Learning,5.8,40,69.4,In Progress,Advanced,6.896551724,0,Jul
L001552,U169,03-07-2025,Python,Online Course,4.4,85.4,100,Completed,Intermediate,19.40909091,1,Jul
L001553,U165,17-09-2025,Machine Learning,Certification,4.4,65.7,26.7,In Progress,Beginner,14.93181818,0,Sep
L001554,U087,16-02-2025,ServiceNow,Online Course,4.5,75.4,53.2,Dropped,Advanced,16.75555556,0,Feb
L001555,U180,27-11-2025,Java,Workshop,2.5,90.1,82.4,In Progress,Beginner,36.04,0,Nov
L001556,U137,20-08-2025,SQL,Certification,4.1,42.2,93.4,In Progress,Intermediate,10.29268293,0,Aug
L001557,U063,28-01-2025,Data Analytics,Online Course,3.6,85.9,100,Completed,Intermediate,23.86111111,1,Jan
L001558,U053,20-03-2025,Java,Certification,1.3,90.4,100,Completed,Advanced,69.53846154,1,Mar
L001559,U103,01-12-2025,Data Analytics,Self Learning,1,67.5,100,Completed,Intermediate,67.5,1,Dec
L001560,U176,04-07-2025,Communication,Certification,2.6,73.3,21.7,In Progress,Advanced,28.19230769,0,Jul
L001561,U034,28-07-2025,ServiceNow,Online Course,4,99.8,81.5,In Progress,Intermediate,24.95,0,Jul
L001562,U089,22-07-2025,Python,Certification,0,0,0,Not Started,Intermediate,0,0,Jul
L001563,U116,04-12-2025,Data Analytics,Workshop,2.8,82.9,61.7,In Progress,Beginner,29.60714286,0,Dec
L001564,U086,25-08-2025,Excel,Self Learning,1.4,83.3,100,Completed,Beginner,59.5,1,Aug
L001565,U166,11-07-2025,Power BI,Self Learning,1.4,89.9,100,Completed,Advanced,64.21428571,1,Jul
L001566,U004,13-06-2025,Communication,Certification,1,48.9,94.1,In Progress,Intermediate,48.9,0,Jun
L001567,U194,19-05-2025,Cloud,Online Course,4.1,44.7,23,In Progress,Advanced,10.90243902,0,May
L001568,U169,01-01-2025,Power BI,Certification,2.5,42.9,0.4,In Progress,Beginner,17.16,0,Jan
L001569,U176,01-09-2025,ServiceNow,Online Course,4.3,49.2,81.3,In Progress,Intermediate,11.44186047,0,Sep
L001570,U097,25-01-2025,Python,Online Course,0,0,0,Not Started,Advanced,0,0,Jan
L001571,U189,01-10-2025,Cloud,Workshop,5.3,83,82.7,In Progress,Intermediate,15.66037736,0,Oct
L001572,U185,05-05-2025,Data Analytics,Project,5.4,76.5,100,Completed,Advanced,14.16666667,1,May
L001573,U112,06-03-2025,Power BI,Self Learning,0,0,0,Not Started,Intermediate,0,0,Mar
L001574,U001,29-05-2025,Communication,Self Learning,5.3,97.4,100,Completed,Advanced,18.37735849,1,May
L001575,U006,02-06-2025,Machine Learning,Workshop,4,86.7,100,Completed,Beginner,21.675,1,Jun
L001576,U165,23-06-2025,Machine Learning,Project,0,0,0,Not Started,Advanced,0,0,Jun
L001577,U181,20-04-2025,Python,Certification,1.5,78.5,57,Dropped,Advanced,52.33333333,0,Apr
L001578,U075,08-05-2025,SQL,Certification,2,93.9,100,Completed,Intermediate,46.95,1,May
L001579,U106,12-06-2025,Cloud,Self Learning,0.5,56.7,69.1,In Progress,Advanced,113.4,0,Jun
L001580,U119,09-06-2025,Power BI,Self Learning,1.1,60.7,2.4,In Progress,Intermediate,55.18181818,0,Jun
L001581,U185,07-03-2025,SQL,Online Course,2.6,95.2,24.7,Dropped,Advanced,36.61538462,0,Mar
L001582,U049,16-09-2025,Power BI,Project,5.3,80.3,26.5,In Progress,Advanced,15.1509434,0,Sep
L001583,U182,13-12-2025,Python,Workshop,3,52,2.1,In Progress,Intermediate,17.33333333,0,Dec
L001584,U141,10-03-2025,SQL,Online Course,4,96.3,38.7,Dropped,Beginner,24.075,0,Mar
L001585,U197,15-08-2025,Cloud,Self Learning,4.4,78.5,90.4,In Progress,Advanced,17.84090909,0,Aug
L001586,U033,07-03-2025,ServiceNow,Project,0,0,0,Not Started,Intermediate,0,0,Mar
L001587,U016,15-06-2025,Machine Learning,Certification,2.6,88.2,53.8,Dropped,Beginner,33.92307692,0,Jun
L001588,U164,06-09-2025,SQL,Online Course,3.6,46.2,55.3,In Progress,Advanced,12.83333333,0,Sep
L001589,U013,01-09-2025,Machine Learning,Project,4,83.1,100,Completed,Intermediate,20.775,1,Sep
L001590,U131,17-04-2025,Cloud,Self Learning,3.5,42.3,88.7,In Progress,Beginner,12.08571429,0,Apr
L001591,U113,24-05-2025,Python,Online Course,4.9,76.3,93.9,In Progress,Advanced,15.57142857,0,May
L001592,U188,08-10-2025,Communication,Workshop,1.1,63.1,88.6,In Progress,Intermediate,57.36363636,0,Oct
L001593,U147,05-03-2025,SQL,Workshop,0.8,78.1,100,Completed,Advanced,97.625,1,Mar
L001594,U027,24-05-2025,Machine Learning,Certification,4.4,76.1,100,Completed,Intermediate,17.29545455,1,May
L001595,U042,26-12-2025,SQL,Certification,1.9,44.1,52.1,In Progress,Advanced,23.21052632,0,Dec
L001596,U033,26-05-2025,Communication,Online Course,5.2,63.3,87.9,In Progress,Advanced,12.17307692,0,May
L001597,U067,22-09-2025,Python,Certification,0,0,0,Not Started,Beginner,0,0,Sep
L001598,U065,04-06-2025,SQL,Certification,3.4,76.1,24.2,In Progress,Beginner,22.38235294,0,Jun
L001599,U059,17-08-2025,Java,Self Learning,5,48.6,60.8,Dropped,Advanced,9.72,0,Aug
L001600,U066,06-11-2025,Power BI,Project,3.6,64.2,83.7,In Progress,Beginner,17.83333333,0,Nov
L001601,U099,09-09-2025,Java,Workshop,2.4,99.1,70.8,In Progress,Advanced,41.29166667,0,Sep
L001602,U021,04-06-2025,Data Analytics,Self Learning,1.6,89,100,Completed,Advanced,55.625,1,Jun
L001603,U025,28-05-2025,Data Analytics,Workshop,1.8,86.2,100,Completed,Beginner,47.88888889,1,May
L001604,U162,29-04-2025,Machine Learning,Workshop,0,0,0,Not Started,Intermediate,0,0,Apr
L001605,U042,25-04-2025,ServiceNow,Certification,0,0,0,Not Started,Intermediate,0,0,Apr
L001606,U171,11-09-2025,Cloud,Project,2.8,71.6,33.4,In Progress,Advanced,25.57142857,0,Sep
L001607,U012,28-02-2025,SQL,Workshop,3.7,91.3,100,Completed,Intermediate,24.67567568,1,Feb
L001608,U117,27-01-2025,Power BI,Self Learning,5.4,88.5,100,Completed,Intermediate,16.38888889,1,Jan
L001609,U079,09-08-2025,ServiceNow,Certification,3.3,96.8,100,Completed,Advanced,29.33333333,1,Aug
L001610,U139,24-12-2025,Data Analytics,Online Course,3.4,48.4,18.6,In Progress,Intermediate,14.23529412,0,Dec
L001611,U078,04-02-2025,Communication,Project,3.4,41.1,50.4,In Progress,Advanced,12.08823529,0,Feb
L001612,U124,23-09-2025,Machine Learning,Project,3.5,90.8,16.3,In Progress,Advanced,25.94285714,0,Sep
L001613,U119,20-04-2025,Java,Online Course,0.6,95.9,10.3,Dropped,Intermediate,159.8333333,0,Apr
L001614,U121,13-05-2025,Communication,Self Learning,0.8,67.8,100,Completed,Intermediate,84.75,1,May
L001615,U029,28-04-2025,Cloud,Online Course,3.4,85.3,84.6,In Progress,Beginner,25.08823529,0,Apr
L001616,U016,15-03-2025,Data Analytics,Self Learning,1,63.4,34.1,In Progress,Beginner,63.4,0,Mar
L001617,U197,03-08-2025,Excel,Online Course,1.8,99.9,53,Dropped,Beginner,55.5,0,Aug
L001618,U061,27-11-2025,Power BI,Online Course,2.6,92.7,0.7,In Progress,Intermediate,35.65384615,0,Nov
L001619,U131,19-11-2025,Excel,Online Course,0.6,58.7,6.5,In Progress,Advanced,97.83333333,0,Nov
L001620,U197,26-08-2025,Machine Learning,Online Course,4,87.9,63.9,In Progress,Advanced,21.975,0,Aug
L001621,U053,04-12-2025,Power BI,Certification,3.2,81.6,100,Completed,Intermediate,25.5,1,Dec
L001622,U138,09-06-2025,ServiceNow,Self Learning,1,91.4,100,Completed,Intermediate,91.4,1,Jun
L001623,U043,10-10-2025,Power BI,Online Course,1,98,22.7,In Progress,Advanced,98,0,Oct
L001624,U004,23-06-2025,Communication,Project,4.8,95.1,42.1,Dropped,Advanced,19.8125,0,Jun
L001625,U088,21-05-2025,Excel,Workshop,3.3,47.4,18.4,In Progress,Advanced,14.36363636,0,May
L001626,U128,11-01-2025,SQL,Self Learning,1.3,68.7,100,Completed,Intermediate,52.84615385,1,Jan
L001627,U023,29-01-2025,Java,Online Course,1.4,79.3,8.1,In Progress,Advanced,56.64285714,0,Jan
L001628,U064,10-07-2025,Excel,Certification,5.6,55.8,80.9,In Progress,Intermediate,9.964285714,0,Jul
L001629,U188,04-09-2025,Communication,Self Learning,1.1,66,100,Completed,Intermediate,60,1,Sep
L001630,U046,10-12-2025,Machine Learning,Online Course,4.1,60,2.5,In Progress,Beginner,14.63414634,0,Dec
L001631,U129,01-09-2025,SQL,Certification,2.3,51.4,24.7,In Progress,Intermediate,22.34782609,0,Sep
L001632,U178,11-12-2025,SQL,Self Learning,0,0,0,Not Started,Beginner,0,0,Dec
L001633,U085,08-06-2025,Cloud,Self Learning,4.8,78.4,28.2,In Progress,Advanced,16.33333333,0,Jun
L001634,U041,27-07-2025,Data Analytics,Project,1.7,45.6,68,In Progress,Beginner,26.82352941,0,Jul
L001635,U100,25-11-2025,Machine Learning,Certification,4.3,69.7,100,Completed,Advanced,16.20930233,1,Nov
L001636,U084,15-11-2025,Communication,Workshop,2.7,61.8,53,In Progress,Intermediate,22.88888889,0,Nov
L001637,U069,29-06-2025,ServiceNow,Project,1.8,89.2,55,In Progress,Intermediate,49.55555556,0,Jun
L001638,U190,23-09-2025,Python,Self Learning,0,0,0,Not Started,Advanced,0,0,Sep
L001639,U092,26-07-2025,SQL,Workshop,0,0,0,Not Started,Advanced,0,0,Jul
L001640,U159,01-07-2025,Excel,Workshop,1,89.2,100,Completed,Intermediate,89.2,1,Jul
L001641,U160,18-03-2025,Data Analytics,Workshop,2.2,72.5,18.6,In Progress,Beginner,32.95454545,0,Mar
L001642,U025,05-11-2025,Excel,Certification,1.5,65.2,33.2,Dropped,Intermediate,43.46666667,0,Nov
L001643,U005,08-06-2025,ServiceNow,Workshop,4.5,80.2,93,In Progress,Intermediate,17.82222222,0,Jun
L001644,U107,30-03-2025,Excel,Project,5.8,96.6,82.6,In Progress,Intermediate,16.65517241,0,Mar
L001645,U121,26-12-2025,Power BI,Self Learning,3.1,88.2,9.7,In Progress,Intermediate,28.4516129,0,Dec
L001646,U016,10-07-2025,Python,Workshop,1.7,94.5,100,Completed,Intermediate,55.58823529,1,Jul
L001647,U031,11-04-2025,Power BI,Project,4.4,40.5,14,In Progress,Beginner,9.204545455,0,Apr
L001648,U056,17-04-2025,Cloud,Project,2.1,40.8,68.4,In Progress,Advanced,19.42857143,0,Apr
L001649,U118,28-05-2025,Data Analytics,Certification,1,41.4,65.9,In Progress,Beginner,41.4,0,May
L001650,U102,31-07-2025,Cloud,Online Course,1.9,60.2,44.8,In Progress,Advanced,31.68421053,0,Jul
L001651,U041,08-03-2025,Power BI,Self Learning,2.3,80.5,100,Completed,Beginner,35,1,Mar
L001652,U169,01-10-2025,ServiceNow,Self Learning,1.3,40.5,71.2,In Progress,Advanced,31.15384615,0,Oct
L001653,U147,18-03-2025,Machine Learning,Certification,1.5,51.5,93.4,In Progress,Beginner,34.33333333,0,Mar
L001654,U055,08-03-2025,ServiceNow,Project,2.6,56.6,55.3,In Progress,Beginner,21.76923077,0,Mar
L001655,U179,08-02-2025,Data Analytics,Self Learning,5.7,78.4,100,Completed,Beginner,13.75438596,1,Feb
L001656,U034,21-07-2025,Machine Learning,Certification,5.1,92.7,100,Completed,Beginner,18.17647059,1,Jul
L001657,U187,08-01-2025,Python,Certification,4.1,44.6,21.7,In Progress,Beginner,10.87804878,0,Jan
L001658,U080,11-01-2025,Python,Workshop,6,44.4,49.5,In Progress,Intermediate,7.4,0,Jan
L001659,U094,15-09-2025,SQL,Online Course,2.8,71,100,Completed,Intermediate,25.35714286,1,Sep
L001660,U121,22-07-2025,Cloud,Online Course,4.2,83.9,22.7,Dropped,Intermediate,19.97619048,0,Jul
L001661,U059,11-07-2025,Power BI,Self Learning,4.8,81.6,100,Completed,Intermediate,17,1,Jul
L001662,U132,06-06-2025,Data Analytics,Online Course,1.2,70,77.4,In Progress,Advanced,58.33333333,0,Jun
L001663,U104,24-04-2025,Excel,Self Learning,2.1,88.9,27.7,In Progress,Beginner,42.33333333,0,Apr
L001664,U010,18-10-2025,Python,Certification,2,73.9,57,In Progress,Beginner,36.95,0,Oct
L001665,U040,14-06-2025,Excel,Project,5.2,77.5,5.1,In Progress,Advanced,14.90384615,0,Jun
L001666,U050,09-10-2025,Data Analytics,Workshop,2.4,74.1,74.6,In Progress,Beginner,30.875,0,Oct
L001667,U173,15-03-2025,Machine Learning,Certification,1.1,66.3,100,Completed,Advanced,60.27272727,1,Mar
L001668,U045,13-02-2025,Data Analytics,Online Course,2.7,54,7.3,In Progress,Beginner,20,0,Feb
L001669,U151,03-09-2025,Power BI,Certification,0.8,87.5,100,Completed,Intermediate,109.375,1,Sep
L001670,U155,10-07-2025,ServiceNow,Workshop,3.7,55,44.9,In Progress,Intermediate,14.86486486,0,Jul
L001671,U010,08-10-2025,Java,Project,3.8,60.9,31.2,In Progress,Advanced,16.02631579,0,Oct
L001672,U089,20-03-2025,Excel,Online Course,1.3,56.5,17.4,In Progress,Intermediate,43.46153846,0,Mar
L001673,U114,18-11-2025,ServiceNow,Project,0,0,0,Not Started,Advanced,0,0,Nov
L001674,U115,01-09-2025,Python,Project,4.9,63.6,85.3,In Progress,Advanced,12.97959184,0,Sep
L001675,U147,03-02-2025,Power BI,Certification,4.8,71.1,71.8,In Progress,Intermediate,14.8125,0,Feb
L001676,U128,12-04-2025,Cloud,Self Learning,2.2,88.1,51.8,In Progress,Intermediate,40.04545455,0,Apr
L001677,U176,19-05-2025,Java,Self Learning,2,66.5,35.7,In Progress,Advanced,33.25,0,May
L001678,U196,04-12-2025,Java,Workshop,3.9,55.7,67.1,Dropped,Advanced,14.28205128,0,Dec
L001679,U188,31-01-2025,Machine Learning,Project,2.2,77.3,3,In Progress,Beginner,35.13636364,0,Jan
L001680,U049,07-09-2025,Power BI,Certification,0,0,0,Not Started,Intermediate,0,0,Sep
L001681,U021,15-08-2025,Cloud,Project,5,50,96.2,In Progress,Beginner,10,0,Aug
L001682,U044,23-07-2025,Python,Certification,5.8,76.6,100,Completed,Advanced,13.20689655,1,Jul
L001683,U095,08-07-2025,Data Analytics,Certification,0.5,57.9,55,In Progress,Intermediate,115.8,0,Jul
L001684,U154,23-09-2025,Java,Workshop,5.8,54.5,65.9,In Progress,Advanced,9.396551724,0,Sep
L001685,U181,15-07-2025,Cloud,Workshop,1.8,70.2,64.3,In Progress,Beginner,39,0,Jul
L001686,U015,14-01-2025,Java,Self Learning,1.3,86.4,72.9,In Progress,Beginner,66.46153846,0,Jan
L001687,U140,09-02-2025,Excel,Project,3.5,51.6,39.9,Dropped,Advanced,14.74285714,0,Feb
L001688,U109,04-04-2025,Power BI,Online Course,2.3,74.6,5.8,In Progress,Intermediate,32.43478261,0,Apr
L001689,U012,26-03-2025,Machine Learning,Self Learning,3.9,84.3,61.6,Dropped,Advanced,21.61538462,0,Mar
L001690,U051,14-05-2025,Machine Learning,Online Course,1.8,73.5,51,In Progress,Intermediate,40.83333333,0,May
L001691,U009,10-07-2025,Communication,Online Course,4.8,84.3,73.4,In Progress,Advanced,17.5625,0,Jul
L001692,U171,09-01-2025,Communication,Online Course,1.4,74.8,94.9,In Progress,Intermediate,53.42857143,0,Jan
L001693,U057,16-10-2025,Data Analytics,Project,4.4,87.1,100,Completed,Beginner,19.79545455,1,Oct
L001694,U193,19-06-2025,Power BI,Self Learning,4.4,69.7,100,Completed,Beginner,15.84090909,1,Jun
L001695,U075,03-01-2025,Communication,Project,5.5,71.9,78.1,In Progress,Intermediate,13.07272727,0,Jan
L001696,U156,04-06-2025,Java,Workshop,4,88.5,96.9,In Progress,Advanced,22.125,0,Jun
L001697,U132,08-03-2025,ServiceNow,Self Learning,4.9,44.7,67.9,Dropped,Advanced,9.12244898,0,Mar
L001698,U052,29-06-2025,SQL,Certification,1,92.1,100,Completed,Advanced,92.1,1,Jun
L001699,U039,26-02-2025,Data Analytics,Workshop,0.8,71.5,100,Completed,Beginner,89.375,1,Feb
L001700,U149,24-10-2025,Python,Certification,5.9,97.9,100,Completed,Beginner,16.59322034,1,Oct
L001701,U193,30-05-2025,Data Analytics,Certification,4.4,68.1,20.5,In Progress,Intermediate,15.47727273,0,May
L001702,U194,01-10-2025,ServiceNow,Workshop,0,0,0,Not Started,Advanced,0,0,Oct
L001703,U091,04-01-2025,ServiceNow,Project,0.6,78.9,100,Completed,Advanced,131.5,1,Jan
L001704,U192,14-09-2025,ServiceNow,Certification,0,0,0,Not Started,Beginner,0,0,Sep
L001705,U083,25-09-2025,SQL,Workshop,3.9,77.9,21.5,In Progress,Advanced,19.97435897,0,Sep
L001706,U134,09-07-2025,Excel,Workshop,0,0,0,Not Started,Beginner,0,0,Jul
L001707,U039,30-09-2025,Python,Online Course,5.6,89.3,100,Completed,Advanced,15.94642857,1,Sep
L001708,U157,20-02-2025,Power BI,Project,2.3,63.6,3.7,In Progress,Beginner,27.65217391,0,Feb
L001709,U101,05-01-2025,Communication,Certification,5.3,74.9,22.8,Dropped,Beginner,14.13207547,0,Jan
L001710,U008,18-01-2025,Data Analytics,Project,4.6,95.8,100,Completed,Advanced,20.82608696,1,Jan
L001711,U134,02-12-2025,ServiceNow,Self Learning,2.6,76.5,81.5,In Progress,Intermediate,29.42307692,0,Dec
L001712,U154,29-12-2025,ServiceNow,Self Learning,1,64.2,79.8,In Progress,Intermediate,64.2,0,Dec
L001713,U164,04-05-2025,Python,Certification,3.4,86.8,80.6,In Progress,Advanced,25.52941176,0,May
L001714,U161,18-08-2025,ServiceNow,Certification,3.6,43,42.1,In Progress,Beginner,11.94444444,0,Aug
L001715,U167,28-09-2025,Excel,Project,4.7,70.1,100,Completed,Beginner,14.91489362,1,Sep
L001716,U112,09-03-2025,Java,Certification,3.3,98.5,72.2,In Progress,Intermediate,29.84848485,0,Mar
L001717,U084,05-12-2025,Excel,Online Course,5.9,99.6,100,Completed,Advanced,16.88135593,1,Dec
L001718,U026,03-06-2025,SQL,Project,4.2,79,100,Completed,Beginner,18.80952381,1,Jun
L001719,U042,19-11-2025,Machine Learning,Certification,3.8,99.1,63.1,In Progress,Advanced,26.07894737,0,Nov
L001720,U088,13-12-2025,Data Analytics,Online Course,0.5,82.2,52.9,In Progress,Advanced,164.4,0,Dec
L001721,U174,13-09-2025,Python,Project,3.9,56,33,In Progress,Beginner,14.35897436,0,Sep
L001722,U122,19-09-2025,Communication,Self Learning,3,50.8,39.1,In Progress,Advanced,16.93333333,0,Sep
L001723,U001,31-05-2025,Machine Learning,Workshop,3.1,66.2,100,Completed,Advanced,21.35483871,1,May
L001724,U157,17-09-2025,Machine Learning,Online Course,3.5,64.7,37.4,In Progress,Beginner,18.48571429,0,Sep
L001725,U057,15-03-2025,ServiceNow,Online Course,4.1,98.2,100,Completed,Intermediate,23.95121951,1,Mar
L001726,U157,17-02-2025,Java,Certification,3,72.7,100,Completed,Intermediate,24.23333333,1,Feb
L001727,U089,31-12-2025,Cloud,Certification,5.9,68.4,56.3,Dropped,Advanced,11.59322034,0,Dec
L001728,U072,20-02-2025,Communication,Workshop,2.5,87.2,100,Completed,Intermediate,34.88,1,Feb
L001729,U072,17-01-2025,Communication,Certification,2.4,74.9,45,Dropped,Intermediate,31.20833333,0,Jan
L001730,U023,07-02-2025,Java,Project,5.8,69.1,100,Completed,Beginner,11.9137931,1,Feb
L001731,U192,27-06-2025,ServiceNow,Certification,1.3,87.8,48.3,In Progress,Beginner,67.53846154,0,Jun
L001732,U011,03-01-2025,Power BI,Certification,5.4,81.4,100,Completed,Advanced,15.07407407,1,Jan
L001733,U109,19-11-2025,SQL,Workshop,2.4,71.4,65.4,Dropped,Advanced,29.75,0,Nov
L001734,U107,09-04-2025,Power BI,Project,4.9,55.3,67.1,In Progress,Beginner,11.28571429,0,Apr
L001735,U138,12-04-2025,ServiceNow,Online Course,5.7,99.6,100,Completed,Intermediate,17.47368421,1,Apr
L001736,U083,03-04-2025,Cloud,Online Course,1.7,73.4,33.2,In Progress,Beginner,43.17647059,0,Apr
L001737,U058,20-08-2025,Power BI,Online Course,2,93.1,90.4,In Progress,Advanced,46.55,0,Aug
L001738,U193,31-01-2025,Machine Learning,Project,1.8,99.2,3.8,In Progress,Advanced,55.11111111,0,Jan
L001739,U070,28-09-2025,Communication,Workshop,2.5,99.9,64.1,In Progress,Beginner,39.96,0,Sep
L001740,U095,19-06-2025,Communication,Workshop,4.6,85.8,38.6,In Progress,Beginner,18.65217391,0,Jun
L001741,U096,27-06-2025,Excel,Workshop,5.2,68,60.1,In Progress,Advanced,13.07692308,0,Jun
L001742,U169,09-06-2025,ServiceNow,Online Course,2.8,87.4,100,Completed,Beginner,31.21428571,1,Jun
L001743,U158,01-09-2025,Excel,Project,1.9,78.9,100,Completed,Beginner,41.52631579,1,Sep
L001744,U007,06-12-2025,Power BI,Self Learning,4.6,71.2,100,Completed,Advanced,15.47826087,1,Dec
L001745,U070,22-04-2025,Excel,Project,2.8,78.4,53.3,In Progress,Intermediate,28,0,Apr
L001746,U182,14-02-2025,Power BI,Certification,3.5,92.6,100,Completed,Advanced,26.45714286,1,Feb
L001747,U109,04-05-2025,SQL,Self Learning,0,0,0,Not Started,Intermediate,0,0,May
L001748,U177,05-02-2025,Data Analytics,Certification,2.7,56.7,44.8,In Progress,Beginner,21,0,Feb
L001749,U082,23-12-2025,ServiceNow,Workshop,1.8,59.4,60.5,In Progress,Intermediate,33,0,Dec
L001750,U087,24-06-2025,Power BI,Online Course,3.5,53.7,80.5,In Progress,Advanced,15.34285714,0,Jun
L001751,U154,25-03-2025,Python,Online Course,2.2,69.9,39.5,Dropped,Intermediate,31.77272727,0,Mar
L001752,U158,10-10-2025,Power BI,Project,5.7,97,100,Completed,Beginner,17.01754386,1,Oct
L001753,U015,28-10-2025,Java,Online Course,0,0,0,Not Started,Intermediate,0,0,Oct
L001754,U098,13-11-2025,Machine Learning,Certification,2.5,79.5,25.7,In Progress,Intermediate,31.8,0,Nov
L001755,U113,02-09-2025,Communication,Online Course,5.3,59.3,5.4,In Progress,Intermediate,11.18867925,0,Sep
L001756,U169,10-08-2025,Python,Project,1.2,98.8,100,Completed,Beginner,82.33333333,1,Aug
L001757,U165,30-04-2025,Machine Learning,Workshop,0,0,0,Not Started,Intermediate,0,0,Apr
L001758,U175,21-05-2025,Java,Workshop,4.3,97.6,41.3,Dropped,Advanced,22.69767442,0,May
L001759,U150,17-08-2025,Python,Certification,5.1,72.1,100,Completed,Intermediate,14.1372549,1,Aug
L001760,U189,11-10-2025,Data Analytics,Online Course,0,0,0,Not Started,Beginner,0,0,Oct
L001761,U114,28-07-2025,Cloud,Workshop,4.9,75.1,100,Completed,Advanced,15.32653061,1,Jul
L001762,U021,27-10-2025,Python,Certification,3.6,68.3,55.6,In Progress,Advanced,18.97222222,0,Oct
L001763,U032,11-07-2025,Data Analytics,Certification,0,0,0,Not Started,Intermediate,0,0,Jul
L001764,U165,22-01-2025,Communication,Online Course,5.6,68.8,62.1,In Progress,Beginner,12.28571429,0,Jan
L001765,U128,23-09-2025,Machine Learning,Project,1.5,80.6,100,Completed,Beginner,53.73333333,1,Sep
L001766,U052,21-09-2025,Communication,Workshop,0.8,66.7,67.7,In Progress,Intermediate,83.375,0,Sep
L001767,U159,26-04-2025,Python,Online Course,0,0,0,Not Started,Intermediate,0,0,Apr
L001768,U078,09-09-2025,Excel,Workshop,4.7,70.6,100,Completed,Beginner,15.0212766,1,Sep
L001769,U175,11-11-2025,Communication,Self Learning,0.8,66.8,100,Completed,Beginner,83.5,1,Nov
L001770,U156,29-03-2025,Excel,Project,4.7,41.1,80.5,In Progress,Advanced,8.744680851,0,Mar
L001771,U006,23-02-2025,Data Analytics,Online Course,4.3,93.9,100,Completed,Intermediate,21.8372093,1,Feb
L001772,U139,04-01-2025,Excel,Project,0.8,79.9,9.7,In Progress,Intermediate,99.875,0,Jan
L001773,U068,31-03-2025,Cloud,Project,1.8,92.5,67.5,In Progress,Intermediate,51.38888889,0,Mar
L001774,U176,13-01-2025,Excel,Workshop,3.2,74.1,100,Completed,Intermediate,23.15625,1,Jan
L001775,U084,18-12-2025,Java,Project,5.5,87.7,83.3,In Progress,Beginner,15.94545455,0,Dec
L001776,U199,17-07-2025,Java,Certification,4.1,75.4,100,Completed,Beginner,18.3902439,1,Jul
L001777,U085,16-06-2025,Cloud,Workshop,0.9,72.5,35.6,In Progress,Advanced,80.55555556,0,Jun
L001778,U068,31-12-2025,Excel,Certification,3.7,77.5,12.2,In Progress,Intermediate,20.94594595,0,Dec
L001779,U095,08-03-2025,SQL,Online Course,0.9,98.1,51.8,In Progress,Advanced,109,0,Mar
L001780,U164,24-06-2025,Excel,Certification,5.2,88.5,60.2,In Progress,Intermediate,17.01923077,0,Jun
L001781,U058,27-05-2025,Java,Online Course,1.5,96.1,100,Completed,Beginner,64.06666667,1,May
L001782,U161,16-11-2025,Machine Learning,Self Learning,0.6,85.1,46.5,In Progress,Advanced,141.8333333,0,Nov
L001783,U166,08-12-2025,Java,Online Course,3.1,90.9,65.6,Dropped,Intermediate,29.32258065,0,Dec
L001784,U171,11-03-2025,Data Analytics,Workshop,1.8,66,43.3,Dropped,Beginner,36.66666667,0,Mar
L001785,U082,18-09-2025,SQL,Certification,5.7,96.6,100,Completed,Advanced,16.94736842,1,Sep
L001786,U154,09-09-2025,SQL,Online Course,0.9,92.1,100,Completed,Advanced,102.3333333,1,Sep
L001787,U043,08-02-2025,Data Analytics,Online Course,2.6,99.6,44.9,In Progress,Intermediate,38.30769231,0,Feb
L001788,U109,13-01-2025,Cloud,Certification,4,79.7,100,Completed,Advanced,19.925,1,Jan
L001789,U162,13-01-2025,Power BI,Self Learning,2.9,89.3,100,Completed,Beginner,30.79310345,1,Jan
L001790,U010,19-08-2025,Machine Learning,Certification,3,78.6,100,Completed,Advanced,26.2,1,Aug
L001791,U082,15-10-2025,Excel,Self Learning,0,0,0,Not Started,Beginner,0,0,Oct
L001792,U132,30-11-2025,ServiceNow,Workshop,0.6,78,7.4,In Progress,Intermediate,130,0,Nov
L001793,U027,26-03-2025,ServiceNow,Workshop,4.5,79,100,Completed,Beginner,17.55555556,1,Mar
L001794,U150,09-01-2025,Python,Self Learning,3.2,78.3,18,In Progress,Advanced,24.46875,0,Jan
L001795,U078,13-10-2025,Python,Online Course,5.4,83.6,100,Completed,Beginner,15.48148148,1,Oct
L001796,U190,18-08-2025,Communication,Online Course,5.8,66.7,100,Completed,Advanced,11.5,1,Aug
L001797,U121,01-05-2025,ServiceNow,Project,4.3,98.4,37.8,In Progress,Beginner,22.88372093,0,May
L001798,U170,18-09-2025,Power BI,Project,2.3,47.3,95.5,In Progress,Beginner,20.56521739,0,Sep
L001799,U051,22-05-2025,Excel,Project,5.4,57.3,83,In Progress,Beginner,10.61111111,0,May
L001800,U192,04-06-2025,Communication,Online Course,4.7,92.9,100,Completed,Beginner,19.76595745,1,Jun
L001801,U119,09-07-2025,SQL,Workshop,0,0,0,Not Started,Beginner,0,0,Jul
L001802,U079,26-03-2025,Communication,Self Learning,0.9,68.8,6.1,In Progress,Beginner,76.44444444,0,Mar
L001803,U094,04-02-2025,Power BI,Project,3.7,90.7,100,Completed,Beginner,24.51351351,1,Feb
L001804,U149,24-01-2025,Data Analytics,Online Course,2.6,57.1,21.7,In Progress,Advanced,21.96153846,0,Jan
L001805,U180,14-08-2025,Machine Learning,Project,4.3,50.8,47.8,Dropped,Intermediate,11.81395349,0,Aug
L001806,U160,18-02-2025,Communication,Online Course,3.8,77.5,40,Dropped,Intermediate,20.39473684,0,Feb
L001807,U021,13-10-2025,Power BI,Self Learning,3.5,71.1,5.7,In Progress,Intermediate,20.31428571,0,Oct
L001808,U180,10-11-2025,Communication,Online Course,2.6,42.4,81.4,In Progress,Beginner,16.30769231,0,Nov
L001809,U097,09-08-2025,Data Analytics,Certification,2.2,97.9,100,Completed,Beginner,44.5,1,Aug
L001810,U021,10-01-2025,Excel,Self Learning,2.9,82.2,90.6,In Progress,Intermediate,28.34482759,0,Jan
L001811,U085,02-10-2025,Cloud,Workshop,1.8,66.9,100,Completed,Advanced,37.16666667,1,Oct
L001812,U176,08-09-2025,SQL,Workshop,0.7,72.6,100,Completed,Advanced,103.7142857,1,Sep
L001813,U181,18-08-2025,Cloud,Project,0,0,0,Not Started,Beginner,0,0,Aug
L001814,U078,29-11-2025,Python,Online Course,0,0,0,Not Started,Intermediate,0,0,Nov
L001815,U007,02-01-2025,Communication,Online Course,4.9,49.6,30.6,Dropped,Intermediate,10.12244898,0,Jan
L001816,U163,26-03-2025,Excel,Self Learning,0.7,46.3,63.7,In Progress,Advanced,66.14285714,0,Mar
L001817,U131,22-11-2025,SQL,Online Course,1.8,68.9,18.4,In Progress,Beginner,38.27777778,0,Nov
L001818,U116,29-08-2025,Data Analytics,Self Learning,0,0,0,Not Started,Beginner,0,0,Aug
L001819,U154,01-04-2025,Power BI,Certification,0.9,53,71.1,In Progress,Advanced,58.88888889,0,Apr
L001820,U137,13-09-2025,Machine Learning,Project,1.5,78.9,82.3,In Progress,Intermediate,52.6,0,Sep
L001821,U135,18-05-2025,Communication,Self Learning,5.6,59.5,12,In Progress,Advanced,10.625,0,May
L001822,U179,20-02-2025,Data Analytics,Project,5.7,44.4,75.9,In Progress,Advanced,7.789473684,0,Feb
L001823,U023,12-04-2025,Power BI,Online Course,4.2,90,22.4,Dropped,Beginner,21.42857143,0,Apr
L001824,U072,07-05-2025,ServiceNow,Workshop,2,52.6,91.1,In Progress,Beginner,26.3,0,May
L001825,U199,21-12-2025,SQL,Online Course,0.9,70.3,100,Completed,Advanced,78.11111111,1,Dec
L001826,U142,25-09-2025,Power BI,Self Learning,3.2,79,100,Completed,Beginner,24.6875,1,Sep
L001827,U133,03-09-2025,Machine Learning,Self Learning,1.1,80.8,100,Completed,Beginner,73.45454545,1,Sep
L001828,U003,12-04-2025,ServiceNow,Self Learning,4.3,93.8,18.3,In Progress,Intermediate,21.81395349,0,Apr
L001829,U100,28-03-2025,Excel,Project,3,84.7,100,Completed,Advanced,28.23333333,1,Mar
L001830,U156,03-03-2025,Cloud,Workshop,5.6,47.5,34.5,Dropped,Advanced,8.482142857,0,Mar
L001831,U013,05-07-2025,Cloud,Online Course,2.7,65.7,100,Completed,Intermediate,24.33333333,1,Jul
L001832,U094,01-12-2025,Java,Project,0.9,87.3,60.6,Dropped,Intermediate,97,0,Dec
L001833,U016,23-01-2025,Data Analytics,Project,3.1,80.3,100,Completed,Beginner,25.90322581,1,Jan
L001834,U008,14-06-2025,Cloud,Self Learning,4.1,41.3,42.7,In Progress,Intermediate,10.07317073,0,Jun
L001835,U068,09-10-2025,Data Analytics,Self Learning,2.5,89.2,60.1,Dropped,Beginner,35.68,0,Oct
L001836,U008,27-12-2025,Excel,Certification,1.6,95.1,55.6,In Progress,Intermediate,59.4375,0,Dec
L001837,U015,06-09-2025,Java,Online Course,0.7,71.2,44.2,In Progress,Advanced,101.7142857,0,Sep
L001838,U052,20-04-2025,ServiceNow,Self Learning,4.8,40.5,97.1,In Progress,Beginner,8.4375,0,Apr
L001839,U184,30-08-2025,Python,Online Course,1,92.5,1.2,In Progress,Intermediate,92.5,0,Aug
L001840,U166,09-07-2025,Power BI,Certification,3.8,48.2,58.1,Dropped,Advanced,12.68421053,0,Jul
L001841,U021,16-09-2025,SQL,Self Learning,5.3,71,100,Completed,Advanced,13.39622642,1,Sep
L001842,U177,31-05-2025,ServiceNow,Online Course,5.3,85.4,34.6,In Progress,Advanced,16.11320755,0,May
L001843,U110,21-12-2025,SQL,Workshop,3.9,51.6,67.1,Dropped,Advanced,13.23076923,0,Dec
L001844,U147,05-10-2025,Cloud,Workshop,0,0,0,Not Started,Intermediate,0,0,Oct
L001845,U157,25-05-2025,Data Analytics,Online Course,1.2,52,70.5,In Progress,Advanced,43.33333333,0,May
L001846,U132,09-07-2025,Java,Workshop,3.9,56.1,15.1,In Progress,Advanced,14.38461538,0,Jul
L001847,U194,05-05-2025,Power BI,Certification,5.3,86.6,100,Completed,Intermediate,16.33962264,1,May
L001848,U010,15-01-2025,Excel,Self Learning,1.9,60,46.7,Dropped,Intermediate,31.57894737,0,Jan
L001849,U083,06-11-2025,Java,Certification,0,0,0,Not Started,Intermediate,0,0,Nov
L001850,U146,29-10-2025,Communication,Workshop,5.2,52.8,57.6,Dropped,Beginner,10.15384615,0,Oct
L001851,U099,05-12-2025,ServiceNow,Certification,3.6,50.9,97.1,In Progress,Intermediate,14.13888889,0,Dec
L001852,U154,23-12-2025,Cloud,Certification,2.2,93.4,100,Completed,Advanced,42.45454545,1,Dec
L001853,U035,11-06-2025,Cloud,Self Learning,1.9,85.1,100,Completed,Intermediate,44.78947368,1,Jun
L001854,U182,29-06-2025,Communication,Online Course,0,0,0,Not Started,Intermediate,0,0,Jun
L001855,U153,19-06-2025,Machine Learning,Project,0,0,0,Not Started,Intermediate,0,0,Jun
L001856,U181,18-01-2025,Communication,Certification,1.2,67.2,39,In Progress,Advanced,56,0,Jan
L001857,U116,23-03-2025,Machine Learning,Certification,2,99.7,77.7,In Progress,Advanced,49.85,0,Mar
L001858,U130,22-01-2025,Excel,Self Learning,3.9,82,100,Completed,Intermediate,21.02564103,1,Jan
L001859,U129,11-02-2025,Excel,Self Learning,1.4,91.2,20.6,In Progress,Advanced,65.14285714,0,Feb
L001860,U038,06-07-2025,Python,Workshop,3.6,73.7,100,Completed,Advanced,20.47222222,1,Jul
L001861,U043,20-01-2025,Power BI,Certification,3,68.9,100,Completed,Intermediate,22.96666667,1,Jan
L001862,U120,01-07-2025,Power BI,Certification,5.7,41,15.9,In Progress,Beginner,7.192982456,0,Jul
L001863,U196,27-07-2025,Data Analytics,Project,5.9,84.2,81.9,In Progress,Intermediate,14.27118644,0,Jul
L001864,U067,21-01-2025,Python,Online Course,3.7,84.3,100,Completed,Beginner,22.78378378,1,Jan
L001865,U172,20-10-2025,Power BI,Certification,3.7,87.8,100,Completed,Intermediate,23.72972973,1,Oct
L001866,U013,19-04-2025,Python,Project,3.3,68.8,100,Completed,Beginner,20.84848485,1,Apr
L001867,U066,22-06-2025,Python,Certification,3.8,93,100,Completed,Beginner,24.47368421,1,Jun
L001868,U095,24-03-2025,Excel,Online Course,3.4,79.8,22,In Progress,Beginner,23.47058824,0,Mar
L001869,U118,07-08-2025,ServiceNow,Project,3.2,54.9,48.1,In Progress,Beginner,17.15625,0,Aug
L001870,U043,15-07-2025,SQL,Online Course,5.6,42.2,56.3,In Progress,Beginner,7.535714286,0,Jul
L001871,U031,03-01-2025,Excel,Project,2.9,70.5,100,Completed,Advanced,24.31034483,1,Jan
L001872,U193,18-11-2025,Data Analytics,Self Learning,2.6,44,39.3,Dropped,Advanced,16.92307692,0,Nov
L001873,U132,24-08-2025,SQL,Self Learning,3.5,96.6,9.4,In Progress,Intermediate,27.6,0,Aug
L001874,U196,26-11-2025,Machine Learning,Certification,0,0,0,Not Started,Advanced,0,0,Nov
L001875,U005,05-10-2025,Cloud,Self Learning,2.1,80.3,28.4,Dropped,Beginner,38.23809524,0,Oct
L001876,U099,18-01-2025,Machine Learning,Certification,1.2,96.9,100,Completed,Intermediate,80.75,1,Jan
L001877,U023,26-07-2025,Data Analytics,Workshop,0.8,48.4,51.7,In Progress,Intermediate,60.5,0,Jul
L001878,U152,30-06-2025,Python,Workshop,3,88.7,30.1,In Progress,Intermediate,29.56666667,0,Jun
L001879,U104,02-09-2025,Python,Online Course,0,0,0,Not Started,Advanced,0,0,Sep
L001880,U027,31-12-2025,ServiceNow,Workshop,2.8,55.3,93.8,In Progress,Intermediate,19.75,0,Dec
L001881,U151,05-04-2025,SQL,Self Learning,2.1,58.2,74.9,In Progress,Advanced,27.71428571,0,Apr
L001882,U129,12-06-2025,Python,Project,3.6,67.8,100,Completed,Advanced,18.83333333,1,Jun
L001883,U005,21-12-2025,ServiceNow,Project,0,0,0,Not Started,Advanced,0,0,Dec
L001884,U078,03-04-2025,Data Analytics,Certification,1.2,90.1,100,Completed,Beginner,75.08333333,1,Apr
L001885,U138,24-12-2025,Machine Learning,Online Course,1.6,92.2,100,Completed,Beginner,57.625,1,Dec
L001886,U118,15-08-2025,Java,Self Learning,3,44.5,71.3,In Progress,Beginner,14.83333333,0,Aug
L001887,U150,27-11-2025,Data Analytics,Project,2.5,44.8,37.6,In Progress,Advanced,17.92,0,Nov
L001888,U158,14-05-2025,Python,Certification,3.3,79.4,10.7,Dropped,Intermediate,24.06060606,0,May
L001889,U010,15-03-2025,ServiceNow,Certification,2.9,99.8,49.5,In Progress,Advanced,34.4137931,0,Mar
L001890,U035,04-03-2025,Java,Project,4,83.7,41.3,In Progress,Beginner,20.925,0,Mar
L001891,U052,04-01-2025,SQL,Online Course,1.7,99.4,83.5,In Progress,Beginner,58.47058824,0,Jan
L001892,U173,08-11-2025,Power BI,Online Course,3.2,88.8,91.7,In Progress,Advanced,27.75,0,Nov
L001893,U189,03-10-2025,ServiceNow,Certification,3.8,97.4,15,In Progress,Intermediate,25.63157895,0,Oct
L001894,U125,17-01-2025,Excel,Workshop,2.1,65.4,100,Completed,Beginner,31.14285714,1,Jan
L001895,U079,12-11-2025,Data Analytics,Project,1.2,95.1,100,Completed,Beginner,79.25,1,Nov
L001896,U120,06-04-2025,Machine Learning,Project,4.3,77.5,63.4,In Progress,Beginner,18.02325581,0,Apr
L001897,U176,26-08-2025,Excel,Workshop,1.5,45.8,92,In Progress,Beginner,30.53333333,0,Aug
L001898,U091,10-09-2025,Machine Learning,Project,2.9,72.9,39,In Progress,Advanced,25.13793103,0,Sep
L001899,U004,18-05-2025,Data Analytics,Online Course,4.1,43.7,59.7,In Progress,Intermediate,10.65853659,0,May
L001900,U135,14-09-2025,Data Analytics,Online Course,0.6,65.3,41.2,Dropped,Beginner,108.8333333,0,Sep
L001901,U173,29-07-2025,Communication,Self Learning,3.2,55.5,53.6,In Progress,Beginner,17.34375,0,Jul
L001902,U088,20-09-2025,Data Analytics,Project,4.6,95,24.4,Dropped,Intermediate,20.65217391,0,Sep
L001903,U150,24-09-2025,Python,Workshop,4,66.6,100,Completed,Advanced,16.65,1,Sep
L001904,U073,06-12-2025,Java,Workshop,4,43.6,67.8,In Progress,Intermediate,10.9,0,Dec
L001905,U128,15-12-2025,Machine Learning,Project,1,98.1,19.8,In Progress,Beginner,98.1,0,Dec
L001906,U177,13-09-2025,Python,Self Learning,2,66.3,96,In Progress,Advanced,33.15,0,Sep
L001907,U126,12-03-2025,Data Analytics,Self Learning,2.2,77.4,100,Completed,Intermediate,35.18181818,1,Mar
L001908,U149,08-08-2025,Data Analytics,Workshop,4.9,84,100,Completed,Beginner,17.14285714,1,Aug
L001909,U191,28-01-2025,Data Analytics,Online Course,1.8,78.5,27.8,In Progress,Beginner,43.61111111,0,Jan
L001910,U059,08-09-2025,Cloud,Self Learning,5.5,83.5,33.3,In Progress,Intermediate,15.18181818,0,Sep
L001911,U101,11-09-2025,Communication,Online Course,5.4,90.1,100,Completed,Intermediate,16.68518519,1,Sep
L001912,U131,02-08-2025,Cloud,Online Course,3.7,88.8,100,Completed,Beginner,24,1,Aug
L001913,U079,28-05-2025,Cloud,Self Learning,0.6,52.2,23.7,In Progress,Advanced,87,0,May
L001914,U134,06-10-2025,Excel,Certification,0,0,0,Not Started,Advanced,0,0,Oct
L001915,U133,22-09-2025,Machine Learning,Project,0.6,51.2,22.4,In Progress,Intermediate,85.33333333,0,Sep
L001916,U164,05-09-2025,Excel,Online Course,1.9,80,100,Completed,Intermediate,42.10526316,1,Sep
L001917,U019,06-08-2025,Machine Learning,Project,3.5,72.2,100,Completed,Beginner,20.62857143,1,Aug
L001918,U014,20-05-2025,Excel,Self Learning,1.9,43.2,89,In Progress,Advanced,22.73684211,0,May
L001919,U007,14-01-2025,ServiceNow,Workshop,1.2,76.2,100,Completed,Intermediate,63.5,1,Jan
L001920,U001,09-11-2025,Machine Learning,Certification,1.5,55,82.5,In Progress,Beginner,36.66666667,0,Nov
L001921,U093,26-01-2025,Machine Learning,Workshop,1,75.8,63.4,In Progress,Intermediate,75.8,0,Jan
L001922,U113,12-02-2025,SQL,Workshop,4.3,80.6,21.8,In Progress,Beginner,18.74418605,0,Feb
L001923,U069,09-09-2025,Communication,Certification,2.8,54.6,89.3,In Progress,Advanced,19.5,0,Sep
L001924,U021,15-10-2025,Data Analytics,Workshop,3,75.4,100,Completed,Intermediate,25.13333333,1,Oct
L001925,U043,07-03-2025,Excel,Workshop,1.5,79.3,100,Completed,Intermediate,52.86666667,1,Mar
L001926,U062,14-10-2025,SQL,Workshop,4.2,56.1,9.4,In Progress,Intermediate,13.35714286,0,Oct
L001927,U175,25-08-2025,Excel,Self Learning,2.1,68.1,40.1,In Progress,Advanced,32.42857143,0,Aug
L001928,U041,29-12-2025,Java,Workshop,4.6,82.2,100,Completed,Advanced,17.86956522,1,Dec
L001929,U093,25-09-2025,SQL,Project,2.2,91.2,100,Completed,Intermediate,41.45454545,1,Sep
L001930,U174,25-06-2025,SQL,Self Learning,3.3,53.5,5.6,In Progress,Beginner,16.21212121,0,Jun
L001931,U129,23-02-2025,Python,Self Learning,4.8,61.3,6.5,In Progress,Advanced,12.77083333,0,Feb
L001932,U086,06-03-2025,ServiceNow,Self Learning,2.8,85.4,100,Completed,Intermediate,30.5,1,Mar
L001933,U017,14-07-2025,Java,Project,5.1,89.4,100,Completed,Intermediate,17.52941176,1,Jul
L001934,U091,10-12-2025,Communication,Workshop,5.3,68,35.3,Dropped,Intermediate,12.83018868,0,Dec
L001935,U052,02-03-2025,Java,Self Learning,4,77.5,13.2,In Progress,Beginner,19.375,0,Mar
L001936,U109,13-06-2025,Machine Learning,Online Course,0.6,75.3,100,Completed,Advanced,125.5,1,Jun
L001937,U175,19-07-2025,ServiceNow,Online Course,2.2,45.1,39,Dropped,Intermediate,20.5,0,Jul
L001938,U128,26-11-2025,Cloud,Online Course,1.5,42,72,In Progress,Advanced,28,0,Nov
L001939,U169,11-07-2025,Power BI,Project,3.5,71,24.9,In Progress,Advanced,20.28571429,0,Jul
L001940,U190,21-04-2025,SQL,Online Course,3.4,52.9,96,In Progress,Beginner,15.55882353,0,Apr
L001941,U019,15-01-2025,ServiceNow,Online Course,6,74.1,17.1,Dropped,Intermediate,12.35,0,Jan
L001942,U191,28-01-2025,Java,Project,2.4,40.5,67,Dropped,Beginner,16.875,0,Jan
L001943,U097,09-07-2025,Communication,Workshop,0.9,92.9,99.7,In Progress,Intermediate,103.2222222,0,Jul
L001944,U156,13-06-2025,Java,Online Course,4.6,82.6,92.9,In Progress,Intermediate,17.95652174,0,Jun
L001945,U113,25-10-2025,Machine Learning,Self Learning,5.9,76.8,100,Completed,Advanced,13.01694915,1,Oct
L001946,U147,16-01-2025,Python,Online Course,5.5,85.4,20.4,In Progress,Intermediate,15.52727273,0,Jan
L001947,U042,20-08-2025,Java,Online Course,1.1,64.2,52.1,In Progress,Beginner,58.36363636,0,Aug
L001948,U068,01-09-2025,ServiceNow,Self Learning,0.6,71.7,100,Completed,Advanced,119.5,1,Sep
L001949,U111,10-09-2025,SQL,Online Course,4.1,96.5,100,Completed,Beginner,23.53658537,1,Sep
L001950,U186,22-03-2025,SQL,Online Course,4,54.5,72.6,In Progress,Advanced,13.625,0,Mar
L001951,U137,14-09-2025,Power BI,Project,3.1,96.1,100,Completed,Intermediate,31,1,Sep
L001952,U184,12-05-2025,Java,Online Course,4,66.7,100,Completed,Advanced,16.675,1,May
L001953,U149,21-04-2025,Data Analytics,Project,5.5,65.6,47.9,In Progress,Advanced,11.92727273,0,Apr
L001954,U009,14-10-2025,Data Analytics,Self Learning,5.4,60.3,90.2,In Progress,Advanced,11.16666667,0,Oct
L001955,U165,08-09-2025,Communication,Online Course,4.2,45.1,16.5,In Progress,Intermediate,10.73809524,0,Sep
L001956,U078,08-02-2025,SQL,Workshop,3.9,84.2,42.4,In Progress,Beginner,21.58974359,0,Feb
L001957,U170,22-07-2025,Power BI,Self Learning,2.3,84.2,100,Completed,Intermediate,36.60869565,1,Jul
L001958,U038,31-12-2025,Java,Project,0,0,0,Not Started,Intermediate,0,0,Dec
L001959,U175,28-03-2025,Python,Online Course,4.9,82.8,94.6,In Progress,Intermediate,16.89795918,0,Mar
L001960,U040,07-07-2025,Communication,Certification,5.9,88.2,100,Completed,Intermediate,14.94915254,1,Jul
L001961,U146,20-07-2025,ServiceNow,Certification,0.9,48.6,99.9,In Progress,Intermediate,54,0,Jul
L001962,U150,21-05-2025,Machine Learning,Certification,2.6,75.5,95.6,In Progress,Beginner,29.03846154,0,May
L001963,U042,27-08-2025,Excel,Workshop,5.4,71.4,23.8,Dropped,Advanced,13.22222222,0,Aug
L001964,U042,28-02-2025,SQL,Project,5.9,83.2,100,Completed,Beginner,14.10169492,1,Feb
L001965,U096,06-10-2025,Power BI,Workshop,4,44.7,36.7,In Progress,Advanced,11.175,0,Oct
L001966,U068,04-01-2025,Cloud,Project,2,90.9,100,Completed,Beginner,45.45,1,Jan
L001967,U080,17-09-2025,Power BI,Project,3.3,82.3,100,Completed,Advanced,24.93939394,1,Sep
L001968,U167,27-08-2025,SQL,Self Learning,5.2,41,43.3,Dropped,Advanced,7.884615385,0,Aug
L001969,U179,22-02-2025,Communication,Self Learning,5.8,83.1,82.6,In Progress,Beginner,14.32758621,0,Feb
L001970,U145,19-07-2025,ServiceNow,Workshop,5.9,80.5,100,Completed,Beginner,13.6440678,1,Jul
L001971,U060,29-04-2025,Java,Project,2.4,86.1,46.7,In Progress,Intermediate,35.875,0,Apr
L001972,U195,12-12-2025,Machine Learning,Certification,0.9,99.2,100,Completed,Beginner,110.2222222,1,Dec
L001973,U031,02-10-2025,Power BI,Project,2.5,65.6,100,Completed,Intermediate,26.24,1,Oct
L001974,U166,19-09-2025,SQL,Self Learning,0,0,0,Not Started,Intermediate,0,0,Sep
L001975,U035,19-03-2025,Machine Learning,Online Course,1.5,82,53.8,In Progress,Intermediate,54.66666667,0,Mar
L001976,U124,22-02-2025,Data Analytics,Self Learning,5.5,91.2,25.3,In Progress,Advanced,16.58181818,0,Feb
L001977,U199,06-01-2025,Machine Learning,Self Learning,2.8,85.9,100,Completed,Intermediate,30.67857143,1,Jan
L001978,U160,31-12-2025,ServiceNow,Project,2,63.1,98.4,In Progress,Intermediate,31.55,0,Dec
L001979,U147,19-10-2025,Java,Certification,3.1,87.9,80,In Progress,Advanced,28.35483871,0,Oct
L001980,U056,06-09-2025,ServiceNow,Workshop,5.4,92.6,100,Completed,Beginner,17.14814815,1,Sep
L001981,U033,30-07-2025,Power BI,Workshop,0,0,0,Not Started,Intermediate,0,0,Jul
L001982,U004,05-01-2025,Java,Project,1.8,64.6,40.6,In Progress,Intermediate,35.88888889,0,Jan
L001983,U146,26-12-2025,ServiceNow,Workshop,6,78.3,70.6,In Progress,Advanced,13.05,0,Dec
L001984,U143,11-01-2025,Power BI,Workshop,1,74.6,36.9,In Progress,Advanced,74.6,0,Jan
L001985,U065,24-05-2025,Power BI,Online Course,0,0,0,Not Started,Advanced,0,0,May
L001986,U084,09-03-2025,Cloud,Certification,5.4,84.3,23.7,In Progress,Intermediate,15.61111111,0,Mar
L001987,U098,22-06-2025,Cloud,Project,4.7,48.5,16.3,In Progress,Intermediate,10.31914894,0,Jun
L001988,U171,23-05-2025,ServiceNow,Certification,2.8,43.3,78,In Progress,Intermediate,15.46428571,0,May
L001989,U110,25-04-2025,Cloud,Self Learning,4.3,99.8,74.6,In Progress,Beginner,23.20930233,0,Apr
L001990,U074,05-12-2025,ServiceNow,Workshop,3.3,91.9,74.5,In Progress,Intermediate,27.84848485,0,Dec
L001991,U050,02-11-2025,Excel,Certification,5,91.6,100,Completed,Advanced,18.32,1,Nov
L001992,U177,18-10-2025,Java,Self Learning,4.7,64.8,71.9,In Progress,Beginner,13.78723404,0,Oct
L001993,U056,02-02-2025,SQL,Project,5.8,84.1,12,Dropped,Beginner,14.5,0,Feb
L001994,U127,26-12-2025,Java,Online Course,0,0,0,Not Started,Intermediate,0,0,Dec
L001995,U200,04-04-2025,Java,Project,0,0,0,Not Started,Advanced,0,0,Apr
L001996,U147,06-12-2025,Java,Workshop,0.9,59.7,40.7,Dropped,Beginner,66.33333333,0,Dec
L001997,U179,15-11-2025,Communication,Project,0.8,89,86.9,In Progress,Intermediate,111.25,0,Nov
L001998,U166,02-07-2025,Data Analytics,Self Learning,3.4,79.8,38.7,In Progress,Beginner,23.47058824,0,Jul
L001999,U151,19-08-2025,SQL,Workshop,5.7,64.4,63.3,Dropped,Intermediate,11.29824561,0,Aug
L002000,U108,01-10-2025,Excel,Workshop,0,0,0,Not Started,Advanced,0,0,Oct
L002001,U027,15-02-2025,Java,Online Course,1.4,79.2,100,Completed,Beginner,56.57142857,1,Feb
L002002,U041,01-12-2025,Excel,Project,2.8,42.3,44.1,In Progress,Intermediate,15.10714286,0,Dec
L002003,U049,17-10-2025,ServiceNow,Certification,3.9,90.7,11.1,In Progress,Advanced,23.25641026,0,Oct
L002004,U075,26-01-2025,Communication,Online Course,0,0,0,Not Started,Advanced,0,0,Jan
L002005,U088,21-08-2025,ServiceNow,Certification,5.9,44.2,20,Dropped,Advanced,7.491525424,0,Aug
L002006,U196,15-04-2025,Java,Project,3.3,83.4,28.7,In Progress,Beginner,25.27272727,0,Apr
L002007,U043,06-07-2025,Python,Project,1.1,96,37.9,Dropped,Advanced,87.27272727,0,Jul
L002008,U035,18-07-2025,Java,Workshop,5.9,72.5,100,Completed,Intermediate,12.28813559,1,Jul
L002009,U181,21-01-2025,Java,Workshop,5.8,80.5,69.4,In Progress,Advanced,13.87931034,0,Jan
L002010,U189,27-02-2025,Machine Learning,Workshop,1,62.8,54.4,In Progress,Advanced,62.8,0,Feb
L002011,U142,18-05-2025,ServiceNow,Workshop,1.5,76.9,68.7,In Progress,Intermediate,51.26666667,0,May
L002012,U021,21-10-2025,ServiceNow,Certification,3.3,82.2,100,Completed,Advanced,24.90909091,1,Oct
L002013,U066,05-08-2025,Excel,Self Learning,1,73,20,In Progress,Intermediate,73,0,Aug
L002014,U016,04-05-2025,Machine Learning,Online Course,4.6,75,11.1,Dropped,Beginner,16.30434783,0,May
L002015,U158,01-10-2025,Cloud,Certification,1.6,70.3,74.5,In Progress,Advanced,43.9375,0,Oct
L002016,U174,19-03-2025,Java,Online Course,2.9,40.8,87.6,In Progress,Advanced,14.06896552,0,Mar
L002017,U189,18-07-2025,Cloud,Workshop,2.1,89.9,100,Completed,Intermediate,42.80952381,1,Jul
L002018,U110,21-02-2025,Cloud,Online Course,1.5,90.4,72.5,In Progress,Beginner,60.26666667,0,Feb
L002019,U195,17-06-2025,Cloud,Self Learning,1.8,98.7,78,In Progress,Advanced,54.83333333,0,Jun
L002020,U109,01-02-2025,Communication,Workshop,4,74.7,15.7,In Progress,Intermediate,18.675,0,Feb
L002021,U028,31-12-2025,ServiceNow,Workshop,4.5,70.3,16.5,In Progress,Intermediate,15.62222222,0,Dec
L002022,U152,14-09-2025,Machine Learning,Online Course,2.5,45.9,45.1,Dropped,Beginner,18.36,0,Sep
L002023,U188,27-10-2025,Power BI,Certification,1.9,64.7,65.2,In Progress,Intermediate,34.05263158,0,Oct
L002024,U179,13-02-2025,Java,Workshop,0,0,0,Not Started,Intermediate,0,0,Feb
L002025,U199,01-01-2025,SQL,Certification,3.1,98.6,35.7,In Progress,Advanced,31.80645161,0,Jan
L002026,U031,09-03-2025,Excel,Project,1.1,76.2,100,Completed,Beginner,69.27272727,1,Mar
L002027,U091,22-03-2025,Communication,Workshop,5.5,93.4,100,Completed,Beginner,16.98181818,1,Mar
L002028,U136,29-09-2025,Java,Self Learning,5.7,48.4,97.1,In Progress,Advanced,8.49122807,0,Sep
L002029,U036,31-10-2025,ServiceNow,Online Course,4.1,56.2,65.8,Dropped,Intermediate,13.70731707,0,Oct
L002030,U142,17-01-2025,Java,Self Learning,1.1,77.9,31.5,In Progress,Intermediate,70.81818182,0,Jan
L002031,U160,29-08-2025,ServiceNow,Project,3.3,95,26.6,Dropped,Advanced,28.78787879,0,Aug
L002032,U159,21-03-2025,Python,Workshop,3.5,70.2,56.4,In Progress,Advanced,20.05714286,0,Mar
L002033,U108,31-08-2025,Python,Workshop,5.1,93.5,87.5,In Progress,Advanced,18.33333333,0,Aug
L002034,U107,14-07-2025,Data Analytics,Workshop,1.4,73.8,100,Completed,Advanced,52.71428571,1,Jul
L002035,U195,19-08-2025,Machine Learning,Project,5.9,69.2,100,Completed,Intermediate,11.72881356,1,Aug
L002036,U154,15-04-2025,ServiceNow,Workshop,4.5,72.6,86.2,In Progress,Intermediate,16.13333333,0,Apr
L002037,U157,14-08-2025,Power BI,Certification,4.8,81.7,100,Completed,Intermediate,17.02083333,1,Aug
L002038,U112,09-02-2025,ServiceNow,Workshop,4.9,66,77.7,In Progress,Beginner,13.46938776,0,Feb
L002039,U091,10-09-2025,Python,Project,3.5,93.1,23.3,In Progress,Advanced,26.6,0,Sep
L002040,U161,14-12-2025,SQL,Project,5.2,51.6,56.8,In Progress,Advanced,9.923076923,0,Dec
L002041,U031,14-05-2025,Communication,Project,5.1,77.9,37,In Progress,Advanced,15.2745098,0,May
L002042,U147,08-02-2025,Power BI,Workshop,3,40.7,49.1,Dropped,Advanced,13.56666667,0,Feb
L002043,U199,22-05-2025,Excel,Workshop,0.8,65.2,100,Completed,Advanced,81.5,1,May
L002044,U097,03-06-2025,Communication,Workshop,4.6,70.9,19.9,Dropped,Beginner,15.41304348,0,Jun
L002045,U110,27-02-2025,ServiceNow,Project,2.5,87.5,100,Completed,Intermediate,35,1,Feb
L002046,U009,27-12-2025,Machine Learning,Project,0,0,0,Not Started,Intermediate,0,0,Dec
L002047,U168,15-02-2025,Cloud,Project,6,82.3,68.5,Dropped,Beginner,13.71666667,0,Feb
L002048,U086,30-04-2025,Python,Self Learning,2.6,73.2,87.1,In Progress,Intermediate,28.15384615,0,Apr
L002049,U011,21-08-2025,Power BI,Workshop,2.2,85.1,1,In Progress,Intermediate,38.68181818,0,Aug
L002050,U157,31-07-2025,SQL,Online Course,1.8,96.2,100,Completed,Advanced,53.44444444,1,Jul
L002051,U035,18-07-2025,Communication,Self Learning,0,0,0,Not Started,Intermediate,0,0,Jul
L002052,U136,30-04-2025,ServiceNow,Self Learning,1.2,95.6,100,Completed,Beginner,79.66666667,1,Apr
L002053,U069,23-08-2025,Excel,Online Course,5.1,88,100,Completed,Advanced,17.25490196,1,Aug
L002054,U144,25-03-2025,Cloud,Self Learning,0,0,0,Not Started,Beginner,0,0,Mar
L002055,U027,04-05-2025,Cloud,Workshop,3.6,82.1,72.3,In Progress,Advanced,22.80555556,0,May
L002056,U108,12-03-2025,Communication,Project,5,89.5,6.4,In Progress,Intermediate,17.9,0,Mar
L002057,U146,29-01-2025,Communication,Workshop,4.4,54.5,31.2,In Progress,Advanced,12.38636364,0,Jan
L002058,U121,19-06-2025,Cloud,Certification,3.4,45.1,49.1,Dropped,Beginner,13.26470588,0,Jun
L002059,U074,12-05-2025,Machine Learning,Certification,5.1,74.6,100,Completed,Intermediate,14.62745098,1,May
L002060,U020,13-04-2025,Machine Learning,Online Course,2.8,90.8,98.2,In Progress,Advanced,32.42857143,0,Apr
L002061,U018,27-05-2025,Excel,Certification,4.1,88.6,62,In Progress,Advanced,21.6097561,0,May
L002062,U131,02-06-2025,SQL,Certification,5.5,82.5,100,Completed,Advanced,15,1,Jun
L002063,U091,04-03-2025,Cloud,Online Course,0.8,86.7,78.7,In Progress,Intermediate,108.375,0,Mar
L002064,U117,03-08-2025,Data Analytics,Self Learning,0,0,0,Not Started,Intermediate,0,0,Aug
L002065,U003,19-05-2025,Data Analytics,Online Course,4.2,73.1,100,Completed,Beginner,17.4047619,1,May
L002066,U159,16-05-2025,Python,Project,1,86.4,36.2,In Progress,Beginner,86.4,0,May
L002067,U119,05-02-2025,Data Analytics,Self Learning,0.7,66.9,36.8,Dropped,Intermediate,95.57142857,0,Feb
L002068,U132,25-02-2025,Data Analytics,Online Course,3.9,59.7,58.4,In Progress,Advanced,15.30769231,0,Feb
L002069,U033,20-12-2025,SQL,Self Learning,2.2,82.9,100,Completed,Intermediate,37.68181818,1,Dec
L002070,U121,05-10-2025,Cloud,Workshop,2.5,98.4,30.5,In Progress,Advanced,39.36,0,Oct
L002071,U002,06-04-2025,Communication,Workshop,3.7,66.9,19.4,In Progress,Beginner,18.08108108,0,Apr
L002072,U175,28-08-2025,Cloud,Online Course,2.8,90.6,100,Completed,Beginner,32.35714286,1,Aug
L002073,U080,04-08-2025,ServiceNow,Project,1.2,86.1,17.4,In Progress,Advanced,71.75,0,Aug
L002074,U173,14-11-2025,Java,Project,5.3,97.6,56.7,In Progress,Intermediate,18.41509434,0,Nov
L002075,U127,16-06-2025,Power BI,Self Learning,4.5,75.2,15.1,Dropped,Intermediate,16.71111111,0,Jun
L002076,U186,28-02-2025,Excel,Certification,4.9,75.8,100,Completed,Beginner,15.46938776,1,Feb
L002077,U064,14-03-2025,Cloud,Self Learning,0,0,0,Not Started,Intermediate,0,0,Mar
L002078,U125,10-06-2025,Data Analytics,Self Learning,3.5,90.5,100,Completed,Beginner,25.85714286,1,Jun
L002079,U045,19-09-2025,Python,Online Course,1,73.8,100,Completed,Intermediate,73.8,1,Sep
L002080,U042,11-11-2025,Communication,Certification,0,0,0,Not Started,Beginner,0,0,Nov
L002081,U038,03-01-2025,Power BI,Self Learning,0.9,93.9,100,Completed,Beginner,104.3333333,1,Jan
L002082,U076,24-07-2025,Power BI,Self Learning,5.2,97.5,68.8,In Progress,Intermediate,18.75,0,Jul
L002083,U105,27-04-2025,Machine Learning,Project,1.9,42.7,35.9,Dropped,Beginner,22.47368421,0,Apr
L002084,U198,15-04-2025,ServiceNow,Online Course,5.2,43.1,31.9,In Progress,Beginner,8.288461538,0,Apr
L002085,U082,23-08-2025,Java,Workshop,1.8,72.7,44.3,In Progress,Beginner,40.38888889,0,Aug
L002086,U130,04-03-2025,Communication,Workshop,1.1,79.1,14.3,Dropped,Intermediate,71.90909091,0,Mar
L002087,U136,26-06-2025,Java,Self Learning,0,0,0,Not Started,Advanced,0,0,Jun
L002088,U107,11-02-2025,Cloud,Online Course,4.4,51.7,69.3,In Progress,Beginner,11.75,0,Feb
L002089,U116,22-02-2025,Data Analytics,Project,2.2,74.2,47.6,Dropped,Advanced,33.72727273,0,Feb
L002090,U083,16-10-2025,Cloud,Self Learning,4,90.3,100,Completed,Intermediate,22.575,1,Oct
L002091,U108,28-11-2025,Communication,Workshop,5.9,83.1,100,Completed,Beginner,14.08474576,1,Nov
L002092,U037,17-11-2025,Python,Certification,2,98,100,Completed,Beginner,49,1,Nov
L002093,U087,29-03-2025,Communication,Workshop,0,0,0,Not Started,Intermediate,0,0,Mar
L002094,U122,27-05-2025,Power BI,Workshop,1.4,78.6,39.7,Dropped,Intermediate,56.14285714,0,May
L002095,U171,13-06-2025,ServiceNow,Certification,0,0,0,Not Started,Advanced,0,0,Jun
L002096,U114,11-02-2025,Cloud,Project,1.3,96.9,100,Completed,Advanced,74.53846154,1,Feb
L002097,U132,04-08-2025,Communication,Certification,0,0,0,Not Started,Intermediate,0,0,Aug
L002098,U044,23-10-2025,Machine Learning,Project,3.9,75.4,100,Completed,Intermediate,19.33333333,1,Oct
L002099,U072,31-07-2025,Data Analytics,Online Course,0,0,0,Not Started,Beginner,0,0,Jul
L002100,U034,13-10-2025,Data Analytics,Online Course,1.5,56.2,2,In Progress,Beginner,37.46666667,0,Oct
L002101,U173,21-05-2025,Java,Online Course,0,0,0,Not Started,Advanced,0,0,May
L002102,U094,21-02-2025,SQL,Project,3.5,42.6,68.9,In Progress,Advanced,12.17142857,0,Feb
L002103,U160,24-07-2025,Machine Learning,Self Learning,0.6,76,100,Completed,Advanced,126.6666667,1,Jul
L002104,U072,27-12-2025,Machine Learning,Project,2.2,41.5,78.1,In Progress,Advanced,18.86363636,0,Dec
L002105,U112,14-01-2025,ServiceNow,Project,0,0,0,Not Started,Advanced,0,0,Jan
L002106,U010,21-12-2025,Excel,Self Learning,3.8,99,100,Completed,Advanced,26.05263158,1,Dec
L002107,U085,27-02-2025,Power BI,Online Course,0,0,0,Not Started,Intermediate,0,0,Feb
L002108,U187,31-08-2025,Python,Self Learning,5.3,95.6,100,Completed,Beginner,18.03773585,1,Aug
L002109,U037,05-02-2025,Power BI,Workshop,5.2,49.8,38,In Progress,Beginner,9.576923077,0,Feb
L002110,U186,28-07-2025,ServiceNow,Self Learning,0,0,0,Not Started,Intermediate,0,0,Jul
L002111,U110,04-08-2025,Cloud,Self Learning,0,0,0,Not Started,Intermediate,0,0,Aug
L002112,U111,22-02-2025,Excel,Self Learning,0,0,0,Not Started,Intermediate,0,0,Feb
L002113,U121,02-11-2025,SQL,Online Course,4.9,71.9,80.5,In Progress,Intermediate,14.67346939,0,Nov
L002114,U006,16-07-2025,Machine Learning,Online Course,2.3,92.3,69.1,In Progress,Intermediate,40.13043478,0,Jul
L002115,U164,29-09-2025,ServiceNow,Workshop,5.2,75.8,89.1,In Progress,Advanced,14.57692308,0,Sep
L002116,U111,03-07-2025,Communication,Self Learning,4.4,77.9,100,Completed,Beginner,17.70454545,1,Jul
L002117,U073,22-12-2025,Data Analytics,Project,1.8,84.4,77.1,In Progress,Intermediate,46.88888889,0,Dec
L002118,U153,21-05-2025,Excel,Workshop,5.5,66.1,62.2,In Progress,Intermediate,12.01818182,0,May
L002119,U120,07-08-2025,Data Analytics,Workshop,1.8,57.8,46.9,Dropped,Beginner,32.11111111,0,Aug
L002120,U011,27-07-2025,Python,Project,1.7,91.6,100,Completed,Beginner,53.88235294,1,Jul
L002121,U134,02-04-2025,SQL,Self Learning,0,0,0,Not Started,Intermediate,0,0,Apr
L002122,U176,30-08-2025,Data Analytics,Project,1.2,71.2,100,Completed,Advanced,59.33333333,1,Aug
L002123,U112,28-02-2025,Excel,Workshop,1.7,72.7,1.3,In Progress,Advanced,42.76470588,0,Feb
L002124,U002,19-03-2025,Data Analytics,Project,4.8,65.1,32.5,Dropped,Intermediate,13.5625,0,Mar
L002125,U004,02-04-2025,Cloud,Project,5,47,62.2,In Progress,Beginner,9.4,0,Apr
L002126,U051,12-03-2025,Machine Learning,Self Learning,0,0,0,Not Started,Intermediate,0,0,Mar
L002127,U178,07-09-2025,SQL,Online Course,0,0,0,Not Started,Intermediate,0,0,Sep
L002128,U052,24-02-2025,Java,Certification,4.7,68.6,100,Completed,Advanced,14.59574468,1,Feb
L002129,U046,20-11-2025,Power BI,Online Course,2,63.4,30.4,In Progress,Advanced,31.7,0,Nov
L002130,U047,26-11-2025,ServiceNow,Workshop,1.3,50,6.2,In Progress,Intermediate,38.46153846,0,Nov
L002131,U038,29-08-2025,SQL,Online Course,1.9,93.2,24.3,In Progress,Beginner,49.05263158,0,Aug
L002132,U184,22-04-2025,Power BI,Project,1.5,69.8,33.1,Dropped,Beginner,46.53333333,0,Apr
L002133,U029,16-06-2025,Python,Online Course,6,88.7,39.9,In Progress,Advanced,14.78333333,0,Jun
L002134,U169,20-05-2025,SQL,Certification,6,82.9,84.9,In Progress,Beginner,13.81666667,0,May
L002135,U062,06-01-2025,ServiceNow,Workshop,3.2,86.2,100,Completed,Advanced,26.9375,1,Jan
L002136,U143,25-03-2025,Machine Learning,Project,3.1,54.7,84.5,In Progress,Beginner,17.64516129,0,Mar
L002137,U120,07-03-2025,Communication,Self Learning,5.7,67.5,96.1,In Progress,Intermediate,11.84210526,0,Mar
L002138,U143,06-09-2025,SQL,Workshop,1.6,67.5,100,Completed,Beginner,42.1875,1,Sep
L002139,U015,26-04-2025,Excel,Workshop,4.5,83.6,54.3,In Progress,Beginner,18.57777778,0,Apr
L002140,U049,22-02-2025,Excel,Self Learning,4.4,63.6,7.4,In Progress,Intermediate,14.45454545,0,Feb
L002141,U195,22-02-2025,Excel,Workshop,2.8,94.1,100,Completed,Beginner,33.60714286,1,Feb
L002142,U099,25-04-2025,ServiceNow,Online Course,3.1,57.3,20.6,Dropped,Advanced,18.48387097,0,Apr
L002143,U149,15-04-2025,Communication,Certification,5.8,51.8,32.3,In Progress,Beginner,8.931034483,0,Apr
L002144,U033,20-11-2025,Cloud,Workshop,2,50.8,73.3,In Progress,Beginner,25.4,0,Nov
L002145,U036,10-10-2025,Communication,Online Course,0.6,97.1,59.5,In Progress,Advanced,161.8333333,0,Oct
L002146,U059,14-04-2025,ServiceNow,Online Course,4.2,81.4,70.9,In Progress,Advanced,19.38095238,0,Apr
L002147,U002,06-03-2025,Communication,Online Course,3.7,65.3,10.2,In Progress,Beginner,17.64864865,0,Mar
L002148,U005,12-05-2025,SQL,Certification,3.3,95.3,100,Completed,Intermediate,28.87878788,1,May
L002149,U157,19-05-2025,Excel,Self Learning,0,0,0,Not Started,Beginner,0,0,May
L002150,U183,19-08-2025,Cloud,Project,2.8,86.1,100,Completed,Advanced,30.75,1,Aug
L002151,U119,09-01-2025,Communication,Certification,0.8,69.8,46.9,Dropped,Advanced,87.25,0,Jan
L002152,U138,31-12-2025,Machine Learning,Workshop,3.9,40.4,49.3,In Progress,Intermediate,10.35897436,0,Dec
L002153,U119,11-03-2025,Data Analytics,Self Learning,0.6,76.3,8.3,In Progress,Intermediate,127.1666667,0,Mar
L002154,U131,18-04-2025,Excel,Self Learning,2.4,84,100,Completed,Advanced,35,1,Apr
L002155,U188,02-11-2025,Power BI,Online Course,1.4,77.2,100,Completed,Intermediate,55.14285714,1,Nov
L002156,U169,21-03-2025,Java,Project,0,0,0,Not Started,Intermediate,0,0,Mar
L002157,U189,24-10-2025,SQL,Workshop,0.7,76.3,7.3,In Progress,Intermediate,109,0,Oct
L002158,U029,07-03-2025,ServiceNow,Certification,1.2,56.5,31.2,In Progress,Advanced,47.08333333,0,Mar
L002159,U057,24-08-2025,Excel,Project,2,40.1,76.2,In Progress,Intermediate,20.05,0,Aug
L002160,U135,23-06-2025,SQL,Self Learning,2.2,81.2,100,Completed,Advanced,36.90909091,1,Jun
L002161,U016,13-01-2025,Excel,Online Course,5.5,96.4,100,Completed,Beginner,17.52727273,1,Jan
L002162,U177,17-11-2025,Communication,Self Learning,3.2,94.4,88.5,In Progress,Intermediate,29.5,0,Nov
L002163,U142,13-05-2025,Data Analytics,Online Course,2,85,100,Completed,Advanced,42.5,1,May
L002164,U163,08-12-2025,Excel,Workshop,3.2,97.2,100,Completed,Advanced,30.375,1,Dec
L002165,U153,14-02-2025,ServiceNow,Workshop,4,92.4,39.1,In Progress,Intermediate,23.1,0,Feb
L002166,U096,17-04-2025,Machine Learning,Certification,4.9,81.6,31.3,In Progress,Beginner,16.65306122,0,Apr
L002167,U070,04-11-2025,Cloud,Workshop,2.5,74.5,100,Completed,Beginner,29.8,1,Nov
L002168,U190,04-04-2025,Cloud,Workshop,1.9,68.3,100,Completed,Advanced,35.94736842,1,Apr
L002169,U166,05-11-2025,Communication,Self Learning,5.8,82.7,100,Completed,Advanced,14.25862069,1,Nov
L002170,U060,15-09-2025,ServiceNow,Online Course,5.5,71.3,100,Completed,Intermediate,12.96363636,1,Sep
L002171,U025,17-06-2025,Python,Self Learning,2.4,66.9,100,Completed,Advanced,27.875,1,Jun
L002172,U060,09-05-2025,Java,Project,5.2,81.7,100,Completed,Advanced,15.71153846,1,May
L002173,U149,12-10-2025,Python,Project,5.2,89.2,100,Completed,Advanced,17.15384615,1,Oct
L002174,U078,02-05-2025,Power BI,Certification,1.1,48.4,45.9,In Progress,Beginner,44,0,May
L002175,U189,03-03-2025,ServiceNow,Online Course,2.8,99.1,2.3,In Progress,Beginner,35.39285714,0,Mar
L002176,U186,17-11-2025,SQL,Online Course,1.1,41.8,27.5,In Progress,Advanced,38,0,Nov
L002177,U099,15-08-2025,SQL,Workshop,3.4,67.2,100,Completed,Beginner,19.76470588,1,Aug
L002178,U122,22-03-2025,SQL,Self Learning,2.6,98.6,94,In Progress,Beginner,37.92307692,0,Mar
L002179,U187,22-02-2025,Cloud,Self Learning,3,47.6,57.7,In Progress,Advanced,15.86666667,0,Feb
L002180,U131,25-02-2025,SQL,Self Learning,2,60.2,46.6,Dropped,Advanced,30.1,0,Feb
L002181,U067,11-12-2025,Communication,Online Course,3.9,82.2,40.6,Dropped,Intermediate,21.07692308,0,Dec
L002182,U128,14-12-2025,SQL,Workshop,1.1,72.8,100,Completed,Beginner,66.18181818,1,Dec
L002183,U017,19-01-2025,Machine Learning,Online Course,2.5,63.2,43.2,In Progress,Advanced,25.28,0,Jan
L002184,U071,21-04-2025,ServiceNow,Online Course,3.2,78.7,63.4,In Progress,Intermediate,24.59375,0,Apr
L002185,U121,16-03-2025,Communication,Workshop,2.2,71.4,100,Completed,Intermediate,32.45454545,1,Mar
L002186,U097,25-05-2025,Java,Certification,1.2,77.4,100,Completed,Intermediate,64.5,1,May
L002187,U112,29-06-2025,Power BI,Self Learning,0.8,87.7,65.9,In Progress,Beginner,109.625,0,Jun
L002188,U105,25-03-2025,Machine Learning,Workshop,1.7,97.9,100,Completed,Beginner,57.58823529,1,Mar
L002189,U145,08-01-2025,SQL,Project,0,0,0,Not Started,Beginner,0,0,Jan
L002190,U019,22-06-2025,Machine Learning,Workshop,4.2,83.4,89.6,In Progress,Beginner,19.85714286,0,Jun
L002191,U172,08-06-2025,ServiceNow,Certification,2.9,71,0.5,In Progress,Intermediate,24.48275862,0,Jun
L002192,U111,24-05-2025,Power BI,Project,5.1,69.8,100,Completed,Intermediate,13.68627451,1,May
L002193,U146,10-10-2025,Machine Learning,Project,1.4,74,80,In Progress,Beginner,52.85714286,0,Oct
L002194,U072,03-04-2025,Power BI,Certification,0,0,0,Not Started,Intermediate,0,0,Apr
L002195,U018,18-06-2025,Data Analytics,Online Course,4.7,71.1,100,Completed,Intermediate,15.12765957,1,Jun
L002196,U178,18-02-2025,SQL,Project,0.6,95.2,100,Completed,Advanced,158.6666667,1,Feb
L002197,U117,16-05-2025,Cloud,Certification,1.4,75.5,50.3,In Progress,Advanced,53.92857143,0,May
L002198,U155,24-06-2025,Machine Learning,Online Course,0,0,0,Not Started,Advanced,0,0,Jun
L002199,U024,02-01-2025,Python,Self Learning,1.3,98,52.8,In Progress,Beginner,75.38461538,0,Jan
L002200,U002,19-09-2025,SQL,Self Learning,0.7,94.6,37,Dropped,Intermediate,135.1428571,0,Sep
L002201,U066,11-04-2025,Data Analytics,Project,1.1,88.3,100,Completed,Intermediate,80.27272727,1,Apr
L002202,U027,08-11-2025,Python,Self Learning,0.8,88.2,100,Completed,Intermediate,110.25,1,Nov
L002203,U191,06-11-2025,Excel,Certification,5.9,49.4,30.9,In Progress,Intermediate,8.372881356,0,Nov
L002204,U067,08-07-2025,SQL,Online Course,1,57.3,55.8,In Progress,Beginner,57.3,0,Jul
L002205,U181,28-06-2025,SQL,Project,4.6,84.9,32.6,In Progress,Advanced,18.45652174,0,Jun
L002206,U137,07-05-2025,ServiceNow,Online Course,5,79.8,100,Completed,Beginner,15.96,1,May
L002207,U159,19-05-2025,Machine Learning,Project,6,76.2,100,Completed,Beginner,12.7,1,May
L002208,U086,29-12-2025,Java,Self Learning,5.7,98.8,39,In Progress,Intermediate,17.33333333,0,Dec
L002209,U151,08-09-2025,Data Analytics,Online Course,5.4,96.2,58.4,In Progress,Intermediate,17.81481481,0,Sep
L002210,U170,09-06-2025,Machine Learning,Project,5.8,77.2,76,In Progress,Beginner,13.31034483,0,Jun
L002211,U146,14-02-2025,Java,Online Course,3.3,44.2,35.9,In Progress,Intermediate,13.39393939,0,Feb
L002212,U004,20-09-2025,ServiceNow,Project,6,88.2,100,Completed,Advanced,14.7,1,Sep
L002213,U038,08-07-2025,Data Analytics,Self Learning,5.2,71,100,Completed,Intermediate,13.65384615,1,Jul
L002214,U194,15-11-2025,SQL,Online Course,5.3,60,85.4,In Progress,Intermediate,11.32075472,0,Nov
L002215,U144,21-10-2025,Data Analytics,Self Learning,4.6,86,100,Completed,Intermediate,18.69565217,1,Oct
L002216,U095,13-11-2025,Communication,Project,2.8,62.2,53.6,In Progress,Advanced,22.21428571,0,Nov
L002217,U121,26-02-2025,Power BI,Workshop,1.5,45.2,77.8,In Progress,Beginner,30.13333333,0,Feb
L002218,U002,04-12-2025,Data Analytics,Project,3.1,95.2,24.1,Dropped,Advanced,30.70967742,0,Dec
L002219,U193,09-04-2025,Power BI,Workshop,4.2,69.2,60.2,Dropped,Advanced,16.47619048,0,Apr
L002220,U037,20-03-2025,Machine Learning,Self Learning,3.2,61.4,53.2,In Progress,Intermediate,19.1875,0,Mar
L002221,U047,24-02-2025,Excel,Certification,0,0,0,Not Started,Intermediate,0,0,Feb
L002222,U106,23-09-2025,Machine Learning,Project,5,82.6,100,Completed,Beginner,16.52,1,Sep
L002223,U113,02-05-2025,Excel,Online Course,2.9,57.5,54.5,In Progress,Beginner,19.82758621,0,May
L002224,U115,30-01-2025,Machine Learning,Self Learning,5,81.9,100,Completed,Beginner,16.38,1,Jan
L002225,U020,24-02-2025,Excel,Online Course,2.1,76.9,97.1,In Progress,Beginner,36.61904762,0,Feb
L002226,U143,13-02-2025,Cloud,Certification,3.3,81.1,100,Completed,Intermediate,24.57575758,1,Feb
L002227,U011,29-12-2025,Excel,Online Course,5.8,70.7,60.9,In Progress,Beginner,12.18965517,0,Dec
L002228,U098,17-09-2025,Python,Project,1.9,45.2,88.3,In Progress,Beginner,23.78947368,0,Sep
L002229,U030,19-07-2025,Power BI,Project,4.6,49.9,65.5,In Progress,Beginner,10.84782609,0,Jul
L002230,U103,18-05-2025,Communication,Workshop,2.1,66.9,34.3,In Progress,Beginner,31.85714286,0,May
L002231,U164,07-01-2025,Excel,Online Course,5.9,84.5,28.4,Dropped,Intermediate,14.3220339,0,Jan
L002232,U183,05-10-2025,Machine Learning,Self Learning,5.6,93.5,44.3,Dropped,Intermediate,16.69642857,0,Oct
L002233,U163,06-12-2025,ServiceNow,Online Course,3.6,67.9,73.6,In Progress,Advanced,18.86111111,0,Dec
L002234,U133,02-12-2025,Data Analytics,Certification,3,77.2,85.8,In Progress,Intermediate,25.73333333,0,Dec
L002235,U113,13-07-2025,Machine Learning,Self Learning,0.8,83.2,100,Completed,Beginner,104,1,Jul
L002236,U044,25-03-2025,Java,Online Course,4.4,62.1,38,In Progress,Advanced,14.11363636,0,Mar
L002237,U164,06-06-2025,Power BI,Self Learning,4.7,70.5,6.2,In Progress,Beginner,15,0,Jun
L002238,U186,27-03-2025,Machine Learning,Online Course,4.9,71.4,17.4,In Progress,Beginner,14.57142857,0,Mar
L002239,U092,17-01-2025,Excel,Self Learning,5.3,76.9,52.4,In Progress,Beginner,14.50943396,0,Jan
L002240,U158,11-02-2025,Power BI,Self Learning,1.8,92.3,100,Completed,Beginner,51.27777778,1,Feb
L002241,U073,07-07-2025,Data Analytics,Online Course,1.9,97.4,61.8,Dropped,Beginner,51.26315789,0,Jul
L002242,U034,15-05-2025,Python,Online Course,4.6,89.5,100,Completed,Advanced,19.45652174,1,May
L002243,U181,04-10-2025,ServiceNow,Certification,3.9,82.1,100,Completed,Advanced,21.05128205,1,Oct
L002244,U038,20-02-2025,Cloud,Online Course,5.2,96.3,100,Completed,Beginner,18.51923077,1,Feb
L002245,U019,20-04-2025,Data Analytics,Online Course,3.9,81.8,18,In Progress,Intermediate,20.97435897,0,Apr
L002246,U048,18-05-2025,Excel,Online Course,4.2,42.5,94.9,In Progress,Beginner,10.11904762,0,May
L002247,U067,18-09-2025,Java,Online Course,0,0,0,Not Started,Intermediate,0,0,Sep
L002248,U159,24-11-2025,Java,Self Learning,0,0,0,Not Started,Beginner,0,0,Nov
L002249,U162,22-08-2025,Python,Self Learning,2.8,82.1,80.1,In Progress,Intermediate,29.32142857,0,Aug
L002250,U166,01-08-2025,ServiceNow,Certification,4,99.9,100,Completed,Intermediate,24.975,1,Aug
L002251,U128,29-01-2025,Machine Learning,Online Course,3.1,71.1,100,Completed,Beginner,22.93548387,1,Jan
L002252,U188,04-05-2025,Power BI,Certification,2.7,90.6,100,Completed,Beginner,33.55555556,1,May
L002253,U051,21-02-2025,Communication,Online Course,2.8,66.5,100,Completed,Advanced,23.75,1,Feb
L002254,U069,13-11-2025,Communication,Certification,5.2,80.6,55.3,Dropped,Beginner,15.5,0,Nov
L002255,U022,09-03-2025,Excel,Certification,5.9,87.3,100,Completed,Intermediate,14.79661017,1,Mar
L002256,U199,28-05-2025,Communication,Project,3.8,89.9,100,Completed,Advanced,23.65789474,1,May
L002257,U070,30-04-2025,Data Analytics,Online Course,1.2,99.4,3.3,In Progress,Advanced,82.83333333,0,Apr
L002258,U005,26-09-2025,Power BI,Certification,4.9,47.6,8.5,In Progress,Advanced,9.714285714,0,Sep
L002259,U193,06-03-2025,Communication,Project,4.9,95.8,78.4,In Progress,Intermediate,19.55102041,0,Mar
L002260,U147,20-08-2025,Data Analytics,Project,1.4,77.7,8.4,In Progress,Beginner,55.5,0,Aug
L002261,U163,17-02-2025,Java,Workshop,0.6,85,100,Completed,Beginner,141.6666667,1,Feb
L002262,U118,12-12-2025,Communication,Online Course,0.6,74.1,100,Completed,Intermediate,123.5,1,Dec
L002263,U055,31-05-2025,Excel,Project,1.1,85,76.3,In Progress,Beginner,77.27272727,0,May
L002264,U012,08-05-2025,Python,Certification,4.5,96.8,100,Completed,Advanced,21.51111111,1,May
L002265,U025,25-11-2025,Excel,Workshop,1.3,43.7,47.5,Dropped,Intermediate,33.61538462,0,Nov
L002266,U146,15-02-2025,ServiceNow,Project,0,0,0,Not Started,Advanced,0,0,Feb
L002267,U114,03-04-2025,Excel,Project,2.1,86.8,45,In Progress,Intermediate,41.33333333,0,Apr
L002268,U019,21-06-2025,Excel,Project,0,0,0,Not Started,Beginner,0,0,Jun
L002269,U172,11-06-2025,ServiceNow,Self Learning,1.6,49.6,4.9,In Progress,Advanced,31,0,Jun
L002270,U160,08-07-2025,SQL,Workshop,2.3,97.1,100,Completed,Advanced,42.2173913,1,Jul
L002271,U195,26-09-2025,ServiceNow,Project,3.4,97.6,49.8,Dropped,Advanced,28.70588235,0,Sep
L002272,U156,26-01-2025,SQL,Project,5.6,52.4,95.4,In Progress,Intermediate,9.357142857,0,Jan
L002273,U025,14-11-2025,Machine Learning,Certification,3.6,97.3,78,In Progress,Advanced,27.02777778,0,Nov
L002274,U100,23-09-2025,Communication,Certification,3.9,73.8,100,Completed,Intermediate,18.92307692,1,Sep
L002275,U150,16-06-2025,Communication,Online Course,5.3,58.7,97.6,In Progress,Intermediate,11.0754717,0,Jun
L002276,U167,18-04-2025,Machine Learning,Online Course,3.5,98.2,100,Completed,Advanced,28.05714286,1,Apr
L002277,U041,16-10-2025,ServiceNow,Self Learning,5.2,96,100,Completed,Beginner,18.46153846,1,Oct
L002278,U092,03-10-2025,SQL,Workshop,4.9,47.5,88.4,In Progress,Intermediate,9.693877551,0,Oct
L002279,U119,25-08-2025,Excel,Online Course,1.9,88.1,100,Completed,Beginner,46.36842105,1,Aug
L002280,U097,18-12-2025,Cloud,Self Learning,4.9,66.9,100,Completed,Beginner,13.65306122,1,Dec
L002281,U077,26-01-2025,Power BI,Project,0,0,0,Not Started,Intermediate,0,0,Jan
L002282,U154,30-10-2025,Python,Certification,0,0,0,Not Started,Intermediate,0,0,Oct
L002283,U092,17-02-2025,Communication,Project,5.6,67.6,100,Completed,Beginner,12.07142857,1,Feb
L002284,U161,02-05-2025,Communication,Workshop,4.8,68.5,100,Completed,Advanced,14.27083333,1,May
L002285,U069,23-11-2025,Data Analytics,Project,0,0,0,Not Started,Advanced,0,0,Nov
L002286,U117,05-09-2025,SQL,Certification,4.7,80.6,94.7,In Progress,Advanced,17.14893617,0,Sep
L002287,U067,08-02-2025,Machine Learning,Self Learning,5.6,54.9,23.5,In Progress,Beginner,9.803571429,0,Feb
L002288,U081,19-06-2025,Java,Certification,5.3,82.2,93.7,In Progress,Advanced,15.50943396,0,Jun
L002289,U095,04-02-2025,ServiceNow,Certification,3.4,63.5,29.4,In Progress,Advanced,18.67647059,0,Feb
L002290,U072,12-12-2025,Python,Online Course,1.5,98.7,100,Completed,Beginner,65.8,1,Dec
L002291,U082,15-08-2025,Machine Learning,Workshop,3.6,91.4,100,Completed,Intermediate,25.38888889,1,Aug
L002292,U199,02-02-2025,Excel,Project,0.8,86.7,41.6,Dropped,Intermediate,108.375,0,Feb
L002293,U069,22-07-2025,Python,Project,0,0,0,Not Started,Advanced,0,0,Jul
L002294,U043,08-11-2025,Cloud,Workshop,5.6,64.8,87.8,In Progress,Beginner,11.57142857,0,Nov
L002295,U143,24-04-2025,Java,Certification,3.8,41.6,32.2,Dropped,Intermediate,10.94736842,0,Apr
L002296,U169,01-04-2025,Excel,Online Course,3.6,70.7,100,Completed,Beginner,19.63888889,1,Apr
L002297,U153,18-12-2025,Python,Workshop,2.7,81.7,7.1,In Progress,Advanced,30.25925926,0,Dec
L002298,U179,23-09-2025,Cloud,Project,0.7,90.1,100,Completed,Advanced,128.7142857,1,Sep
L002299,U144,22-06-2025,Python,Self Learning,5.3,93.8,94,In Progress,Advanced,17.69811321,0,Jun
L002300,U197,12-10-2025,ServiceNow,Certification,0.9,48.3,37.5,In Progress,Beginner,53.66666667,0,Oct
L002301,U094,11-06-2025,ServiceNow,Online Course,0.7,44.1,46.6,In Progress,Intermediate,63,0,Jun
L002302,U015,03-04-2025,SQL,Workshop,0,0,0,Not Started,Advanced,0,0,Apr
L002303,U093,25-07-2025,Cloud,Certification,1,87.9,40.4,Dropped,Intermediate,87.9,0,Jul
L002304,U143,18-06-2025,SQL,Project,1.3,70,100,Completed,Beginner,53.84615385,1,Jun
L002305,U111,12-10-2025,Power BI,Self Learning,3.5,93,100,Completed,Beginner,26.57142857,1,Oct
L002306,U111,15-03-2025,Power BI,Certification,2.4,55.7,99.2,In Progress,Advanced,23.20833333,0,Mar
L002307,U027,23-04-2025,Java,Certification,3.4,81.3,57.2,In Progress,Beginner,23.91176471,0,Apr
L002308,U026,27-07-2025,SQL,Project,0,0,0,Not Started,Intermediate,0,0,Jul
L002309,U086,14-03-2025,Python,Online Course,3.4,65.8,100,Completed,Advanced,19.35294118,1,Mar
L002310,U158,13-05-2025,ServiceNow,Project,5.6,98.8,100,Completed,Advanced,17.64285714,1,May
L002311,U026,07-05-2025,Machine Learning,Online Course,4.3,76.2,29.2,In Progress,Advanced,17.72093023,0,May
L002312,U029,22-05-2025,ServiceNow,Online Course,3.1,68.9,100,Completed,Intermediate,22.22580645,1,May
L002313,U059,26-01-2025,Power BI,Workshop,5.7,64.3,65,Dropped,Intermediate,11.28070175,0,Jan
L002314,U032,18-12-2025,Python,Self Learning,1.7,48,0.2,In Progress,Advanced,28.23529412,0,Dec
L002315,U166,09-03-2025,Data Analytics,Certification,2.7,98,6,In Progress,Intermediate,36.2962963,0,Mar
L002316,U103,06-11-2025,Power BI,Workshop,1.5,82.4,100,Completed,Intermediate,54.93333333,1,Nov
L002317,U061,11-09-2025,Excel,Self Learning,3.4,62.6,41.8,Dropped,Beginner,18.41176471,0,Sep
L002318,U144,16-04-2025,ServiceNow,Certification,2.3,57.9,29.8,Dropped,Advanced,25.17391304,0,Apr
L002319,U073,09-12-2025,Machine Learning,Workshop,2.6,53.5,37.1,Dropped,Intermediate,20.57692308,0,Dec
L002320,U051,09-05-2025,Communication,Project,4.2,86.9,100,Completed,Beginner,20.69047619,1,May
L002321,U139,14-02-2025,Python,Online Course,5.4,74,100,Completed,Beginner,13.7037037,1,Feb
L002322,U081,08-06-2025,Power BI,Workshop,3.5,65.8,100,Completed,Beginner,18.8,1,Jun
L002323,U177,10-07-2025,Python,Online Course,2.4,65.1,45.7,In Progress,Advanced,27.125,0,Jul
L002324,U132,11-03-2025,Cloud,Certification,5.9,77,48.4,In Progress,Advanced,13.05084746,0,Mar
L002325,U022,03-06-2025,Communication,Workshop,2.6,96.4,23.8,In Progress,Beginner,37.07692308,0,Jun
L002326,U155,15-12-2025,Python,Certification,3.5,72.3,20.7,Dropped,Beginner,20.65714286,0,Dec
L002327,U188,02-02-2025,Java,Certification,0,0,0,Not Started,Advanced,0,0,Feb
L002328,U176,14-07-2025,SQL,Project,1.9,84.9,25.6,Dropped,Advanced,44.68421053,0,Jul
L002329,U107,07-04-2025,Power BI,Project,0.7,42.8,8.7,In Progress,Beginner,61.14285714,0,Apr
L002330,U083,26-04-2025,Communication,Workshop,3.8,67.9,12.5,In Progress,Advanced,17.86842105,0,Apr
L002331,U195,13-11-2025,Power BI,Certification,0.8,41,16.8,In Progress,Intermediate,51.25,0,Nov
L002332,U057,17-10-2025,SQL,Workshop,3.6,82.4,100,Completed,Intermediate,22.88888889,1,Oct
L002333,U063,08-12-2025,Excel,Online Course,1,96.4,100,Completed,Beginner,96.4,1,Dec
L002334,U105,27-02-2025,Excel,Online Course,2.2,57.6,76.4,In Progress,Advanced,26.18181818,0,Feb
L002335,U081,03-10-2025,Power BI,Certification,1.3,91.1,71.8,In Progress,Intermediate,70.07692308,0,Oct
L002336,U183,07-08-2025,Excel,Workshop,0,0,0,Not Started,Advanced,0,0,Aug
L002337,U031,01-03-2025,Python,Self Learning,3.3,99.7,47,In Progress,Intermediate,30.21212121,0,Mar
L002338,U131,16-06-2025,Communication,Online Course,3,60.9,96.9,In Progress,Advanced,20.3,0,Jun
L002339,U155,22-08-2025,Data Analytics,Project,2,99.6,45.8,In Progress,Beginner,49.8,0,Aug
L002340,U068,19-02-2025,Python,Self Learning,3.5,82.7,54.7,In Progress,Beginner,23.62857143,0,Feb
L002341,U083,01-10-2025,Cloud,Workshop,0.9,56.9,52.2,In Progress,Intermediate,63.22222222,0,Oct
L002342,U022,20-08-2025,Power BI,Project,5.8,77.8,13,In Progress,Advanced,13.4137931,0,Aug
L002343,U173,29-08-2025,Power BI,Self Learning,3.8,74.3,100,Completed,Beginner,19.55263158,1,Aug
L002344,U096,29-07-2025,Python,Workshop,0.6,61.1,25,Dropped,Advanced,101.8333333,0,Jul
L002345,U078,01-08-2025,Machine Learning,Project,3.8,50.5,34.4,Dropped,Advanced,13.28947368,0,Aug
L002346,U088,16-11-2025,Cloud,Certification,3.7,74.8,100,Completed,Beginner,20.21621622,1,Nov
L002347,U096,16-04-2025,Excel,Online Course,3.6,94.9,9.7,In Progress,Intermediate,26.36111111,0,Apr
L002348,U077,19-01-2025,SQL,Workshop,0,0,0,Not Started,Advanced,0,0,Jan
L002349,U177,11-12-2025,SQL,Project,0,0,0,Not Started,Advanced,0,0,Dec
L002350,U165,07-12-2025,Java,Workshop,5.5,74.6,100,Completed,Intermediate,13.56363636,1,Dec
L002351,U179,17-10-2025,Python,Online Course,4.5,48.1,85.4,In Progress,Beginner,10.68888889,0,Oct
L002352,U029,02-07-2025,Cloud,Workshop,0,0,0,Not Started,Intermediate,0,0,Jul
L002353,U072,06-11-2025,Power BI,Self Learning,0,0,0,Not Started,Beginner,0,0,Nov
L002354,U007,04-04-2025,Cloud,Certification,4.7,67.9,23.8,Dropped,Intermediate,14.44680851,0,Apr
L002355,U164,14-01-2025,Machine Learning,Project,4.8,89.1,100,Completed,Advanced,18.5625,1,Jan
L002356,U004,02-07-2025,SQL,Certification,3.6,72.2,97.1,In Progress,Beginner,20.05555556,0,Jul
L002357,U138,23-12-2025,Communication,Project,2.2,77.4,100,Completed,Advanced,35.18181818,1,Dec
L002358,U103,25-12-2025,Java,Self Learning,5.9,83.5,77.2,In Progress,Beginner,14.15254237,0,Dec
L002359,U198,25-11-2025,Excel,Online Course,1.5,92.8,100,Completed,Beginner,61.86666667,1,Nov
L002360,U152,01-06-2025,ServiceNow,Certification,0,0,0,Not Started,Advanced,0,0,Jun
L002361,U189,16-08-2025,Java,Workshop,0.5,59.8,55.9,In Progress,Intermediate,119.6,0,Aug
L002362,U110,16-04-2025,Java,Workshop,0,0,0,Not Started,Advanced,0,0,Apr
L002363,U016,15-06-2025,ServiceNow,Workshop,0,0,0,Not Started,Intermediate,0,0,Jun
L002364,U048,05-02-2025,Java,Certification,2.1,95.9,78.5,In Progress,Beginner,45.66666667,0,Feb
L002365,U176,31-07-2025,SQL,Certification,5.9,97.4,27.3,Dropped,Advanced,16.50847458,0,Jul
L002366,U014,01-12-2025,Java,Project,2.4,74,24.4,In Progress,Beginner,30.83333333,0,Dec
L002367,U093,11-11-2025,Excel,Project,4.3,79.1,100,Completed,Beginner,18.39534884,1,Nov
L002368,U140,05-03-2025,Power BI,Online Course,3.7,47.9,8.4,In Progress,Advanced,12.94594595,0,Mar
L002369,U037,03-06-2025,Cloud,Certification,5.6,51.3,32.4,Dropped,Advanced,9.160714286,0,Jun
L002370,U019,30-03-2025,Python,Project,5.1,71.4,68.5,Dropped,Advanced,14,0,Mar
L002371,U076,03-01-2025,ServiceNow,Self Learning,3.2,49.8,47.6,In Progress,Intermediate,15.5625,0,Jan
L002372,U065,24-12-2025,ServiceNow,Project,5.9,69.1,40.9,In Progress,Advanced,11.71186441,0,Dec
L002373,U181,31-08-2025,SQL,Certification,0,0,0,Not Started,Beginner,0,0,Aug
L002374,U144,29-12-2025,Communication,Workshop,1.8,89.3,100,Completed,Advanced,49.61111111,1,Dec
L002375,U073,24-10-2025,Data Analytics,Online Course,5.5,70.8,11.8,In Progress,Intermediate,12.87272727,0,Oct
L002376,U097,10-07-2025,ServiceNow,Self Learning,5.8,71.7,22.8,In Progress,Intermediate,12.36206897,0,Jul
L002377,U135,06-10-2025,SQL,Online Course,5.4,55.8,76.7,In Progress,Beginner,10.33333333,0,Oct
L002378,U002,01-02-2025,Python,Certification,5.1,66.9,100,Completed,Advanced,13.11764706,1,Feb
L002379,U194,10-08-2025,ServiceNow,Workshop,0,0,0,Not Started,Intermediate,0,0,Aug
L002380,U097,20-10-2025,Java,Project,3.7,75.3,100,Completed,Intermediate,20.35135135,1,Oct
L002381,U039,14-12-2025,Excel,Self Learning,3.4,74.2,66.7,In Progress,Intermediate,21.82352941,0,Dec
L002382,U127,25-10-2025,Machine Learning,Online Course,5.1,87.1,31.1,In Progress,Beginner,17.07843137,0,Oct
L002383,U045,18-11-2025,Cloud,Online Course,1.8,74.3,26.3,In Progress,Advanced,41.27777778,0,Nov
L002384,U082,31-10-2025,SQL,Workshop,0,0,0,Not Started,Advanced,0,0,Oct
L002385,U120,13-03-2025,Machine Learning,Project,5,65.2,56.6,In Progress,Beginner,13.04,0,Mar
L002386,U082,28-09-2025,SQL,Self Learning,5.3,97,100,Completed,Beginner,18.30188679,1,Sep
L002387,U104,12-04-2025,SQL,Certification,3.4,80,56.4,In Progress,Beginner,23.52941176,0,Apr
L002388,U070,16-09-2025,ServiceNow,Online Course,1,79.1,39.8,In Progress,Beginner,79.1,0,Sep
L002389,U037,12-10-2025,Data Analytics,Certification,3.6,54.3,37.5,Dropped,Advanced,15.08333333,0,Oct
L002390,U147,04-09-2025,Java,Workshop,5.8,83,100,Completed,Intermediate,14.31034483,1,Sep
L002391,U089,24-07-2025,Communication,Workshop,5,62.5,73.8,In Progress,Beginner,12.5,0,Jul
L002392,U163,19-03-2025,Excel,Certification,0.9,77.8,100,Completed,Beginner,86.44444444,1,Mar
L002393,U069,20-04-2025,Data Analytics,Online Course,3.6,50.5,39.2,In Progress,Beginner,14.02777778,0,Apr
L002394,U092,26-09-2025,Communication,Online Course,1.5,98.6,100,Completed,Beginner,65.73333333,1,Sep
L002395,U172,26-04-2025,Python,Project,2.8,75.3,34.3,In Progress,Intermediate,26.89285714,0,Apr
L002396,U111,28-04-2025,Machine Learning,Project,4.6,88.4,67.5,In Progress,Beginner,19.2173913,0,Apr
L002397,U041,27-09-2025,Data Analytics,Online Course,0.7,73.8,100,Completed,Intermediate,105.4285714,1,Sep
L002398,U072,12-06-2025,Python,Online Course,0.8,84,28.7,In Progress,Beginner,105,0,Jun
L002399,U022,06-01-2025,SQL,Workshop,0,0,0,Not Started,Intermediate,0,0,Jan
L002400,U160,10-11-2025,ServiceNow,Online Course,0.9,96.8,29,In Progress,Beginner,107.5555556,0,Nov
L002401,U192,22-09-2025,Java,Project,0.6,94.3,100,Completed,Intermediate,157.1666667,1,Sep
L002402,U154,27-07-2025,SQL,Online Course,2.3,56.1,89.1,In Progress,Intermediate,24.39130435,0,Jul
L002403,U197,05-06-2025,Java,Workshop,4.2,50.6,95.7,In Progress,Beginner,12.04761905,0,Jun
L002404,U116,12-05-2025,ServiceNow,Project,4.7,75.2,47.5,In Progress,Beginner,16,0,May
L002405,U085,25-12-2025,Machine Learning,Project,5.6,74.6,74.4,In Progress,Beginner,13.32142857,0,Dec
L002406,U035,04-12-2025,Java,Online Course,5.8,87.5,100,Completed,Intermediate,15.0862069,1,Dec
L002407,U151,18-10-2025,Java,Certification,2.2,81.6,19.5,Dropped,Beginner,37.09090909,0,Oct
L002408,U198,11-05-2025,Power BI,Online Course,1.3,89.3,28.4,In Progress,Intermediate,68.69230769,0,May
L002409,U060,22-08-2025,SQL,Workshop,2.9,83.9,6.1,In Progress,Beginner,28.93103448,0,Aug
L002410,U017,02-11-2025,ServiceNow,Project,1,50.7,18.7,In Progress,Beginner,50.7,0,Nov
L002411,U091,04-06-2025,Python,Workshop,4.7,76.9,70,In Progress,Advanced,16.36170213,0,Jun
L002412,U146,26-09-2025,Java,Workshop,4.1,78.8,50.1,In Progress,Advanced,19.2195122,0,Sep
L002413,U156,18-01-2025,Cloud,Online Course,4.8,81.6,29.4,Dropped,Intermediate,17,0,Jan
L002414,U063,22-12-2025,ServiceNow,Project,3.3,90.5,100,Completed,Advanced,27.42424242,1,Dec
L002415,U154,06-05-2025,Communication,Workshop,2.5,88.8,15.1,In Progress,Beginner,35.52,0,May
L002416,U176,03-07-2025,Python,Workshop,5.3,46.4,83.7,In Progress,Advanced,8.754716981,0,Jul
L002417,U093,05-10-2025,SQL,Project,2.6,67.2,100,Completed,Intermediate,25.84615385,1,Oct
L002418,U196,25-03-2025,Communication,Certification,2.8,89.2,100,Completed,Intermediate,31.85714286,1,Mar
L002419,U008,14-06-2025,Power BI,Online Course,2.7,72.3,100,Completed,Advanced,26.77777778,1,Jun
L002420,U188,09-02-2025,Communication,Workshop,2.8,72.9,100,Completed,Beginner,26.03571429,1,Feb
L002421,U045,26-11-2025,Python,Workshop,0,0,0,Not Started,Intermediate,0,0,Nov
L002422,U046,01-07-2025,Java,Online Course,2.1,94.6,8.3,In Progress,Intermediate,45.04761905,0,Jul
L002423,U034,16-05-2025,Excel,Online Course,3,45.3,94,In Progress,Beginner,15.1,0,May
L002424,U139,07-05-2025,ServiceNow,Workshop,4,73.3,100,Completed,Beginner,18.325,1,May
L002425,U084,02-06-2025,Python,Workshop,4.8,75.7,100,Completed,Intermediate,15.77083333,1,Jun
L002426,U072,22-04-2025,Cloud,Online Course,1.4,81.6,80.3,In Progress,Beginner,58.28571429,0,Apr
L002427,U191,22-02-2025,Excel,Workshop,3.3,45.4,77.1,In Progress,Intermediate,13.75757576,0,Feb
L002428,U111,06-03-2025,Machine Learning,Project,1.1,44.2,96.4,In Progress,Advanced,40.18181818,0,Mar
L002429,U024,27-05-2025,Java,Workshop,2.6,41.2,2.7,In Progress,Advanced,15.84615385,0,May
L002430,U197,12-09-2025,Machine Learning,Online Course,2.5,93.3,54.7,Dropped,Intermediate,37.32,0,Sep
L002431,U073,15-02-2025,Excel,Self Learning,0.6,94.4,100,Completed,Intermediate,157.3333333,1,Feb
L002432,U156,21-07-2025,Python,Certification,4.4,46,70.7,In Progress,Intermediate,10.45454545,0,Jul
L002433,U196,22-08-2025,Machine Learning,Workshop,2.7,95.3,100,Completed,Advanced,35.2962963,1,Aug
L002434,U014,23-08-2025,Python,Project,5.6,63.7,63.2,In Progress,Beginner,11.375,0,Aug
L002435,U175,10-11-2025,Power BI,Project,3.7,89.6,48.4,In Progress,Advanced,24.21621622,0,Nov
L002436,U061,26-01-2025,ServiceNow,Project,0,0,0,Not Started,Advanced,0,0,Jan
L002437,U110,15-11-2025,Data Analytics,Certification,5.4,40.7,16.5,In Progress,Advanced,7.537037037,0,Nov
L002438,U063,03-07-2025,Machine Learning,Workshop,5.5,77.5,100,Completed,Intermediate,14.09090909,1,Jul
L002439,U116,01-09-2025,Cloud,Workshop,2.6,92.7,22.1,In Progress,Advanced,35.65384615,0,Sep
L002440,U062,30-04-2025,Power BI,Online Course,5.1,94.7,100,Completed,Intermediate,18.56862745,1,Apr
L002441,U057,24-12-2025,ServiceNow,Certification,0,0,0,Not Started,Advanced,0,0,Dec
L002442,U026,24-05-2025,Cloud,Workshop,3.9,93.7,93.8,In Progress,Beginner,24.02564103,0,May
L002443,U036,09-04-2025,Python,Workshop,5.1,91.6,100,Completed,Advanced,17.96078431,1,Apr
L002444,U128,01-08-2025,SQL,Certification,4.1,70.5,98.1,In Progress,Intermediate,17.19512195,0,Aug
L002445,U144,15-07-2025,ServiceNow,Online Course,1.3,80.5,100,Completed,Intermediate,61.92307692,1,Jul
L002446,U187,30-05-2025,Machine Learning,Certification,1.9,65,61.8,Dropped,Beginner,34.21052632,0,May
L002447,U071,24-12-2025,Python,Online Course,0,0,0,Not Started,Intermediate,0,0,Dec
L002448,U027,20-10-2025,Python,Certification,5.7,78.3,34.9,Dropped,Beginner,13.73684211,0,Oct
L002449,U126,22-12-2025,SQL,Self Learning,1.1,66.6,12.5,Dropped,Intermediate,60.54545455,0,Dec
L002450,U110,22-08-2025,Machine Learning,Certification,4.4,61.8,70.9,In Progress,Advanced,14.04545455,0,Aug
L002451,U155,18-07-2025,SQL,Online Course,0.6,85.9,100,Completed,Intermediate,143.1666667,1,Jul
L002452,U131,24-08-2025,Excel,Project,2.4,93.2,32.1,Dropped,Advanced,38.83333333,0,Aug
L002453,U012,11-02-2025,Machine Learning,Workshop,0,0,0,Not Started,Advanced,0,0,Feb
L002454,U145,26-08-2025,Data Analytics,Project,0,0,0,Not Started,Advanced,0,0,Aug
L002455,U151,15-04-2025,SQL,Project,3.8,60.1,46.4,In Progress,Advanced,15.81578947,0,Apr
L002456,U038,19-09-2025,Excel,Project,2.3,84,9.6,In Progress,Intermediate,36.52173913,0,Sep
L002457,U131,29-07-2025,SQL,Online Course,2.4,45.9,39.1,In Progress,Beginner,19.125,0,Jul
L002458,U114,26-07-2025,Power BI,Project,1.6,66.8,24.4,In Progress,Beginner,41.75,0,Jul
L002459,U050,03-01-2025,Excel,Workshop,3.1,87.9,24.5,Dropped,Intermediate,28.35483871,0,Jan
L002460,U102,14-09-2025,ServiceNow,Workshop,0.9,87.9,20.5,In Progress,Intermediate,97.66666667,0,Sep
L002461,U075,08-11-2025,Power BI,Self Learning,5.2,98.5,100,Completed,Beginner,18.94230769,1,Nov
L002462,U048,18-07-2025,Machine Learning,Self Learning,3.6,96.7,100,Completed,Intermediate,26.86111111,1,Jul
L002463,U096,28-09-2025,Communication,Online Course,1.3,54.4,21.6,In Progress,Advanced,41.84615385,0,Sep
L002464,U126,01-04-2025,Python,Self Learning,1.2,84.9,36.6,In Progress,Advanced,70.75,0,Apr
L002465,U001,12-04-2025,Machine Learning,Self Learning,4.3,41.6,47.4,In Progress,Beginner,9.674418605,0,Apr
L002466,U112,14-12-2025,Power BI,Online Course,2.3,72.9,100,Completed,Beginner,31.69565217,1,Dec
L002467,U150,29-07-2025,Java,Self Learning,5.3,81.8,14,In Progress,Advanced,15.43396226,0,Jul
L002468,U006,16-01-2025,Communication,Certification,0.9,41.7,5.4,In Progress,Intermediate,46.33333333,0,Jan
L002469,U070,09-06-2025,SQL,Self Learning,1.2,80.4,100,Completed,Intermediate,67,1,Jun
L002470,U003,06-10-2025,Python,Workshop,3.9,87.6,100,Completed,Intermediate,22.46153846,1,Oct
L002471,U123,23-12-2025,SQL,Workshop,5.8,96.9,2.3,In Progress,Intermediate,16.70689655,0,Dec
L002472,U127,04-03-2025,Python,Online Course,1,78.2,57.7,In Progress,Advanced,78.2,0,Mar
L002473,U023,20-04-2025,Java,Certification,1,86.6,100,Completed,Intermediate,86.6,1,Apr
L002474,U058,10-01-2025,Power BI,Project,4.6,49.5,71,In Progress,Beginner,10.76086957,0,Jan
L002475,U123,17-12-2025,Python,Online Course,4.5,82.4,74.2,In Progress,Intermediate,18.31111111,0,Dec
L002476,U035,27-12-2025,Excel,Certification,5.6,99.6,44.8,In Progress,Advanced,17.78571429,0,Dec
L002477,U030,18-09-2025,Python,Self Learning,1.4,92.5,49.8,In Progress,Beginner,66.07142857,0,Sep
L002478,U104,01-10-2025,Data Analytics,Online Course,5.4,42.5,66.2,In Progress,Advanced,7.87037037,0,Oct
L002479,U148,03-10-2025,Power BI,Workshop,5.3,62.7,77.4,In Progress,Beginner,11.83018868,0,Oct
L002480,U016,03-03-2025,Communication,Project,1.9,64.3,49.1,In Progress,Intermediate,33.84210526,0,Mar
L002481,U075,08-03-2025,Python,Self Learning,0,0,0,Not Started,Beginner,0,0,Mar
L002482,U094,06-10-2025,ServiceNow,Online Course,4.8,88.7,41.7,Dropped,Intermediate,18.47916667,0,Oct
L002483,U134,07-05-2025,Cloud,Project,3.1,87.7,51.5,In Progress,Intermediate,28.29032258,0,May
L002484,U112,22-01-2025,Cloud,Workshop,0,0,0,Not Started,Advanced,0,0,Jan
L002485,U096,14-01-2025,Machine Learning,Project,5.3,45.8,23.6,In Progress,Advanced,8.641509434,0,Jan
L002486,U111,06-12-2025,Java,Self Learning,4.7,59.1,58.8,In Progress,Advanced,12.57446809,0,Dec
L002487,U149,29-11-2025,Communication,Project,2.2,66.8,57.4,In Progress,Beginner,30.36363636,0,Nov
L002488,U156,16-06-2025,Communication,Workshop,0,0,0,Not Started,Beginner,0,0,Jun
L002489,U138,14-09-2025,ServiceNow,Certification,0,0,0,Not Started,Beginner,0,0,Sep
L002490,U032,03-09-2025,Python,Project,1,68.6,100,Completed,Advanced,68.6,1,Sep
L002491,U087,18-03-2025,SQL,Online Course,4.6,91.6,63,In Progress,Beginner,19.91304348,0,Mar
L002492,U130,23-05-2025,Excel,Self Learning,4.8,55.8,42.6,Dropped,Intermediate,11.625,0,May
L002493,U066,28-09-2025,Cloud,Project,0.6,73.2,65.6,Dropped,Beginner,122,0,Sep
L002494,U040,28-05-2025,SQL,Workshop,3.2,68.6,100,Completed,Intermediate,21.4375,1,May
L002495,U179,11-08-2025,Communication,Online Course,4.8,92,37.7,In Progress,Advanced,19.16666667,0,Aug
L002496,U001,02-03-2025,Excel,Project,1.1,76.7,100,Completed,Beginner,69.72727273,1,Mar
L002497,U020,23-08-2025,Cloud,Self Learning,4.7,57.6,92.5,In Progress,Beginner,12.25531915,0,Aug
L002498,U129,12-01-2025,ServiceNow,Workshop,1.5,58.9,90.4,In Progress,Intermediate,39.26666667,0,Jan
L002499,U082,08-11-2025,Communication,Certification,4.1,61.8,55.8,In Progress,Beginner,15.07317073,0,Nov
L002500,U093,20-03-2025,Power BI,Workshop,5,74.3,100,Completed,Advanced,14.86,1,Mar
L002501,U023,28-08-2025,SQL,Workshop,0,0,0,Not Started,Advanced,0,0,Aug
L002502,U151,19-08-2025,Communication,Self Learning,2.6,89.2,59.8,In Progress,Beginner,34.30769231,0,Aug
L002503,U051,30-09-2025,Communication,Workshop,3,81.4,100,Completed,Beginner,27.13333333,1,Sep
L002504,U019,30-10-2025,SQL,Certification,4.9,73.5,100,Completed,Advanced,15,1,Oct
L002505,U146,01-02-2025,Machine Learning,Certification,3.6,64.4,47.5,Dropped,Intermediate,17.88888889,0,Feb
L002506,U043,29-10-2025,Communication,Workshop,4.8,92.5,33.3,In Progress,Advanced,19.27083333,0,Oct
L002507,U124,11-09-2025,Data Analytics,Self Learning,3,74.8,100,Completed,Intermediate,24.93333333,1,Sep
L002508,U072,08-03-2025,Python,Online Course,4.9,51.5,53.6,In Progress,Beginner,10.51020408,0,Mar
L002509,U047,02-12-2025,Communication,Self Learning,2,95.3,100,Completed,Advanced,47.65,1,Dec
L002510,U040,01-02-2025,Java,Project,1.5,82.8,100,Completed,Beginner,55.2,1,Feb
L002511,U099,08-07-2025,Java,Online Course,1.7,84.7,79.8,In Progress,Advanced,49.82352941,0,Jul
L002512,U008,30-08-2025,Cloud,Workshop,3.2,59.5,16,In Progress,Beginner,18.59375,0,Aug
L002513,U160,17-10-2025,Machine Learning,Certification,0,0,0,Not Started,Beginner,0,0,Oct
L002514,U144,09-03-2025,Python,Workshop,5.2,60.7,17.4,In Progress,Advanced,11.67307692,0,Mar
L002515,U028,19-01-2025,ServiceNow,Online Course,0,0,0,Not Started,Advanced,0,0,Jan
L002516,U137,24-12-2025,Cloud,Certification,5.8,51.3,90.2,In Progress,Advanced,8.844827586,0,Dec
L002517,U130,31-05-2025,Python,Project,5.7,41.6,34.8,In Progress,Beginner,7.298245614,0,May
L002518,U085,08-12-2025,Communication,Self Learning,1.8,81.6,100,Completed,Advanced,45.33333333,1,Dec
L002519,U173,14-01-2025,Communication,Project,5.5,90.8,84.5,In Progress,Beginner,16.50909091,0,Jan
L002520,U015,16-05-2025,Java,Online Course,1.2,47.7,16,Dropped,Beginner,39.75,0,May
L002521,U141,23-04-2025,Machine Learning,Certification,2.3,91,54,In Progress,Advanced,39.56521739,0,Apr
L002522,U093,03-10-2025,Data Analytics,Project,2.9,77.2,100,Completed,Intermediate,26.62068966,1,Oct
L002523,U081,27-02-2025,Excel,Certification,2.2,74.7,94.6,In Progress,Advanced,33.95454545,0,Feb
L002524,U156,25-03-2025,Machine Learning,Certification,1.6,49.5,28.2,In Progress,Beginner,30.9375,0,Mar
L002525,U134,27-05-2025,Power BI,Self Learning,3.1,98.2,100,Completed,Beginner,31.67741935,1,May
L002526,U099,27-12-2025,Cloud,Project,1.3,43.7,67.8,In Progress,Advanced,33.61538462,0,Dec
L002527,U058,26-05-2025,Machine Learning,Certification,0,0,0,Not Started,Advanced,0,0,May
L002528,U053,21-07-2025,Power BI,Project,4.4,60.8,50.1,In Progress,Intermediate,13.81818182,0,Jul
L002529,U100,11-01-2025,Power BI,Certification,0.9,94.7,100,Completed,Beginner,105.2222222,1,Jan
L002530,U199,16-11-2025,Cloud,Workshop,0,0,0,Not Started,Advanced,0,0,Nov
L002531,U038,12-03-2025,Excel,Project,5.3,41.8,78.9,In Progress,Intermediate,7.886792453,0,Mar
L002532,U001,16-03-2025,Communication,Self Learning,5.6,49,26.5,In Progress,Beginner,8.75,0,Mar
L002533,U197,30-04-2025,Excel,Self Learning,2.3,83.7,88.2,In Progress,Advanced,36.39130435,0,Apr
L002534,U195,19-12-2025,Data Analytics,Self Learning,1.3,98.8,67,In Progress,Advanced,76,0,Dec
L002535,U028,04-01-2025,Machine Learning,Self Learning,3.7,93.2,54,Dropped,Intermediate,25.18918919,0,Jan
L002536,U030,14-07-2025,Python,Project,1.1,67.1,100,Completed,Advanced,61,1,Jul
L002537,U176,04-11-2025,Power BI,Self Learning,3.8,73.3,54.1,In Progress,Beginner,19.28947368,0,Nov
L002538,U165,08-06-2025,Power BI,Project,1,65.1,56,Dropped,Advanced,65.1,0,Jun
L002539,U040,06-12-2025,Machine Learning,Self Learning,6,40.5,26.3,In Progress,Intermediate,6.75,0,Dec
L002540,U154,20-02-2025,ServiceNow,Workshop,5.8,61.8,39.9,In Progress,Intermediate,10.65517241,0,Feb
L002541,U112,14-10-2025,Power BI,Project,5.6,51.8,79,In Progress,Intermediate,9.25,0,Oct
L002542,U140,25-05-2025,SQL,Project,0.6,77.5,32.6,In Progress,Beginner,129.1666667,0,May
L002543,U052,18-12-2025,Cloud,Self Learning,1.2,58.6,11.6,In Progress,Intermediate,48.83333333,0,Dec
L002544,U176,03-03-2025,ServiceNow,Certification,0.9,49.1,23,In Progress,Beginner,54.55555556,0,Mar
L002545,U073,01-09-2025,ServiceNow,Workshop,1,65.3,100,Completed,Advanced,65.3,1,Sep
L002546,U126,06-06-2025,Excel,Workshop,5,78.7,37.1,In Progress,Advanced,15.74,0,Jun
L002547,U130,14-05-2025,Power BI,Workshop,1.4,79.3,100,Completed,Intermediate,56.64285714,1,May
L002548,U128,12-10-2025,Data Analytics,Workshop,4.8,83.9,100,Completed,Advanced,17.47916667,1,Oct
L002549,U143,05-02-2025,Machine Learning,Workshop,5.3,85.6,13,In Progress,Intermediate,16.1509434,0,Feb
L002550,U018,08-01-2025,Cloud,Workshop,1.8,79.1,100,Completed,Beginner,43.94444444,1,Jan
L002551,U186,17-03-2025,Machine Learning,Certification,0.9,74.3,61,In Progress,Beginner,82.55555556,0,Mar
L002552,U118,25-01-2025,Cloud,Project,3.5,66.9,53.7,Dropped,Beginner,19.11428571,0,Jan
L002553,U090,19-12-2025,Data Analytics,Project,3,88.3,100,Completed,Beginner,29.43333333,1,Dec
L002554,U060,15-02-2025,Machine Learning,Workshop,3.8,50.2,85.4,In Progress,Intermediate,13.21052632,0,Feb
L002555,U075,31-07-2025,SQL,Project,0.7,59.6,54.7,Dropped,Intermediate,85.14285714,0,Jul
L002556,U067,06-11-2025,Java,Self Learning,2.6,53.1,21.5,In Progress,Advanced,20.42307692,0,Nov
L002557,U191,05-08-2025,Python,Certification,1.3,53.2,39.1,Dropped,Intermediate,40.92307692,0,Aug
L002558,U007,12-04-2025,Machine Learning,Project,4.2,74,76.2,In Progress,Beginner,17.61904762,0,Apr
L002559,U079,22-01-2025,Excel,Online Course,1.6,92,19.5,In Progress,Beginner,57.5,0,Jan
L002560,U022,29-04-2025,Machine Learning,Workshop,5.3,48.4,14.7,In Progress,Intermediate,9.132075472,0,Apr
L002561,U052,05-02-2025,Communication,Online Course,1.8,68.2,100,Completed,Beginner,37.88888889,1,Feb
L002562,U045,14-11-2025,SQL,Self Learning,0.9,95.2,100,Completed,Intermediate,105.7777778,1,Nov
L002563,U047,24-12-2025,ServiceNow,Self Learning,2.6,56.8,98.6,In Progress,Intermediate,21.84615385,0,Dec
L002564,U029,22-06-2025,Excel,Project,5.2,61.3,3.5,In Progress,Advanced,11.78846154,0,Jun
L002565,U118,31-01-2025,SQL,Workshop,3.6,72.4,100,Completed,Advanced,20.11111111,1,Jan
L002566,U045,24-07-2025,Cloud,Self Learning,2.6,74.5,32.6,In Progress,Intermediate,28.65384615,0,Jul
L002567,U176,20-03-2025,Cloud,Workshop,0,0,0,Not Started,Beginner,0,0,Mar
L002568,U110,19-12-2025,Power BI,Self Learning,2,84.8,95.6,In Progress,Beginner,42.4,0,Dec
L002569,U147,11-05-2025,Machine Learning,Project,5.1,56.4,4.1,In Progress,Intermediate,11.05882353,0,May
L002570,U012,10-02-2025,ServiceNow,Online Course,1,79.3,16.9,In Progress,Beginner,79.3,0,Feb
L002571,U015,28-03-2025,Excel,Online Course,1.1,41.7,58.5,Dropped,Intermediate,37.90909091,0,Mar
L002572,U007,19-05-2025,Machine Learning,Certification,4.2,66.1,24.4,In Progress,Intermediate,15.73809524,0,May
L002573,U172,10-08-2025,Cloud,Project,2.2,60,47.7,In Progress,Intermediate,27.27272727,0,Aug
L002574,U034,18-07-2025,Communication,Certification,1.4,50.8,0.7,In Progress,Advanced,36.28571429,0,Jul
L002575,U126,25-06-2025,Machine Learning,Project,0,0,0,Not Started,Intermediate,0,0,Jun
L002576,U158,26-08-2025,Data Analytics,Project,5.2,62.6,69.9,In Progress,Intermediate,12.03846154,0,Aug
L002577,U195,11-08-2025,Cloud,Workshop,4,87.8,100,Completed,Beginner,21.95,1,Aug
L002578,U141,15-03-2025,Cloud,Certification,2.8,57.5,22.9,Dropped,Intermediate,20.53571429,0,Mar
L002579,U120,13-01-2025,Power BI,Certification,2.9,44.3,16.6,In Progress,Advanced,15.27586207,0,Jan
L002580,U054,02-03-2025,Excel,Self Learning,2.3,94.8,100,Completed,Advanced,41.2173913,1,Mar
L002581,U007,19-09-2025,Excel,Workshop,1.1,70.4,39.2,In Progress,Advanced,64,0,Sep
L002582,U128,30-11-2025,Excel,Self Learning,2.1,67.9,60.9,In Progress,Advanced,32.33333333,0,Nov
L002583,U173,15-09-2025,Data Analytics,Online Course,3.3,45.1,99.2,In Progress,Beginner,13.66666667,0,Sep
L002584,U022,20-04-2025,SQL,Online Course,5.6,70.7,100,Completed,Beginner,12.625,1,Apr
L002585,U029,19-08-2025,Excel,Project,3.8,91.8,2.7,In Progress,Intermediate,24.15789474,0,Aug
L002586,U032,29-12-2025,Power BI,Certification,4.8,93.6,100,Completed,Beginner,19.5,1,Dec
L002587,U104,11-04-2025,Data Analytics,Workshop,5.1,69.2,72.2,In Progress,Beginner,13.56862745,0,Apr
L002588,U094,15-04-2025,Excel,Certification,2.9,46.4,58.6,In Progress,Beginner,16,0,Apr
L002589,U109,31-01-2025,SQL,Workshop,5.3,75.6,49.9,Dropped,Beginner,14.26415094,0,Jan
L002590,U198,22-04-2025,Power BI,Certification,4.9,84.3,10.2,In Progress,Advanced,17.20408163,0,Apr
L002591,U070,28-02-2025,Python,Online Course,2.2,74,100,Completed,Intermediate,33.63636364,1,Feb
L002592,U009,12-09-2025,Python,Self Learning,5.1,71.1,100,Completed,Beginner,13.94117647,1,Sep
L002593,U103,24-02-2025,Data Analytics,Workshop,3.3,42.3,36,Dropped,Beginner,12.81818182,0,Feb
L002594,U033,07-08-2025,Excel,Certification,5.5,92.1,7.6,In Progress,Advanced,16.74545455,0,Aug
L002595,U165,04-06-2025,SQL,Self Learning,1.4,97.1,100,Completed,Beginner,69.35714286,1,Jun
L002596,U138,18-06-2025,Machine Learning,Self Learning,3,62.4,68.4,Dropped,Intermediate,20.8,0,Jun
L002597,U179,30-09-2025,Cloud,Certification,4.1,44.2,66.7,In Progress,Advanced,10.7804878,0,Sep
L002598,U161,28-06-2025,Cloud,Online Course,5.9,79.5,58.5,In Progress,Beginner,13.47457627,0,Jun
L002599,U049,04-04-2025,Communication,Workshop,4.1,80.6,100,Completed,Advanced,19.65853659,1,Apr
L002600,U119,29-08-2025,Power BI,Workshop,0.5,81.5,63.1,In Progress,Advanced,163,0,Aug
L002601,U121,31-03-2025,Cloud,Self Learning,5.1,91.2,100,Completed,Intermediate,17.88235294,1,Mar
L002602,U016,29-04-2025,ServiceNow,Online Course,5.2,74.9,31,Dropped,Advanced,14.40384615,0,Apr
L002603,U136,10-01-2025,Machine Learning,Self Learning,2.2,75.2,4.3,In Progress,Intermediate,34.18181818,0,Jan
L002604,U194,18-07-2025,Python,Project,1.3,80.8,1.8,In Progress,Advanced,62.15384615,0,Jul
L002605,U012,02-07-2025,Machine Learning,Self Learning,4.9,44.4,39.8,In Progress,Beginner,9.06122449,0,Jul
L002606,U051,05-06-2025,Power BI,Project,1.4,75.5,52.2,Dropped,Advanced,53.92857143,0,Jun
L002607,U164,27-08-2025,Communication,Online Course,4.2,85.2,100,Completed,Advanced,20.28571429,1,Aug
L002608,U096,07-06-2025,Power BI,Online Course,5.6,81.2,55.3,In Progress,Beginner,14.5,0,Jun
L002609,U162,09-12-2025,ServiceNow,Workshop,0,0,0,Not Started,Beginner,0,0,Dec
L002610,U074,18-03-2025,Python,Self Learning,5.8,78.3,50,In Progress,Advanced,13.5,0,Mar
L002611,U047,26-01-2025,SQL,Online Course,0.6,93.4,55.6,In Progress,Intermediate,155.6666667,0,Jan
L002612,U136,04-02-2025,Python,Workshop,1.4,93.6,51.4,In Progress,Advanced,66.85714286,0,Feb
L002613,U163,06-11-2025,Excel,Workshop,2,91.8,100,Completed,Beginner,45.9,1,Nov
L002614,U037,25-06-2025,Data Analytics,Self Learning,2.5,62.4,26.6,In Progress,Beginner,24.96,0,Jun
L002615,U136,07-12-2025,Excel,Online Course,5.4,79.2,100,Completed,Beginner,14.66666667,1,Dec
L002616,U112,24-02-2025,Excel,Workshop,0,0,0,Not Started,Beginner,0,0,Feb
L002617,U159,30-07-2025,Communication,Online Course,0.9,97.3,77.8,In Progress,Beginner,108.1111111,0,Jul
L002618,U142,27-03-2025,Power BI,Self Learning,0,0,0,Not Started,Advanced,0,0,Mar
L002619,U005,10-11-2025,Java,Online Course,5.2,98.7,100,Completed,Intermediate,18.98076923,1,Nov
L002620,U112,24-06-2025,Excel,Online Course,0,0,0,Not Started,Beginner,0,0,Jun
L002621,U065,22-10-2025,Data Analytics,Workshop,0,0,0,Not Started,Intermediate,0,0,Oct
L002622,U121,22-12-2025,Java,Self Learning,3.8,98.5,100,Completed,Intermediate,25.92105263,1,Dec
L002623,U143,25-06-2025,Java,Project,6,91,100,Completed,Advanced,15.16666667,1,Jun
L002624,U111,16-10-2025,ServiceNow,Online Course,3.9,76.7,100,Completed,Beginner,19.66666667,1,Oct
L002625,U170,13-06-2025,Data Analytics,Workshop,4.1,83.8,0.6,In Progress,Advanced,20.43902439,0,Jun
L002626,U171,30-03-2025,ServiceNow,Self Learning,0,0,0,Not Started,Beginner,0,0,Mar
L002627,U137,31-10-2025,Power BI,Project,3,53.4,38.7,In Progress,Intermediate,17.8,0,Oct
L002628,U106,30-10-2025,Communication,Online Course,2.6,45.2,35.3,In Progress,Advanced,17.38461538,0,Oct
L002629,U046,27-02-2025,Communication,Workshop,4.8,72.9,100,Completed,Intermediate,15.1875,1,Feb
L002630,U133,23-07-2025,SQL,Workshop,4.7,87.9,51.1,In Progress,Intermediate,18.70212766,0,Jul
L002631,U098,07-09-2025,Java,Online Course,5.7,92.1,100,Completed,Beginner,16.15789474,1,Sep
L002632,U051,12-05-2025,Communication,Project,5.7,76.9,5.3,In Progress,Beginner,13.49122807,0,May
L002633,U060,20-12-2025,Excel,Certification,4.1,80.7,15.6,In Progress,Advanced,19.68292683,0,Dec
L002634,U077,22-02-2025,Excel,Project,1.7,71.2,67.5,In Progress,Advanced,41.88235294,0,Feb
L002635,U058,10-04-2025,Excel,Online Course,2.6,86.8,63.3,Dropped,Advanced,33.38461538,0,Apr
L002636,U098,28-08-2025,Cloud,Project,3.3,91.4,100,Completed,Beginner,27.6969697,1,Aug
L002637,U157,25-04-2025,Communication,Online Course,0,0,0,Not Started,Intermediate,0,0,Apr
L002638,U111,11-08-2025,Communication,Workshop,1.8,68.6,100,Completed,Intermediate,38.11111111,1,Aug
L002639,U091,18-02-2025,Excel,Self Learning,1.9,79.6,100,Completed,Advanced,41.89473684,1,Feb
L002640,U117,30-11-2025,Java,Online Course,5.9,75.9,32.5,In Progress,Beginner,12.86440678,0,Nov
L002641,U102,08-02-2025,Java,Certification,4.2,76.6,100,Completed,Advanced,18.23809524,1,Feb
L002642,U100,29-07-2025,Machine Learning,Certification,3.2,73.4,100,Completed,Intermediate,22.9375,1,Jul
L002643,U090,08-06-2025,Power BI,Self Learning,3.7,96.3,100,Completed,Advanced,26.02702703,1,Jun
L002644,U117,14-07-2025,SQL,Project,0.6,71.4,100,Completed,Intermediate,119,1,Jul
L002645,U074,02-04-2025,Power BI,Online Course,4,85.8,87.2,In Progress,Intermediate,21.45,0,Apr
L002646,U122,25-07-2025,Python,Self Learning,1.9,74.8,68.7,In Progress,Advanced,39.36842105,0,Jul
L002647,U127,16-09-2025,Data Analytics,Certification,5.2,69.9,14.1,In Progress,Beginner,13.44230769,0,Sep
L002648,U182,27-12-2025,Cloud,Certification,1.5,52.1,42,In Progress,Beginner,34.73333333,0,Dec
L002649,U022,04-03-2025,Communication,Online Course,2.7,91.8,100,Completed,Advanced,34,1,Mar
L002650,U181,01-12-2025,SQL,Workshop,3.1,40.4,49,In Progress,Beginner,13.03225806,0,Dec
L002651,U157,19-03-2025,Python,Project,3.9,96.7,100,Completed,Advanced,24.79487179,1,Mar
L002652,U082,11-02-2025,Data Analytics,Online Course,4.9,49.6,61.3,In Progress,Advanced,10.12244898,0,Feb
L002653,U180,19-10-2025,Data Analytics,Self Learning,1.3,67.9,88.9,In Progress,Intermediate,52.23076923,0,Oct
L002654,U024,15-08-2025,Excel,Workshop,3.4,95.1,100,Completed,Beginner,27.97058824,1,Aug
L002655,U191,10-09-2025,Data Analytics,Certification,0,0,0,Not Started,Advanced,0,0,Sep
L002656,U025,05-07-2025,Python,Online Course,5.8,44.4,7.7,In Progress,Intermediate,7.655172414,0,Jul
L002657,U187,26-07-2025,Communication,Online Course,2.8,64.3,57.6,In Progress,Intermediate,22.96428571,0,Jul
L002658,U062,03-11-2025,Excel,Workshop,4.7,84.5,100,Completed,Intermediate,17.9787234,1,Nov
L002659,U021,25-07-2025,Excel,Online Course,3.4,78.3,100,Completed,Advanced,23.02941176,1,Jul
L002660,U140,14-06-2025,Java,Certification,1,64.8,57.6,In Progress,Intermediate,64.8,0,Jun
L002661,U093,04-01-2025,Excel,Certification,0,0,0,Not Started,Advanced,0,0,Jan
L002662,U055,11-05-2025,Communication,Workshop,4.2,56,21.4,In Progress,Advanced,13.33333333,0,May
L002663,U087,26-06-2025,Power BI,Project,1.8,43.5,17.3,In Progress,Advanced,24.16666667,0,Jun
L002664,U055,05-10-2025,Machine Learning,Workshop,5.4,67.4,41.3,In Progress,Beginner,12.48148148,0,Oct
L002665,U173,13-12-2025,Java,Self Learning,4.2,100,5.1,In Progress,Advanced,23.80952381,0,Dec
L002666,U145,21-08-2025,Communication,Project,3.4,74.1,17.4,In Progress,Advanced,21.79411765,0,Aug
L002667,U037,12-10-2025,SQL,Project,1.8,67.8,26,In Progress,Advanced,37.66666667,0,Oct
L002668,U152,16-04-2025,Excel,Workshop,4.3,81.9,100,Completed,Beginner,19.04651163,1,Apr
L002669,U093,20-03-2025,Communication,Self Learning,4.9,55.5,28.2,In Progress,Advanced,11.32653061,0,Mar
L002670,U108,09-07-2025,Data Analytics,Online Course,4.3,84.7,100,Completed,Advanced,19.69767442,1,Jul
L002671,U022,14-12-2025,SQL,Self Learning,3.1,79,9.5,In Progress,Advanced,25.48387097,0,Dec
L002672,U014,31-01-2025,Excel,Self Learning,2.4,72.7,100,Completed,Beginner,30.29166667,1,Jan
L002673,U123,13-11-2025,SQL,Workshop,3,67.3,41,In Progress,Intermediate,22.43333333,0,Nov
L002674,U090,20-12-2025,Java,Project,2.8,89.2,16.1,In Progress,Intermediate,31.85714286,0,Dec
L002675,U087,23-03-2025,Power BI,Project,4.7,93.4,100,Completed,Advanced,19.87234043,1,Mar
L002676,U056,07-03-2025,ServiceNow,Project,3.8,70.5,72.7,In Progress,Intermediate,18.55263158,0,Mar
L002677,U052,18-09-2025,Java,Project,2.7,62.9,23,In Progress,Intermediate,23.2962963,0,Sep
L002678,U019,28-12-2025,Machine Learning,Online Course,1.1,81.7,100,Completed,Advanced,74.27272727,1,Dec
L002679,U172,18-01-2025,Cloud,Certification,2.8,61.4,56.3,In Progress,Advanced,21.92857143,0,Jan
L002680,U122,10-09-2025,Cloud,Project,5,99.8,100,Completed,Intermediate,19.96,1,Sep
L002681,U133,24-03-2025,Cloud,Certification,5.5,44.3,22.3,In Progress,Advanced,8.054545455,0,Mar
L002682,U139,01-01-2025,SQL,Self Learning,4,97.3,20.2,In Progress,Beginner,24.325,0,Jan
L002683,U134,10-06-2025,Communication,Workshop,1.9,85.5,31.3,In Progress,Beginner,45,0,Jun
L002684,U127,26-10-2025,Machine Learning,Online Course,5.3,68.1,100,Completed,Advanced,12.8490566,1,Oct
L002685,U052,13-10-2025,Machine Learning,Project,0.9,69.3,100,Completed,Intermediate,77,1,Oct
L002686,U002,29-04-2025,Data Analytics,Certification,4.6,73.1,35.8,Dropped,Beginner,15.89130435,0,Apr
L002687,U102,19-04-2025,Cloud,Project,0,0,0,Not Started,Advanced,0,0,Apr
L002688,U166,17-08-2025,Java,Self Learning,1.2,75.3,75.8,In Progress,Advanced,62.75,0,Aug
L002689,U186,23-02-2025,Cloud,Project,1,69.9,100,Completed,Beginner,69.9,1,Feb
L002690,U077,01-05-2025,Cloud,Certification,5.6,54.1,82.9,In Progress,Advanced,9.660714286,0,May
L002691,U151,25-12-2025,ServiceNow,Self Learning,1.2,61.8,70.7,In Progress,Intermediate,51.5,0,Dec
L002692,U189,25-12-2025,ServiceNow,Workshop,4.8,62.5,80.5,In Progress,Intermediate,13.02083333,0,Dec
L002693,U032,21-05-2025,Communication,Online Course,4.2,92.1,56.8,Dropped,Intermediate,21.92857143,0,May
L002694,U134,11-11-2025,Power BI,Online Course,5.8,81.2,94.5,In Progress,Beginner,14,0,Nov
L002695,U073,28-01-2025,Excel,Project,5.9,68.7,81.2,In Progress,Advanced,11.6440678,0,Jan
L002696,U152,26-12-2025,Cloud,Project,4.2,67.2,78.8,In Progress,Beginner,16,0,Dec
L002697,U009,17-06-2025,Machine Learning,Certification,0,0,0,Not Started,Beginner,0,0,Jun
L002698,U073,22-08-2025,Excel,Project,5.6,53.5,71.1,In Progress,Advanced,9.553571429,0,Aug
L002699,U010,06-02-2025,Cloud,Workshop,1.3,60.1,58.6,Dropped,Advanced,46.23076923,0,Feb
L002700,U087,02-02-2025,Communication,Self Learning,3.1,71.6,33.8,Dropped,Beginner,23.09677419,0,Feb
L002701,U069,03-11-2025,Python,Workshop,2.1,73.6,10.6,Dropped,Intermediate,35.04761905,0,Nov
L002702,U037,21-05-2025,Power BI,Project,0.6,69.8,100,Completed,Beginner,116.3333333,1,May
L002703,U070,28-08-2025,Machine Learning,Project,4.2,88.9,23.6,In Progress,Intermediate,21.16666667,0,Aug
L002704,U159,25-08-2025,Java,Online Course,0,0,0,Not Started,Beginner,0,0,Aug
L002705,U003,28-03-2025,Java,Certification,2.2,69.3,34.5,In Progress,Advanced,31.5,0,Mar
L002706,U064,08-02-2025,Data Analytics,Certification,3.6,91.9,56.6,In Progress,Beginner,25.52777778,0,Feb
L002707,U074,16-12-2025,SQL,Certification,2.7,89.5,100,Completed,Beginner,33.14814815,1,Dec
L002708,U156,13-10-2025,SQL,Workshop,4.6,49,35.6,In Progress,Intermediate,10.65217391,0,Oct
L002709,U183,17-09-2025,Python,Online Course,3.5,67.9,100,Completed,Advanced,19.4,1,Sep
L002710,U015,25-12-2025,Power BI,Workshop,4.6,90.8,1.3,In Progress,Intermediate,19.73913043,0,Dec
L002711,U034,05-08-2025,Cloud,Certification,1,92,99.6,In Progress,Advanced,92,0,Aug
L002712,U158,26-02-2025,Python,Project,0,0,0,Not Started,Intermediate,0,0,Feb
L002713,U054,25-08-2025,Power BI,Online Course,4.9,71.1,64.3,Dropped,Advanced,14.51020408,0,Aug
L002714,U138,31-05-2025,Cloud,Online Course,2.1,75,21.6,In Progress,Intermediate,35.71428571,0,May
L002715,U011,16-04-2025,SQL,Online Course,4.3,73.4,74.7,In Progress,Intermediate,17.06976744,0,Apr
L002716,U150,07-06-2025,Communication,Online Course,2.6,82.8,100,Completed,Intermediate,31.84615385,1,Jun
L002717,U102,23-11-2025,Cloud,Workshop,0,0,0,Not Started,Advanced,0,0,Nov
L002718,U131,31-12-2025,Machine Learning,Certification,3.7,70.5,100,Completed,Beginner,19.05405405,1,Dec
L002719,U169,11-01-2025,Cloud,Online Course,4.8,92.5,76.4,In Progress,Advanced,19.27083333,0,Jan
L002720,U127,01-12-2025,Communication,Workshop,2.8,89.3,9.7,In Progress,Intermediate,31.89285714,0,Dec
L002721,U097,24-09-2025,Power BI,Workshop,0.6,89.1,100,Completed,Intermediate,148.5,1,Sep
L002722,U166,04-12-2025,Data Analytics,Workshop,0,0,0,Not Started,Advanced,0,0,Dec
L002723,U027,06-05-2025,Machine Learning,Project,1.7,49.3,45.7,In Progress,Intermediate,29,0,May
L002724,U066,09-06-2025,SQL,Certification,0.9,90.4,16.5,In Progress,Intermediate,100.4444444,0,Jun
L002725,U061,12-06-2025,Python,Self Learning,0,0,0,Not Started,Intermediate,0,0,Jun
L002726,U194,29-06-2025,ServiceNow,Online Course,3.9,70.3,100,Completed,Advanced,18.02564103,1,Jun
L002727,U121,13-03-2025,Data Analytics,Certification,3.5,44.2,25.6,In Progress,Advanced,12.62857143,0,Mar
L002728,U161,07-08-2025,SQL,Online Course,1.4,78.4,100,Completed,Beginner,56,1,Aug
L002729,U197,01-05-2025,Data Analytics,Online Course,5,81.9,100,Completed,Beginner,16.38,1,May
L002730,U200,27-08-2025,Python,Workshop,5.2,91.6,93.3,In Progress,Beginner,17.61538462,0,Aug
L002731,U045,23-09-2025,Python,Workshop,5.7,79,100,Completed,Intermediate,13.85964912,1,Sep
L002732,U152,05-09-2025,ServiceNow,Self Learning,5.2,81.9,77.6,In Progress,Intermediate,15.75,0,Sep
L002733,U119,02-06-2025,Power BI,Online Course,1.2,51.8,29.1,Dropped,Advanced,43.16666667,0,Jun
L002734,U077,19-07-2025,Machine Learning,Online Course,5.7,58.6,26.2,Dropped,Beginner,10.28070175,0,Jul
L002735,U047,19-12-2025,Cloud,Certification,5.2,65.5,100,Completed,Intermediate,12.59615385,1,Dec
L002736,U105,25-01-2025,Machine Learning,Workshop,4.7,69.7,100,Completed,Advanced,14.82978723,1,Jan
L002737,U113,27-06-2025,Java,Project,5.9,76.4,68.9,Dropped,Advanced,12.94915254,0,Jun
L002738,U160,20-05-2025,ServiceNow,Self Learning,0,0,0,Not Started,Intermediate,0,0,May
L002739,U011,31-08-2025,Power BI,Workshop,2.7,83.7,7.4,In Progress,Advanced,31,0,Aug
L002740,U112,19-08-2025,SQL,Online Course,4.1,52.2,56.4,In Progress,Advanced,12.73170732,0,Aug
L002741,U051,10-10-2025,Python,Online Course,5,92.4,10.7,In Progress,Advanced,18.48,0,Oct
L002742,U019,17-09-2025,Java,Self Learning,5.6,62.3,14.1,In Progress,Advanced,11.125,0,Sep
L002743,U106,25-02-2025,Java,Self Learning,5.1,73.6,58.6,In Progress,Advanced,14.43137255,0,Feb
L002744,U112,07-03-2025,Machine Learning,Project,5.2,90.1,100,Completed,Beginner,17.32692308,1,Mar
L002745,U134,27-11-2025,Cloud,Online Course,2.8,65.9,77.7,In Progress,Intermediate,23.53571429,0,Nov
L002746,U171,08-10-2025,Python,Certification,2.9,65.3,55.7,In Progress,Advanced,22.51724138,0,Oct
L002747,U086,09-10-2025,Data Analytics,Online Course,1.1,55.5,25.2,In Progress,Intermediate,50.45454545,0,Oct
L002748,U139,13-01-2025,Data Analytics,Online Course,4.8,99.1,100,Completed,Beginner,20.64583333,1,Jan
L002749,U147,09-10-2025,Cloud,Project,4.6,70.7,100,Completed,Intermediate,15.36956522,1,Oct
L002750,U023,25-04-2025,ServiceNow,Online Course,3.8,68.1,100,Completed,Beginner,17.92105263,1,Apr
L002751,U045,18-09-2025,Java,Workshop,3,40.9,39.9,In Progress,Intermediate,13.63333333,0,Sep
L002752,U121,28-03-2025,Java,Certification,0.5,77.1,65.2,In Progress,Beginner,154.2,0,Mar
L002753,U196,15-02-2025,Python,Workshop,0.7,80,86.5,In Progress,Beginner,114.2857143,0,Feb
L002754,U156,15-04-2025,Cloud,Self Learning,6,81.9,93.8,In Progress,Advanced,13.65,0,Apr
L002755,U084,30-09-2025,Python,Online Course,1.7,89.2,100,Completed,Intermediate,52.47058824,1,Sep
L002756,U181,27-12-2025,Python,Workshop,0,0,0,Not Started,Advanced,0,0,Dec
L002757,U176,24-01-2025,Excel,Online Course,4.3,83.9,100,Completed,Beginner,19.51162791,1,Jan
L002758,U105,16-07-2025,Excel,Workshop,3.8,84.7,60,In Progress,Advanced,22.28947368,0,Jul
L002759,U006,09-01-2025,Data Analytics,Certification,4.3,45.8,47.3,In Progress,Beginner,10.65116279,0,Jan
L002760,U003,25-02-2025,Java,Online Course,4.6,89.4,46.8,In Progress,Advanced,19.43478261,0,Feb
L002761,U115,08-04-2025,SQL,Self Learning,4.8,68.5,100,Completed,Intermediate,14.27083333,1,Apr
L002762,U156,13-10-2025,Power BI,Online Course,5.8,46.1,56.5,Dropped,Advanced,7.948275862,0,Oct
L002763,U066,07-12-2025,Cloud,Workshop,2.1,47.2,90.9,In Progress,Beginner,22.47619048,0,Dec
L002764,U030,26-03-2025,Cloud,Workshop,4.3,74.2,100,Completed,Beginner,17.25581395,1,Mar
L002765,U016,15-04-2025,SQL,Online Course,1.9,83.8,100,Completed,Beginner,44.10526316,1,Apr
L002766,U132,07-08-2025,Machine Learning,Self Learning,3.3,98.4,100,Completed,Beginner,29.81818182,1,Aug
L002767,U031,11-11-2025,Power BI,Workshop,4,70.2,100,Completed,Beginner,17.55,1,Nov
L002768,U062,22-03-2025,ServiceNow,Self Learning,0,0,0,Not Started,Beginner,0,0,Mar
L002769,U024,16-06-2025,Python,Self Learning,4.2,78.1,51,Dropped,Advanced,18.5952381,0,Jun
L002770,U105,11-08-2025,Cloud,Workshop,0,0,0,Not Started,Beginner,0,0,Aug
L002771,U200,25-06-2025,Cloud,Project,0.6,95.3,100,Completed,Beginner,158.8333333,1,Jun
L002772,U040,06-11-2025,Machine Learning,Workshop,4.4,76.2,100,Completed,Intermediate,17.31818182,1,Nov
L002773,U053,16-05-2025,Excel,Self Learning,0,0,0,Not Started,Beginner,0,0,May
L002774,U091,08-02-2025,Cloud,Workshop,3.9,45.4,58.3,In Progress,Advanced,11.64102564,0,Feb
L002775,U178,27-10-2025,Power BI,Certification,3.7,44,80.3,In Progress,Intermediate,11.89189189,0,Oct
L002776,U172,21-02-2025,ServiceNow,Self Learning,1.9,78.2,100,Completed,Beginner,41.15789474,1,Feb
L002777,U127,19-03-2025,Python,Self Learning,1.6,75.1,33.4,Dropped,Beginner,46.9375,0,Mar
L002778,U081,20-09-2025,Cloud,Workshop,1.6,42.1,53.3,In Progress,Advanced,26.3125,0,Sep
L002779,U102,18-12-2025,Power BI,Workshop,3.7,90.3,100,Completed,Beginner,24.40540541,1,Dec
L002780,U085,13-11-2025,Communication,Certification,0.7,67,100,Completed,Advanced,95.71428571,1,Nov
L002781,U005,22-01-2025,Java,Workshop,3,87,85.7,In Progress,Advanced,29,0,Jan
L002782,U040,31-03-2025,Python,Project,3,75.5,98.4,In Progress,Beginner,25.16666667,0,Mar
L002783,U117,27-03-2025,Machine Learning,Project,1.4,75.2,18.1,In Progress,Intermediate,53.71428571,0,Mar
L002784,U035,11-07-2025,Communication,Online Course,2.6,55.2,74.3,In Progress,Beginner,21.23076923,0,Jul
L002785,U074,16-04-2025,Excel,Workshop,4.3,70.1,100,Completed,Advanced,16.30232558,1,Apr
L002786,U015,04-06-2025,Java,Project,2.7,82.3,38.1,In Progress,Advanced,30.48148148,0,Jun
L002787,U158,12-08-2025,Excel,Workshop,4.3,50.9,7.1,In Progress,Intermediate,11.8372093,0,Aug
L002788,U017,15-06-2025,Power BI,Self Learning,1.3,77.2,56.6,In Progress,Advanced,59.38461538,0,Jun
L002789,U136,01-01-2025,Python,Project,5.8,53.5,25.2,In Progress,Beginner,9.224137931,0,Jan
L002790,U045,24-11-2025,Data Analytics,Self Learning,0,0,0,Not Started,Intermediate,0,0,Nov
L002791,U096,17-11-2025,Cloud,Self Learning,4.2,83.6,86.7,In Progress,Beginner,19.9047619,0,Nov
L002792,U164,10-03-2025,Communication,Certification,4.4,54.3,92.5,In Progress,Intermediate,12.34090909,0,Mar
L002793,U141,30-06-2025,Excel,Online Course,4.5,83.5,100,Completed,Intermediate,18.55555556,1,Jun
L002794,U147,02-03-2025,Java,Online Course,5.3,90.1,100,Completed,Beginner,17,1,Mar
L002795,U106,21-08-2025,Cloud,Self Learning,4,75,26.3,In Progress,Advanced,18.75,0,Aug
L002796,U119,16-01-2025,Power BI,Workshop,5.5,73.1,18.2,Dropped,Advanced,13.29090909,0,Jan
L002797,U057,10-06-2025,Cloud,Workshop,0,0,0,Not Started,Beginner,0,0,Jun
L002798,U109,18-10-2025,Data Analytics,Online Course,4.2,80,100,Completed,Advanced,19.04761905,1,Oct
L002799,U176,12-12-2025,ServiceNow,Self Learning,3.2,88.8,4.8,In Progress,Intermediate,27.75,0,Dec
L002800,U106,22-12-2025,Communication,Workshop,0,0,0,Not Started,Intermediate,0,0,Dec
L002801,U178,08-02-2025,ServiceNow,Certification,5.1,94,21.8,In Progress,Advanced,18.43137255,0,Feb
L002802,U189,25-04-2025,Power BI,Certification,1.4,98,54.8,In Progress,Beginner,70,0,Apr
L002803,U179,05-01-2025,ServiceNow,Certification,3.3,65.8,52.8,In Progress,Beginner,19.93939394,0,Jan
L002804,U017,29-12-2025,ServiceNow,Online Course,1.8,61.6,27.7,Dropped,Intermediate,34.22222222,0,Dec
L002805,U127,02-08-2025,ServiceNow,Project,5.1,70.8,100,Completed,Intermediate,13.88235294,1,Aug
L002806,U168,16-11-2025,Python,Online Course,3.3,66.5,49.1,In Progress,Intermediate,20.15151515,0,Nov
L002807,U061,16-11-2025,Machine Learning,Self Learning,1.5,76.1,100,Completed,Intermediate,50.73333333,1,Nov
L002808,U101,31-05-2025,Machine Learning,Self Learning,5.5,75.2,100,Completed,Intermediate,13.67272727,1,May
L002809,U087,13-06-2025,Java,Project,1.5,40.9,77.2,In Progress,Advanced,27.26666667,0,Jun
L002810,U161,28-09-2025,Power BI,Workshop,2.6,64.2,26.5,Dropped,Advanced,24.69230769,0,Sep
L002811,U094,15-12-2025,Excel,Online Course,1.2,69,62.7,Dropped,Intermediate,57.5,0,Dec
L002812,U068,02-10-2025,Cloud,Certification,2.6,63.9,49.1,In Progress,Beginner,24.57692308,0,Oct
L002813,U110,05-03-2025,SQL,Self Learning,0.8,47.8,48.4,In Progress,Beginner,59.75,0,Mar
L002814,U008,22-03-2025,Data Analytics,Project,0,0,0,Not Started,Intermediate,0,0,Mar
L002815,U199,12-12-2025,Cloud,Workshop,5.4,88.8,93.8,In Progress,Advanced,16.44444444,0,Dec
L002816,U136,16-10-2025,Communication,Workshop,5.3,94.1,48.3,In Progress,Beginner,17.75471698,0,Oct
L002817,U123,23-08-2025,Data Analytics,Workshop,5.2,77.3,90.8,In Progress,Beginner,14.86538462,0,Aug
L002818,U147,08-05-2025,ServiceNow,Project,3.5,67.2,100,Completed,Advanced,19.2,1,May
L002819,U200,20-06-2025,Communication,Certification,1.8,75.8,39.7,In Progress,Advanced,42.11111111,0,Jun
L002820,U193,25-07-2025,SQL,Online Course,1.8,84.8,56.4,In Progress,Intermediate,47.11111111,0,Jul
L002821,U173,17-11-2025,Excel,Self Learning,1.7,97.4,15.7,In Progress,Advanced,57.29411765,0,Nov
L002822,U173,24-06-2025,Cloud,Online Course,2,95.1,100,Completed,Intermediate,47.55,1,Jun
L002823,U045,05-08-2025,Java,Self Learning,3.9,97.9,43.5,Dropped,Advanced,25.1025641,0,Aug
L002824,U146,22-09-2025,SQL,Project,1.2,58.5,85.1,In Progress,Advanced,48.75,0,Sep
L002825,U002,07-10-2025,Data Analytics,Online Course,1,57.5,79.3,In Progress,Beginner,57.5,0,Oct
L002826,U039,18-07-2025,SQL,Online Course,5.5,47.1,58.4,Dropped,Advanced,8.563636364,0,Jul
L002827,U022,01-11-2025,Power BI,Workshop,3.9,61.8,73.1,In Progress,Advanced,15.84615385,0,Nov
L002828,U156,08-11-2025,Java,Workshop,3.8,66.2,100,Completed,Intermediate,17.42105263,1,Nov
L002829,U158,25-02-2025,Cloud,Project,4.2,59.9,99.3,In Progress,Beginner,14.26190476,0,Feb
L002830,U103,12-09-2025,Data Analytics,Online Course,0.8,43.6,64.2,In Progress,Intermediate,54.5,0,Sep
L002831,U164,17-01-2025,Machine Learning,Certification,4.4,82.1,17.6,Dropped,Beginner,18.65909091,0,Jan
L002832,U091,28-11-2025,Cloud,Workshop,5.2,71,45.8,In Progress,Advanced,13.65384615,0,Nov
L002833,U004,13-07-2025,Data Analytics,Project,5.8,46.1,11.2,Dropped,Advanced,7.948275862,0,Jul
L002834,U106,02-01-2025,SQL,Workshop,4.7,52.9,77.4,In Progress,Beginner,11.25531915,0,Jan
L002835,U151,10-03-2025,ServiceNow,Project,2.4,63.7,17.8,In Progress,Intermediate,26.54166667,0,Mar
L002836,U052,25-09-2025,Java,Certification,2.2,60.6,33.6,Dropped,Intermediate,27.54545455,0,Sep
L002837,U075,07-03-2025,Machine Learning,Self Learning,4.2,91.9,100,Completed,Beginner,21.88095238,1,Mar
L002838,U136,03-08-2025,Communication,Online Course,5.2,70.4,100,Completed,Advanced,13.53846154,1,Aug
L002839,U057,30-08-2025,SQL,Project,2.4,52.9,60.8,In Progress,Intermediate,22.04166667,0,Aug
L002840,U045,27-11-2025,Cloud,Workshop,5.5,88.8,100,Completed,Intermediate,16.14545455,1,Nov
L002841,U014,26-08-2025,Power BI,Workshop,3.9,68.1,17.5,In Progress,Advanced,17.46153846,0,Aug
L002842,U066,30-11-2025,Power BI,Self Learning,2.8,94,24.4,In Progress,Advanced,33.57142857,0,Nov
L002843,U185,12-06-2025,Cloud,Project,2.1,82.2,100,Completed,Beginner,39.14285714,1,Jun
L002844,U024,08-07-2025,Excel,Self Learning,1.1,93.2,6.7,In Progress,Advanced,84.72727273,0,Jul
L002845,U014,26-05-2025,Power BI,Workshop,5.5,60.6,6.2,In Progress,Intermediate,11.01818182,0,May
L002846,U046,31-10-2025,Excel,Project,0,0,0,Not Started,Intermediate,0,0,Oct
L002847,U092,23-01-2025,Power BI,Online Course,5.7,80.8,98.7,In Progress,Beginner,14.1754386,0,Jan
L002848,U023,02-11-2025,SQL,Self Learning,1.6,93.1,100,Completed,Beginner,58.1875,1,Nov
L002849,U094,14-04-2025,Java,Workshop,1.5,96.2,100,Completed,Advanced,64.13333333,1,Apr
L002850,U090,09-03-2025,Communication,Project,2.4,68.2,100,Completed,Advanced,28.41666667,1,Mar
L002851,U028,29-01-2025,SQL,Workshop,0,0,0,Not Started,Advanced,0,0,Jan
L002852,U182,22-04-2025,Machine Learning,Project,3.3,58.5,21.7,In Progress,Beginner,17.72727273,0,Apr
L002853,U080,19-10-2025,ServiceNow,Project,4.7,55.2,62,Dropped,Intermediate,11.74468085,0,Oct
L002854,U021,07-09-2025,ServiceNow,Self Learning,0,0,0,Not Started,Intermediate,0,0,Sep
L002855,U040,19-04-2025,Machine Learning,Online Course,3.6,90.2,47.7,Dropped,Beginner,25.05555556,0,Apr
L002856,U194,29-10-2025,Java,Online Course,2.9,81.6,74.6,In Progress,Advanced,28.13793103,0,Oct
L002857,U022,02-02-2025,Cloud,Certification,0.8,83.5,48.8,In Progress,Intermediate,104.375,0,Feb
L002858,U092,08-04-2025,Machine Learning,Project,2.4,59.7,20.8,In Progress,Intermediate,24.875,0,Apr
L002859,U044,13-08-2025,SQL,Project,0,0,0,Not Started,Advanced,0,0,Aug
L002860,U113,21-08-2025,Excel,Certification,2.6,88,100,Completed,Intermediate,33.84615385,1,Aug
L002861,U086,03-02-2025,Excel,Workshop,0,0,0,Not Started,Intermediate,0,0,Feb
L002862,U061,08-02-2025,Java,Online Course,0,0,0,Not Started,Advanced,0,0,Feb
L002863,U182,24-11-2025,Communication,Certification,3.9,83.6,2.8,In Progress,Intermediate,21.43589744,0,Nov
L002864,U074,30-07-2025,Cloud,Self Learning,0,0,0,Not Started,Advanced,0,0,Jul
L002865,U200,27-01-2025,ServiceNow,Self Learning,5.7,51.5,26.1,In Progress,Advanced,9.035087719,0,Jan
L002866,U117,08-03-2025,Data Analytics,Project,4.8,75.2,55.6,Dropped,Advanced,15.66666667,0,Mar
L002867,U087,08-06-2025,Data Analytics,Online Course,2.9,93.5,100,Completed,Beginner,32.24137931,1,Jun
L002868,U104,13-07-2025,ServiceNow,Online Course,4.7,64.4,26.6,Dropped,Advanced,13.70212766,0,Jul
L002869,U091,11-10-2025,Java,Self Learning,3.2,98.1,29.2,In Progress,Advanced,30.65625,0,Oct
L002870,U112,23-07-2025,Excel,Project,4.8,78,9.2,In Progress,Intermediate,16.25,0,Jul
L002871,U092,16-11-2025,Java,Certification,5,94.3,100,Completed,Intermediate,18.86,1,Nov
L002872,U175,04-01-2025,ServiceNow,Workshop,3.6,50.1,97.5,In Progress,Beginner,13.91666667,0,Jan
L002873,U185,07-06-2025,Java,Workshop,5.7,73.4,98.7,In Progress,Advanced,12.87719298,0,Jun
L002874,U092,07-02-2025,SQL,Certification,0,0,0,Not Started,Advanced,0,0,Feb
L002875,U099,29-09-2025,Excel,Self Learning,5.4,93.1,93.9,In Progress,Intermediate,17.24074074,0,Sep
L002876,U143,14-06-2025,Data Analytics,Project,2,79.3,100,Completed,Intermediate,39.65,1,Jun
L002877,U020,02-12-2025,Cloud,Self Learning,4.2,70.6,100,Completed,Intermediate,16.80952381,1,Dec
L002878,U132,29-11-2025,Python,Self Learning,2.4,40.6,89.2,In Progress,Advanced,16.91666667,0,Nov
L002879,U136,11-12-2025,SQL,Self Learning,0.6,40.6,96.6,In Progress,Advanced,67.66666667,0,Dec
L002880,U002,05-09-2025,Cloud,Certification,4.5,53.4,78.3,In Progress,Intermediate,11.86666667,0,Sep
L002881,U057,28-05-2025,Java,Online Course,0,0,0,Not Started,Advanced,0,0,May
L002882,U080,30-01-2025,Cloud,Project,0,0,0,Not Started,Advanced,0,0,Jan
L002883,U049,27-04-2025,Java,Self Learning,2.6,90.6,100,Completed,Beginner,34.84615385,1,Apr
L002884,U005,21-05-2025,Machine Learning,Certification,2.8,93.3,100,Completed,Advanced,33.32142857,1,May
L002885,U180,01-11-2025,Data Analytics,Project,5.1,86.6,93.7,In Progress,Intermediate,16.98039216,0,Nov
L002886,U021,24-05-2025,Data Analytics,Self Learning,1.3,67.2,24.5,Dropped,Advanced,51.69230769,0,May
L002887,U100,22-02-2025,Java,Certification,2.2,97.6,17.1,In Progress,Intermediate,44.36363636,0,Feb
L002888,U066,26-10-2025,Machine Learning,Online Course,4.9,48.2,50.7,In Progress,Advanced,9.836734694,0,Oct
L002889,U030,19-09-2025,Power BI,Certification,4.2,90,42.9,In Progress,Intermediate,21.42857143,0,Sep
L002890,U193,08-10-2025,Excel,Certification,2.7,87.3,19.2,In Progress,Intermediate,32.33333333,0,Oct
L002891,U038,19-03-2025,Power BI,Project,2.4,81.7,100,Completed,Advanced,34.04166667,1,Mar
L002892,U070,19-10-2025,Data Analytics,Certification,5,70.4,100,Completed,Advanced,14.08,1,Oct
L002893,U086,29-04-2025,Machine Learning,Workshop,4,92.8,54.9,In Progress,Beginner,23.2,0,Apr
L002894,U129,27-11-2025,Python,Workshop,2,72.2,17.1,In Progress,Beginner,36.1,0,Nov
L002895,U107,09-01-2025,SQL,Online Course,4.4,46.2,39.3,Dropped,Intermediate,10.5,0,Jan
L002896,U059,28-10-2025,Communication,Project,5.4,79.5,100,Completed,Intermediate,14.72222222,1,Oct
L002897,U046,07-01-2025,Excel,Project,2.5,62.9,50.6,In Progress,Beginner,25.16,0,Jan
L002898,U196,15-02-2025,Data Analytics,Self Learning,1.5,91.8,100,Completed,Intermediate,61.2,1,Feb
L002899,U102,06-02-2025,Java,Project,0,0,0,Not Started,Advanced,0,0,Feb
L002900,U174,27-09-2025,Python,Online Course,5.3,75.9,100,Completed,Intermediate,14.32075472,1,Sep
L002901,U095,12-07-2025,SQL,Self Learning,0.7,69.5,40.7,In Progress,Advanced,99.28571429,0,Jul
L002902,U199,04-01-2025,ServiceNow,Certification,5.4,71.7,100,Completed,Advanced,13.27777778,1,Jan
L002903,U078,19-08-2025,Python,Project,4.4,65.7,35,In Progress,Intermediate,14.93181818,0,Aug
L002904,U192,17-04-2025,ServiceNow,Online Course,3.7,73.6,99.2,In Progress,Beginner,19.89189189,0,Apr
L002905,U160,04-10-2025,Power BI,Certification,4.7,79.1,5.4,In Progress,Beginner,16.82978723,0,Oct
L002906,U130,22-10-2025,Cloud,Project,1.8,85.1,28,Dropped,Intermediate,47.27777778,0,Oct
L002907,U156,15-07-2025,Machine Learning,Workshop,5.9,97,55.2,In Progress,Beginner,16.44067797,0,Jul
L002908,U119,01-01-2025,Communication,Certification,1.1,67.3,100,Completed,Advanced,61.18181818,1,Jan
L002909,U004,04-11-2025,Python,Self Learning,5.9,85.7,100,Completed,Beginner,14.52542373,1,Nov
L002910,U107,05-09-2025,Power BI,Workshop,3.6,97.4,100,Completed,Beginner,27.05555556,1,Sep
L002911,U100,25-07-2025,Data Analytics,Project,4.2,52.7,53.7,Dropped,Intermediate,12.54761905,0,Jul
L002912,U020,02-12-2025,Java,Certification,2.4,54.2,43.6,Dropped,Intermediate,22.58333333,0,Dec
L002913,U061,12-09-2025,Excel,Online Course,4.1,63.6,60.8,In Progress,Advanced,15.51219512,0,Sep
L002914,U040,13-05-2025,SQL,Certification,2.3,67.8,100,Completed,Advanced,29.47826087,1,May
L002915,U118,04-10-2025,Java,Workshop,1.4,94.6,100,Completed,Intermediate,67.57142857,1,Oct
L002916,U045,15-09-2025,Power BI,Self Learning,4.2,48.5,0.9,In Progress,Intermediate,11.54761905,0,Sep
L002917,U057,17-05-2025,Data Analytics,Certification,1.4,74.6,100,Completed,Beginner,53.28571429,1,May
L002918,U085,13-06-2025,SQL,Online Course,2.8,64.3,49,In Progress,Beginner,22.96428571,0,Jun
L002919,U182,31-12-2025,Cloud,Certification,4.3,77.8,99.9,In Progress,Advanced,18.09302326,0,Dec
L002920,U027,05-09-2025,Java,Project,4.6,99.3,100,Completed,Beginner,21.58695652,1,Sep
L002921,U003,02-09-2025,Java,Online Course,4.2,86.3,68.2,In Progress,Advanced,20.54761905,0,Sep
L002922,U090,05-05-2025,Power BI,Project,5.3,85.6,93.9,In Progress,Beginner,16.1509434,0,May
L002923,U151,14-08-2025,Python,Certification,3.5,47.5,43.8,In Progress,Advanced,13.57142857,0,Aug
L002924,U165,14-07-2025,Cloud,Project,2.1,86.6,100,Completed,Intermediate,41.23809524,1,Jul
L002925,U128,13-02-2025,Cloud,Self Learning,0.9,86.3,100,Completed,Intermediate,95.88888889,1,Feb
L002926,U134,23-01-2025,Cloud,Certification,1,90.6,62.5,In Progress,Intermediate,90.6,0,Jan
L002927,U003,19-10-2025,Java,Certification,3.5,74.8,100,Completed,Advanced,21.37142857,1,Oct
L002928,U042,31-01-2025,Java,Online Course,1.7,79.6,11.8,In Progress,Beginner,46.82352941,0,Jan
L002929,U135,06-09-2025,Data Analytics,Self Learning,5.3,47.1,95.5,In Progress,Beginner,8.886792453,0,Sep
L002930,U126,06-01-2025,Python,Online Course,1.7,40.4,23.9,In Progress,Intermediate,23.76470588,0,Jan
L002931,U054,16-09-2025,Power BI,Workshop,2,57.2,63.6,In Progress,Advanced,28.6,0,Sep
L002932,U032,29-01-2025,Power BI,Online Course,5.8,82.8,84.8,In Progress,Intermediate,14.27586207,0,Jan
L002933,U154,06-05-2025,Cloud,Online Course,0,0,0,Not Started,Intermediate,0,0,May
L002934,U050,20-03-2025,Java,Certification,2.8,99,69.3,In Progress,Advanced,35.35714286,0,Mar
L002935,U045,30-12-2025,Excel,Certification,4.7,52.2,15.4,In Progress,Beginner,11.10638298,0,Dec
L002936,U113,11-04-2025,Data Analytics,Online Course,0.9,92.4,100,Completed,Intermediate,102.6666667,1,Apr
L002937,U093,07-12-2025,Java,Certification,3.8,77.6,100,Completed,Advanced,20.42105263,1,Dec
L002938,U171,10-01-2025,Cloud,Online Course,0.5,44.2,13.6,In Progress,Intermediate,88.4,0,Jan
L002939,U168,27-01-2025,Communication,Project,1.2,73.1,100,Completed,Intermediate,60.91666667,1,Jan
L002940,U067,04-03-2025,Power BI,Project,2,87.8,100,Completed,Beginner,43.9,1,Mar
L002941,U041,29-11-2025,ServiceNow,Online Course,3.5,97.7,100,Completed,Intermediate,27.91428571,1,Nov
L002942,U163,05-10-2025,Java,Self Learning,5.5,95.9,61.7,Dropped,Advanced,17.43636364,0,Oct
L002943,U188,04-09-2025,Data Analytics,Self Learning,5.7,89.3,24.2,In Progress,Intermediate,15.66666667,0,Sep
L002944,U154,29-03-2025,Python,Workshop,2.9,82.2,99,In Progress,Intermediate,28.34482759,0,Mar
L002945,U030,07-01-2025,Power BI,Online Course,1.2,85.5,100,Completed,Beginner,71.25,1,Jan
L002946,U169,16-03-2025,Communication,Certification,0.7,87.9,13.9,Dropped,Advanced,125.5714286,0,Mar
L002947,U103,01-11-2025,Cloud,Certification,2.7,68.4,100,Completed,Beginner,25.33333333,1,Nov
L002948,U166,23-01-2025,Excel,Self Learning,0,0,0,Not Started,Beginner,0,0,Jan
L002949,U039,16-03-2025,SQL,Workshop,2.7,95.8,100,Completed,Beginner,35.48148148,1,Mar
L002950,U023,08-02-2025,Excel,Self Learning,1.3,61.8,77.3,In Progress,Advanced,47.53846154,0,Feb
L002951,U040,22-05-2025,Java,Workshop,0,0,0,Not Started,Intermediate,0,0,May
L002952,U115,15-05-2025,ServiceNow,Workshop,2.5,69.3,14.3,In Progress,Advanced,27.72,0,May
L002953,U197,28-12-2025,Python,Certification,4.9,51.2,11.9,Dropped,Advanced,10.44897959,0,Dec
L002954,U197,15-08-2025,Excel,Certification,5.2,92.6,15,In Progress,Intermediate,17.80769231,0,Aug
L002955,U120,07-11-2025,SQL,Online Course,4.4,94,100,Completed,Beginner,21.36363636,1,Nov
L002956,U131,27-08-2025,Cloud,Project,4,74.1,9.3,In Progress,Beginner,18.525,0,Aug
L002957,U027,02-12-2025,Python,Project,1.3,70.9,35.4,Dropped,Intermediate,54.53846154,0,Dec
L002958,U155,12-06-2025,Data Analytics,Online Course,3,56,50.6,In Progress,Beginner,18.66666667,0,Jun
L002959,U087,08-09-2025,Data Analytics,Project,0,0,0,Not Started,Advanced,0,0,Sep
L002960,U086,08-09-2025,SQL,Self Learning,3.2,81,100,Completed,Beginner,25.3125,1,Sep
L002961,U120,27-09-2025,Java,Online Course,4.6,96,38.2,In Progress,Beginner,20.86956522,0,Sep
L002962,U009,06-06-2025,Machine Learning,Workshop,0.5,77.3,100,Completed,Intermediate,154.6,1,Jun
L002963,U151,24-05-2025,Power BI,Project,0,0,0,Not Started,Beginner,0,0,May
L002964,U036,08-01-2025,Java,Online Course,0,0,0,Not Started,Beginner,0,0,Jan
L002965,U175,28-07-2025,ServiceNow,Project,3.9,66.5,0.6,In Progress,Beginner,17.05128205,0,Jul
L002966,U068,20-06-2025,Python,Project,4.1,91.6,100,Completed,Beginner,22.34146341,1,Jun
L002967,U099,14-10-2025,Machine Learning,Online Course,1.9,82.2,100,Completed,Intermediate,43.26315789,1,Oct
L002968,U054,22-02-2025,ServiceNow,Certification,1.5,84.4,8.1,In Progress,Intermediate,56.26666667,0,Feb
L002969,U077,25-02-2025,Cloud,Workshop,5.2,67.7,100,Completed,Intermediate,13.01923077,1,Feb
L002970,U018,05-03-2025,Python,Project,4.5,48.5,39.8,Dropped,Intermediate,10.77777778,0,Mar
L002971,U189,03-03-2025,Cloud,Self Learning,1,93.8,100,Completed,Advanced,93.8,1,Mar
L002972,U090,26-03-2025,Cloud,Project,4.5,92.5,100,Completed,Intermediate,20.55555556,1,Mar
L002973,U081,13-07-2025,Java,Certification,1.8,79.2,77.1,In Progress,Intermediate,44,0,Jul
L002974,U018,04-12-2025,Data Analytics,Workshop,1.3,82.7,46.4,In Progress,Intermediate,63.61538462,0,Dec
L002975,U161,12-03-2025,Machine Learning,Certification,0,0,0,Not Started,Advanced,0,0,Mar
L002976,U145,25-08-2025,ServiceNow,Self Learning,0.6,40.9,65.2,In Progress,Beginner,68.16666667,0,Aug
L002977,U097,06-01-2025,Machine Learning,Online Course,3.2,83.5,100,Completed,Intermediate,26.09375,1,Jan
L002978,U129,09-08-2025,Machine Learning,Project,3.1,60.8,9.6,In Progress,Advanced,19.61290323,0,Aug
L002979,U149,19-12-2025,Communication,Certification,3.2,78.5,71.2,In Progress,Intermediate,24.53125,0,Dec
L002980,U075,27-12-2025,Python,Workshop,0.7,67.7,85.8,In Progress,Intermediate,96.71428571,0,Dec
L002981,U105,16-11-2025,Communication,Online Course,3.9,79.3,20.3,In Progress,Intermediate,20.33333333,0,Nov
L002982,U106,09-07-2025,Communication,Certification,2.6,42.1,36.9,In Progress,Advanced,16.19230769,0,Jul
L002983,U024,28-04-2025,Machine Learning,Online Course,1.6,93.5,100,Completed,Intermediate,58.4375,1,Apr
L002984,U120,09-08-2025,Cloud,Certification,2.3,60.6,60.3,In Progress,Beginner,26.34782609,0,Aug
L002985,U124,27-08-2025,SQL,Project,0.6,98.7,100,Completed,Beginner,164.5,1,Aug
L002986,U132,20-03-2025,Machine Learning,Certification,4,98,88.9,In Progress,Advanced,24.5,0,Mar
L002987,U109,19-06-2025,Power BI,Project,0.6,48.7,85,In Progress,Advanced,81.16666667,0,Jun
L002988,U035,18-09-2025,SQL,Certification,1.4,70.2,12.2,In Progress,Beginner,50.14285714,0,Sep
L002989,U197,10-04-2025,Excel,Certification,3.7,89.6,87.2,In Progress,Beginner,24.21621622,0,Apr
L002990,U157,30-01-2025,Excel,Self Learning,2.4,92.9,100,Completed,Beginner,38.70833333,1,Jan
L002991,U148,21-07-2025,Machine Learning,Online Course,3.8,87.6,73.4,In Progress,Intermediate,23.05263158,0,Jul
L002992,U073,11-05-2025,Data Analytics,Certification,4.8,86.9,8.9,In Progress,Intermediate,18.10416667,0,May
L002993,U039,24-05-2025,SQL,Project,5.7,94.2,100,Completed,Advanced,16.52631579,1,May
L002994,U149,12-11-2025,Cloud,Workshop,0.6,51.8,46.2,In Progress,Beginner,86.33333333,0,Nov
L002995,U137,12-04-2025,Excel,Project,2.2,86.9,14.2,In Progress,Advanced,39.5,0,Apr
L002996,U152,24-05-2025,Cloud,Online Course,0,0,0,Not Started,Advanced,0,0,May
L002997,U119,13-04-2025,SQL,Self Learning,0.5,72.2,100,Completed,Intermediate,144.4,1,Apr
L002998,U159,31-12-2025,Machine Learning,Project,0,0,0,Not Started,Intermediate,0,0,Dec
L002999,U021,18-06-2025,Python,Workshop,4.7,56.8,69,In Progress,Intermediate,12.08510638,0,Jun
L003000,U074,10-05-2025,Python,Online Course,0.5,97.9,100,Completed,Advanced,195.8,1,May
L003001,U004,08-12-2025,Java,Certification,2.4,87.3,100,Completed,Advanced,36.375,1,Dec
L003002,U064,17-01-2025,Java,Workshop,1.3,75.2,100,Completed,Advanced,57.84615385,1,Jan
L003003,U035,07-06-2025,Excel,Online Course,4.1,64,70.4,In Progress,Intermediate,15.6097561,0,Jun
L003004,U198,29-04-2025,Cloud,Project,4.9,79.8,100,Completed,Advanced,16.28571429,1,Apr
L003005,U138,30-11-2025,Machine Learning,Workshop,0.7,76,100,Completed,Beginner,108.5714286,1,Nov
L003006,U024,26-04-2025,ServiceNow,Certification,4.7,49.8,10.2,Dropped,Advanced,10.59574468,0,Apr
L003007,U020,30-06-2025,SQL,Online Course,5.3,98.5,100,Completed,Beginner,18.58490566,1,Jun
L003008,U001,16-02-2025,ServiceNow,Self Learning,0.8,76.3,100,Completed,Advanced,95.375,1,Feb
L003009,U137,03-08-2025,Excel,Project,4.9,90.7,100,Completed,Beginner,18.51020408,1,Aug
L003010,U013,15-06-2025,Python,Certification,1,75.1,100,Completed,Intermediate,75.1,1,Jun
L003011,U035,05-03-2025,Java,Online Course,3.3,40.1,27.8,In Progress,Advanced,12.15151515,0,Mar
L003012,U182,03-04-2025,Python,Workshop,1.3,91.3,100,Completed,Advanced,70.23076923,1,Apr
L003013,U009,09-10-2025,Java,Self Learning,2,78.4,35.2,In Progress,Intermediate,39.2,0,Oct
L003014,U146,15-08-2025,ServiceNow,Self Learning,5.9,54.3,9.9,In Progress,Beginner,9.203389831,0,Aug
L003015,U166,24-01-2025,SQL,Project,2.8,66.9,93.3,In Progress,Intermediate,23.89285714,0,Jan
L003016,U010,14-01-2025,Cloud,Project,0.9,90.2,20.5,Dropped,Intermediate,100.2222222,0,Jan
L003017,U022,27-10-2025,SQL,Workshop,3.7,89.6,98.1,In Progress,Intermediate,24.21621622,0,Oct
L003018,U090,12-01-2025,Cloud,Workshop,0.8,69.5,100,Completed,Intermediate,86.875,1,Jan
L003019,U160,13-11-2025,Communication,Workshop,4.5,88.9,100,Completed,Beginner,19.75555556,1,Nov
L003020,U008,17-03-2025,ServiceNow,Project,4.6,58.7,20.5,Dropped,Beginner,12.76086957,0,Mar
L003021,U144,15-06-2025,Cloud,Project,5.9,87.6,63.7,In Progress,Advanced,14.84745763,0,Jun
L003022,U129,08-02-2025,Communication,Project,3.5,67.1,0.8,In Progress,Advanced,19.17142857,0,Feb
L003023,U106,06-04-2025,Communication,Online Course,2.3,85.7,100,Completed,Beginner,37.26086957,1,Apr
L003024,U076,13-04-2025,Machine Learning,Self Learning,2,59.6,68.6,In Progress,Beginner,29.8,0,Apr
L003025,U101,03-05-2025,Excel,Online Course,5.8,57.1,1.7,In Progress,Advanced,9.844827586,0,May
L003026,U148,03-02-2025,Communication,Certification,1.1,55.9,38.3,In Progress,Beginner,50.81818182,0,Feb
L003027,U178,28-09-2025,Python,Self Learning,0,0,0,Not Started,Intermediate,0,0,Sep
L003028,U156,09-02-2025,Excel,Project,3.9,72.2,100,Completed,Intermediate,18.51282051,1,Feb
L003029,U060,22-09-2025,Java,Self Learning,3.6,73.1,44.8,In Progress,Beginner,20.30555556,0,Sep
L003030,U172,08-07-2025,Communication,Project,1.1,43.9,26.7,In Progress,Intermediate,39.90909091,0,Jul
L003031,U112,22-10-2025,Java,Self Learning,0,0,0,Not Started,Intermediate,0,0,Oct
L003032,U197,15-11-2025,Machine Learning,Certification,3.4,63.8,61.3,Dropped,Advanced,18.76470588,0,Nov
L003033,U011,21-05-2025,Data Analytics,Workshop,3,85,76.6,In Progress,Intermediate,28.33333333,0,May
L003034,U118,05-07-2025,Data Analytics,Project,0.6,79.5,69.1,In Progress,Advanced,132.5,0,Jul
L003035,U087,15-06-2025,Power BI,Online Course,4.6,61,21,In Progress,Beginner,13.26086957,0,Jun
L003036,U034,02-01-2025,Data Analytics,Certification,2.3,85.7,28.7,Dropped,Intermediate,37.26086957,0,Jan
L003037,U152,13-09-2025,Communication,Workshop,5.3,66.2,21.1,In Progress,Intermediate,12.49056604,0,Sep
L003038,U093,16-07-2025,Power BI,Certification,4.4,73,67.8,In Progress,Beginner,16.59090909,0,Jul
L003039,U048,08-08-2025,Communication,Self Learning,0.7,64.6,92.7,In Progress,Beginner,92.28571429,0,Aug
L003040,U126,15-01-2025,SQL,Self Learning,1.6,49.4,78.4,In Progress,Intermediate,30.875,0,Jan
L003041,U038,29-03-2025,Communication,Certification,3.8,56.3,67.7,Dropped,Beginner,14.81578947,0,Mar
L003042,U197,28-03-2025,Python,Online Course,3.8,69.1,100,Completed,Beginner,18.18421053,1,Mar
L003043,U182,22-06-2025,Cloud,Online Course,2.8,98.6,100,Completed,Intermediate,35.21428571,1,Jun
L003044,U163,18-02-2025,Power BI,Online Course,4.6,76.6,76.4,In Progress,Intermediate,16.65217391,0,Feb
L003045,U088,26-04-2025,SQL,Certification,0,0,0,Not Started,Advanced,0,0,Apr
L003046,U096,03-11-2025,Data Analytics,Workshop,1.9,57.3,88.2,In Progress,Advanced,30.15789474,0,Nov
L003047,U030,15-09-2025,Communication,Certification,5.6,73.3,100,Completed,Beginner,13.08928571,1,Sep
L003048,U185,27-08-2025,Data Analytics,Self Learning,3.4,81.4,45.7,Dropped,Beginner,23.94117647,0,Aug
L003049,U135,09-10-2025,Data Analytics,Self Learning,2.6,67.6,88.7,In Progress,Intermediate,26,0,Oct
L003050,U031,08-12-2025,Communication,Certification,4.3,89.1,1.8,In Progress,Advanced,20.72093023,0,Dec
L003051,U091,14-12-2025,Machine Learning,Certification,3.1,90.2,100,Completed,Intermediate,29.09677419,1,Dec
L003052,U173,22-02-2025,Communication,Certification,2.6,81.7,100,Completed,Intermediate,31.42307692,1,Feb
L003053,U154,20-04-2025,Machine Learning,Self Learning,3.8,82.4,100,Completed,Intermediate,21.68421053,1,Apr
L003054,U155,06-07-2025,Excel,Online Course,5.2,41.3,60.2,Dropped,Beginner,7.942307692,0,Jul
L003055,U158,17-12-2025,Machine Learning,Project,3.3,85.4,100,Completed,Advanced,25.87878788,1,Dec
L003056,U143,10-06-2025,Communication,Project,2.4,80.4,26,In Progress,Advanced,33.5,0,Jun
L003057,U046,11-06-2025,Python,Project,2.7,64,38.6,Dropped,Beginner,23.7037037,0,Jun
L003058,U163,24-02-2025,Machine Learning,Workshop,3.4,53.1,61.5,In Progress,Beginner,15.61764706,0,Feb
L003059,U105,03-03-2025,Data Analytics,Online Course,3.7,88.6,100,Completed,Advanced,23.94594595,1,Mar
L003060,U182,10-03-2025,Data Analytics,Workshop,5.4,55.8,17.5,Dropped,Advanced,10.33333333,0,Mar
L003061,U069,06-05-2025,Cloud,Certification,5.6,47.6,50.1,In Progress,Intermediate,8.5,0,May
L003062,U170,09-02-2025,Java,Self Learning,4.4,77.4,20.2,In Progress,Beginner,17.59090909,0,Feb
L003063,U152,07-09-2025,ServiceNow,Project,0,0,0,Not Started,Advanced,0,0,Sep
L003064,U119,30-07-2025,Java,Project,3.6,51.2,75.1,In Progress,Advanced,14.22222222,0,Jul
L003065,U070,22-06-2025,SQL,Online Course,3.1,88.3,65.9,In Progress,Advanced,28.48387097,0,Jun
L003066,U119,11-07-2025,Java,Self Learning,6,97.9,58.7,Dropped,Intermediate,16.31666667,0,Jul
L003067,U031,24-07-2025,ServiceNow,Self Learning,3.5,71.6,100,Completed,Intermediate,20.45714286,1,Jul
L003068,U035,20-12-2025,ServiceNow,Self Learning,0.6,77.2,100,Completed,Advanced,128.6666667,1,Dec
L003069,U178,22-09-2025,Python,Self Learning,0,0,0,Not Started,Beginner,0,0,Sep
L003070,U116,25-05-2025,Java,Workshop,2,42.9,44.4,In Progress,Intermediate,21.45,0,May
L003071,U052,04-12-2025,Excel,Online Course,5.4,90.2,82.6,In Progress,Intermediate,16.7037037,0,Dec
L003072,U175,24-09-2025,Power BI,Project,2.2,90.7,82.4,In Progress,Beginner,41.22727273,0,Sep
L003073,U072,19-10-2025,Excel,Workshop,3.5,98.6,100,Completed,Beginner,28.17142857,1,Oct
L003074,U097,10-01-2025,Python,Certification,5.6,64.4,55.2,In Progress,Beginner,11.5,0,Jan
L003075,U057,12-02-2025,Excel,Online Course,1.5,75.6,29.3,In Progress,Advanced,50.4,0,Feb
L003076,U103,15-07-2025,Communication,Workshop,4.2,98.8,34.7,In Progress,Beginner,23.52380952,0,Jul
L003077,U095,02-11-2025,Machine Learning,Project,4.7,69.4,100,Completed,Intermediate,14.76595745,1,Nov
L003078,U142,03-09-2025,Cloud,Workshop,4.9,86.3,44.5,Dropped,Advanced,17.6122449,0,Sep
L003079,U113,18-04-2025,ServiceNow,Self Learning,4.9,54.2,31.8,In Progress,Intermediate,11.06122449,0,Apr
L003080,U200,09-04-2025,ServiceNow,Online Course,4.7,68.7,1.9,In Progress,Advanced,14.61702128,0,Apr
L003081,U021,24-07-2025,Communication,Project,0.8,46.1,39,In Progress,Advanced,57.625,0,Jul
L003082,U105,19-10-2025,Data Analytics,Self Learning,5,41.7,70.3,In Progress,Intermediate,8.34,0,Oct
L003083,U183,16-10-2025,Data Analytics,Certification,1.2,94.4,35.8,In Progress,Intermediate,78.66666667,0,Oct
L003084,U062,26-02-2025,ServiceNow,Project,4.7,98.4,100,Completed,Beginner,20.93617021,1,Feb
L003085,U059,25-10-2025,Python,Project,0,0,0,Not Started,Beginner,0,0,Oct
L003086,U122,11-02-2025,Java,Workshop,6,57.6,20.8,Dropped,Beginner,9.6,0,Feb
L003087,U101,29-11-2025,Python,Certification,1.3,70.4,100,Completed,Advanced,54.15384615,1,Nov
L003088,U165,08-08-2025,Data Analytics,Project,4,53.7,67,In Progress,Advanced,13.425,0,Aug
L003089,U172,07-01-2025,Data Analytics,Online Course,5.7,96.3,100,Completed,Intermediate,16.89473684,1,Jan
L003090,U007,22-04-2025,Excel,Online Course,1.1,70.7,29.2,In Progress,Intermediate,64.27272727,0,Apr
L003091,U163,29-09-2025,Java,Workshop,2,83.1,3.2,In Progress,Intermediate,41.55,0,Sep
L003092,U171,29-11-2025,Machine Learning,Self Learning,1.6,86.1,27.3,Dropped,Beginner,53.8125,0,Nov
L003093,U151,08-10-2025,Java,Self Learning,4.7,77.7,100,Completed,Intermediate,16.53191489,1,Oct
L003094,U114,22-06-2025,Machine Learning,Workshop,0,0,0,Not Started,Beginner,0,0,Jun
L003095,U152,14-05-2025,Java,Project,0.6,70.9,100,Completed,Beginner,118.1666667,1,May
L003096,U083,11-04-2025,ServiceNow,Project,0,0,0,Not Started,Intermediate,0,0,Apr
L003097,U064,10-02-2025,Data Analytics,Project,3.8,73.5,100,Completed,Beginner,19.34210526,1,Feb
L003098,U035,12-01-2025,Java,Self Learning,4.7,87.5,79.4,In Progress,Intermediate,18.61702128,0,Jan
L003099,U063,27-10-2025,Data Analytics,Workshop,2.6,45.2,31.4,In Progress,Intermediate,17.38461538,0,Oct
L003100,U044,30-09-2025,Excel,Workshop,0,0,0,Not Started,Advanced,0,0,Sep
L003101,U011,25-08-2025,Python,Workshop,0,0,0,Not Started,Advanced,0,0,Aug
L003102,U017,11-11-2025,Communication,Certification,0,0,0,Not Started,Beginner,0,0,Nov
L003103,U121,21-02-2025,SQL,Workshop,5.2,93.4,100,Completed,Beginner,17.96153846,1,Feb
L003104,U199,16-06-2025,Excel,Self Learning,0.5,53.8,29.5,In Progress,Advanced,107.6,0,Jun
L003105,U199,19-01-2025,Java,Self Learning,1,81.4,100,Completed,Advanced,81.4,1,Jan
L003106,U038,30-12-2025,Cloud,Workshop,5.2,52.9,47.8,In Progress,Advanced,10.17307692,0,Dec
L003107,U141,16-11-2025,ServiceNow,Self Learning,1.3,86.4,28,In Progress,Advanced,66.46153846,0,Nov
L003108,U080,08-03-2025,Data Analytics,Project,1.8,79.6,100,Completed,Beginner,44.22222222,1,Mar
L003109,U135,28-06-2025,SQL,Online Course,2.8,72.3,100,Completed,Intermediate,25.82142857,1,Jun
L003110,U190,21-07-2025,ServiceNow,Workshop,0,0,0,Not Started,Advanced,0,0,Jul
L003111,U173,25-07-2025,ServiceNow,Self Learning,0,0,0,Not Started,Beginner,0,0,Jul
L003112,U148,22-11-2025,SQL,Online Course,0.5,76.9,92.2,In Progress,Advanced,153.8,0,Nov
L003113,U089,09-07-2025,Java,Workshop,4.1,80.2,91.3,In Progress,Intermediate,19.56097561,0,Jul
L003114,U029,03-10-2025,Communication,Certification,0,0,0,Not Started,Intermediate,0,0,Oct
L003115,U155,27-06-2025,Data Analytics,Online Course,1.7,46.4,5.6,In Progress,Intermediate,27.29411765,0,Jun
L003116,U180,05-05-2025,SQL,Project,4.6,78.5,100,Completed,Advanced,17.06521739,1,May
L003117,U105,05-11-2025,Java,Project,4.3,78.1,100,Completed,Intermediate,18.1627907,1,Nov
L003118,U046,07-12-2025,ServiceNow,Certification,5.6,76.3,20,In Progress,Beginner,13.625,0,Dec
L003119,U164,01-03-2025,Power BI,Online Course,5.8,64.9,11.9,In Progress,Advanced,11.18965517,0,Mar
L003120,U087,10-04-2025,Cloud,Self Learning,0,0,0,Not Started,Advanced,0,0,Apr
L003121,U116,17-03-2025,Java,Self Learning,2.4,68.5,100,Completed,Intermediate,28.54166667,1,Mar
L003122,U085,07-05-2025,Communication,Project,0,0,0,Not Started,Intermediate,0,0,May
L003123,U165,18-06-2025,Python,Workshop,3.5,58.1,19.2,Dropped,Advanced,16.6,0,Jun
L003124,U125,06-10-2025,Java,Workshop,0,0,0,Not Started,Advanced,0,0,Oct
L003125,U122,13-03-2025,ServiceNow,Project,5.5,85.8,82.7,In Progress,Advanced,15.6,0,Mar
L003126,U065,02-09-2025,Power BI,Workshop,3.4,65.3,100,Completed,Beginner,19.20588235,1,Sep
L003127,U160,28-03-2025,Python,Self Learning,2.6,97.3,56.4,In Progress,Intermediate,37.42307692,0,Mar
L003128,U043,07-11-2025,Cloud,Project,4.8,67,100,Completed,Intermediate,13.95833333,1,Nov
L003129,U128,23-12-2025,Cloud,Self Learning,3.2,79.8,44,In Progress,Advanced,24.9375,0,Dec
L003130,U030,11-10-2025,Data Analytics,Self Learning,4.4,83.7,90.1,In Progress,Advanced,19.02272727,0,Oct
L003131,U061,31-03-2025,Data Analytics,Project,0.8,58.8,58.1,In Progress,Advanced,73.5,0,Mar
L003132,U183,20-04-2025,Data Analytics,Workshop,5.9,98.5,100,Completed,Intermediate,16.69491525,1,Apr
L003133,U191,08-06-2025,Java,Self Learning,4.4,74,35.3,In Progress,Advanced,16.81818182,0,Jun
L003134,U107,31-08-2025,Machine Learning,Self Learning,3.3,82.5,100,Completed,Beginner,25,1,Aug
L003135,U009,07-10-2025,Excel,Self Learning,0,0,0,Not Started,Beginner,0,0,Oct
L003136,U050,19-06-2025,Machine Learning,Workshop,5.7,69.6,100,Completed,Advanced,12.21052632,1,Jun
L003137,U176,18-08-2025,ServiceNow,Workshop,4.5,50.3,19.7,In Progress,Advanced,11.17777778,0,Aug
L003138,U162,25-02-2025,Data Analytics,Self Learning,1.6,58.2,66.1,In Progress,Beginner,36.375,0,Feb
L003139,U064,20-01-2025,Cloud,Self Learning,2.8,90.1,100,Completed,Advanced,32.17857143,1,Jan
L003140,U167,18-06-2025,Excel,Online Course,3.9,55.8,96.4,In Progress,Advanced,14.30769231,0,Jun
L003141,U109,05-06-2025,Python,Workshop,3,83.6,100,Completed,Advanced,27.86666667,1,Jun
L003142,U065,28-06-2025,Power BI,Project,5.8,86.5,100,Completed,Intermediate,14.9137931,1,Jun
L003143,U133,08-10-2025,ServiceNow,Project,2.3,55.6,49.3,Dropped,Beginner,24.17391304,0,Oct
L003144,U040,30-10-2025,Power BI,Workshop,1.6,60.5,35.3,Dropped,Beginner,37.8125,0,Oct
L003145,U024,05-03-2025,Java,Certification,0.7,78.6,63.5,Dropped,Intermediate,112.2857143,0,Mar
L003146,U094,11-08-2025,SQL,Project,0,0,0,Not Started,Advanced,0,0,Aug
L003147,U034,04-10-2025,SQL,Self Learning,0,0,0,Not Started,Advanced,0,0,Oct
L003148,U071,17-02-2025,Java,Project,4.6,99.5,100,Completed,Advanced,21.63043478,1,Feb
L003149,U040,27-02-2025,Java,Self Learning,0.5,67.1,100,Completed,Intermediate,134.2,1,Feb
L003150,U047,30-11-2025,Python,Workshop,5,52.7,37.8,Dropped,Intermediate,10.54,0,Nov
L003151,U130,09-12-2025,Power BI,Project,1.1,76.6,70.1,In Progress,Beginner,69.63636364,0,Dec
L003152,U078,23-09-2025,SQL,Online Course,5.3,68.5,44.9,Dropped,Advanced,12.9245283,0,Sep
L003153,U044,03-04-2025,Excel,Online Course,0.6,86.2,93.2,In Progress,Advanced,143.6666667,0,Apr
L003154,U036,13-09-2025,Communication,Certification,4.5,88.4,100,Completed,Advanced,19.64444444,1,Sep
L003155,U150,22-02-2025,Excel,Certification,3.9,55.3,67.2,In Progress,Advanced,14.17948718,0,Feb
L003156,U040,25-09-2025,Data Analytics,Online Course,4.8,81.3,100,Completed,Beginner,16.9375,1,Sep
L003157,U005,19-11-2025,Excel,Self Learning,2,48.2,79.5,In Progress,Beginner,24.1,0,Nov
L003158,U100,28-10-2025,Excel,Project,2.4,68.2,100,Completed,Advanced,28.41666667,1,Oct
L003159,U088,27-04-2025,Excel,Project,4.7,65.4,100,Completed,Advanced,13.91489362,1,Apr
L003160,U196,21-09-2025,Python,Project,5.1,76.9,100,Completed,Beginner,15.07843137,1,Sep
L003161,U159,29-11-2025,Data Analytics,Project,5.9,75,25.3,In Progress,Intermediate,12.71186441,0,Nov
L003162,U119,14-08-2025,Communication,Project,2.3,41.3,91.3,In Progress,Beginner,17.95652174,0,Aug
L003163,U064,05-10-2025,Excel,Online Course,2.9,57.1,51.6,In Progress,Intermediate,19.68965517,0,Oct
L003164,U002,09-08-2025,Python,Certification,2,76.4,11.2,In Progress,Advanced,38.2,0,Aug
L003165,U146,04-08-2025,Excel,Online Course,4.9,47.8,35.1,In Progress,Intermediate,9.755102041,0,Aug
L003166,U077,18-04-2025,SQL,Self Learning,4.7,57.2,31.2,In Progress,Advanced,12.17021277,0,Apr
L003167,U035,29-11-2025,Excel,Online Course,2.4,75.5,100,Completed,Advanced,31.45833333,1,Nov
L003168,U129,22-08-2025,Communication,Certification,4,61,23.1,In Progress,Advanced,15.25,0,Aug
L003169,U141,07-09-2025,Data Analytics,Workshop,4.6,75.8,100,Completed,Intermediate,16.47826087,1,Sep
L003170,U038,09-02-2025,Cloud,Certification,1.6,72.2,64,In Progress,Advanced,45.125,0,Feb
L003171,U189,27-11-2025,SQL,Project,4.3,51.7,35,In Progress,Intermediate,12.02325581,0,Nov
L003172,U030,22-11-2025,Power BI,Online Course,0.9,99.3,59.9,In Progress,Advanced,110.3333333,0,Nov
L003173,U011,20-01-2025,SQL,Project,1.5,60.7,90.7,In Progress,Advanced,40.46666667,0,Jan
L003174,U075,24-07-2025,ServiceNow,Project,1.2,99.5,16.3,In Progress,Advanced,82.91666667,0,Jul
L003175,U148,02-10-2025,Python,Online Course,0,0,0,Not Started,Intermediate,0,0,Oct
L003176,U190,23-12-2025,Excel,Workshop,0,0,0,Not Started,Intermediate,0,0,Dec
L003177,U190,24-07-2025,Power BI,Online Course,5.5,88.1,100,Completed,Advanced,16.01818182,1,Jul
L003178,U072,22-03-2025,Java,Online Course,3.6,50.5,15.8,In Progress,Beginner,14.02777778,0,Mar
L003179,U180,24-07-2025,Java,Project,3.6,95.8,28.1,In Progress,Intermediate,26.61111111,0,Jul
L003180,U188,03-10-2025,Python,Self Learning,6,67,100,Completed,Intermediate,11.16666667,1,Oct
L003181,U040,21-03-2025,Cloud,Self Learning,5.7,96,100,Completed,Advanced,16.84210526,1,Mar
L003182,U090,20-04-2025,Python,Workshop,2.2,81.9,13.4,In Progress,Advanced,37.22727273,0,Apr
L003183,U166,14-08-2025,Communication,Project,3.1,89.5,100,Completed,Advanced,28.87096774,1,Aug
L003184,U071,03-01-2025,Machine Learning,Certification,3.3,99.3,98.4,In Progress,Intermediate,30.09090909,0,Jan
L003185,U076,03-08-2025,Cloud,Self Learning,4.8,77.2,100,Completed,Advanced,16.08333333,1,Aug
L003186,U026,24-01-2025,Machine Learning,Self Learning,3.1,44.1,92.5,In Progress,Beginner,14.22580645,0,Jan
L003187,U078,14-01-2025,ServiceNow,Self Learning,1.7,67.1,78,In Progress,Intermediate,39.47058824,0,Jan
L003188,U166,18-07-2025,Machine Learning,Project,0.7,66.2,100,Completed,Beginner,94.57142857,1,Jul
L003189,U005,23-01-2025,Communication,Self Learning,2.4,93.7,93.1,In Progress,Intermediate,39.04166667,0,Jan
L003190,U182,02-06-2025,Python,Online Course,4,78.5,100,Completed,Beginner,19.625,1,Jun
L003191,U125,23-01-2025,Communication,Workshop,5.5,71.4,100,Completed,Advanced,12.98181818,1,Jan
L003192,U027,03-07-2025,ServiceNow,Certification,3.6,72.7,57,In Progress,Beginner,20.19444444,0,Jul
L003193,U104,14-12-2025,SQL,Online Course,3.9,68.6,92.2,In Progress,Beginner,17.58974359,0,Dec
L003194,U059,10-10-2025,Cloud,Workshop,3.1,80.7,100,Completed,Beginner,26.03225806,1,Oct
L003195,U023,22-10-2025,Machine Learning,Project,0,0,0,Not Started,Beginner,0,0,Oct
L003196,U040,15-03-2025,Cloud,Project,0.7,75.8,100,Completed,Intermediate,108.2857143,1,Mar
L003197,U048,27-05-2025,Java,Online Course,0,0,0,Not Started,Beginner,0,0,May
L003198,U008,30-09-2025,Power BI,Project,3.8,74.4,35.2,In Progress,Beginner,19.57894737,0,Sep
L003199,U007,08-12-2025,ServiceNow,Self Learning,5.1,83.6,100,Completed,Advanced,16.39215686,1,Dec
L003200,U039,27-09-2025,ServiceNow,Certification,4,98.9,58,Dropped,Beginner,24.725,0,Sep
L003201,U165,24-04-2025,Communication,Online Course,5.2,96.3,21.1,In Progress,Intermediate,18.51923077,0,Apr
L003202,U077,03-09-2025,ServiceNow,Workshop,5.5,61.3,59.4,In Progress,Advanced,11.14545455,0,Sep
L003203,U192,08-05-2025,SQL,Project,3,43.2,64.4,In Progress,Beginner,14.4,0,May
L003204,U091,06-09-2025,Power BI,Online Course,1.3,70.3,22.2,In Progress,Intermediate,54.07692308,0,Sep
L003205,U094,22-01-2025,Power BI,Project,5.8,98.2,100,Completed,Intermediate,16.93103448,1,Jan
L003206,U186,25-03-2025,Communication,Project,2.8,69.9,100,Completed,Beginner,24.96428571,1,Mar
L003207,U075,18-07-2025,Java,Self Learning,0,0,0,Not Started,Intermediate,0,0,Jul
L003208,U169,30-06-2025,Java,Workshop,0,0,0,Not Started,Advanced,0,0,Jun
L003209,U119,13-11-2025,Excel,Workshop,3.6,52,40.6,In Progress,Intermediate,14.44444444,0,Nov
L003210,U071,14-03-2025,Cloud,Workshop,2.5,75.7,100,Completed,Advanced,30.28,1,Mar
L003211,U132,04-11-2025,Machine Learning,Online Course,4.2,59.6,38.2,In Progress,Intermediate,14.19047619,0,Nov
L003212,U130,24-07-2025,Data Analytics,Workshop,3.5,56.5,27.1,In Progress,Advanced,16.14285714,0,Jul
L003213,U190,19-07-2025,Power BI,Self Learning,2.8,97.7,54.5,In Progress,Beginner,34.89285714,0,Jul
L003214,U056,12-11-2025,ServiceNow,Online Course,0.6,58.3,19.3,In Progress,Intermediate,97.16666667,0,Nov
L003215,U077,17-04-2025,Machine Learning,Project,1.7,93.1,22.7,In Progress,Beginner,54.76470588,0,Apr
L003216,U119,21-12-2025,Communication,Workshop,2.2,76.3,18.3,In Progress,Intermediate,34.68181818,0,Dec
L003217,U059,26-07-2025,Excel,Project,3.6,45,38.8,Dropped,Advanced,12.5,0,Jul
L003218,U076,10-10-2025,SQL,Workshop,1,40.3,43.2,In Progress,Beginner,40.3,0,Oct
L003219,U111,16-09-2025,SQL,Online Course,5.9,74.5,61.1,In Progress,Intermediate,12.62711864,0,Sep
L003220,U106,17-08-2025,ServiceNow,Online Course,4.7,56.9,53,In Progress,Beginner,12.10638298,0,Aug
L003221,U152,01-01-2025,Python,Online Course,2.5,84.8,45.7,In Progress,Advanced,33.92,0,Jan
L003222,U160,24-10-2025,Excel,Self Learning,5.8,90.6,100,Completed,Advanced,15.62068966,1,Oct
L003223,U124,24-12-2025,ServiceNow,Project,1.5,95.7,27.9,Dropped,Beginner,63.8,0,Dec
L003224,U106,26-08-2025,Machine Learning,Certification,0.6,70.8,100,Completed,Advanced,118,1,Aug
L003225,U031,23-02-2025,SQL,Workshop,5.7,68.2,4.5,In Progress,Intermediate,11.96491228,0,Feb
L003226,U044,23-07-2025,Data Analytics,Online Course,2.9,45.6,6.9,In Progress,Beginner,15.72413793,0,Jul
L003227,U061,01-12-2025,ServiceNow,Online Course,1.2,78.9,12.5,Dropped,Advanced,65.75,0,Dec
L003228,U070,22-09-2025,Data Analytics,Online Course,3.4,83.4,100,Completed,Advanced,24.52941176,1,Sep
L003229,U074,03-04-2025,SQL,Self Learning,2.5,52.3,23,In Progress,Beginner,20.92,0,Apr
L003230,U118,04-05-2025,Communication,Certification,2.9,93.2,100,Completed,Intermediate,32.13793103,1,May
L003231,U031,09-09-2025,Data Analytics,Certification,5.9,81,100,Completed,Beginner,13.72881356,1,Sep
L003232,U186,03-06-2025,SQL,Self Learning,0,0,0,Not Started,Advanced,0,0,Jun
L003233,U109,04-12-2025,ServiceNow,Workshop,3.1,71.6,1.3,In Progress,Intermediate,23.09677419,0,Dec
L003234,U160,20-11-2025,Python,Online Course,4.6,93.4,2.8,In Progress,Advanced,20.30434783,0,Nov
L003235,U119,20-07-2025,Communication,Certification,0.5,97.3,46.1,Dropped,Advanced,194.6,0,Jul
L003236,U107,24-08-2025,ServiceNow,Online Course,5.9,54.9,41.1,In Progress,Advanced,9.305084746,0,Aug
L003237,U096,09-12-2025,Cloud,Certification,6,67,100,Completed,Advanced,11.16666667,1,Dec
L003238,U181,07-01-2025,SQL,Online Course,0,0,0,Not Started,Intermediate,0,0,Jan
L003239,U173,19-12-2025,Python,Project,1.1,49.2,22,In Progress,Advanced,44.72727273,0,Dec
L003240,U080,01-09-2025,Machine Learning,Workshop,2.3,71.6,100,Completed,Beginner,31.13043478,1,Sep
L003241,U016,12-01-2025,Data Analytics,Workshop,5.5,49.7,75.5,In Progress,Advanced,9.036363636,0,Jan
L003242,U083,14-10-2025,ServiceNow,Self Learning,0.5,58.1,83.2,In Progress,Advanced,116.2,0,Oct
L003243,U198,19-11-2025,Machine Learning,Certification,2.9,95.2,100,Completed,Beginner,32.82758621,1,Nov
L003244,U182,26-11-2025,Cloud,Certification,0.7,59.1,16.8,In Progress,Advanced,84.42857143,0,Nov
L003245,U132,12-02-2025,Cloud,Certification,5.4,40.7,60.9,Dropped,Intermediate,7.537037037,0,Feb
L003246,U068,17-11-2025,Excel,Workshop,2.6,69.7,100,Completed,Intermediate,26.80769231,1,Nov
L003247,U120,30-12-2025,Power BI,Workshop,4.6,75.8,15.3,In Progress,Beginner,16.47826087,0,Dec
L003248,U113,05-07-2025,Power BI,Self Learning,5.8,77.5,100,Completed,Beginner,13.36206897,1,Jul
L003249,U119,07-12-2025,Communication,Project,5.9,58.5,52.8,In Progress,Advanced,9.915254237,0,Dec
L003250,U199,04-08-2025,ServiceNow,Certification,1.2,54.1,10.4,Dropped,Beginner,45.08333333,0,Aug
L003251,U056,05-10-2025,Data Analytics,Project,1.2,96.9,100,Completed,Intermediate,80.75,1,Oct
L003252,U085,09-10-2025,Machine Learning,Project,2.2,86.5,100,Completed,Beginner,39.31818182,1,Oct
L003253,U133,12-12-2025,Data Analytics,Workshop,3.5,82.7,100,Completed,Intermediate,23.62857143,1,Dec
L003254,U112,07-07-2025,Data Analytics,Workshop,2.5,87.4,100,Completed,Beginner,34.96,1,Jul
L003255,U119,10-09-2025,Python,Self Learning,0.9,73.9,100,Completed,Advanced,82.11111111,1,Sep
L003256,U043,10-03-2025,Machine Learning,Certification,3.7,84.3,100,Completed,Beginner,22.78378378,1,Mar
L003257,U156,26-12-2025,Excel,Self Learning,2.4,74.6,100,Completed,Intermediate,31.08333333,1,Dec
L003258,U103,12-10-2025,Machine Learning,Self Learning,1.4,81.8,86.3,In Progress,Intermediate,58.42857143,0,Oct
L003259,U014,26-08-2025,Excel,Certification,4.5,86.8,53,In Progress,Advanced,19.28888889,0,Aug
L003260,U056,29-08-2025,Communication,Project,1.9,77.2,100,Completed,Advanced,40.63157895,1,Aug
L003261,U127,28-09-2025,Power BI,Certification,1.9,49,41.1,Dropped,Intermediate,25.78947368,0,Sep
L003262,U117,28-07-2025,SQL,Certification,1,79.9,55.2,In Progress,Advanced,79.9,0,Jul
L003263,U155,27-04-2025,Data Analytics,Workshop,1.8,41,78.7,In Progress,Advanced,22.77777778,0,Apr
L003264,U117,19-08-2025,Excel,Certification,0,0,0,Not Started,Beginner,0,0,Aug
L003265,U008,20-01-2025,Machine Learning,Self Learning,4.8,50.5,0.2,In Progress,Advanced,10.52083333,0,Jan
L003266,U022,14-12-2025,Machine Learning,Self Learning,4.3,54.9,32,Dropped,Beginner,12.76744186,0,Dec
L003267,U092,21-11-2025,Machine Learning,Self Learning,2.2,68.9,100,Completed,Beginner,31.31818182,1,Nov
L003268,U197,29-06-2025,Excel,Workshop,6,47.5,67,In Progress,Advanced,7.916666667,0,Jun
L003269,U098,19-05-2025,Cloud,Workshop,2.6,92.2,89.7,In Progress,Advanced,35.46153846,0,May
L003270,U036,19-02-2025,Power BI,Certification,5.3,83.8,100,Completed,Beginner,15.81132075,1,Feb
L003271,U176,16-12-2025,Java,Project,5.1,93.2,100,Completed,Beginner,18.2745098,1,Dec
L003272,U033,03-12-2025,Communication,Workshop,5.6,48.6,22.5,Dropped,Intermediate,8.678571429,0,Dec
L003273,U190,21-11-2025,Java,Workshop,1.7,62.5,71,In Progress,Beginner,36.76470588,0,Nov
L003274,U094,27-06-2025,Excel,Certification,5.7,45.2,84.1,In Progress,Intermediate,7.929824561,0,Jun
L003275,U028,31-07-2025,Cloud,Certification,1.3,72.6,61,Dropped,Advanced,55.84615385,0,Jul
L003276,U165,21-02-2025,Excel,Self Learning,3.7,80.4,9.2,In Progress,Intermediate,21.72972973,0,Feb
L003277,U200,05-09-2025,Python,Project,4.7,89.3,5.4,In Progress,Beginner,19,0,Sep
L003278,U193,27-09-2025,Excel,Project,0.7,61.1,94,In Progress,Intermediate,87.28571429,0,Sep
L003279,U104,12-11-2025,Power BI,Online Course,0.8,72,61.9,In Progress,Beginner,90,0,Nov
L003280,U135,03-04-2025,Python,Project,5.9,85.1,57.5,In Progress,Beginner,14.42372881,0,Apr
L003281,U090,09-01-2025,SQL,Online Course,2.4,90,20.9,In Progress,Advanced,37.5,0,Jan
L003282,U096,03-06-2025,Excel,Certification,5.6,93.4,46.7,In Progress,Beginner,16.67857143,0,Jun
L003283,U055,19-04-2025,Power BI,Workshop,4.2,88.3,80.1,In Progress,Intermediate,21.02380952,0,Apr
L003284,U018,10-07-2025,Power BI,Project,4.5,86.2,12.5,Dropped,Intermediate,19.15555556,0,Jul
L003285,U121,03-10-2025,Excel,Project,0.5,68.6,100,Completed,Beginner,137.2,1,Oct
L003286,U187,08-07-2025,ServiceNow,Self Learning,1.4,65.1,100,Completed,Intermediate,46.5,1,Jul
L003287,U183,15-08-2025,Communication,Certification,3.8,80.2,82.8,In Progress,Beginner,21.10526316,0,Aug
L003288,U117,30-09-2025,Communication,Certification,2.4,54.6,53.6,In Progress,Beginner,22.75,0,Sep
L003289,U127,25-07-2025,Excel,Project,2.1,48.3,85.5,In Progress,Advanced,23,0,Jul
L003290,U002,06-10-2025,SQL,Certification,1.8,99,100,Completed,Intermediate,55,1,Oct
L003291,U108,20-06-2025,Cloud,Workshop,5.4,97.5,100,Completed,Advanced,18.05555556,1,Jun
L003292,U160,22-03-2025,Communication,Certification,1.6,51.5,73.4,In Progress,Beginner,32.1875,0,Mar
L003293,U103,21-05-2025,ServiceNow,Online Course,5.8,78.1,84.1,In Progress,Intermediate,13.46551724,0,May
L003294,U057,27-05-2025,Excel,Online Course,4.8,80.2,100,Completed,Beginner,16.70833333,1,May
L003295,U034,14-03-2025,ServiceNow,Online Course,0,0,0,Not Started,Intermediate,0,0,Mar
L003296,U093,28-05-2025,Communication,Self Learning,3.7,84,100,Completed,Beginner,22.7027027,1,May
L003297,U087,06-01-2025,ServiceNow,Workshop,1.5,80.7,100,Completed,Advanced,53.8,1,Jan
L003298,U074,28-07-2025,SQL,Certification,0,0,0,Not Started,Beginner,0,0,Jul
L003299,U124,04-01-2025,Cloud,Certification,3.8,66.4,55.4,In Progress,Advanced,17.47368421,0,Jan
L003300,U026,31-07-2025,Java,Certification,2.9,75.7,100,Completed,Intermediate,26.10344828,1,Jul
L003301,U113,12-08-2025,Machine Learning,Online Course,4.5,98.6,100,Completed,Advanced,21.91111111,1,Aug
L003302,U103,07-02-2025,Python,Certification,2.7,72.6,94.7,In Progress,Advanced,26.88888889,0,Feb
L003303,U128,25-03-2025,Communication,Certification,2.1,55.5,6.1,In Progress,Beginner,26.42857143,0,Mar
L003304,U086,14-10-2025,Java,Self Learning,5.1,87.8,5.9,In Progress,Intermediate,17.21568627,0,Oct
L003305,U080,25-12-2025,Data Analytics,Workshop,4.5,49.9,80,In Progress,Beginner,11.08888889,0,Dec
L003306,U058,27-11-2025,Python,Online Course,1.9,66.5,10.2,In Progress,Beginner,35,0,Nov
L003307,U012,14-08-2025,Machine Learning,Certification,0,0,0,Not Started,Beginner,0,0,Aug
L003308,U180,24-07-2025,Power BI,Workshop,5.2,95.6,100,Completed,Intermediate,18.38461538,1,Jul
L003309,U113,28-09-2025,Power BI,Certification,3.3,71,100,Completed,Intermediate,21.51515152,1,Sep
L003310,U165,26-04-2025,Power BI,Online Course,2,84,100,Completed,Advanced,42,1,Apr
L003311,U161,05-10-2025,Java,Workshop,5.6,73.3,45.6,Dropped,Intermediate,13.08928571,0,Oct
L003312,U099,03-12-2025,SQL,Workshop,5.5,86.4,84.2,In Progress,Intermediate,15.70909091,0,Dec
L003313,U184,04-11-2025,Cloud,Self Learning,4.7,45.2,10.6,In Progress,Advanced,9.617021277,0,Nov
L003314,U199,25-05-2025,Data Analytics,Self Learning,5.1,41.4,25.9,Dropped,Beginner,8.117647059,0,May
L003315,U076,24-05-2025,Machine Learning,Project,5.5,87.7,100,Completed,Advanced,15.94545455,1,May
L003316,U150,10-06-2025,ServiceNow,Project,4.2,67.2,94.5,In Progress,Intermediate,16,0,Jun
L003317,U141,03-01-2025,SQL,Certification,3.2,50.6,77,In Progress,Beginner,15.8125,0,Jan
L003318,U059,27-03-2025,Python,Project,3.5,87.1,51.5,In Progress,Intermediate,24.88571429,0,Mar
L003319,U142,17-05-2025,Data Analytics,Online Course,4.8,40.4,74.6,In Progress,Beginner,8.416666667,0,May
L003320,U197,12-04-2025,Power BI,Project,5.2,86.1,88.3,In Progress,Beginner,16.55769231,0,Apr
L003321,U143,11-06-2025,Java,Certification,4.6,61.4,33.9,In Progress,Intermediate,13.34782609,0,Jun
L003322,U016,28-11-2025,Communication,Certification,5.7,60.6,8.4,In Progress,Advanced,10.63157895,0,Nov
L003323,U025,09-05-2025,SQL,Online Course,2.2,90.3,26,Dropped,Advanced,41.04545455,0,May
L003324,U105,11-02-2025,Communication,Online Course,4.4,49.4,46.6,In Progress,Advanced,11.22727273,0,Feb
L003325,U040,01-08-2025,Excel,Self Learning,1.3,55.7,95,In Progress,Beginner,42.84615385,0,Aug
L003326,U010,18-01-2025,Python,Online Course,4.5,91.2,100,Completed,Advanced,20.26666667,1,Jan
L003327,U135,03-06-2025,Excel,Workshop,1.2,96.2,100,Completed,Advanced,80.16666667,1,Jun
L003328,U011,18-06-2025,SQL,Certification,3.5,75.3,100,Completed,Intermediate,21.51428571,1,Jun
L003329,U041,17-07-2025,ServiceNow,Project,2.6,97.1,100,Completed,Advanced,37.34615385,1,Jul
L003330,U196,26-01-2025,SQL,Certification,3.4,72.6,100,Completed,Beginner,21.35294118,1,Jan
L003331,U172,07-10-2025,Java,Self Learning,5,53.7,65.1,In Progress,Advanced,10.74,0,Oct
L003332,U101,18-06-2025,Cloud,Online Course,5.1,68.6,100,Completed,Intermediate,13.45098039,1,Jun
L003333,U021,20-05-2025,SQL,Workshop,0.9,93.7,86.1,In Progress,Intermediate,104.1111111,0,May
L003334,U029,23-07-2025,SQL,Self Learning,0.8,54.7,99.9,In Progress,Intermediate,68.375,0,Jul
L003335,U144,09-09-2025,Machine Learning,Workshop,0.7,79.8,19,Dropped,Advanced,114,0,Sep
L003336,U178,21-03-2025,Power BI,Certification,3.6,83.1,31.7,Dropped,Advanced,23.08333333,0,Mar
L003337,U062,25-09-2025,Power BI,Self Learning,4,71.8,9.9,In Progress,Intermediate,17.95,0,Sep
L003338,U031,30-08-2025,Cloud,Self Learning,4.4,48.3,95.9,In Progress,Advanced,10.97727273,0,Aug
L003339,U114,25-05-2025,Python,Project,3.7,51.6,57,In Progress,Beginner,13.94594595,0,May
L003340,U035,19-07-2025,Excel,Workshop,0,0,0,Not Started,Beginner,0,0,Jul
L003341,U176,08-03-2025,Power BI,Self Learning,2.3,61.3,66.2,In Progress,Advanced,26.65217391,0,Mar
L003342,U033,19-07-2025,Cloud,Project,5,57,86,In Progress,Advanced,11.4,0,Jul
L003343,U179,11-08-2025,Python,Project,2.8,93.2,100,Completed,Beginner,33.28571429,1,Aug
L003344,U017,28-05-2025,SQL,Workshop,4.3,95.4,100,Completed,Advanced,22.18604651,1,May
L003345,U078,10-07-2025,ServiceNow,Online Course,4,83.2,100,Completed,Beginner,20.8,1,Jul
L003346,U100,18-01-2025,Communication,Self Learning,5.3,89,25.3,In Progress,Intermediate,16.79245283,0,Jan
L003347,U091,09-11-2025,Communication,Online Course,3.6,94.2,100,Completed,Intermediate,26.16666667,1,Nov
L003348,U010,05-11-2025,Python,Project,1.1,74.8,100,Completed,Advanced,68,1,Nov
L003349,U135,16-06-2025,Excel,Online Course,1.6,74.2,100,Completed,Beginner,46.375,1,Jun
L003350,U068,15-08-2025,Python,Self Learning,2.9,51.7,35.5,In Progress,Beginner,17.82758621,0,Aug
L003351,U189,11-07-2025,Excel,Self Learning,0,0,0,Not Started,Intermediate,0,0,Jul
L003352,U077,13-01-2025,Machine Learning,Online Course,5.8,84,1.7,In Progress,Advanced,14.48275862,0,Jan
L003353,U193,29-09-2025,ServiceNow,Certification,0,0,0,Not Started,Intermediate,0,0,Sep
L003354,U010,24-08-2025,Python,Workshop,5.1,91.2,34.7,In Progress,Advanced,17.88235294,0,Aug
L003355,U053,17-11-2025,Data Analytics,Certification,2.9,72.2,8.8,In Progress,Intermediate,24.89655172,0,Nov
L003356,U095,02-02-2025,Power BI,Workshop,4.4,74.2,99.5,In Progress,Beginner,16.86363636,0,Feb
L003357,U007,13-05-2025,SQL,Workshop,0,0,0,Not Started,Beginner,0,0,May
L003358,U042,14-12-2025,Data Analytics,Workshop,2.4,40.6,17.3,In Progress,Advanced,16.91666667,0,Dec
L003359,U164,11-06-2025,Python,Self Learning,0.8,87.9,100,Completed,Beginner,109.875,1,Jun
L003360,U143,14-12-2025,Communication,Workshop,5,98.3,18.9,Dropped,Intermediate,19.66,0,Dec
L003361,U160,25-12-2025,Java,Workshop,2.6,88.7,82.8,In Progress,Advanced,34.11538462,0,Dec
L003362,U025,05-04-2025,Excel,Project,5.7,70.3,100,Completed,Beginner,12.33333333,1,Apr
L003363,U132,10-11-2025,Java,Self Learning,3.6,41.4,36,Dropped,Advanced,11.5,0,Nov
L003364,U089,30-05-2025,Cloud,Workshop,1.6,80.8,100,Completed,Intermediate,50.5,1,May
L003365,U176,28-12-2025,Machine Learning,Online Course,1.6,98.3,44.1,In Progress,Beginner,61.4375,0,Dec
L003366,U170,14-01-2025,SQL,Self Learning,5.4,60.1,22.7,In Progress,Intermediate,11.12962963,0,Jan
L003367,U029,21-03-2025,Machine Learning,Online Course,1.5,98.4,86.4,In Progress,Beginner,65.6,0,Mar
L003368,U128,29-08-2025,Power BI,Online Course,2.5,78.2,62.5,In Progress,Intermediate,31.28,0,Aug
L003369,U115,24-10-2025,SQL,Online Course,4.9,40.3,56.1,In Progress,Intermediate,8.224489796,0,Oct
L003370,U107,28-02-2025,Python,Project,3.7,95.5,100,Completed,Advanced,25.81081081,1,Feb
L003371,U164,15-09-2025,Communication,Workshop,3.2,42.4,37.1,Dropped,Beginner,13.25,0,Sep
L003372,U163,03-10-2025,Cloud,Project,1.2,88.5,77.2,In Progress,Intermediate,73.75,0,Oct
L003373,U157,09-03-2025,Java,Certification,4,42.4,21.2,Dropped,Advanced,10.6,0,Mar
L003374,U159,01-09-2025,Python,Workshop,5.1,88.4,40.3,Dropped,Advanced,17.33333333,0,Sep
L003375,U153,09-07-2025,Machine Learning,Online Course,5.5,79,96.7,In Progress,Beginner,14.36363636,0,Jul
L003376,U155,24-04-2025,Excel,Self Learning,0.8,65.3,66.5,In Progress,Beginner,81.625,0,Apr
L003377,U156,08-07-2025,SQL,Project,5,95.7,100,Completed,Beginner,19.14,1,Jul
L003378,U088,09-06-2025,Power BI,Project,0,0,0,Not Started,Intermediate,0,0,Jun
L003379,U003,25-01-2025,Power BI,Self Learning,1.7,99.5,100,Completed,Beginner,58.52941176,1,Jan
L003380,U087,28-07-2025,Java,Online Course,4,44,72.3,In Progress,Advanced,11,0,Jul
L003381,U141,18-04-2025,Machine Learning,Project,1.2,83.8,37.4,In Progress,Beginner,69.83333333,0,Apr
L003382,U152,06-12-2025,Python,Online Course,2.4,61,77.6,In Progress,Beginner,25.41666667,0,Dec
L003383,U185,15-03-2025,Java,Certification,1.5,84.1,100,Completed,Beginner,56.06666667,1,Mar
L003384,U037,08-02-2025,Data Analytics,Self Learning,2.1,92.2,100,Completed,Advanced,43.9047619,1,Feb
L003385,U197,19-08-2025,ServiceNow,Project,2.8,88.6,11.6,In Progress,Beginner,31.64285714,0,Aug
L003386,U034,14-10-2025,Java,Project,3.7,83.2,93.6,In Progress,Intermediate,22.48648649,0,Oct
L003387,U004,12-04-2025,ServiceNow,Workshop,1.5,47.3,69.9,In Progress,Intermediate,31.53333333,0,Apr
L003388,U080,05-01-2025,Machine Learning,Online Course,0,0,0,Not Started,Beginner,0,0,Jan
L003389,U038,15-01-2025,SQL,Workshop,2.9,87.3,100,Completed,Intermediate,30.10344828,1,Jan
L003390,U168,21-06-2025,Power BI,Certification,0.6,92.2,100,Completed,Intermediate,153.6666667,1,Jun
L003391,U137,29-03-2025,Machine Learning,Online Course,4.4,74.1,88.1,In Progress,Advanced,16.84090909,0,Mar
L003392,U001,24-04-2025,Power BI,Workshop,5,94.3,100,Completed,Advanced,18.86,1,Apr
L003393,U074,27-06-2025,Power BI,Certification,3.4,41.9,19.8,In Progress,Intermediate,12.32352941,0,Jun
L003394,U180,14-06-2025,Power BI,Self Learning,3.2,91.3,62.4,In Progress,Intermediate,28.53125,0,Jun
L003395,U128,02-06-2025,Cloud,Project,4.8,90.4,100,Completed,Advanced,18.83333333,1,Jun
L003396,U131,08-11-2025,Data Analytics,Workshop,3.8,54.3,80.5,In Progress,Advanced,14.28947368,0,Nov
L003397,U036,07-01-2025,Excel,Workshop,1.3,77.6,100,Completed,Intermediate,59.69230769,1,Jan
L003398,U197,17-07-2025,SQL,Workshop,3.2,65.3,100,Completed,Beginner,20.40625,1,Jul
L003399,U065,17-05-2025,Python,Workshop,1.5,93,60.9,In Progress,Advanced,62,0,May
L003400,U101,28-03-2025,Power BI,Workshop,1.4,92.1,34.6,In Progress,Intermediate,65.78571429,0,Mar
L003401,U037,24-11-2025,Machine Learning,Workshop,0,0,0,Not Started,Beginner,0,0,Nov
L003402,U022,01-02-2025,ServiceNow,Workshop,5.9,86.7,100,Completed,Advanced,14.69491525,1,Feb
L003403,U051,18-12-2025,Python,Online Course,0,0,0,Not Started,Beginner,0,0,Dec
L003404,U119,09-12-2025,Cloud,Workshop,5.7,95.2,58.3,In Progress,Beginner,16.70175439,0,Dec
L003405,U163,13-07-2025,Cloud,Self Learning,3,49.4,39.9,Dropped,Advanced,16.46666667,0,Jul
L003406,U035,26-05-2025,Excel,Workshop,3.9,99.6,100,Completed,Intermediate,25.53846154,1,May
L003407,U065,30-09-2025,Python,Self Learning,0,0,0,Not Started,Advanced,0,0,Sep
L003408,U131,02-04-2025,Cloud,Project,0,0,0,Not Started,Advanced,0,0,Apr
L003409,U044,13-02-2025,ServiceNow,Certification,3.8,80.4,100,Completed,Intermediate,21.15789474,1,Feb
L003410,U115,21-12-2025,Java,Self Learning,2.3,74.5,100,Completed,Beginner,32.39130435,1,Dec
L003411,U110,25-06-2025,Cloud,Project,1.3,97.2,100,Completed,Beginner,74.76923077,1,Jun
L003412,U178,11-01-2025,Excel,Certification,0,0,0,Not Started,Intermediate,0,0,Jan
L003413,U164,03-02-2025,ServiceNow,Self Learning,1.6,71.7,20.8,In Progress,Intermediate,44.8125,0,Feb
L003414,U104,01-09-2025,Cloud,Workshop,4.4,87.5,40.9,Dropped,Beginner,19.88636364,0,Sep
L003415,U173,01-09-2025,Power BI,Certification,0.8,86.1,100,Completed,Intermediate,107.625,1,Sep
L003416,U059,20-02-2025,Machine Learning,Certification,4.4,94.1,5.8,In Progress,Advanced,21.38636364,0,Feb
L003417,U095,23-06-2025,Communication,Certification,0,0,0,Not Started,Advanced,0,0,Jun
L003418,U008,26-11-2025,Machine Learning,Project,5.5,79.8,54.5,Dropped,Advanced,14.50909091,0,Nov
L003419,U144,03-10-2025,Java,Project,2.2,84.4,100,Completed,Beginner,38.36363636,1,Oct
L003420,U017,07-05-2025,Communication,Workshop,2.1,42.2,25.9,In Progress,Intermediate,20.0952381,0,May
L003421,U044,03-09-2025,Java,Certification,1.3,83,100,Completed,Advanced,63.84615385,1,Sep
L003422,U170,24-01-2025,Java,Workshop,3.9,69,67.1,In Progress,Advanced,17.69230769,0,Jan
L003423,U185,03-04-2025,Excel,Self Learning,0.8,58.4,77.2,In Progress,Beginner,73,0,Apr
L003424,U042,06-03-2025,SQL,Workshop,3.7,74.9,100,Completed,Beginner,20.24324324,1,Mar
L003425,U116,29-12-2025,ServiceNow,Workshop,4.2,60.6,69,In Progress,Advanced,14.42857143,0,Dec
L003426,U087,20-03-2025,ServiceNow,Project,5.4,53.3,65.5,Dropped,Beginner,9.87037037,0,Mar
L003427,U133,14-07-2025,SQL,Workshop,1.3,98.6,77.7,In Progress,Advanced,75.84615385,0,Jul
L003428,U181,19-09-2025,Machine Learning,Online Course,1.8,44.5,60.2,In Progress,Beginner,24.72222222,0,Sep
L003429,U053,15-01-2025,Communication,Workshop,0,0,0,Not Started,Intermediate,0,0,Jan
L003430,U189,10-07-2025,SQL,Workshop,3,80,25,In Progress,Intermediate,26.66666667,0,Jul
L003431,U067,14-03-2025,Python,Certification,4.8,83.3,100,Completed,Beginner,17.35416667,1,Mar
L003432,U015,11-07-2025,Excel,Certification,5.3,99.1,20.4,Dropped,Beginner,18.69811321,0,Jul
L003433,U086,02-11-2025,Python,Self Learning,2.9,69.3,95.9,In Progress,Intermediate,23.89655172,0,Nov
L003434,U050,01-03-2025,Excel,Project,5.2,64,80.5,In Progress,Advanced,12.30769231,0,Mar
L003435,U018,10-11-2025,ServiceNow,Workshop,5.8,85.9,72.3,In Progress,Beginner,14.81034483,0,Nov
L003436,U091,24-09-2025,Java,Project,3.4,85.9,63.3,In Progress,Beginner,25.26470588,0,Sep
L003437,U157,16-12-2025,ServiceNow,Workshop,2.9,43.6,13.4,In Progress,Intermediate,15.03448276,0,Dec
L003438,U183,11-12-2025,ServiceNow,Self Learning,0,0,0,Not Started,Advanced,0,0,Dec
L003439,U019,18-08-2025,ServiceNow,Online Course,3.3,77.3,1.3,In Progress,Advanced,23.42424242,0,Aug
L003440,U049,18-09-2025,Python,Online Course,5.4,68.7,50.1,In Progress,Advanced,12.72222222,0,Sep
L003441,U172,27-09-2025,Power BI,Workshop,5.1,62.3,21.8,In Progress,Beginner,12.21568627,0,Sep
L003442,U041,28-09-2025,Cloud,Project,5.9,85.5,100,Completed,Beginner,14.49152542,1,Sep
L003443,U127,28-01-2025,ServiceNow,Self Learning,0,0,0,Not Started,Beginner,0,0,Jan
L003444,U053,20-04-2025,Power BI,Workshop,0,0,0,Not Started,Beginner,0,0,Apr
L003445,U164,25-08-2025,Communication,Self Learning,4.3,51.3,95.7,In Progress,Beginner,11.93023256,0,Aug
L003446,U165,07-09-2025,Power BI,Self Learning,0,0,0,Not Started,Beginner,0,0,Sep
L003447,U071,24-01-2025,Excel,Self Learning,2.8,68.7,3.6,In Progress,Intermediate,24.53571429,0,Jan
L003448,U038,09-09-2025,Communication,Workshop,5.4,75.9,100,Completed,Advanced,14.05555556,1,Sep
L003449,U047,25-11-2025,Java,Online Course,4.9,42.1,57.7,In Progress,Beginner,8.591836735,0,Nov
L003450,U127,02-12-2025,Power BI,Online Course,5.3,96.7,93.1,In Progress,Advanced,18.24528302,0,Dec
L003451,U062,26-02-2025,Excel,Workshop,2.5,65.9,15.6,In Progress,Beginner,26.36,0,Feb
L003452,U140,23-01-2025,SQL,Self Learning,5.5,92.5,100,Completed,Advanced,16.81818182,1,Jan
L003453,U016,07-09-2025,SQL,Project,2.7,79.2,35,Dropped,Advanced,29.33333333,0,Sep
L003454,U024,16-09-2025,Power BI,Self Learning,5.8,71.7,69.2,Dropped,Advanced,12.36206897,0,Sep
L003455,U026,21-03-2025,Communication,Certification,2.9,66.1,10,In Progress,Beginner,22.79310345,0,Mar
L003456,U115,20-02-2025,Excel,Workshop,3.6,79.7,100,Completed,Intermediate,22.13888889,1,Feb
L003457,U181,14-01-2025,ServiceNow,Online Course,2.4,74.6,100,Completed,Beginner,31.08333333,1,Jan
L003458,U154,24-07-2025,Python,Certification,1.1,92.7,100,Completed,Beginner,84.27272727,1,Jul
L003459,U094,05-09-2025,Communication,Online Course,4.1,43.2,83.5,In Progress,Beginner,10.53658537,0,Sep
L003460,U198,18-03-2025,Machine Learning,Certification,4.7,48.1,56.1,In Progress,Advanced,10.23404255,0,Mar
L003461,U136,27-03-2025,ServiceNow,Workshop,3.4,49.6,30.4,In Progress,Beginner,14.58823529,0,Mar
L003462,U002,03-12-2025,Excel,Project,3,82.5,52.6,In Progress,Beginner,27.5,0,Dec
L003463,U169,29-05-2025,Excel,Project,0.6,99.1,100,Completed,Intermediate,165.1666667,1,May
L003464,U123,09-04-2025,Python,Certification,0.7,76.7,100,Completed,Advanced,109.5714286,1,Apr
L003465,U084,14-12-2025,Data Analytics,Self Learning,1,66.8,24.7,In Progress,Intermediate,66.8,0,Dec
L003466,U057,19-08-2025,Excel,Certification,4.9,85.5,100,Completed,Advanced,17.44897959,1,Aug
L003467,U001,18-04-2025,Cloud,Project,5.1,99.8,37.4,Dropped,Intermediate,19.56862745,0,Apr
L003468,U023,04-10-2025,ServiceNow,Online Course,0.9,85.3,71.1,In Progress,Advanced,94.77777778,0,Oct
L003469,U172,13-09-2025,Data Analytics,Workshop,0,0,0,Not Started,Advanced,0,0,Sep
L003470,U003,15-05-2025,SQL,Self Learning,2,78.7,100,Completed,Intermediate,39.35,1,May
L003471,U044,18-04-2025,Communication,Workshop,1.1,55.1,99.2,In Progress,Intermediate,50.09090909,0,Apr
L003472,U167,12-09-2025,ServiceNow,Project,6,89.5,51.7,Dropped,Intermediate,14.91666667,0,Sep
L003473,U067,29-08-2025,SQL,Workshop,5.8,70.5,58.5,Dropped,Beginner,12.15517241,0,Aug
L003474,U037,26-04-2025,Communication,Workshop,2,87,100,Completed,Advanced,43.5,1,Apr
L003475,U098,09-05-2025,Python,Self Learning,4.6,66,54.3,In Progress,Advanced,14.34782609,0,May
L003476,U131,10-08-2025,Excel,Certification,4.3,48.6,20.4,In Progress,Beginner,11.30232558,0,Aug
L003477,U046,24-08-2025,Data Analytics,Online Course,0.7,97.6,21,In Progress,Intermediate,139.4285714,0,Aug
L003478,U024,19-11-2025,Excel,Workshop,3.4,61.9,80.7,In Progress,Intermediate,18.20588235,0,Nov
L003479,U074,29-07-2025,Excel,Certification,0,0,0,Not Started,Advanced,0,0,Jul
L003480,U141,05-03-2025,Power BI,Self Learning,0,0,0,Not Started,Beginner,0,0,Mar
L003481,U074,17-03-2025,Data Analytics,Certification,1.2,79.2,100,Completed,Beginner,66,1,Mar
L003482,U005,14-12-2025,Java,Project,0.6,60.9,7.8,In Progress,Beginner,101.5,0,Dec
L003483,U141,06-09-2025,ServiceNow,Certification,5.3,65.3,100,Completed,Intermediate,12.32075472,1,Sep
L003484,U037,25-10-2025,Data Analytics,Project,1.7,97.6,100,Completed,Intermediate,57.41176471,1,Oct
L003485,U168,27-03-2025,Communication,Online Course,4.1,88.7,100,Completed,Intermediate,21.63414634,1,Mar
L003486,U153,12-06-2025,Cloud,Online Course,0,0,0,Not Started,Intermediate,0,0,Jun
L003487,U172,22-08-2025,Cloud,Certification,4.4,93.5,100,Completed,Intermediate,21.25,1,Aug
L003488,U155,30-07-2025,Python,Workshop,0,0,0,Not Started,Intermediate,0,0,Jul
L003489,U023,22-12-2025,Java,Workshop,2.8,64.4,28.9,In Progress,Beginner,23,0,Dec
L003490,U146,06-11-2025,Machine Learning,Workshop,1.3,40.5,82.5,In Progress,Intermediate,31.15384615,0,Nov
L003491,U182,12-12-2025,Communication,Project,5.1,89.2,100,Completed,Advanced,17.49019608,1,Dec
L003492,U030,06-06-2025,SQL,Project,0.8,91.3,100,Completed,Intermediate,114.125,1,Jun
L003493,U194,05-04-2025,Cloud,Certification,0,0,0,Not Started,Beginner,0,0,Apr
L003494,U021,17-12-2025,SQL,Online Course,1.2,70.9,99.3,In Progress,Intermediate,59.08333333,0,Dec
L003495,U101,26-03-2025,Communication,Certification,4,85.9,100,Completed,Advanced,21.475,1,Mar
L003496,U191,24-05-2025,Excel,Project,5.7,92.7,13.3,Dropped,Advanced,16.26315789,0,May
L003497,U157,08-07-2025,Data Analytics,Certification,3.6,78.8,100,Completed,Advanced,21.88888889,1,Jul
L003498,U136,07-08-2025,ServiceNow,Certification,2.4,93.5,97.1,In Progress,Beginner,38.95833333,0,Aug
L003499,U003,21-11-2025,SQL,Certification,3.5,79.1,100,Completed,Advanced,22.6,1,Nov
L003500,U070,09-08-2025,Java,Workshop,2,80,95.3,In Progress,Intermediate,40,0,Aug
L003501,U040,21-01-2025,Communication,Certification,4,76.3,25.4,In Progress,Intermediate,19.075,0,Jan
L003502,U037,18-09-2025,Communication,Online Course,0.6,84.7,100,Completed,Intermediate,141.1666667,1,Sep
L003503,U024,23-11-2025,Communication,Certification,0.9,90,100,Completed,Advanced,100,1,Nov
L003504,U195,24-06-2025,Python,Certification,1.1,46.6,18,In Progress,Advanced,42.36363636,0,Jun
L003505,U013,02-02-2025,Power BI,Certification,3.1,81.9,45.4,In Progress,Advanced,26.41935484,0,Feb
L003506,U185,30-11-2025,Data Analytics,Certification,4.1,61.7,0.2,In Progress,Beginner,15.04878049,0,Nov
L003507,U099,24-07-2025,Cloud,Self Learning,4.2,94.8,66.3,In Progress,Beginner,22.57142857,0,Jul
L003508,U048,06-08-2025,ServiceNow,Workshop,4.1,53.9,18.5,In Progress,Advanced,13.14634146,0,Aug
L003509,U090,07-07-2025,Communication,Self Learning,0,0,0,Not Started,Advanced,0,0,Jul
L003510,U164,19-10-2025,Cloud,Certification,2.7,66.5,82.1,In Progress,Beginner,24.62962963,0,Oct
L003511,U030,27-01-2025,SQL,Self Learning,4.4,74.1,50.5,In Progress,Advanced,16.84090909,0,Jan
L003512,U012,21-01-2025,Cloud,Project,5.1,43.7,80.5,In Progress,Advanced,8.568627451,0,Jan
L003513,U152,15-01-2025,ServiceNow,Certification,4.7,51.1,21.8,In Progress,Beginner,10.87234043,0,Jan
L003514,U006,08-09-2025,Excel,Certification,1.4,44.1,74,In Progress,Advanced,31.5,0,Sep
L003515,U007,09-12-2025,ServiceNow,Project,2.5,96,100,Completed,Intermediate,38.4,1,Dec
L003516,U021,04-02-2025,Java,Online Course,1.6,70.1,100,Completed,Advanced,43.8125,1,Feb
L003517,U098,20-02-2025,Power BI,Workshop,2,76.7,32.9,Dropped,Beginner,38.35,0,Feb
L003518,U195,23-07-2025,Cloud,Certification,3.5,65.5,13.3,In Progress,Beginner,18.71428571,0,Jul
L003519,U169,03-04-2025,SQL,Self Learning,4,93,39.6,In Progress,Advanced,23.25,0,Apr
L003520,U171,26-07-2025,Java,Self Learning,4.3,46.7,34.5,In Progress,Beginner,10.86046512,0,Jul
L003521,U019,22-08-2025,Communication,Certification,2,81.5,100,Completed,Beginner,40.75,1,Aug
L003522,U035,21-03-2025,Data Analytics,Online Course,4.3,79.1,65.9,In Progress,Beginner,18.39534884,0,Mar
L003523,U034,25-04-2025,Java,Self Learning,2.8,42.8,39.9,In Progress,Intermediate,15.28571429,0,Apr
L003524,U192,09-08-2025,Python,Online Course,1.6,83.1,82.2,In Progress,Intermediate,51.9375,0,Aug
L003525,U080,14-09-2025,ServiceNow,Project,1.3,42.4,52.1,In Progress,Advanced,32.61538462,0,Sep
L003526,U015,03-03-2025,ServiceNow,Certification,5.2,56.5,10.6,In Progress,Beginner,10.86538462,0,Mar
L003527,U056,17-05-2025,SQL,Certification,1.2,70.4,41,In Progress,Advanced,58.66666667,0,May
L003528,U133,28-08-2025,Communication,Self Learning,5.3,74.3,15,In Progress,Advanced,14.01886792,0,Aug
L003529,U075,17-04-2025,Machine Learning,Self Learning,5.2,72.7,100,Completed,Beginner,13.98076923,1,Apr
L003530,U079,19-04-2025,Power BI,Project,4.3,53.4,20.5,Dropped,Beginner,12.41860465,0,Apr
L003531,U100,20-03-2025,Communication,Project,3.3,72.9,22.2,In Progress,Beginner,22.09090909,0,Mar
L003532,U156,23-11-2025,Power BI,Self Learning,1,96.2,78,In Progress,Beginner,96.2,0,Nov
L003533,U138,07-08-2025,Machine Learning,Certification,4.3,98.8,98.8,In Progress,Advanced,22.97674419,0,Aug
L003534,U079,02-01-2025,Data Analytics,Self Learning,1.9,53.4,29,In Progress,Beginner,28.10526316,0,Jan
L003535,U008,11-10-2025,Python,Self Learning,5.4,52.7,60,Dropped,Beginner,9.759259259,0,Oct
L003536,U032,11-03-2025,Python,Workshop,1.6,95.5,100,Completed,Advanced,59.6875,1,Mar
L003537,U123,28-01-2025,Java,Online Course,1.4,80.4,100,Completed,Advanced,57.42857143,1,Jan
L003538,U026,02-01-2025,Machine Learning,Workshop,2.5,94.6,90.8,In Progress,Intermediate,37.84,0,Jan
L003539,U182,15-07-2025,Cloud,Self Learning,2.2,65.4,58.2,Dropped,Advanced,29.72727273,0,Jul
L003540,U190,18-01-2025,SQL,Workshop,4.4,64.5,26.3,In Progress,Intermediate,14.65909091,0,Jan
L003541,U072,22-01-2025,Machine Learning,Self Learning,2.9,96.7,100,Completed,Beginner,33.34482759,1,Jan
L003542,U004,10-07-2025,Python,Project,2.7,97.8,100,Completed,Beginner,36.22222222,1,Jul
L003543,U106,05-12-2025,Excel,Certification,2.4,71.4,50.8,In Progress,Advanced,29.75,0,Dec
L003544,U102,20-08-2025,Communication,Certification,1.3,88.3,34.6,In Progress,Beginner,67.92307692,0,Aug
L003545,U059,13-09-2025,Cloud,Project,2.9,60.7,54.5,Dropped,Intermediate,20.93103448,0,Sep
L003546,U156,11-06-2025,Python,Project,3.7,47.4,96.2,In Progress,Advanced,12.81081081,0,Jun
L003547,U037,01-08-2025,Power BI,Project,2.2,98.4,38,Dropped,Beginner,44.72727273,0,Aug
L003548,U189,07-07-2025,ServiceNow,Certification,3,76.6,32.7,In Progress,Beginner,25.53333333,0,Jul
L003549,U108,16-07-2025,ServiceNow,Online Course,3.5,80.2,100,Completed,Intermediate,22.91428571,1,Jul
L003550,U172,18-12-2025,Communication,Certification,4.4,96.9,41.7,In Progress,Advanced,22.02272727,0,Dec
L003551,U112,16-08-2025,Machine Learning,Project,4.1,62,3.3,In Progress,Beginner,15.12195122,0,Aug
L003552,U191,29-06-2025,Communication,Certification,5.8,53.5,27.3,In Progress,Beginner,9.224137931,0,Jun
L003553,U182,22-10-2025,ServiceNow,Project,3.9,88,43.8,In Progress,Intermediate,22.56410256,0,Oct
L003554,U128,13-02-2025,Data Analytics,Online Course,0,0,0,Not Started,Beginner,0,0,Feb
L003555,U018,25-08-2025,Machine Learning,Workshop,4.7,75.6,91.7,In Progress,Intermediate,16.08510638,0,Aug
L003556,U131,15-06-2025,Communication,Project,5.9,51,43.3,In Progress,Advanced,8.644067797,0,Jun
L003557,U017,14-04-2025,SQL,Workshop,5.7,93.8,100,Completed,Beginner,16.45614035,1,Apr
L003558,U046,03-12-2025,ServiceNow,Online Course,1.8,79.4,100,Completed,Advanced,44.11111111,1,Dec
L003559,U151,20-06-2025,Python,Workshop,1.7,97.9,100,Completed,Intermediate,57.58823529,1,Jun
L003560,U154,20-09-2025,Communication,Project,0.7,94.4,100,Completed,Intermediate,134.8571429,1,Sep
L003561,U132,23-02-2025,Power BI,Certification,1.6,44.7,36.4,Dropped,Beginner,27.9375,0,Feb
L003562,U157,19-02-2025,Power BI,Certification,4.3,99.7,100,Completed,Beginner,23.18604651,1,Feb
L003563,U042,01-10-2025,Power BI,Online Course,2.1,84.5,26.5,Dropped,Intermediate,40.23809524,0,Oct
L003564,U167,27-03-2025,Cloud,Online Course,5.2,49.8,71.8,In Progress,Advanced,9.576923077,0,Mar
L003565,U170,03-02-2025,SQL,Project,5.3,72.3,100,Completed,Intermediate,13.64150943,1,Feb
L003566,U138,22-03-2025,Data Analytics,Project,3.7,97.4,100,Completed,Intermediate,26.32432432,1,Mar
L003567,U189,26-03-2025,Data Analytics,Workshop,4.2,54.4,10,In Progress,Advanced,12.95238095,0,Mar
L003568,U077,27-07-2025,Data Analytics,Online Course,3.8,76.2,100,Completed,Beginner,20.05263158,1,Jul
L003569,U023,21-12-2025,Power BI,Project,0,0,0,Not Started,Advanced,0,0,Dec
L003570,U110,06-11-2025,Data Analytics,Certification,1.3,46.6,33.1,In Progress,Advanced,35.84615385,0,Nov
L003571,U131,05-01-2025,Communication,Self Learning,4.7,90.6,63.7,In Progress,Advanced,19.27659574,0,Jan
L003572,U018,27-06-2025,Machine Learning,Certification,4.5,73.6,29.2,In Progress,Advanced,16.35555556,0,Jun
L003573,U143,22-06-2025,Java,Project,1.5,67.9,14.5,Dropped,Beginner,45.26666667,0,Jun
L003574,U141,01-08-2025,Machine Learning,Certification,4.1,81.4,100,Completed,Intermediate,19.85365854,1,Aug
L003575,U112,20-08-2025,Communication,Certification,3.7,77.8,22.9,In Progress,Beginner,21.02702703,0,Aug
L003576,U120,19-08-2025,Cloud,Self Learning,1.7,71.6,96.8,In Progress,Intermediate,42.11764706,0,Aug
L003577,U103,19-08-2025,Python,Certification,0.8,67.5,100,Completed,Advanced,84.375,1,Aug
L003578,U116,10-08-2025,Cloud,Project,2.6,42.9,51.4,Dropped,Advanced,16.5,0,Aug
L003579,U193,05-05-2025,Machine Learning,Certification,5.8,98.9,6.2,In Progress,Beginner,17.05172414,0,May
L003580,U015,04-05-2025,ServiceNow,Online Course,3.6,98.4,53.4,In Progress,Advanced,27.33333333,0,May
L003581,U078,21-02-2025,Power BI,Workshop,2.4,66.4,100,Completed,Intermediate,27.66666667,1,Feb
L003582,U100,01-05-2025,ServiceNow,Project,1.9,75.5,30,In Progress,Beginner,39.73684211,0,May
L003583,U092,25-11-2025,Java,Certification,2.2,91.2,100,Completed,Beginner,41.45454545,1,Nov
L003584,U147,24-12-2025,ServiceNow,Workshop,3,58.8,29.7,In Progress,Advanced,19.6,0,Dec
L003585,U022,26-12-2025,Java,Project,1.5,51.3,76.4,In Progress,Advanced,34.2,0,Dec
L003586,U105,26-09-2025,Python,Certification,0,0,0,Not Started,Beginner,0,0,Sep
L003587,U043,06-04-2025,Power BI,Self Learning,3.1,78.1,100,Completed,Beginner,25.19354839,1,Apr
L003588,U107,27-06-2025,ServiceNow,Certification,3.7,69,100,Completed,Intermediate,18.64864865,1,Jun
L003589,U167,20-03-2025,Power BI,Project,2.8,94.8,100,Completed,Beginner,33.85714286,1,Mar
L003590,U145,11-06-2025,Java,Workshop,1.5,68.1,30.4,In Progress,Beginner,45.4,0,Jun
L003591,U139,05-05-2025,SQL,Workshop,3,59,16.1,In Progress,Intermediate,19.66666667,0,May
L003592,U172,11-07-2025,ServiceNow,Self Learning,3.7,78.1,100,Completed,Advanced,21.10810811,1,Jul
L003593,U067,27-10-2025,Communication,Project,0.9,66.9,68.1,Dropped,Advanced,74.33333333,0,Oct
L003594,U144,06-12-2025,SQL,Self Learning,4.5,81.5,40.4,In Progress,Advanced,18.11111111,0,Dec
L003595,U027,18-04-2025,Communication,Online Course,5.8,52.7,29.6,In Progress,Advanced,9.086206897,0,Apr
L003596,U012,17-08-2025,ServiceNow,Workshop,0.9,86.4,100,Completed,Intermediate,96,1,Aug
L003597,U023,21-09-2025,Data Analytics,Project,2.8,95,100,Completed,Beginner,33.92857143,1,Sep
L003598,U151,20-07-2025,Machine Learning,Workshop,2.3,76.8,97.3,In Progress,Intermediate,33.39130435,0,Jul
L003599,U122,22-01-2025,Power BI,Certification,1.8,56,74.6,In Progress,Advanced,31.11111111,0,Jan
L003600,U043,01-12-2025,Power BI,Project,5.7,65.4,5.2,In Progress,Intermediate,11.47368421,0,Dec
L003601,U001,10-11-2025,Communication,Self Learning,1.3,91.9,31.4,In Progress,Advanced,70.69230769,0,Nov
L003602,U090,19-11-2025,Cloud,Project,5.6,60.2,46.4,In Progress,Beginner,10.75,0,Nov
L003603,U174,04-06-2025,Python,Certification,4,93.9,100,Completed,Advanced,23.475,1,Jun
L003604,U004,16-12-2025,Power BI,Online Course,0.5,87.6,41.5,In Progress,Advanced,175.2,0,Dec
L003605,U024,21-10-2025,Machine Learning,Online Course,0,0,0,Not Started,Beginner,0,0,Oct
L003606,U072,30-12-2025,Excel,Project,3.3,49.2,70.8,In Progress,Beginner,14.90909091,0,Dec
L003607,U187,05-09-2025,Data Analytics,Certification,0.7,86.2,100,Completed,Beginner,123.1428571,1,Sep
L003608,U126,13-07-2025,Machine Learning,Workshop,4.4,49,2.4,In Progress,Intermediate,11.13636364,0,Jul
L003609,U192,10-06-2025,SQL,Certification,4.1,53.3,45.3,In Progress,Advanced,13,0,Jun
L003610,U081,07-03-2025,ServiceNow,Workshop,4.7,76.4,97.8,In Progress,Advanced,16.25531915,0,Mar
L003611,U072,21-03-2025,SQL,Workshop,0,0,0,Not Started,Intermediate,0,0,Mar
L003612,U180,28-09-2025,ServiceNow,Online Course,3,82.6,46.6,In Progress,Beginner,27.53333333,0,Sep
L003613,U170,19-05-2025,Python,Project,1.9,90.7,35.6,In Progress,Advanced,47.73684211,0,May
L003614,U070,11-12-2025,Java,Online Course,5.4,60.3,68.2,In Progress,Advanced,11.16666667,0,Dec
L003615,U154,20-12-2025,Communication,Self Learning,1.8,88,42.9,In Progress,Advanced,48.88888889,0,Dec
L003616,U111,15-05-2025,ServiceNow,Self Learning,3.2,77.1,100,Completed,Advanced,24.09375,1,May
L003617,U085,18-02-2025,Data Analytics,Workshop,0.9,81.7,6.4,In Progress,Advanced,90.77777778,0,Feb
L003618,U195,19-08-2025,ServiceNow,Online Course,5.3,93.3,100,Completed,Advanced,17.60377358,1,Aug
L003619,U191,01-03-2025,Excel,Online Course,3.4,42.8,44.4,In Progress,Advanced,12.58823529,0,Mar
L003620,U029,22-03-2025,Python,Workshop,1.4,54.9,63,In Progress,Advanced,39.21428571,0,Mar
L003621,U164,17-08-2025,Machine Learning,Certification,2.1,66.1,100,Completed,Intermediate,31.47619048,1,Aug
L003622,U122,12-07-2025,Python,Online Course,4.7,93.6,40.8,In Progress,Intermediate,19.91489362,0,Jul
L003623,U131,08-10-2025,Machine Learning,Certification,5.5,80.4,61.6,In Progress,Beginner,14.61818182,0,Oct
L003624,U178,10-09-2025,Machine Learning,Online Course,3.7,72.6,89.3,In Progress,Advanced,19.62162162,0,Sep
L003625,U080,15-11-2025,ServiceNow,Certification,1.3,69.8,100,Completed,Intermediate,53.69230769,1,Nov
L003626,U046,21-03-2025,Java,Online Course,2.7,97.9,37.1,In Progress,Intermediate,36.25925926,0,Mar
L003627,U145,21-08-2025,Cloud,Workshop,5.3,93.4,100,Completed,Beginner,17.62264151,1,Aug
L003628,U061,29-12-2025,Data Analytics,Online Course,2.7,50.6,88.5,In Progress,Advanced,18.74074074,0,Dec
L003629,U178,28-01-2025,Machine Learning,Self Learning,1.3,80.2,100,Completed,Intermediate,61.69230769,1,Jan
L003630,U035,12-11-2025,Java,Project,2.1,71.1,100,Completed,Intermediate,33.85714286,1,Nov
L003631,U198,25-07-2025,Machine Learning,Certification,4.3,92.2,62.7,In Progress,Beginner,21.44186047,0,Jul
L003632,U148,16-01-2025,SQL,Project,1.9,95.3,86.8,In Progress,Advanced,50.15789474,0,Jan
L003633,U185,11-06-2025,Machine Learning,Self Learning,1.7,51.3,6.7,In Progress,Beginner,30.17647059,0,Jun
L003634,U023,13-05-2025,Communication,Self Learning,0.9,86.6,50.4,In Progress,Advanced,96.22222222,0,May
L003635,U189,15-03-2025,Excel,Self Learning,5.6,85.1,3.5,In Progress,Intermediate,15.19642857,0,Mar
L003636,U086,19-10-2025,Python,Certification,3.2,65.1,100,Completed,Advanced,20.34375,1,Oct
L003637,U042,05-12-2025,ServiceNow,Workshop,3.8,89.5,59,In Progress,Advanced,23.55263158,0,Dec
L003638,U107,31-01-2025,Cloud,Online Course,3.1,86.5,46.2,Dropped,Intermediate,27.90322581,0,Jan
L003639,U140,15-04-2025,Excel,Workshop,0.5,81.6,44.3,In Progress,Beginner,163.2,0,Apr
L003640,U159,12-03-2025,Cloud,Self Learning,5.3,71,78.9,In Progress,Advanced,13.39622642,0,Mar
L003641,U166,12-01-2025,Data Analytics,Online Course,1.7,70.6,10,In Progress,Intermediate,41.52941176,0,Jan
L003642,U181,07-09-2025,Cloud,Workshop,5.4,93.7,13.3,In Progress,Advanced,17.35185185,0,Sep
L003643,U110,01-09-2025,Power BI,Certification,1.3,88.5,35.7,In Progress,Intermediate,68.07692308,0,Sep
L003644,U189,06-03-2025,Excel,Self Learning,4.6,41.6,85.4,In Progress,Advanced,9.043478261,0,Mar
L003645,U022,09-05-2025,Data Analytics,Online Course,6,95.6,100,Completed,Beginner,15.93333333,1,May
L003646,U076,06-09-2025,Excel,Workshop,5,54.2,67.5,In Progress,Advanced,10.84,0,Sep
L003647,U018,04-09-2025,Java,Self Learning,4.8,53.4,38.7,Dropped,Advanced,11.125,0,Sep
L003648,U112,08-12-2025,Java,Workshop,2.6,81.7,53.8,Dropped,Advanced,31.42307692,0,Dec
L003649,U004,18-06-2025,Data Analytics,Self Learning,2.4,83.3,100,Completed,Intermediate,34.70833333,1,Jun
L003650,U104,11-07-2025,Communication,Self Learning,0,0,0,Not Started,Beginner,0,0,Jul
L003651,U058,23-07-2025,Python,Project,4.6,56.3,59.2,In Progress,Beginner,12.23913043,0,Jul
L003652,U159,27-08-2025,Machine Learning,Online Course,1.9,83.4,100,Completed,Intermediate,43.89473684,1,Aug
L003653,U021,25-05-2025,Machine Learning,Certification,2.1,46.5,99.6,In Progress,Intermediate,22.14285714,0,May
L003654,U106,25-11-2025,Java,Workshop,2.9,94,100,Completed,Beginner,32.4137931,1,Nov
L003655,U200,04-08-2025,ServiceNow,Self Learning,3.4,87.5,79.2,In Progress,Advanced,25.73529412,0,Aug
L003656,U095,24-01-2025,Excel,Self Learning,2.6,97.9,100,Completed,Intermediate,37.65384615,1,Jan
L003657,U019,20-08-2025,Java,Project,4.6,69.5,100,Completed,Beginner,15.10869565,1,Aug
L003658,U092,18-09-2025,Python,Certification,3.4,75.9,12.8,In Progress,Advanced,22.32352941,0,Sep
L003659,U170,23-09-2025,Python,Workshop,1.1,99.3,70.2,In Progress,Advanced,90.27272727,0,Sep
L003660,U199,19-08-2025,Communication,Project,4.6,71,100,Completed,Beginner,15.43478261,1,Aug
L003661,U041,25-02-2025,Java,Project,5.9,50.3,68.1,In Progress,Beginner,8.525423729,0,Feb
L003662,U164,06-09-2025,Excel,Certification,3.1,58.3,36.2,In Progress,Advanced,18.80645161,0,Sep
L003663,U152,13-04-2025,Communication,Workshop,4.6,73.4,25.4,In Progress,Advanced,15.95652174,0,Apr
L003664,U083,24-08-2025,Java,Workshop,2.4,99.5,100,Completed,Intermediate,41.45833333,1,Aug
L003665,U027,19-01-2025,Machine Learning,Online Course,5.1,96.1,100,Completed,Advanced,18.84313725,1,Jan
L003666,U177,14-03-2025,Data Analytics,Project,0,0,0,Not Started,Advanced,0,0,Mar
L003667,U054,02-02-2025,Cloud,Workshop,2,76.2,48.8,Dropped,Beginner,38.1,0,Feb
L003668,U018,10-09-2025,Data Analytics,Project,1.2,97.9,100,Completed,Advanced,81.58333333,1,Sep
L003669,U054,17-02-2025,Data Analytics,Certification,2.7,48,83.2,In Progress,Intermediate,17.77777778,0,Feb
L003670,U004,02-02-2025,ServiceNow,Self Learning,0,0,0,Not Started,Intermediate,0,0,Feb
L003671,U110,23-12-2025,Communication,Certification,5.2,49.9,32,In Progress,Intermediate,9.596153846,0,Dec
L003672,U184,23-03-2025,Python,Online Course,1.9,88.8,41.6,Dropped,Intermediate,46.73684211,0,Mar
L003673,U176,26-11-2025,Power BI,Certification,4.1,92.3,63.6,In Progress,Beginner,22.51219512,0,Nov
L003674,U044,21-09-2025,ServiceNow,Project,5.5,74.1,53.6,Dropped,Advanced,13.47272727,0,Sep
L003675,U011,17-04-2025,Data Analytics,Workshop,0.7,48.3,75.1,In Progress,Beginner,69,0,Apr
L003676,U112,27-04-2025,Data Analytics,Self Learning,1.4,73.4,100,Completed,Beginner,52.42857143,1,Apr
L003677,U111,07-12-2025,Excel,Certification,3.9,43.2,22.7,In Progress,Intermediate,11.07692308,0,Dec
L003678,U182,23-07-2025,Cloud,Workshop,1.4,42.5,78.9,In Progress,Intermediate,30.35714286,0,Jul
L003679,U167,07-02-2025,Cloud,Workshop,1.8,95.6,31.6,In Progress,Intermediate,53.11111111,0,Feb
L003680,U026,15-09-2025,Excel,Project,3.3,80.4,37.2,In Progress,Beginner,24.36363636,0,Sep
L003681,U091,18-08-2025,Cloud,Self Learning,1.2,70.9,100,Completed,Advanced,59.08333333,1,Aug
L003682,U198,08-08-2025,Python,Project,2.9,91.5,100,Completed,Beginner,31.55172414,1,Aug
L003683,U120,21-04-2025,ServiceNow,Certification,3.9,77.8,100,Completed,Advanced,19.94871795,1,Apr
L003684,U199,04-12-2025,Python,Project,0.8,68.5,37.4,In Progress,Advanced,85.625,0,Dec
L003685,U187,17-02-2025,Data Analytics,Certification,4.1,92,81,In Progress,Beginner,22.43902439,0,Feb
L003686,U107,29-03-2025,Java,Project,4.9,93.1,100,Completed,Intermediate,19,1,Mar
L003687,U050,14-12-2025,Machine Learning,Self Learning,0,0,0,Not Started,Advanced,0,0,Dec
L003688,U197,01-03-2025,Power BI,Online Course,0,0,0,Not Started,Beginner,0,0,Mar
L003689,U018,11-09-2025,Python,Project,2.5,95.9,14.9,In Progress,Advanced,38.36,0,Sep
L003690,U188,06-10-2025,Python,Self Learning,5,95.6,100,Completed,Intermediate,19.12,1,Oct
L003691,U150,16-07-2025,Java,Online Course,0.6,91.8,44.2,In Progress,Advanced,153,0,Jul
L003692,U001,09-05-2025,SQL,Online Course,5.4,53.3,47,In Progress,Advanced,9.87037037,0,May
L003693,U031,01-11-2025,Power BI,Project,2.4,95.7,88.6,In Progress,Advanced,39.875,0,Nov
L003694,U045,12-01-2025,Python,Self Learning,2,70.5,18.3,In Progress,Intermediate,35.25,0,Jan
L003695,U116,12-06-2025,Power BI,Self Learning,0.9,84.1,100,Completed,Beginner,93.44444444,1,Jun
L003696,U184,12-04-2025,Power BI,Online Course,0,0,0,Not Started,Beginner,0,0,Apr
L003697,U125,25-10-2025,Machine Learning,Self Learning,2.6,68.3,76.6,In Progress,Advanced,26.26923077,0,Oct
L003698,U132,20-03-2025,Communication,Workshop,3.2,50.4,69.1,In Progress,Intermediate,15.75,0,Mar
L003699,U026,08-03-2025,Cloud,Certification,3.3,75.3,94.4,In Progress,Advanced,22.81818182,0,Mar
L003700,U010,11-09-2025,Communication,Project,5.8,87.6,40.7,In Progress,Beginner,15.10344828,0,Sep
L003701,U025,28-01-2025,SQL,Workshop,4.9,61,30.9,In Progress,Beginner,12.44897959,0,Jan
L003702,U130,08-08-2025,Cloud,Certification,0,0,0,Not Started,Intermediate,0,0,Aug
L003703,U022,14-11-2025,Cloud,Certification,4.7,68.8,78.4,In Progress,Intermediate,14.63829787,0,Nov
L003704,U129,26-08-2025,Power BI,Online Course,0.6,75.8,100,Completed,Beginner,126.3333333,1,Aug
L003705,U174,23-05-2025,Power BI,Self Learning,4.7,72.8,100,Completed,Beginner,15.4893617,1,May
L003706,U039,22-09-2025,Communication,Certification,2.5,96,73.7,In Progress,Beginner,38.4,0,Sep
L003707,U176,30-09-2025,ServiceNow,Project,5.5,83.1,100,Completed,Beginner,15.10909091,1,Sep
L003708,U075,25-10-2025,ServiceNow,Online Course,3.8,99.6,100,Completed,Beginner,26.21052632,1,Oct
L003709,U087,25-10-2025,Python,Online Course,0,0,0,Not Started,Intermediate,0,0,Oct
L003710,U091,13-10-2025,Java,Online Course,5.1,48.5,7.3,In Progress,Beginner,9.509803922,0,Oct
L003711,U048,19-07-2025,Excel,Online Course,3.2,90.2,100,Completed,Beginner,28.1875,1,Jul
L003712,U065,18-03-2025,Cloud,Project,5.1,65.7,100,Completed,Beginner,12.88235294,1,Mar
L003713,U153,01-08-2025,Cloud,Online Course,0.6,75.9,79.8,In Progress,Intermediate,126.5,0,Aug
L003714,U021,17-03-2025,Machine Learning,Certification,5.6,77.7,33.2,In Progress,Intermediate,13.875,0,Mar
L003715,U055,29-11-2025,Machine Learning,Self Learning,5.5,90.1,5,In Progress,Beginner,16.38181818,0,Nov
L003716,U006,18-07-2025,Data Analytics,Workshop,1.3,85,22.8,In Progress,Beginner,65.38461538,0,Jul
L003717,U125,08-06-2025,Data Analytics,Certification,3,61.5,43.1,In Progress,Advanced,20.5,0,Jun
L003718,U040,26-08-2025,Python,Workshop,1.3,78.4,19.7,Dropped,Beginner,60.30769231,0,Aug
L003719,U196,07-09-2025,Data Analytics,Certification,3.6,65.2,44.8,In Progress,Advanced,18.11111111,0,Sep
L003720,U196,18-10-2025,Power BI,Project,1.6,83.9,64.2,In Progress,Advanced,52.4375,0,Oct
L003721,U060,07-03-2025,Communication,Self Learning,3.3,50.9,1,In Progress,Intermediate,15.42424242,0,Mar
L003722,U001,19-04-2025,Machine Learning,Workshop,5.6,55.8,49.4,In Progress,Beginner,9.964285714,0,Apr
L003723,U075,19-09-2025,Power BI,Certification,1.5,96.2,33.7,In Progress,Beginner,64.13333333,0,Sep
L003724,U072,18-04-2025,Excel,Project,2.4,42.3,29.6,In Progress,Beginner,17.625,0,Apr
L003725,U166,12-12-2025,ServiceNow,Project,5.2,52.1,11.6,Dropped,Intermediate,10.01923077,0,Dec
L003726,U126,25-06-2025,Cloud,Online Course,0,0,0,Not Started,Intermediate,0,0,Jun
L003727,U191,23-08-2025,Java,Self Learning,1.6,67.8,41.5,Dropped,Intermediate,42.375,0,Aug
L003728,U046,24-03-2025,Excel,Self Learning,5.4,78.5,100,Completed,Beginner,14.53703704,1,Mar
L003729,U068,07-06-2025,Excel,Workshop,4.8,99.8,27.7,In Progress,Beginner,20.79166667,0,Jun
L003730,U079,17-03-2025,Machine Learning,Online Course,0.6,60.9,10.9,In Progress,Intermediate,101.5,0,Mar
L003731,U142,01-07-2025,Excel,Self Learning,5.3,56.9,31.1,In Progress,Advanced,10.73584906,0,Jul
L003732,U049,25-12-2025,Data Analytics,Project,5.2,99,48.3,In Progress,Intermediate,19.03846154,0,Dec
L003733,U149,05-06-2025,ServiceNow,Project,2.5,40,11.5,In Progress,Beginner,16,0,Jun
L003734,U179,08-05-2025,Data Analytics,Self Learning,0,0,0,Not Started,Beginner,0,0,May
L003735,U156,09-12-2025,Java,Online Course,4.2,66,32.7,In Progress,Beginner,15.71428571,0,Dec
L003736,U086,14-01-2025,Power BI,Self Learning,1.4,70.7,25.6,In Progress,Advanced,50.5,0,Jan
L003737,U199,21-10-2025,Java,Certification,5.3,52.5,42.5,In Progress,Advanced,9.905660377,0,Oct
L003738,U046,03-10-2025,Communication,Self Learning,3.2,71.8,100,Completed,Intermediate,22.4375,1,Oct
L003739,U039,19-08-2025,Python,Workshop,3.4,48.7,39.4,In Progress,Beginner,14.32352941,0,Aug
L003740,U133,11-08-2025,Python,Self Learning,2,70.9,8.7,In Progress,Intermediate,35.45,0,Aug
L003741,U114,26-10-2025,ServiceNow,Self Learning,5.5,89.6,100,Completed,Beginner,16.29090909,1,Oct
L003742,U004,28-06-2025,Power BI,Online Course,2.3,60.8,11.6,In Progress,Advanced,26.43478261,0,Jun
L003743,U096,12-01-2025,Machine Learning,Workshop,4.8,59.6,5.6,In Progress,Advanced,12.41666667,0,Jan
L003744,U089,26-12-2025,Excel,Online Course,1.9,63.7,4.2,In Progress,Advanced,33.52631579,0,Dec
L003745,U133,27-06-2025,SQL,Online Course,2.7,91.8,78.5,In Progress,Intermediate,34,0,Jun
L003746,U005,25-12-2025,Power BI,Project,0.6,85.7,65.2,In Progress,Beginner,142.8333333,0,Dec
L003747,U079,30-09-2025,Python,Project,2.7,98.2,26.7,In Progress,Advanced,36.37037037,0,Sep
L003748,U001,19-05-2025,Power BI,Online Course,2.1,89.6,6.9,In Progress,Beginner,42.66666667,0,May
L003749,U010,28-04-2025,Excel,Certification,0.8,72.8,100,Completed,Intermediate,91,1,Apr
L003750,U011,26-02-2025,ServiceNow,Certification,0.7,60.7,45,Dropped,Intermediate,86.71428571,0,Feb
L003751,U199,14-03-2025,Java,Self Learning,2.1,96.9,100,Completed,Beginner,46.14285714,1,Mar
L003752,U157,30-04-2025,Python,Certification,3.3,55.2,50.8,In Progress,Advanced,16.72727273,0,Apr
L003753,U112,08-03-2025,Data Analytics,Certification,3.7,68.9,100,Completed,Beginner,18.62162162,1,Mar
L003754,U032,13-09-2025,SQL,Workshop,3.9,60.5,84.2,In Progress,Intermediate,15.51282051,0,Sep
L003755,U128,14-06-2025,Power BI,Workshop,2,88,29.7,In Progress,Intermediate,44,0,Jun
L003756,U157,05-10-2025,Python,Project,4,52.3,66.2,In Progress,Intermediate,13.075,0,Oct
L003757,U095,31-08-2025,Python,Project,5.2,44.4,70.4,In Progress,Intermediate,8.538461538,0,Aug
L003758,U069,16-09-2025,Excel,Self Learning,3.1,54.5,99.9,In Progress,Intermediate,17.58064516,0,Sep
L003759,U085,17-11-2025,Communication,Online Course,0,0,0,Not Started,Intermediate,0,0,Nov
L003760,U039,16-11-2025,ServiceNow,Online Course,4.2,79.7,100,Completed,Intermediate,18.97619048,1,Nov
L003761,U077,04-07-2025,Communication,Self Learning,4.8,56.8,33.2,In Progress,Intermediate,11.83333333,0,Jul
L003762,U194,14-01-2025,ServiceNow,Online Course,1.9,67.7,71.4,In Progress,Beginner,35.63157895,0,Jan
L003763,U059,03-03-2025,Data Analytics,Certification,2.2,87.2,66.6,In Progress,Beginner,39.63636364,0,Mar
L003764,U172,28-07-2025,Communication,Certification,5,98,73.1,In Progress,Advanced,19.6,0,Jul
L003765,U183,07-03-2025,Communication,Certification,1.9,62.8,71.4,In Progress,Intermediate,33.05263158,0,Mar
L003766,U140,26-03-2025,Data Analytics,Workshop,0,0,0,Not Started,Beginner,0,0,Mar
L003767,U083,28-09-2025,ServiceNow,Certification,1.8,67.3,34.5,Dropped,Beginner,37.38888889,0,Sep
L003768,U018,10-09-2025,Excel,Project,5.5,41.3,84.3,In Progress,Advanced,7.509090909,0,Sep
L003769,U129,25-05-2025,Cloud,Certification,2.6,51.2,47.2,In Progress,Beginner,19.69230769,0,May
L003770,U132,10-10-2025,Python,Online Course,0,0,0,Not Started,Intermediate,0,0,Oct
L003771,U198,12-08-2025,SQL,Project,3.2,77.8,72.1,In Progress,Advanced,24.3125,0,Aug
L003772,U196,25-11-2025,Cloud,Project,4.1,78,100,Completed,Advanced,19.02439024,1,Nov
L003773,U096,13-03-2025,ServiceNow,Workshop,5.4,92.8,100,Completed,Beginner,17.18518519,1,Mar
L003774,U058,10-08-2025,SQL,Self Learning,0,0,0,Not Started,Beginner,0,0,Aug
L003775,U061,10-09-2025,SQL,Workshop,3.7,50.6,46.6,In Progress,Advanced,13.67567568,0,Sep
L003776,U004,17-04-2025,Excel,Self Learning,4.4,66.9,100,Completed,Beginner,15.20454545,1,Apr
L003777,U177,11-02-2025,Power BI,Certification,4.5,91.1,100,Completed,Beginner,20.24444444,1,Feb
L003778,U047,15-06-2025,Power BI,Certification,1,63.1,90.3,In Progress,Advanced,63.1,0,Jun
L003779,U015,21-08-2025,Excel,Online Course,3.5,50.1,47.9,In Progress,Beginner,14.31428571,0,Aug
L003780,U090,29-08-2025,Excel,Certification,5.6,44.5,29.8,Dropped,Advanced,7.946428571,0,Aug
L003781,U126,05-10-2025,Excel,Project,4.3,72.4,100,Completed,Advanced,16.8372093,1,Oct
L003782,U103,26-01-2025,Excel,Certification,0,0,0,Not Started,Advanced,0,0,Jan
L003783,U010,13-08-2025,Java,Online Course,5.5,91.5,100,Completed,Intermediate,16.63636364,1,Aug
L003784,U060,27-12-2025,Cloud,Project,3.1,76.9,1.4,In Progress,Advanced,24.80645161,0,Dec
L003785,U135,22-11-2025,Cloud,Self Learning,2.8,78.8,6.5,In Progress,Advanced,28.14285714,0,Nov
L003786,U199,29-06-2025,Java,Workshop,2.6,76.6,100,Completed,Advanced,29.46153846,1,Jun
L003787,U188,22-05-2025,ServiceNow,Workshop,5.5,73.8,100,Completed,Beginner,13.41818182,1,May
L003788,U172,29-03-2025,SQL,Certification,2.1,97.1,100,Completed,Intermediate,46.23809524,1,Mar
L003789,U137,03-11-2025,Power BI,Self Learning,2.6,97.3,100,Completed,Beginner,37.42307692,1,Nov
L003790,U039,19-03-2025,Python,Online Course,0.6,72.3,100,Completed,Intermediate,120.5,1,Mar
L003791,U074,10-02-2025,Machine Learning,Project,4.8,52.5,23.9,In Progress,Intermediate,10.9375,0,Feb
L003792,U012,05-09-2025,Cloud,Online Course,0,0,0,Not Started,Intermediate,0,0,Sep
L003793,U136,14-12-2025,ServiceNow,Online Course,5.4,79.4,100,Completed,Advanced,14.7037037,1,Dec
L003794,U126,16-04-2025,Data Analytics,Workshop,1.8,96.1,100,Completed,Beginner,53.38888889,1,Apr
L003795,U060,06-04-2025,Cloud,Online Course,1.3,41.6,86.6,In Progress,Advanced,32,0,Apr
L003796,U186,17-11-2025,Communication,Self Learning,5.8,77.7,3,In Progress,Intermediate,13.39655172,0,Nov
L003797,U021,13-04-2025,Data Analytics,Online Course,5.9,46.5,29.6,In Progress,Intermediate,7.881355932,0,Apr
L003798,U132,27-01-2025,Java,Project,0,0,0,Not Started,Beginner,0,0,Jan
L003799,U098,11-03-2025,Java,Self Learning,0,0,0,Not Started,Advanced,0,0,Mar
L003800,U159,19-10-2025,Java,Online Course,1.2,60.8,93.5,In Progress,Advanced,50.66666667,0,Oct
L003801,U168,17-09-2025,SQL,Certification,4,54.7,24.4,In Progress,Intermediate,13.675,0,Sep
L003802,U042,22-12-2025,Communication,Self Learning,4.2,77.9,66.5,In Progress,Advanced,18.54761905,0,Dec
L003803,U019,20-09-2025,Communication,Certification,1.5,96.3,100,Completed,Advanced,64.2,1,Sep
L003804,U052,04-06-2025,ServiceNow,Online Course,4.9,80.1,100,Completed,Beginner,16.34693878,1,Jun
L003805,U181,08-06-2025,SQL,Workshop,1.3,59.6,57,In Progress,Advanced,45.84615385,0,Jun
L003806,U105,25-04-2025,Machine Learning,Workshop,3,90.2,30.8,Dropped,Beginner,30.06666667,0,Apr
L003807,U147,01-01-2025,Communication,Workshop,5.5,79.6,94.1,In Progress,Advanced,14.47272727,0,Jan
L003808,U161,29-11-2025,Cloud,Workshop,1.9,49.9,39.6,In Progress,Beginner,26.26315789,0,Nov
L003809,U027,03-03-2025,Data Analytics,Workshop,0,0,0,Not Started,Advanced,0,0,Mar
L003810,U101,27-08-2025,Data Analytics,Self Learning,2.9,71.5,42.4,In Progress,Intermediate,24.65517241,0,Aug
L003811,U184,02-12-2025,Machine Learning,Workshop,2.7,69.2,100,Completed,Advanced,25.62962963,1,Dec
L003812,U194,01-08-2025,ServiceNow,Self Learning,4,95.8,35.1,In Progress,Advanced,23.95,0,Aug
L003813,U120,09-03-2025,Java,Certification,5.2,42.1,76.3,In Progress,Beginner,8.096153846,0,Mar
L003814,U080,07-11-2025,Excel,Self Learning,4.5,52.3,36.6,In Progress,Advanced,11.62222222,0,Nov
L003815,U055,30-01-2025,Machine Learning,Workshop,2.1,80.6,33.3,In Progress,Beginner,38.38095238,0,Jan
L003816,U189,07-04-2025,ServiceNow,Certification,2,45.5,49,In Progress,Beginner,22.75,0,Apr
L003817,U030,15-05-2025,Python,Certification,0,0,0,Not Started,Intermediate,0,0,May
L003818,U045,25-11-2025,SQL,Certification,0,0,0,Not Started,Intermediate,0,0,Nov
L003819,U150,19-10-2025,Power BI,Online Course,2.4,47.6,18.3,Dropped,Advanced,19.83333333,0,Oct
L003820,U190,17-05-2025,Communication,Self Learning,2.2,80,100,Completed,Intermediate,36.36363636,1,May
L003821,U178,12-02-2025,Python,Certification,4.8,58.2,9,In Progress,Advanced,12.125,0,Feb
L003822,U010,17-01-2025,Data Analytics,Online Course,2.5,99.7,100,Completed,Beginner,39.88,1,Jan
L003823,U129,27-04-2025,Cloud,Workshop,2.2,95.7,100,Completed,Intermediate,43.5,1,Apr
L003824,U021,05-09-2025,Power BI,Certification,2.9,57.4,15.3,In Progress,Intermediate,19.79310345,0,Sep
L003825,U187,05-10-2025,ServiceNow,Online Course,5.8,83.5,90.1,In Progress,Advanced,14.39655172,0,Oct
L003826,U095,04-11-2025,ServiceNow,Project,0.9,88.5,23.3,In Progress,Intermediate,98.33333333,0,Nov
L003827,U180,20-02-2025,Python,Certification,5.6,71.6,100,Completed,Advanced,12.78571429,1,Feb
L003828,U104,27-05-2025,Java,Project,4.2,76.4,98.6,In Progress,Intermediate,18.19047619,0,May
L003829,U057,24-04-2025,Java,Self Learning,1.3,71.9,21.6,Dropped,Beginner,55.30769231,0,Apr
L003830,U171,27-12-2025,Cloud,Self Learning,1.9,83.7,86.3,In Progress,Beginner,44.05263158,0,Dec
L003831,U043,29-06-2025,ServiceNow,Certification,4.4,97.8,43.9,In Progress,Intermediate,22.22727273,0,Jun
L003832,U099,11-03-2025,Excel,Self Learning,1.4,93.5,100,Completed,Advanced,66.78571429,1,Mar
L003833,U134,01-10-2025,Communication,Project,5.2,77.9,21.2,In Progress,Intermediate,14.98076923,0,Oct
L003834,U168,25-04-2025,Power BI,Online Course,1.2,64.4,98.3,In Progress,Intermediate,53.66666667,0,Apr
L003835,U146,06-07-2025,SQL,Self Learning,0.8,86.7,22.6,In Progress,Intermediate,108.375,0,Jul
L003836,U147,22-05-2025,Java,Certification,5.5,70.7,99,In Progress,Advanced,12.85454545,0,May
L003837,U132,14-05-2025,Java,Self Learning,0,0,0,Not Started,Advanced,0,0,May
L003838,U178,14-10-2025,Java,Project,3.1,46.4,56.1,In Progress,Beginner,14.96774194,0,Oct
L003839,U062,12-05-2025,Data Analytics,Certification,5.4,99,100,Completed,Beginner,18.33333333,1,May
L003840,U140,13-12-2025,Excel,Online Course,0,0,0,Not Started,Intermediate,0,0,Dec
L003841,U164,21-07-2025,Power BI,Project,4.1,79,100,Completed,Advanced,19.26829268,1,Jul
L003842,U193,15-02-2025,Python,Project,1.5,93.9,100,Completed,Advanced,62.6,1,Feb
L003843,U064,10-05-2025,ServiceNow,Online Course,2,88.3,100,Completed,Beginner,44.15,1,May
L003844,U131,13-12-2025,Machine Learning,Online Course,2.8,60.3,12,Dropped,Intermediate,21.53571429,0,Dec
L003845,U001,10-10-2025,Machine Learning,Online Course,0,0,0,Not Started,Beginner,0,0,Oct
L003846,U097,01-01-2025,Java,Project,2.2,94.5,91,In Progress,Advanced,42.95454545,0,Jan
L003847,U028,12-01-2025,Communication,Certification,5.2,69.4,58.3,In Progress,Advanced,13.34615385,0,Jan
L003848,U096,04-11-2025,Communication,Certification,1.9,91.6,34.2,In Progress,Advanced,48.21052632,0,Nov
L003849,U142,03-08-2025,Power BI,Workshop,5.4,94.3,19.6,In Progress,Beginner,17.46296296,0,Aug
L003850,U098,11-10-2025,Java,Online Course,0,0,0,Not Started,Beginner,0,0,Oct
L003851,U089,10-12-2025,Excel,Self Learning,2.5,44.5,20.4,In Progress,Beginner,17.8,0,Dec
L003852,U066,08-01-2025,ServiceNow,Workshop,4.9,72.2,42,Dropped,Beginner,14.73469388,0,Jan
L003853,U049,15-12-2025,Java,Self Learning,4.2,95.7,100,Completed,Advanced,22.78571429,1,Dec
L003854,U129,25-02-2025,Python,Self Learning,0.8,90.4,19.4,Dropped,Advanced,113,0,Feb
L003855,U144,09-01-2025,Data Analytics,Online Course,0,0,0,Not Started,Advanced,0,0,Jan
L003856,U045,13-04-2025,Machine Learning,Online Course,5.5,77.9,62,In Progress,Advanced,14.16363636,0,Apr
L003857,U104,25-05-2025,Java,Online Course,2.8,85.2,7.1,In Progress,Intermediate,30.42857143,0,May
L003858,U140,24-10-2025,Excel,Workshop,2,42.8,39.4,In Progress,Beginner,21.4,0,Oct
L003859,U125,07-09-2025,Data Analytics,Online Course,5.9,71,41.8,In Progress,Advanced,12.03389831,0,Sep
L003860,U136,31-03-2025,Python,Self Learning,2.7,98.3,100,Completed,Intermediate,36.40740741,1,Mar
L003861,U052,16-09-2025,Java,Certification,1.2,41.2,89.3,In Progress,Advanced,34.33333333,0,Sep
L003862,U130,13-01-2025,Data Analytics,Online Course,1.4,88.4,100,Completed,Intermediate,63.14285714,1,Jan
L003863,U134,09-07-2025,ServiceNow,Project,1.5,55.1,27.4,In Progress,Beginner,36.73333333,0,Jul
L003864,U134,22-06-2025,SQL,Self Learning,3.9,91.2,34.5,In Progress,Intermediate,23.38461538,0,Jun
L003865,U082,06-02-2025,Communication,Self Learning,1.8,82.8,89.5,In Progress,Advanced,46,0,Feb
L003866,U111,02-04-2025,Java,Online Course,2.3,78.5,47.8,In Progress,Advanced,34.13043478,0,Apr
L003867,U161,22-12-2025,Communication,Self Learning,5.7,72,34.8,In Progress,Intermediate,12.63157895,0,Dec
L003868,U091,31-07-2025,Machine Learning,Online Course,4.9,74.4,100,Completed,Intermediate,15.18367347,1,Jul
L003869,U180,05-09-2025,Communication,Workshop,2.8,86.8,100,Completed,Advanced,31,1,Sep
L003870,U146,04-06-2025,ServiceNow,Project,1.4,71.1,100,Completed,Beginner,50.78571429,1,Jun
L003871,U032,16-12-2025,ServiceNow,Self Learning,4.6,89.4,26.6,Dropped,Advanced,19.43478261,0,Dec
L003872,U096,23-02-2025,SQL,Online Course,0,0,0,Not Started,Advanced,0,0,Feb
L003873,U180,30-11-2025,Data Analytics,Certification,3.9,84.5,100,Completed,Advanced,21.66666667,1,Nov
L003874,U184,10-10-2025,Communication,Project,4.6,56.1,99.4,In Progress,Beginner,12.19565217,0,Oct
L003875,U097,02-03-2025,Java,Project,1.5,48,9.7,In Progress,Intermediate,32,0,Mar
L003876,U087,02-11-2025,Excel,Certification,4.1,81.8,97.4,In Progress,Intermediate,19.95121951,0,Nov
L003877,U174,05-01-2025,Communication,Project,0,0,0,Not Started,Intermediate,0,0,Jan
L003878,U132,08-05-2025,ServiceNow,Workshop,0,0,0,Not Started,Intermediate,0,0,May
L003879,U154,05-07-2025,Java,Certification,4,53.2,50.6,In Progress,Intermediate,13.3,0,Jul
L003880,U022,25-10-2025,Machine Learning,Self Learning,2,68.1,3.6,In Progress,Intermediate,34.05,0,Oct
L003881,U086,25-09-2025,Power BI,Workshop,5.9,52.8,30.7,In Progress,Advanced,8.949152542,0,Sep
L003882,U200,03-11-2025,Java,Project,3.4,87.8,15.8,In Progress,Beginner,25.82352941,0,Nov
L003883,U002,29-05-2025,ServiceNow,Certification,5.4,98.3,100,Completed,Advanced,18.2037037,1,May
L003884,U186,21-11-2025,ServiceNow,Workshop,5.9,72.2,24.8,In Progress,Beginner,12.23728814,0,Nov
L003885,U022,27-02-2025,Excel,Certification,2.3,94.8,58.6,In Progress,Advanced,41.2173913,0,Feb
L003886,U072,16-07-2025,Python,Workshop,5.7,66.4,68.2,In Progress,Advanced,11.64912281,0,Jul
L003887,U197,17-11-2025,Data Analytics,Project,3.9,72,34.2,In Progress,Beginner,18.46153846,0,Nov
L003888,U022,16-08-2025,Data Analytics,Self Learning,5,80.9,75.6,In Progress,Advanced,16.18,0,Aug
L003889,U057,12-11-2025,Java,Project,3.4,50.9,93.4,In Progress,Beginner,14.97058824,0,Nov
L003890,U085,13-05-2025,Communication,Workshop,3,68.8,100,Completed,Beginner,22.93333333,1,May
L003891,U190,29-05-2025,Cloud,Project,5.7,52.4,0.7,In Progress,Advanced,9.192982456,0,May
L003892,U064,29-04-2025,Power BI,Project,0.6,81.7,100,Completed,Intermediate,136.1666667,1,Apr
L003893,U075,03-03-2025,Python,Workshop,3.7,77,100,Completed,Intermediate,20.81081081,1,Mar
L003894,U069,13-12-2025,Python,Certification,0,0,0,Not Started,Advanced,0,0,Dec
L003895,U001,16-02-2025,Excel,Project,4.1,97.1,71.1,In Progress,Intermediate,23.68292683,0,Feb
L003896,U141,18-09-2025,Power BI,Workshop,3.7,67,100,Completed,Advanced,18.10810811,1,Sep
L003897,U178,20-04-2025,Data Analytics,Certification,2.2,79.5,53.2,Dropped,Beginner,36.13636364,0,Apr
L003898,U121,12-10-2025,SQL,Online Course,0.7,81.4,89.8,In Progress,Beginner,116.2857143,0,Oct
L003899,U121,14-09-2025,Python,Workshop,0.5,69.9,100,Completed,Intermediate,139.8,1,Sep
L003900,U152,13-10-2025,ServiceNow,Certification,4,44.7,26,In Progress,Advanced,11.175,0,Oct
L003901,U023,03-01-2025,Java,Workshop,4.1,85.4,95.9,In Progress,Beginner,20.82926829,0,Jan
L003902,U132,02-02-2025,Data Analytics,Online Course,5.3,70,100,Completed,Advanced,13.20754717,1,Feb
L003903,U044,23-03-2025,SQL,Online Course,3.1,88.7,36.8,In Progress,Intermediate,28.61290323,0,Mar
L003904,U145,19-02-2025,Power BI,Self Learning,1.9,70.8,100,Completed,Beginner,37.26315789,1,Feb
L003905,U077,26-06-2025,Java,Workshop,6,72.2,100,Completed,Intermediate,12.03333333,1,Jun
L003906,U156,24-05-2025,Java,Self Learning,2.4,63.3,87.8,In Progress,Beginner,26.375,0,May
L003907,U122,18-01-2025,Excel,Self Learning,1.6,87.1,59.7,In Progress,Intermediate,54.4375,0,Jan
L003908,U148,25-12-2025,Power BI,Self Learning,5.1,80.6,100,Completed,Advanced,15.80392157,1,Dec
L003909,U121,20-03-2025,Python,Self Learning,0.6,81,38,Dropped,Beginner,135,0,Mar
L003910,U030,17-08-2025,Python,Online Course,3.6,80.5,28.7,In Progress,Advanced,22.36111111,0,Aug
L003911,U197,17-03-2025,Excel,Certification,2.6,78.1,100,Completed,Advanced,30.03846154,1,Mar
L003912,U122,17-10-2025,Power BI,Certification,2.6,84.6,100,Completed,Beginner,32.53846154,1,Oct
L003913,U176,14-12-2025,Python,Certification,1.8,70.4,42.5,In Progress,Advanced,39.11111111,0,Dec
L003914,U036,30-10-2025,Python,Self Learning,4.5,56.8,34.1,In Progress,Beginner,12.62222222,0,Oct
L003915,U051,10-08-2025,Data Analytics,Online Course,5.3,94.4,79.8,In Progress,Advanced,17.81132075,0,Aug
L003916,U096,21-07-2025,Java,Self Learning,5.9,85.5,100,Completed,Advanced,14.49152542,1,Jul
L003917,U072,26-02-2025,Machine Learning,Project,1.4,95.5,100,Completed,Intermediate,68.21428571,1,Feb
L003918,U054,04-04-2025,Data Analytics,Certification,2.3,69.5,38.1,In Progress,Beginner,30.2173913,0,Apr
L003919,U184,17-01-2025,Java,Project,4.2,88,64.1,In Progress,Beginner,20.95238095,0,Jan
L003920,U100,12-06-2025,Machine Learning,Certification,0.7,76.9,47.4,Dropped,Advanced,109.8571429,0,Jun
L003921,U184,26-04-2025,Excel,Workshop,3.7,77.8,34.2,In Progress,Advanced,21.02702703,0,Apr
L003922,U080,05-06-2025,Java,Certification,4.5,40.1,91.5,In Progress,Advanced,8.911111111,0,Jun
L003923,U089,16-11-2025,Communication,Workshop,3.2,43.4,12.2,In Progress,Advanced,13.5625,0,Nov
L003924,U020,21-01-2025,SQL,Project,2.7,78.8,100,Completed,Intermediate,29.18518519,1,Jan
L003925,U090,04-11-2025,Java,Project,0,0,0,Not Started,Advanced,0,0,Nov
L003926,U056,27-11-2025,Excel,Online Course,0.9,67.1,20.4,In Progress,Advanced,74.55555556,0,Nov
L003927,U061,19-02-2025,Data Analytics,Self Learning,2.6,44.5,15.7,Dropped,Intermediate,17.11538462,0,Feb
L003928,U101,25-11-2025,Power BI,Self Learning,4.6,80.2,100,Completed,Advanced,17.43478261,1,Nov
L003929,U128,27-02-2025,Excel,Self Learning,0,0,0,Not Started,Beginner,0,0,Feb
L003930,U165,26-01-2025,Machine Learning,Self Learning,3.4,75.5,40.2,Dropped,Intermediate,22.20588235,0,Jan
L003931,U110,25-12-2025,Communication,Self Learning,5.8,75.5,100,Completed,Beginner,13.01724138,1,Dec
L003932,U088,31-07-2025,Power BI,Certification,5.6,42.7,33.2,In Progress,Beginner,7.625,0,Jul
L003933,U122,11-07-2025,Cloud,Self Learning,0.9,53.3,13.7,In Progress,Intermediate,59.22222222,0,Jul
L003934,U194,07-06-2025,Excel,Self Learning,0,0,0,Not Started,Advanced,0,0,Jun
L003935,U126,27-06-2025,Data Analytics,Project,0.8,86.4,23.6,In Progress,Beginner,108,0,Jun
L003936,U125,30-10-2025,Power BI,Workshop,4.4,84.9,100,Completed,Intermediate,19.29545455,1,Oct
L003937,U168,28-09-2025,Data Analytics,Online Course,2.4,72.7,54.7,In Progress,Advanced,30.29166667,0,Sep
L003938,U082,01-01-2025,SQL,Online Course,0.6,52.5,39.9,Dropped,Advanced,87.5,0,Jan
L003939,U157,27-12-2025,Python,Self Learning,4.1,54.6,5.7,In Progress,Intermediate,13.31707317,0,Dec
L003940,U026,02-11-2025,ServiceNow,Project,2.8,71.3,59.4,In Progress,Intermediate,25.46428571,0,Nov
L003941,U057,14-04-2025,SQL,Project,1,81,100,Completed,Advanced,81,1,Apr
L003942,U052,25-08-2025,Java,Online Course,5.4,80.2,100,Completed,Intermediate,14.85185185,1,Aug
L003943,U050,23-08-2025,Excel,Certification,5.4,91.3,66.4,In Progress,Beginner,16.90740741,0,Aug
L003944,U002,06-12-2025,Machine Learning,Online Course,5.5,67.1,10.8,Dropped,Beginner,12.2,0,Dec
L003945,U115,22-09-2025,Python,Certification,1.6,98.9,100,Completed,Intermediate,61.8125,1,Sep
L003946,U072,08-08-2025,ServiceNow,Self Learning,1.6,79.1,100,Completed,Intermediate,49.4375,1,Aug
L003947,U072,09-11-2025,Communication,Online Course,1.9,55.1,65.4,In Progress,Beginner,29,0,Nov
L003948,U114,07-07-2025,Machine Learning,Self Learning,2.7,82.4,100,Completed,Advanced,30.51851852,1,Jul
L003949,U057,18-10-2025,Data Analytics,Certification,5.4,84.7,100,Completed,Intermediate,15.68518519,1,Oct
L003950,U085,12-02-2025,Cloud,Online Course,1.9,96,89.3,In Progress,Intermediate,50.52631579,0,Feb
L003951,U058,07-06-2025,Power BI,Workshop,3.9,68.6,2.4,In Progress,Intermediate,17.58974359,0,Jun
L003952,U192,30-12-2025,SQL,Workshop,1.9,83.6,100,Completed,Intermediate,44,1,Dec
L003953,U081,20-08-2025,Java,Online Course,3.3,87.9,100,Completed,Advanced,26.63636364,1,Aug
L003954,U071,30-04-2025,Excel,Workshop,5.3,94.6,10.8,Dropped,Intermediate,17.8490566,0,Apr
L003955,U019,30-11-2025,Power BI,Workshop,0,0,0,Not Started,Beginner,0,0,Nov
L003956,U006,25-11-2025,SQL,Online Course,3.7,54.4,7.4,In Progress,Beginner,14.7027027,0,Nov
L003957,U006,29-04-2025,Data Analytics,Self Learning,3.6,62.1,97.2,In Progress,Advanced,17.25,0,Apr
L003958,U011,29-10-2025,ServiceNow,Online Course,3.9,65.2,100,Completed,Beginner,16.71794872,1,Oct
L003959,U121,08-03-2025,SQL,Project,0,0,0,Not Started,Intermediate,0,0,Mar
L003960,U029,18-03-2025,Excel,Certification,2.1,99,100,Completed,Beginner,47.14285714,1,Mar
L003961,U105,09-04-2025,SQL,Certification,4.4,86,100,Completed,Beginner,19.54545455,1,Apr
L003962,U027,25-01-2025,Python,Project,6,71.7,28.9,Dropped,Beginner,11.95,0,Jan
L003963,U122,05-03-2025,SQL,Online Course,2.4,57.3,43.8,In Progress,Intermediate,23.875,0,Mar
L003964,U017,25-07-2025,Excel,Online Course,0,0,0,Not Started,Advanced,0,0,Jul
L003965,U107,18-10-2025,ServiceNow,Online Course,5,60.5,77.8,In Progress,Intermediate,12.1,0,Oct
L003966,U011,15-08-2025,Power BI,Workshop,5.1,77.1,4.5,In Progress,Beginner,15.11764706,0,Aug
L003967,U182,08-10-2025,SQL,Self Learning,0.6,71.7,52.4,In Progress,Beginner,119.5,0,Oct
L003968,U002,23-08-2025,Python,Workshop,0.8,74.7,26.1,In Progress,Beginner,93.375,0,Aug
L003969,U008,21-11-2025,Java,Certification,2.8,72,26.3,Dropped,Advanced,25.71428571,0,Nov
L003970,U155,06-04-2025,Java,Workshop,1.9,68.2,52.4,In Progress,Intermediate,35.89473684,0,Apr
L003971,U096,21-07-2025,Excel,Self Learning,4.5,97.8,100,Completed,Advanced,21.73333333,1,Jul
L003972,U004,18-09-2025,SQL,Project,2.6,96.4,55.6,In Progress,Intermediate,37.07692308,0,Sep
L003973,U091,22-04-2025,Excel,Self Learning,2.8,60.4,43.2,In Progress,Intermediate,21.57142857,0,Apr
L003974,U084,18-02-2025,Java,Certification,6,76,63.1,Dropped,Beginner,12.66666667,0,Feb
L003975,U024,09-04-2025,Python,Self Learning,0.7,61.3,89,In Progress,Intermediate,87.57142857,0,Apr
L003976,U004,21-02-2025,Power BI,Project,0,0,0,Not Started,Advanced,0,0,Feb
L003977,U119,08-03-2025,Cloud,Self Learning,1.4,94.7,56.3,Dropped,Beginner,67.64285714,0,Mar
L003978,U138,31-07-2025,SQL,Certification,5.3,75.5,91.1,In Progress,Beginner,14.24528302,0,Jul
L003979,U073,04-11-2025,Communication,Certification,1.3,95,78.8,In Progress,Beginner,73.07692308,0,Nov
L003980,U126,24-06-2025,Python,Online Course,4.9,91.7,100,Completed,Intermediate,18.71428571,1,Jun
L003981,U157,04-02-2025,Communication,Online Course,0.9,93.6,21.9,In Progress,Intermediate,104,0,Feb
L003982,U053,02-03-2025,Machine Learning,Online Course,3,96.5,91.7,In Progress,Intermediate,32.16666667,0,Mar
L003983,U120,09-03-2025,SQL,Workshop,0.7,57.7,57.8,Dropped,Beginner,82.42857143,0,Mar
L003984,U077,23-05-2025,Excel,Self Learning,0,0,0,Not Started,Intermediate,0,0,May
L003985,U183,16-07-2025,Machine Learning,Certification,4.9,70,22.5,In Progress,Intermediate,14.28571429,0,Jul
L003986,U177,05-07-2025,Communication,Online Course,0,0,0,Not Started,Beginner,0,0,Jul
L003987,U105,02-02-2025,Excel,Workshop,0,0,0,Not Started,Beginner,0,0,Feb
L003988,U084,23-07-2025,Python,Project,5.9,57.8,29.4,In Progress,Beginner,9.796610169,0,Jul
L003989,U028,28-11-2025,ServiceNow,Online Course,2.7,89.1,100,Completed,Intermediate,33,1,Nov
L003990,U096,30-01-2025,Data Analytics,Online Course,0.6,89.1,100,Completed,Intermediate,148.5,1,Jan
L003991,U096,27-04-2025,ServiceNow,Project,4.7,67.5,59,In Progress,Advanced,14.36170213,0,Apr
L003992,U151,17-04-2025,Cloud,Self Learning,5.2,96.5,100,Completed,Beginner,18.55769231,1,Apr
L003993,U199,30-11-2025,Excel,Workshop,2,62.3,36.4,In Progress,Beginner,31.15,0,Nov
L003994,U084,28-06-2025,Cloud,Project,1.7,80.8,100,Completed,Intermediate,47.52941176,1,Jun
L003995,U139,20-11-2025,Communication,Workshop,5.7,51.9,17.6,Dropped,Intermediate,9.105263158,0,Nov
L003996,U104,23-09-2025,Power BI,Project,4.1,55.4,58.6,Dropped,Intermediate,13.51219512,0,Sep
L003997,U147,11-07-2025,SQL,Online Course,4.5,72.5,100,Completed,Beginner,16.11111111,1,Jul
L003998,U010,14-08-2025,Java,Certification,5.5,83.7,7.2,In Progress,Advanced,15.21818182,0,Aug
L003999,U175,25-04-2025,Python,Certification,2.7,71.7,79.3,In Progress,Advanced,26.55555556,0,Apr
L004000,U010,09-04-2025,Excel,Project,5.9,60,71,In Progress,Advanced,10.16949153,0,Apr
L004001,U163,01-06-2025,SQL,Online Course,5,74.5,35.1,In Progress,Beginner,14.9,0,Jun
L004002,U061,01-05-2025,ServiceNow,Online Course,0,0,0,Not Started,Beginner,0,0,May
L004003,U098,15-12-2025,Java,Workshop,4.3,81.9,100,Completed,Beginner,19.04651163,1,Dec
L004004,U133,12-11-2025,SQL,Self Learning,1.9,96.9,100,Completed,Advanced,51,1,Nov
L004005,U016,15-10-2025,Communication,Workshop,0.7,62.4,5.3,In Progress,Beginner,89.14285714,0,Oct
L004006,U008,24-03-2025,Cloud,Workshop,5.6,63.9,60.1,In Progress,Advanced,11.41071429,0,Mar
L004007,U174,26-11-2025,Communication,Online Course,0,0,0,Not Started,Intermediate,0,0,Nov
L004008,U164,14-06-2025,Python,Online Course,1.1,87.4,6.9,In Progress,Advanced,79.45454545,0,Jun
L004009,U114,12-08-2025,Data Analytics,Online Course,2.5,90,50.6,Dropped,Intermediate,36,0,Aug
L004010,U106,29-07-2025,Power BI,Project,2.5,76,100,Completed,Intermediate,30.4,1,Jul
L004011,U013,30-04-2025,Excel,Online Course,4.6,75.5,60.1,In Progress,Beginner,16.41304348,0,Apr
L004012,U015,09-01-2025,Data Analytics,Online Course,0,0,0,Not Started,Beginner,0,0,Jan
L004013,U183,05-12-2025,Machine Learning,Project,5.4,89.3,36.8,Dropped,Intermediate,16.53703704,0,Dec
L004014,U187,15-04-2025,Excel,Self Learning,2.4,82.1,100,Completed,Beginner,34.20833333,1,Apr
L004015,U054,25-05-2025,Power BI,Self Learning,1.9,71.2,38.1,In Progress,Intermediate,37.47368421,0,May
L004016,U106,02-09-2025,Java,Self Learning,2.7,99.9,75.8,In Progress,Beginner,37,0,Sep
L004017,U105,17-11-2025,SQL,Workshop,3.3,84.1,37.7,In Progress,Beginner,25.48484848,0,Nov
L004018,U171,04-05-2025,Python,Certification,0,0,0,Not Started,Beginner,0,0,May
L004019,U189,31-05-2025,SQL,Workshop,2,70.3,59.2,In Progress,Beginner,35.15,0,May
L004020,U080,24-01-2025,Java,Certification,2.4,81.5,100,Completed,Advanced,33.95833333,1,Jan
L004021,U188,25-08-2025,Excel,Project,4.7,98.4,100,Completed,Intermediate,20.93617021,1,Aug
L004022,U158,20-03-2025,Machine Learning,Self Learning,4.9,54.4,66.4,Dropped,Intermediate,11.10204082,0,Mar
L004023,U198,28-05-2025,Cloud,Online Course,1.1,86.3,13.4,In Progress,Advanced,78.45454545,0,May
L004024,U139,28-04-2025,ServiceNow,Certification,4.7,48.7,27,In Progress,Intermediate,10.36170213,0,Apr
L004025,U084,01-09-2025,Machine Learning,Self Learning,5.4,77.5,79.3,In Progress,Advanced,14.35185185,0,Sep
L004026,U163,28-12-2025,Power BI,Workshop,1.8,53.7,44.2,In Progress,Intermediate,29.83333333,0,Dec
L004027,U158,22-07-2025,SQL,Workshop,0,0,0,Not Started,Advanced,0,0,Jul
L004028,U046,07-07-2025,Data Analytics,Workshop,2.1,71.3,100,Completed,Intermediate,33.95238095,1,Jul
L004029,U054,24-09-2025,Python,Self Learning,3,89.9,100,Completed,Intermediate,29.96666667,1,Sep
L004030,U038,24-08-2025,ServiceNow,Certification,2.9,77.9,34,In Progress,Beginner,26.86206897,0,Aug
L004031,U102,23-09-2025,Data Analytics,Certification,1.8,89.9,100,Completed,Intermediate,49.94444444,1,Sep
L004032,U097,20-07-2025,Java,Workshop,5.6,51.7,89.1,In Progress,Advanced,9.232142857,0,Jul
L004033,U152,07-06-2025,Power BI,Online Course,3.6,78.2,9.6,In Progress,Intermediate,21.72222222,0,Jun
L004034,U097,10-03-2025,Power BI,Project,5.1,43.4,97.2,In Progress,Beginner,8.509803922,0,Mar
L004035,U096,13-05-2025,Machine Learning,Workshop,1.1,85.1,100,Completed,Beginner,77.36363636,1,May
L004036,U196,10-05-2025,Data Analytics,Project,2.9,86.7,53.1,Dropped,Intermediate,29.89655172,0,May
L004037,U117,03-12-2025,Power BI,Self Learning,2.1,75.8,100,Completed,Beginner,36.0952381,1,Dec
L004038,U163,25-02-2025,Machine Learning,Certification,5.5,55.3,20.2,In Progress,Beginner,10.05454545,0,Feb
L004039,U138,14-05-2025,Data Analytics,Online Course,4.8,89.8,100,Completed,Advanced,18.70833333,1,May
L004040,U060,23-07-2025,Excel,Project,1,78,28,Dropped,Beginner,78,0,Jul
L004041,U123,16-02-2025,Communication,Workshop,1.3,41.8,15.7,In Progress,Intermediate,32.15384615,0,Feb
L004042,U169,08-01-2025,Machine Learning,Certification,4.3,85.1,100,Completed,Advanced,19.79069767,1,Jan
L004043,U025,23-01-2025,ServiceNow,Project,0.6,58.6,50.5,In Progress,Advanced,97.66666667,0,Jan
L004044,U137,09-02-2025,Excel,Certification,5.9,83.5,65.7,In Progress,Intermediate,14.15254237,0,Feb
L004045,U163,23-09-2025,Data Analytics,Online Course,0.8,82.2,100,Completed,Intermediate,102.75,1,Sep
L004046,U125,01-06-2025,ServiceNow,Certification,5.2,45.6,68.1,In Progress,Intermediate,8.769230769,0,Jun
L004047,U126,07-06-2025,Python,Project,0,0,0,Not Started,Intermediate,0,0,Jun
L004048,U195,02-02-2025,ServiceNow,Online Course,5.8,95.6,100,Completed,Advanced,16.48275862,1,Feb
L004049,U026,22-07-2025,Excel,Self Learning,5.2,65.2,55,In Progress,Beginner,12.53846154,0,Jul
L004050,U173,24-09-2025,Data Analytics,Workshop,2.5,95.4,100,Completed,Advanced,38.16,1,Sep
L004051,U171,01-03-2025,Java,Online Course,0.9,89.5,100,Completed,Advanced,99.44444444,1,Mar
L004052,U148,19-05-2025,SQL,Online Course,3,67.5,100,Completed,Intermediate,22.5,1,May
L004053,U079,06-07-2025,SQL,Online Course,0,0,0,Not Started,Intermediate,0,0,Jul
L004054,U122,23-02-2025,Communication,Workshop,2.9,95.7,51.2,Dropped,Beginner,33,0,Feb
L004055,U173,11-05-2025,ServiceNow,Project,4.6,71,100,Completed,Advanced,15.43478261,1,May
L004056,U163,18-06-2025,Python,Project,2.4,59.4,65.1,In Progress,Intermediate,24.75,0,Jun
L004057,U066,24-11-2025,Cloud,Self Learning,0.7,73.4,100,Completed,Intermediate,104.8571429,1,Nov
L004058,U157,08-11-2025,Machine Learning,Workshop,2.6,63,18.9,Dropped,Intermediate,24.23076923,0,Nov
L004059,U035,18-01-2025,Python,Workshop,1,54,8.8,In Progress,Beginner,54,0,Jan
L004060,U048,09-10-2025,Data Analytics,Certification,2.8,70.5,100,Completed,Intermediate,25.17857143,1,Oct
L004061,U040,14-05-2025,Cloud,Online Course,3.4,89,19.2,Dropped,Beginner,26.17647059,0,May
L004062,U189,11-08-2025,Python,Certification,4.2,66.3,100,Completed,Advanced,15.78571429,1,Aug
L004063,U116,31-12-2025,Data Analytics,Online Course,4.1,94.5,100,Completed,Beginner,23.04878049,1,Dec
L004064,U043,15-01-2025,SQL,Workshop,4.2,70.7,67.6,Dropped,Beginner,16.83333333,0,Jan
L004065,U011,17-10-2025,Excel,Online Course,2.2,58.6,32.6,Dropped,Beginner,26.63636364,0,Oct
L004066,U106,09-06-2025,Cloud,Certification,2,57.6,14,In Progress,Advanced,28.8,0,Jun
L004067,U106,14-09-2025,Java,Certification,1.4,96,100,Completed,Advanced,68.57142857,1,Sep
L004068,U191,14-10-2025,Communication,Workshop,5.5,91.5,99.5,In Progress,Advanced,16.63636364,0,Oct
L004069,U114,04-10-2025,Cloud,Certification,0.7,93.6,65.8,In Progress,Intermediate,133.7142857,0,Oct
L004070,U113,29-12-2025,Data Analytics,Online Course,5.1,81.8,49.6,In Progress,Intermediate,16.03921569,0,Dec
L004071,U144,07-05-2025,Cloud,Workshop,0.7,61.7,51.6,In Progress,Intermediate,88.14285714,0,May
L004072,U108,27-09-2025,SQL,Project,2.4,69.3,100,Completed,Intermediate,28.875,1,Sep
L004073,U178,06-01-2025,Power BI,Certification,1.6,74.7,100,Completed,Intermediate,46.6875,1,Jan
L004074,U192,30-10-2025,SQL,Online Course,4.7,94.3,100,Completed,Beginner,20.06382979,1,Oct
L004075,U053,18-01-2025,Python,Project,3.7,74.4,30.8,In Progress,Intermediate,20.10810811,0,Jan
L004076,U177,30-09-2025,ServiceNow,Certification,4.2,74.1,100,Completed,Beginner,17.64285714,1,Sep
L004077,U160,07-07-2025,Machine Learning,Workshop,4.9,72.7,100,Completed,Beginner,14.83673469,1,Jul
L004078,U046,05-01-2025,Java,Project,0,0,0,Not Started,Advanced,0,0,Jan
L004079,U124,02-09-2025,Machine Learning,Certification,2.8,57.5,15.2,In Progress,Advanced,20.53571429,0,Sep
L004080,U104,29-08-2025,Machine Learning,Project,3.5,93.7,100,Completed,Intermediate,26.77142857,1,Aug
L004081,U127,26-06-2025,Cloud,Workshop,0.8,56.7,27.7,In Progress,Beginner,70.875,0,Jun
L004082,U125,13-07-2025,ServiceNow,Certification,5.7,85.8,67.2,In Progress,Advanced,15.05263158,0,Jul
L004083,U049,25-04-2025,Data Analytics,Self Learning,0,0,0,Not Started,Advanced,0,0,Apr
L004084,U048,03-06-2025,ServiceNow,Project,2.9,81.4,100,Completed,Intermediate,28.06896552,1,Jun
L004085,U016,25-01-2025,Python,Workshop,5.3,90.1,100,Completed,Beginner,17,1,Jan
L004086,U095,02-08-2025,Data Analytics,Online Course,2.8,77.5,1.2,In Progress,Advanced,27.67857143,0,Aug
L004087,U122,18-01-2025,Java,Workshop,1.5,76.2,13.4,Dropped,Beginner,50.8,0,Jan
L004088,U161,25-06-2025,SQL,Workshop,1.7,40.9,50.7,In Progress,Beginner,24.05882353,0,Jun
L004089,U030,28-02-2025,Cloud,Self Learning,5.9,63.6,10.2,In Progress,Advanced,10.77966102,0,Feb
L004090,U046,24-09-2025,Python,Self Learning,1.8,69.6,100,Completed,Beginner,38.66666667,1,Sep
L004091,U167,28-12-2025,Excel,Online Course,2,92.9,100,Completed,Advanced,46.45,1,Dec
L004092,U138,31-01-2025,Power BI,Project,3.2,92.7,100,Completed,Advanced,28.96875,1,Jan
L004093,U024,07-10-2025,Python,Workshop,4.8,70.3,6,In Progress,Intermediate,14.64583333,0,Oct
L004094,U136,18-02-2025,ServiceNow,Certification,2.8,75.2,40.2,In Progress,Beginner,26.85714286,0,Feb
L004095,U001,15-04-2025,Data Analytics,Workshop,1.8,86.4,100,Completed,Intermediate,48,1,Apr
L004096,U075,23-10-2025,ServiceNow,Project,0,0,0,Not Started,Advanced,0,0,Oct
L004097,U174,05-11-2025,Data Analytics,Online Course,4.1,59.2,21.5,In Progress,Intermediate,14.43902439,0,Nov
L004098,U102,08-01-2025,Excel,Self Learning,5.8,82.5,94.8,In Progress,Intermediate,14.22413793,0,Jan
L004099,U044,25-12-2025,SQL,Project,1.1,76.9,100,Completed,Beginner,69.90909091,1,Dec
L004100,U030,27-03-2025,Communication,Certification,1.9,52.7,56.2,In Progress,Intermediate,27.73684211,0,Mar
L004101,U130,02-02-2025,Excel,Workshop,3.2,83.9,18.6,In Progress,Intermediate,26.21875,0,Feb
L004102,U147,05-02-2025,Python,Self Learning,3.2,70,60.7,In Progress,Beginner,21.875,0,Feb
L004103,U074,07-04-2025,Communication,Workshop,2.7,81.7,29.2,Dropped,Advanced,30.25925926,0,Apr
L004104,U018,12-11-2025,Power BI,Project,5,73.1,18,Dropped,Beginner,14.62,0,Nov
L004105,U184,20-08-2025,Data Analytics,Certification,1.4,85.8,100,Completed,Advanced,61.28571429,1,Aug
L004106,U071,04-05-2025,Data Analytics,Certification,0,0,0,Not Started,Intermediate,0,0,May
L004107,U168,28-06-2025,Machine Learning,Self Learning,4.3,95.5,100,Completed,Beginner,22.20930233,1,Jun
L004108,U181,22-03-2025,Cloud,Self Learning,1.9,69.2,90.4,In Progress,Beginner,36.42105263,0,Mar
L004109,U026,07-03-2025,Java,Online Course,4.4,99.2,63.6,In Progress,Advanced,22.54545455,0,Mar
L004110,U084,25-05-2025,Python,Project,0,0,0,Not Started,Beginner,0,0,May
L004111,U098,15-06-2025,Machine Learning,Project,3.1,94.6,97,In Progress,Beginner,30.51612903,0,Jun
L004112,U068,20-05-2025,Power BI,Self Learning,3.3,55.1,71.2,In Progress,Beginner,16.6969697,0,May
L004113,U179,24-10-2025,Excel,Online Course,0,0,0,Not Started,Intermediate,0,0,Oct
L004114,U120,14-08-2025,Python,Certification,2.6,72.9,14,In Progress,Beginner,28.03846154,0,Aug
L004115,U034,27-06-2025,Excel,Certification,3.8,41.9,97,In Progress,Advanced,11.02631579,0,Jun
L004116,U123,18-05-2025,Excel,Self Learning,1.1,88.5,100,Completed,Advanced,80.45454545,1,May
L004117,U156,09-10-2025,Machine Learning,Self Learning,1.1,48.6,16,In Progress,Beginner,44.18181818,0,Oct
L004118,U021,14-11-2025,Java,Workshop,3.6,83.6,68.5,In Progress,Advanced,23.22222222,0,Nov
L004119,U176,14-09-2025,Java,Self Learning,3,77.3,29.9,In Progress,Advanced,25.76666667,0,Sep
L004120,U138,20-08-2025,Communication,Project,2.7,52.2,67.9,In Progress,Intermediate,19.33333333,0,Aug
L004121,U074,30-07-2025,Power BI,Project,4.4,58.9,32.7,In Progress,Advanced,13.38636364,0,Jul
L004122,U010,22-02-2025,Python,Workshop,1.8,51.7,17.6,In Progress,Beginner,28.72222222,0,Feb
L004123,U109,12-10-2025,Communication,Certification,2.8,82.9,17.3,In Progress,Advanced,29.60714286,0,Oct
L004124,U176,29-09-2025,Excel,Certification,0,0,0,Not Started,Beginner,0,0,Sep
L004125,U065,15-10-2025,Communication,Online Course,0,0,0,Not Started,Beginner,0,0,Oct
L004126,U029,28-04-2025,Excel,Project,1.2,90.1,100,Completed,Beginner,75.08333333,1,Apr
L004127,U002,12-05-2025,SQL,Workshop,1.6,76.7,100,Completed,Beginner,47.9375,1,May
L004128,U050,28-06-2025,Java,Certification,1.7,68.3,100,Completed,Advanced,40.17647059,1,Jun
L004129,U084,12-02-2025,Cloud,Certification,2.3,85.4,88.4,In Progress,Beginner,37.13043478,0,Feb
L004130,U035,04-04-2025,Power BI,Workshop,1.6,78.6,58.2,Dropped,Advanced,49.125,0,Apr
L004131,U093,20-06-2025,Data Analytics,Project,0,0,0,Not Started,Advanced,0,0,Jun
L004132,U055,06-12-2025,Machine Learning,Online Course,5.4,59.6,23,Dropped,Intermediate,11.03703704,0,Dec
L004133,U179,14-03-2025,Python,Project,2.9,98.1,100,Completed,Intermediate,33.82758621,1,Mar
L004134,U003,09-01-2025,Machine Learning,Self Learning,3.3,46.5,33.9,In Progress,Intermediate,14.09090909,0,Jan
L004135,U164,02-07-2025,Excel,Online Course,1.3,50,27,In Progress,Beginner,38.46153846,0,Jul
L004136,U137,04-01-2025,Java,Project,3.9,51.2,52.5,Dropped,Intermediate,13.12820513,0,Jan
L004137,U051,11-12-2025,Excel,Project,0,0,0,Not Started,Beginner,0,0,Dec
L004138,U175,17-06-2025,Cloud,Project,5.7,76,100,Completed,Advanced,13.33333333,1,Jun
L004139,U060,09-02-2025,Communication,Online Course,4.3,97,24.3,In Progress,Beginner,22.55813953,0,Feb
L004140,U155,25-12-2025,SQL,Online Course,3.4,44.9,62.2,In Progress,Intermediate,13.20588235,0,Dec
L004141,U054,04-10-2025,SQL,Project,5.6,79.2,20.2,Dropped,Beginner,14.14285714,0,Oct
L004142,U145,13-01-2025,ServiceNow,Online Course,5.8,83.3,100,Completed,Advanced,14.36206897,1,Jan
L004143,U006,15-04-2025,Excel,Self Learning,2.6,90.6,94.3,In Progress,Intermediate,34.84615385,0,Apr
L004144,U076,02-02-2025,Python,Project,4,79.5,100,Completed,Beginner,19.875,1,Feb
L004145,U046,15-08-2025,Java,Project,4.5,82.6,100,Completed,Advanced,18.35555556,1,Aug
L004146,U195,07-08-2025,Java,Certification,6,44.4,11.1,Dropped,Intermediate,7.4,0,Aug
L004147,U067,29-07-2025,Power BI,Online Course,0,0,0,Not Started,Intermediate,0,0,Jul
L004148,U191,16-10-2025,Cloud,Online Course,1.2,44.5,52.7,In Progress,Intermediate,37.08333333,0,Oct
L004149,U004,16-01-2025,Power BI,Workshop,1.5,85,95.5,In Progress,Beginner,56.66666667,0,Jan
L004150,U117,12-09-2025,Excel,Project,0,0,0,Not Started,Intermediate,0,0,Sep
L004151,U190,06-12-2025,Java,Self Learning,0.8,52.2,55.4,In Progress,Intermediate,65.25,0,Dec
L004152,U006,17-08-2025,Java,Project,2.3,89.2,87.1,In Progress,Beginner,38.7826087,0,Aug
L004153,U130,11-09-2025,Java,Certification,2.7,96.2,4.7,In Progress,Beginner,35.62962963,0,Sep
L004154,U161,30-09-2025,Power BI,Project,5.3,99.2,24.3,In Progress,Advanced,18.71698113,0,Sep
L004155,U140,05-03-2025,Excel,Project,4.5,67,100,Completed,Intermediate,14.88888889,1,Mar
L004156,U183,14-01-2025,Cloud,Workshop,0,0,0,Not Started,Intermediate,0,0,Jan
L004157,U021,23-07-2025,Data Analytics,Certification,4.5,95.7,100,Completed,Beginner,21.26666667,1,Jul
L004158,U005,26-04-2025,Communication,Workshop,0,0,0,Not Started,Advanced,0,0,Apr
L004159,U187,01-12-2025,Java,Self Learning,1.5,52,43.7,In Progress,Intermediate,34.66666667,0,Dec
L004160,U150,21-03-2025,ServiceNow,Certification,5.3,76.6,100,Completed,Beginner,14.45283019,1,Mar
L004161,U032,30-04-2025,Machine Learning,Project,0.8,78.2,100,Completed,Beginner,97.75,1,Apr
L004162,U111,01-08-2025,Data Analytics,Project,1.5,98.5,100,Completed,Beginner,65.66666667,1,Aug
L004163,U157,23-11-2025,Excel,Workshop,5.8,68.4,100,Completed,Advanced,11.79310345,1,Nov
L004164,U094,03-04-2025,Machine Learning,Certification,5.8,73.9,100,Completed,Advanced,12.74137931,1,Apr
L004165,U024,26-05-2025,Data Analytics,Self Learning,5.5,91.2,100,Completed,Beginner,16.58181818,1,May
L004166,U169,26-03-2025,Python,Workshop,4.4,58.8,84.1,In Progress,Advanced,13.36363636,0,Mar
L004167,U071,03-10-2025,ServiceNow,Workshop,0.8,66.2,100,Completed,Beginner,82.75,1,Oct
L004168,U039,19-07-2025,Power BI,Self Learning,0.8,96.1,93.4,In Progress,Advanced,120.125,0,Jul
L004169,U079,30-07-2025,SQL,Project,0,0,0,Not Started,Intermediate,0,0,Jul
L004170,U040,07-05-2025,Machine Learning,Certification,4.9,90,100,Completed,Beginner,18.36734694,1,May
L004171,U126,02-03-2025,Power BI,Project,1.7,84.4,67.1,Dropped,Beginner,49.64705882,0,Mar
L004172,U029,08-10-2025,Data Analytics,Project,3.7,48.9,10.2,In Progress,Advanced,13.21621622,0,Oct
L004173,U177,22-05-2025,Communication,Certification,5.7,53.3,12,Dropped,Beginner,9.350877193,0,May
L004174,U174,28-04-2025,Data Analytics,Project,1.8,66.4,23.7,In Progress,Intermediate,36.88888889,0,Apr
L004175,U011,27-10-2025,Machine Learning,Project,5,62.3,13.4,In Progress,Beginner,12.46,0,Oct
L004176,U079,18-06-2025,SQL,Workshop,0,0,0,Not Started,Intermediate,0,0,Jun
L004177,U112,10-10-2025,Excel,Certification,5.8,85.3,58.9,In Progress,Intermediate,14.70689655,0,Oct
L004178,U171,11-07-2025,Excel,Workshop,0,0,0,Not Started,Advanced,0,0,Jul
L004179,U016,20-03-2025,Machine Learning,Workshop,5.4,41.4,2.2,In Progress,Intermediate,7.666666667,0,Mar
L004180,U199,04-05-2025,Java,Certification,5.7,70.6,100,Completed,Beginner,12.38596491,1,May
L004181,U097,19-02-2025,SQL,Online Course,5.7,74.3,48.2,In Progress,Beginner,13.03508772,0,Feb
L004182,U001,18-09-2025,Excel,Workshop,0.7,66.7,8.4,In Progress,Beginner,95.28571429,0,Sep
L004183,U151,22-04-2025,Machine Learning,Certification,2.9,77,28.7,In Progress,Beginner,26.55172414,0,Apr
L004184,U080,31-10-2025,ServiceNow,Certification,2.9,81,100,Completed,Intermediate,27.93103448,1,Oct
L004185,U156,19-09-2025,Power BI,Self Learning,0.6,46.2,13.3,In Progress,Beginner,77,0,Sep
L004186,U181,04-09-2025,SQL,Workshop,0,0,0,Not Started,Advanced,0,0,Sep
L004187,U129,01-09-2025,Excel,Certification,2.1,62.4,97.6,In Progress,Intermediate,29.71428571,0,Sep
L004188,U021,05-06-2025,ServiceNow,Project,0,0,0,Not Started,Intermediate,0,0,Jun
L004189,U004,26-01-2025,Java,Project,0,0,0,Not Started,Beginner,0,0,Jan
L004190,U145,21-11-2025,SQL,Certification,3.3,81,61.9,Dropped,Intermediate,24.54545455,0,Nov
L004191,U016,31-10-2025,Excel,Online Course,4.3,67.8,9.2,In Progress,Advanced,15.76744186,0,Oct
L004192,U037,05-07-2025,Excel,Certification,5.4,62.5,91.5,In Progress,Advanced,11.57407407,0,Jul
L004193,U042,02-10-2025,Communication,Self Learning,5.6,70.4,100,Completed,Beginner,12.57142857,1,Oct
L004194,U003,06-05-2025,Excel,Project,2.5,75.1,100,Completed,Intermediate,30.04,1,May
L004195,U050,15-09-2025,Data Analytics,Online Course,0.8,55.8,61,In Progress,Advanced,69.75,0,Sep
L004196,U166,10-02-2025,Excel,Certification,2.8,94.5,9.1,In Progress,Intermediate,33.75,0,Feb
L004197,U184,26-01-2025,Excel,Certification,2.4,79.9,6.9,In Progress,Advanced,33.29166667,0,Jan
L004198,U039,26-11-2025,ServiceNow,Certification,2,62,94.8,In Progress,Advanced,31,0,Nov
L004199,U161,13-11-2025,Excel,Online Course,4.6,74.8,100,Completed,Intermediate,16.26086957,1,Nov
L004200,U087,23-02-2025,SQL,Certification,2.3,69.8,85.2,In Progress,Intermediate,30.34782609,0,Feb
L004201,U116,16-08-2025,Data Analytics,Online Course,1.2,74.1,100,Completed,Advanced,61.75,1,Aug
L004202,U030,01-04-2025,ServiceNow,Self Learning,4.9,78.6,100,Completed,Advanced,16.04081633,1,Apr
L004203,U060,02-08-2025,Cloud,Project,2.3,86.6,100,Completed,Advanced,37.65217391,1,Aug
L004204,U071,18-07-2025,Cloud,Online Course,0,0,0,Not Started,Beginner,0,0,Jul
L004205,U135,10-12-2025,ServiceNow,Self Learning,4.9,87.1,100,Completed,Beginner,17.7755102,1,Dec
L004206,U069,19-03-2025,Excel,Self Learning,6,66.3,100,Completed,Beginner,11.05,1,Mar
L004207,U040,14-06-2025,ServiceNow,Self Learning,0.9,41.7,38.4,In Progress,Beginner,46.33333333,0,Jun
L004208,U060,11-10-2025,Power BI,Workshop,1.4,93.4,100,Completed,Beginner,66.71428571,1,Oct
L004209,U031,29-03-2025,Power BI,Project,0.7,78.4,18.8,Dropped,Intermediate,112,0,Mar
L004210,U193,06-02-2025,Machine Learning,Certification,4.5,82.8,22.8,In Progress,Beginner,18.4,0,Feb
L004211,U150,04-09-2025,Java,Online Course,5.9,60.5,39.3,In Progress,Beginner,10.25423729,0,Sep
L004212,U022,26-04-2025,Data Analytics,Project,2.9,80.9,100,Completed,Advanced,27.89655172,1,Apr
L004213,U134,04-11-2025,Python,Online Course,3.3,47.2,67.5,In Progress,Beginner,14.3030303,0,Nov
L004214,U134,27-01-2025,Power BI,Self Learning,5.8,70.5,43.6,In Progress,Intermediate,12.15517241,0,Jan
L004215,U097,14-11-2025,Excel,Workshop,5.7,48.7,4.1,In Progress,Advanced,8.543859649,0,Nov
L004216,U030,15-07-2025,Machine Learning,Project,0,0,0,Not Started,Intermediate,0,0,Jul
L004217,U159,13-06-2025,Java,Project,4.2,75.5,100,Completed,Beginner,17.97619048,1,Jun
L004218,U030,22-02-2025,Data Analytics,Project,0,0,0,Not Started,Advanced,0,0,Feb
L004219,U037,22-07-2025,Python,Project,0,0,0,Not Started,Advanced,0,0,Jul
L004220,U019,10-02-2025,Java,Online Course,0,0,0,Not Started,Advanced,0,0,Feb
L004221,U151,07-03-2025,SQL,Project,1.6,87.5,99.1,In Progress,Beginner,54.6875,0,Mar
L004222,U155,20-10-2025,SQL,Workshop,4.1,81.8,83.2,In Progress,Advanced,19.95121951,0,Oct
L004223,U002,30-11-2025,Excel,Online Course,5.7,90.2,40.1,In Progress,Advanced,15.8245614,0,Nov
L004224,U082,07-04-2025,Excel,Online Course,4.1,98.8,26.7,In Progress,Intermediate,24.09756098,0,Apr
L004225,U155,25-07-2025,SQL,Certification,2,59.6,59.1,Dropped,Beginner,29.8,0,Jul
L004226,U103,17-09-2025,Data Analytics,Workshop,1.4,93,100,Completed,Intermediate,66.42857143,1,Sep
L004227,U031,14-01-2025,Excel,Workshop,3.3,96.5,100,Completed,Intermediate,29.24242424,1,Jan
L004228,U014,28-05-2025,ServiceNow,Online Course,0,0,0,Not Started,Advanced,0,0,May
L004229,U126,24-06-2025,Python,Project,1.5,46.8,97.5,In Progress,Intermediate,31.2,0,Jun
L004230,U133,14-07-2025,Communication,Project,5.6,77.6,46.4,In Progress,Beginner,13.85714286,0,Jul
L004231,U089,07-11-2025,Power BI,Online Course,5.4,91.1,100,Completed,Advanced,16.87037037,1,Nov
L004232,U130,09-11-2025,Power BI,Self Learning,5.4,67.3,100,Completed,Advanced,12.46296296,1,Nov
L004233,U097,16-08-2025,Excel,Workshop,0,0,0,Not Started,Beginner,0,0,Aug
L004234,U179,26-07-2025,Python,Certification,4,95.1,16.9,Dropped,Intermediate,23.775,0,Jul
L004235,U051,29-11-2025,Communication,Project,4.1,95.3,37.5,In Progress,Advanced,23.24390244,0,Nov
L004236,U126,25-05-2025,Excel,Self Learning,5.8,41.7,64.7,Dropped,Advanced,7.189655172,0,May
L004237,U047,16-07-2025,Excel,Certification,2,80.8,100,Completed,Beginner,40.4,1,Jul
L004238,U031,15-06-2025,Communication,Online Course,5.1,68.4,100,Completed,Intermediate,13.41176471,1,Jun
L004239,U008,21-05-2025,Communication,Online Course,3.8,90,100,Completed,Advanced,23.68421053,1,May
L004240,U001,07-10-2025,Communication,Workshop,2.4,79.6,100,Completed,Intermediate,33.16666667,1,Oct
L004241,U181,21-04-2025,Excel,Project,5,95,37.4,Dropped,Advanced,19,0,Apr
L004242,U101,10-05-2025,SQL,Online Course,0,0,0,Not Started,Advanced,0,0,May
L004243,U061,24-10-2025,Excel,Self Learning,3.1,54.8,69.4,In Progress,Advanced,17.67741935,0,Oct
L004244,U008,25-10-2025,SQL,Project,5.4,93.8,33.1,Dropped,Beginner,17.37037037,0,Oct
L004245,U156,18-08-2025,ServiceNow,Self Learning,0,0,0,Not Started,Intermediate,0,0,Aug
L004246,U161,29-11-2025,ServiceNow,Project,4.6,60.5,38.4,Dropped,Beginner,13.15217391,0,Nov
L004247,U059,04-08-2025,Excel,Workshop,5.8,47.2,33.6,In Progress,Advanced,8.137931034,0,Aug
L004248,U193,28-01-2025,Power BI,Certification,2.2,96.6,100,Completed,Intermediate,43.90909091,1,Jan
L004249,U128,16-01-2025,Excel,Project,3.2,71.3,8.4,In Progress,Advanced,22.28125,0,Jan
L004250,U077,03-01-2025,Python,Self Learning,1.6,49.1,68.4,In Progress,Intermediate,30.6875,0,Jan
L004251,U014,08-06-2025,ServiceNow,Project,4.6,86.1,100,Completed,Intermediate,18.7173913,1,Jun
L004252,U024,24-04-2025,Cloud,Certification,4.5,87.9,100,Completed,Advanced,19.53333333,1,Apr
L004253,U147,20-09-2025,Excel,Project,0.8,58.2,47.9,In Progress,Intermediate,72.75,0,Sep
L004254,U039,08-03-2025,Data Analytics,Project,4.7,56.2,17.7,In Progress,Intermediate,11.95744681,0,Mar
L004255,U093,24-09-2025,Cloud,Certification,1.8,99.7,4.5,In Progress,Beginner,55.38888889,0,Sep
L004256,U154,15-05-2025,ServiceNow,Workshop,1.3,44.5,39.3,In Progress,Intermediate,34.23076923,0,May
L004257,U188,28-02-2025,Communication,Workshop,5,62,17.8,In Progress,Advanced,12.4,0,Feb
L004258,U028,25-05-2025,Power BI,Self Learning,0,0,0,Not Started,Beginner,0,0,May
L004259,U065,28-06-2025,SQL,Self Learning,0.8,88.1,100,Completed,Advanced,110.125,1,Jun
L004260,U171,23-04-2025,Cloud,Online Course,3.5,79.6,100,Completed,Intermediate,22.74285714,1,Apr
L004261,U005,31-10-2025,Power BI,Certification,0.6,65.4,100,Completed,Beginner,109,1,Oct
L004262,U090,21-12-2025,Data Analytics,Project,5.2,83.9,73.9,In Progress,Intermediate,16.13461538,0,Dec
L004263,U049,01-03-2025,Power BI,Workshop,2.6,78.2,100,Completed,Intermediate,30.07692308,1,Mar
L004264,U049,01-10-2025,Cloud,Project,2.1,42.3,99.7,In Progress,Intermediate,20.14285714,0,Oct
L004265,U094,19-06-2025,Java,Self Learning,5.8,71.4,99.7,In Progress,Advanced,12.31034483,0,Jun
L004266,U196,18-12-2025,SQL,Certification,3.1,86.2,34.7,Dropped,Advanced,27.80645161,0,Dec
L004267,U156,23-03-2025,SQL,Project,4.6,98,100,Completed,Beginner,21.30434783,1,Mar
L004268,U080,21-03-2025,Excel,Self Learning,3.9,65.8,100,Completed,Advanced,16.87179487,1,Mar
L004269,U184,13-01-2025,Java,Certification,0,0,0,Not Started,Advanced,0,0,Jan
L004270,U088,04-08-2025,Java,Certification,4.2,65.6,78.1,In Progress,Intermediate,15.61904762,0,Aug
L004271,U195,14-04-2025,Power BI,Online Course,3.4,86.2,73.1,In Progress,Advanced,25.35294118,0,Apr
L004272,U075,20-04-2025,Cloud,Workshop,4.4,54.2,96.1,In Progress,Advanced,12.31818182,0,Apr
L004273,U008,05-10-2025,Power BI,Self Learning,2,52.1,45.6,In Progress,Beginner,26.05,0,Oct
L004274,U101,02-06-2025,SQL,Workshop,3,42.5,0.6,In Progress,Beginner,14.16666667,0,Jun
L004275,U096,08-07-2025,Machine Learning,Self Learning,4.4,95.5,100,Completed,Intermediate,21.70454545,1,Jul
L004276,U195,08-01-2025,SQL,Online Course,1.3,74.8,15.1,Dropped,Beginner,57.53846154,0,Jan
L004277,U186,03-11-2025,Python,Project,5.3,65.9,100,Completed,Intermediate,12.43396226,1,Nov
L004278,U163,09-12-2025,Communication,Certification,1.8,74.7,12.8,In Progress,Intermediate,41.5,0,Dec
L004279,U166,23-08-2025,Communication,Self Learning,3.9,66.8,14.2,Dropped,Advanced,17.12820513,0,Aug
L004280,U196,10-11-2025,Python,Project,5.9,94.2,1,In Progress,Advanced,15.96610169,0,Nov
L004281,U143,02-04-2025,Python,Self Learning,0,0,0,Not Started,Intermediate,0,0,Apr
L004282,U113,21-07-2025,Python,Project,1.8,71.5,87.4,In Progress,Advanced,39.72222222,0,Jul
L004283,U175,23-08-2025,Machine Learning,Project,1.8,68.4,100,Completed,Beginner,38,1,Aug
L004284,U056,29-01-2025,Machine Learning,Online Course,0.5,79.7,51.3,In Progress,Advanced,159.4,0,Jan
L004285,U002,07-04-2025,Communication,Workshop,0,0,0,Not Started,Intermediate,0,0,Apr
L004286,U037,18-05-2025,Communication,Project,2.8,95.1,18.7,In Progress,Beginner,33.96428571,0,May
L004287,U046,18-06-2025,Machine Learning,Self Learning,4.3,71.9,77.7,In Progress,Intermediate,16.72093023,0,Jun
L004288,U071,20-11-2025,ServiceNow,Certification,3.7,99,100,Completed,Beginner,26.75675676,1,Nov
L004289,U031,09-05-2025,Machine Learning,Certification,2,89.5,50.4,In Progress,Advanced,44.75,0,May
L004290,U184,30-09-2025,Java,Certification,1.6,40.4,14.8,Dropped,Intermediate,25.25,0,Sep
L004291,U112,06-11-2025,Communication,Self Learning,4.4,92.9,100,Completed,Intermediate,21.11363636,1,Nov
L004292,U087,09-03-2025,Java,Certification,4.2,61.7,39.9,In Progress,Beginner,14.69047619,0,Mar
L004293,U148,25-10-2025,ServiceNow,Self Learning,5.7,79,29.3,In Progress,Beginner,13.85964912,0,Oct
L004294,U143,03-08-2025,Cloud,Certification,5.1,82.9,17.6,In Progress,Advanced,16.25490196,0,Aug
L004295,U180,19-06-2025,Java,Self Learning,4.5,78.7,69.3,In Progress,Advanced,17.48888889,0,Jun
L004296,U007,29-09-2025,SQL,Online Course,1.7,92.8,100,Completed,Intermediate,54.58823529,1,Sep
L004297,U168,06-07-2025,SQL,Certification,0,0,0,Not Started,Beginner,0,0,Jul
L004298,U065,10-03-2025,Excel,Self Learning,1.3,77.7,12,In Progress,Beginner,59.76923077,0,Mar
L004299,U128,28-11-2025,Data Analytics,Online Course,2.1,42,76,In Progress,Beginner,20,0,Nov
L004300,U038,31-05-2025,Communication,Project,0.6,64.4,47.4,In Progress,Intermediate,107.3333333,0,May
L004301,U149,12-08-2025,SQL,Online Course,1.9,77.3,100,Completed,Advanced,40.68421053,1,Aug
L004302,U025,08-07-2025,Cloud,Online Course,1.7,60.5,19.2,Dropped,Beginner,35.58823529,0,Jul
L004303,U150,26-07-2025,Cloud,Self Learning,0.7,94.9,56.3,In Progress,Beginner,135.5714286,0,Jul
L004304,U043,22-01-2025,Power BI,Self Learning,3.9,66.6,79.4,In Progress,Beginner,17.07692308,0,Jan
L004305,U163,02-01-2025,ServiceNow,Project,5.5,99.2,90.8,In Progress,Advanced,18.03636364,0,Jan
L004306,U044,09-09-2025,Excel,Certification,0,0,0,Not Started,Intermediate,0,0,Sep
L004307,U177,06-11-2025,Java,Online Course,4.4,98.2,98.2,In Progress,Advanced,22.31818182,0,Nov
L004308,U034,15-10-2025,Machine Learning,Certification,2,87.2,19.6,In Progress,Intermediate,43.6,0,Oct
L004309,U134,24-01-2025,ServiceNow,Online Course,5.3,83.3,100,Completed,Advanced,15.71698113,1,Jan
L004310,U058,01-10-2025,Cloud,Online Course,5.3,71.6,47.7,Dropped,Beginner,13.50943396,0,Oct
L004311,U012,26-05-2025,Power BI,Certification,4.2,79.8,100,Completed,Intermediate,19,1,May
L004312,U128,21-12-2025,Communication,Workshop,2.4,62.9,29.1,Dropped,Beginner,26.20833333,0,Dec
L004313,U001,20-08-2025,Java,Project,0,0,0,Not Started,Intermediate,0,0,Aug
L004314,U191,30-12-2025,Communication,Project,1.7,65.8,100,Completed,Advanced,38.70588235,1,Dec
L004315,U057,06-08-2025,Java,Online Course,1,69.9,100,Completed,Beginner,69.9,1,Aug
L004316,U026,24-01-2025,ServiceNow,Online Course,4.3,80.1,12.6,In Progress,Beginner,18.62790698,0,Jan
L004317,U142,09-07-2025,ServiceNow,Project,3.1,76.2,100,Completed,Intermediate,24.58064516,1,Jul
L004318,U050,04-11-2025,SQL,Workshop,2.9,81.5,100,Completed,Beginner,28.10344828,1,Nov
L004319,U038,07-01-2025,Cloud,Online Course,5.1,81.9,25.3,In Progress,Intermediate,16.05882353,0,Jan
L004320,U181,19-06-2025,Java,Online Course,2.7,46.8,7.1,In Progress,Advanced,17.33333333,0,Jun
L004321,U168,19-04-2025,Java,Certification,4.3,95.3,27.2,In Progress,Beginner,22.1627907,0,Apr
L004322,U014,25-02-2025,SQL,Self Learning,0.8,97.7,34.1,In Progress,Advanced,122.125,0,Feb
L004323,U042,29-11-2025,Communication,Certification,5.4,70.1,100,Completed,Advanced,12.98148148,1,Nov
L004324,U028,06-08-2025,Excel,Project,3.1,56.4,19.4,In Progress,Advanced,18.19354839,0,Aug
L004325,U042,12-05-2025,Power BI,Certification,2.7,87.7,100,Completed,Intermediate,32.48148148,1,May
L004326,U175,25-11-2025,Power BI,Online Course,3.8,94.7,80.2,In Progress,Intermediate,24.92105263,0,Nov
L004327,U112,04-06-2025,ServiceNow,Project,4.9,94.5,52.8,In Progress,Intermediate,19.28571429,0,Jun
L004328,U041,13-09-2025,Cloud,Project,0,0,0,Not Started,Advanced,0,0,Sep
L004329,U147,09-11-2025,Java,Project,1.7,54.5,84.7,In Progress,Intermediate,32.05882353,0,Nov
L004330,U071,17-04-2025,Power BI,Online Course,0,0,0,Not Started,Intermediate,0,0,Apr
L004331,U060,21-08-2025,Data Analytics,Certification,4.7,60,96.6,In Progress,Beginner,12.76595745,0,Aug
L004332,U152,30-09-2025,Java,Online Course,0,0,0,Not Started,Beginner,0,0,Sep
L004333,U167,16-10-2025,Java,Self Learning,2,66.2,13.8,Dropped,Beginner,33.1,0,Oct
L004334,U128,12-11-2025,Data Analytics,Self Learning,1.4,98.7,17.1,In Progress,Beginner,70.5,0,Nov
L004335,U064,25-11-2025,SQL,Online Course,3.9,56.8,9.1,In Progress,Intermediate,14.56410256,0,Nov
L004336,U098,07-05-2025,Python,Certification,4,55.6,2.6,In Progress,Intermediate,13.9,0,May
L004337,U156,14-02-2025,Cloud,Project,1.9,84.9,100,Completed,Advanced,44.68421053,1,Feb
L004338,U149,19-08-2025,Python,Project,0,0,0,Not Started,Intermediate,0,0,Aug
L004339,U071,22-03-2025,Power BI,Online Course,4.8,67.3,100,Completed,Advanced,14.02083333,1,Mar
L004340,U016,01-11-2025,Excel,Certification,2.4,77.2,63.2,In Progress,Intermediate,32.16666667,0,Nov
L004341,U139,17-06-2025,Java,Project,1.6,80.4,18.3,In Progress,Advanced,50.25,0,Jun
L004342,U028,26-03-2025,Data Analytics,Online Course,5.1,80.3,100,Completed,Beginner,15.74509804,1,Mar
L004343,U092,30-07-2025,Power BI,Workshop,2.5,73.5,92.1,In Progress,Beginner,29.4,0,Jul
L004344,U029,05-06-2025,Cloud,Self Learning,2.8,78.2,100,Completed,Beginner,27.92857143,1,Jun
L004345,U139,03-03-2025,Excel,Online Course,2,89.5,100,Completed,Intermediate,44.75,1,Mar
L004346,U099,31-07-2025,Communication,Workshop,4.7,65.5,13.9,In Progress,Advanced,13.93617021,0,Jul
L004347,U179,26-09-2025,Communication,Self Learning,4.6,62,90.4,In Progress,Advanced,13.47826087,0,Sep
L004348,U184,12-08-2025,Communication,Self Learning,2.1,88.9,29.1,In Progress,Advanced,42.33333333,0,Aug
L004349,U177,08-01-2025,Cloud,Project,4.9,56.6,56.4,In Progress,Advanced,11.55102041,0,Jan
L004350,U100,20-08-2025,Power BI,Certification,1.9,99.8,76.9,In Progress,Advanced,52.52631579,0,Aug
L004351,U101,14-05-2025,ServiceNow,Project,5.4,41,9.8,In Progress,Beginner,7.592592593,0,May
L004352,U161,28-07-2025,SQL,Self Learning,1.1,51.6,24.9,Dropped,Advanced,46.90909091,0,Jul
L004353,U182,28-09-2025,ServiceNow,Certification,3.1,97,100,Completed,Advanced,31.29032258,1,Sep
L004354,U013,15-06-2025,Machine Learning,Self Learning,2,77.5,100,Completed,Intermediate,38.75,1,Jun
L004355,U081,03-06-2025,Power BI,Self Learning,0,0,0,Not Started,Advanced,0,0,Jun
L004356,U103,17-02-2025,Communication,Workshop,5.9,42.1,91,In Progress,Advanced,7.13559322,0,Feb
L004357,U040,07-03-2025,Power BI,Online Course,2.5,83.5,100,Completed,Intermediate,33.4,1,Mar
L004358,U137,16-01-2025,Machine Learning,Online Course,4.9,88.2,85.8,In Progress,Intermediate,18,0,Jan
L004359,U054,20-12-2025,Java,Workshop,5.5,99.8,100,Completed,Beginner,18.14545455,1,Dec
L004360,U165,21-10-2025,Power BI,Self Learning,0,0,0,Not Started,Intermediate,0,0,Oct
L004361,U095,25-12-2025,SQL,Self Learning,5,73.5,100,Completed,Advanced,14.7,1,Dec
L004362,U166,23-12-2025,Power BI,Project,5.3,76,55.3,Dropped,Beginner,14.33962264,0,Dec
L004363,U040,18-12-2025,Java,Workshop,5.4,77.7,100,Completed,Beginner,14.38888889,1,Dec
L004364,U049,03-11-2025,Power BI,Online Course,1.1,50.8,77.7,In Progress,Intermediate,46.18181818,0,Nov
L004365,U001,01-09-2025,Data Analytics,Certification,5.5,71.7,100,Completed,Intermediate,13.03636364,1,Sep
L004366,U036,17-12-2025,Machine Learning,Online Course,1.2,98.4,26.5,In Progress,Advanced,82,0,Dec
L004367,U137,04-06-2025,Power BI,Online Course,2.8,59.1,14.9,In Progress,Beginner,21.10714286,0,Jun
L004368,U075,27-10-2025,Excel,Self Learning,0,0,0,Not Started,Intermediate,0,0,Oct
L004369,U029,09-06-2025,Data Analytics,Project,2.9,71.3,32.5,In Progress,Beginner,24.5862069,0,Jun
L004370,U039,31-10-2025,Machine Learning,Workshop,5,73.6,100,Completed,Beginner,14.72,1,Oct
L004371,U111,30-12-2025,Machine Learning,Certification,2.4,49.5,42.8,In Progress,Advanced,20.625,0,Dec
L004372,U040,04-09-2025,SQL,Online Course,3.3,62.6,30.5,In Progress,Intermediate,18.96969697,0,Sep
L004373,U164,30-12-2025,Java,Online Course,4.7,70.8,40.2,Dropped,Intermediate,15.06382979,0,Dec
L004374,U053,23-12-2025,Cloud,Self Learning,4.2,62.9,83.9,In Progress,Advanced,14.97619048,0,Dec
L004375,U159,14-11-2025,Power BI,Self Learning,5.6,84.2,30.5,In Progress,Intermediate,15.03571429,0,Nov
L004376,U121,01-03-2025,Python,Workshop,5.2,44.9,51.7,In Progress,Intermediate,8.634615385,0,Mar
L004377,U166,29-01-2025,Excel,Workshop,3.4,70.2,21.4,In Progress,Intermediate,20.64705882,0,Jan
L004378,U086,21-04-2025,Power BI,Workshop,3.2,84.5,40.7,Dropped,Advanced,26.40625,0,Apr
L004379,U127,16-02-2025,Data Analytics,Self Learning,4.8,95.1,100,Completed,Advanced,19.8125,1,Feb
L004380,U185,31-03-2025,Java,Certification,1,59.7,49.7,Dropped,Intermediate,59.7,0,Mar
L004381,U011,22-02-2025,SQL,Certification,3.7,95.6,99.5,In Progress,Advanced,25.83783784,0,Feb
L004382,U148,25-06-2025,Excel,Workshop,3.7,85.3,90.9,In Progress,Advanced,23.05405405,0,Jun
L004383,U023,26-08-2025,Data Analytics,Project,0,0,0,Not Started,Advanced,0,0,Aug
L004384,U046,01-07-2025,Data Analytics,Certification,2.5,66.9,30.9,In Progress,Intermediate,26.76,0,Jul
L004385,U055,14-02-2025,Data Analytics,Project,0,0,0,Not Started,Intermediate,0,0,Feb
L004386,U026,27-10-2025,Java,Online Course,2.3,55.8,70.5,In Progress,Beginner,24.26086957,0,Oct
L004387,U026,26-09-2025,ServiceNow,Online Course,2.3,96,80.8,In Progress,Advanced,41.73913043,0,Sep
L004388,U185,20-02-2025,Machine Learning,Workshop,2.9,66,100,Completed,Intermediate,22.75862069,1,Feb
L004389,U178,20-06-2025,Data Analytics,Project,2.9,84.4,12.8,Dropped,Beginner,29.10344828,0,Jun
L004390,U092,07-08-2025,Data Analytics,Workshop,1.9,72.9,100,Completed,Advanced,38.36842105,1,Aug
L004391,U119,19-01-2025,Data Analytics,Online Course,2.5,74.2,100,Completed,Beginner,29.68,1,Jan
L004392,U012,13-12-2025,Cloud,Online Course,5.8,45.2,95.6,In Progress,Beginner,7.793103448,0,Dec
L004393,U061,27-02-2025,Power BI,Self Learning,2.5,42.9,45.3,In Progress,Intermediate,17.16,0,Feb
L004394,U083,07-07-2025,Excel,Certification,0.7,95.1,100,Completed,Beginner,135.8571429,1,Jul
L004395,U005,31-12-2025,Java,Workshop,2.9,68.9,58.1,In Progress,Intermediate,23.75862069,0,Dec
L004396,U098,31-01-2025,Cloud,Certification,1.7,76.7,100,Completed,Intermediate,45.11764706,1,Jan
L004397,U044,07-08-2025,Data Analytics,Certification,1.6,76.1,97.6,In Progress,Advanced,47.5625,0,Aug
L004398,U180,21-10-2025,ServiceNow,Project,2.9,76.4,100,Completed,Advanced,26.34482759,1,Oct
L004399,U160,23-01-2025,Java,Self Learning,3,51,46.4,In Progress,Beginner,17,0,Jan
L004400,U049,06-07-2025,ServiceNow,Workshop,2.1,80.7,100,Completed,Beginner,38.42857143,1,Jul
L004401,U064,19-12-2025,SQL,Certification,0.5,90.8,100,Completed,Intermediate,181.6,1,Dec
L004402,U065,05-06-2025,Communication,Workshop,3.1,67.7,40.4,In Progress,Beginner,21.83870968,0,Jun
L004403,U162,15-06-2025,Machine Learning,Online Course,0,0,0,Not Started,Beginner,0,0,Jun
L004404,U026,22-01-2025,Power BI,Certification,1.2,67,99,In Progress,Beginner,55.83333333,0,Jan
L004405,U197,09-05-2025,Cloud,Project,2.7,40.5,63.6,In Progress,Intermediate,15,0,May
L004406,U154,23-02-2025,Python,Online Course,4.2,85.6,100,Completed,Intermediate,20.38095238,1,Feb
L004407,U176,06-05-2025,Communication,Certification,2,43.5,86,In Progress,Intermediate,21.75,0,May
L004408,U118,29-11-2025,Data Analytics,Workshop,1,52.5,85.3,In Progress,Beginner,52.5,0,Nov
L004409,U101,07-04-2025,SQL,Workshop,1.7,47.9,2.8,In Progress,Advanced,28.17647059,0,Apr
L004410,U086,21-01-2025,Java,Self Learning,1.3,99.8,100,Completed,Intermediate,76.76923077,1,Jan
L004411,U138,25-04-2025,Data Analytics,Workshop,2.1,86.1,100,Completed,Beginner,41,1,Apr
L004412,U171,18-04-2025,Communication,Certification,0,0,0,Not Started,Advanced,0,0,Apr
L004413,U077,28-02-2025,Cloud,Project,0.7,44.3,68.4,Dropped,Intermediate,63.28571429,0,Feb
L004414,U051,16-06-2025,Excel,Certification,4,57.1,93.8,In Progress,Advanced,14.275,0,Jun
L004415,U071,26-10-2025,Data Analytics,Self Learning,5,44.2,25.3,In Progress,Beginner,8.84,0,Oct
L004416,U087,09-10-2025,Power BI,Project,1.1,78,39.9,In Progress,Beginner,70.90909091,0,Oct
L004417,U151,03-06-2025,Python,Self Learning,2.8,91.1,100,Completed,Beginner,32.53571429,1,Jun
L004418,U177,22-01-2025,SQL,Workshop,4.2,73.8,100,Completed,Beginner,17.57142857,1,Jan
L004419,U130,25-08-2025,Communication,Online Course,1.1,81.7,100,Completed,Advanced,74.27272727,1,Aug
L004420,U195,12-05-2025,Power BI,Self Learning,3.2,87.2,100,Completed,Advanced,27.25,1,May
L004421,U044,19-06-2025,Communication,Certification,4.5,95.1,56.8,In Progress,Beginner,21.13333333,0,Jun
L004422,U192,06-06-2025,Machine Learning,Project,3.2,57.4,69.2,In Progress,Intermediate,17.9375,0,Jun
L004423,U050,10-05-2025,Java,Workshop,3.9,67.8,69.3,Dropped,Advanced,17.38461538,0,May
L004424,U066,02-10-2025,Data Analytics,Project,5.4,96.3,100,Completed,Intermediate,17.83333333,1,Oct
L004425,U139,25-09-2025,SQL,Online Course,4.6,93.1,100,Completed,Beginner,20.23913043,1,Sep
L004426,U076,26-06-2025,Cloud,Certification,5.8,49.9,69.4,In Progress,Intermediate,8.603448276,0,Jun
L004427,U134,11-08-2025,Power BI,Self Learning,2.7,90,53.3,In Progress,Intermediate,33.33333333,0,Aug
L004428,U058,15-02-2025,Data Analytics,Certification,4.4,45.3,74.7,In Progress,Intermediate,10.29545455,0,Feb
L004429,U100,19-03-2025,Communication,Online Course,3.9,92.5,100,Completed,Advanced,23.71794872,1,Mar
L004430,U162,21-07-2025,Cloud,Workshop,4.7,74.4,100,Completed,Beginner,15.82978723,1,Jul
L004431,U058,15-01-2025,ServiceNow,Self Learning,0.6,70.2,100,Completed,Beginner,117,1,Jan
L004432,U152,14-01-2025,SQL,Project,1.4,96.2,100,Completed,Intermediate,68.71428571,1,Jan
L004433,U165,31-12-2025,ServiceNow,Workshop,3.4,70.5,100,Completed,Advanced,20.73529412,1,Dec
L004434,U149,24-01-2025,Data Analytics,Project,2.3,89.7,43.9,In Progress,Beginner,39,0,Jan
L004435,U101,13-10-2025,ServiceNow,Project,1.4,73,76,In Progress,Advanced,52.14285714,0,Oct
L004436,U173,10-11-2025,Cloud,Workshop,3.3,99.7,57.9,In Progress,Advanced,30.21212121,0,Nov
L004437,U187,24-03-2025,Python,Online Course,0.6,66,51.8,In Progress,Advanced,110,0,Mar
L004438,U061,15-04-2025,Machine Learning,Self Learning,5,86.6,2.7,In Progress,Beginner,17.32,0,Apr
L004439,U184,23-09-2025,ServiceNow,Online Course,1.3,47.5,49.3,In Progress,Advanced,36.53846154,0,Sep
L004440,U028,15-05-2025,Machine Learning,Workshop,5.3,80.9,100,Completed,Intermediate,15.26415094,1,May
L004441,U165,26-06-2025,Excel,Self Learning,3.7,50,66.2,Dropped,Intermediate,13.51351351,0,Jun
L004442,U081,27-07-2025,Communication,Certification,6,61,33.4,In Progress,Intermediate,10.16666667,0,Jul
L004443,U156,03-11-2025,Data Analytics,Online Course,1.4,82.4,57.1,In Progress,Intermediate,58.85714286,0,Nov
L004444,U176,28-01-2025,Cloud,Online Course,0,0,0,Not Started,Intermediate,0,0,Jan
L004445,U171,05-07-2025,Java,Workshop,2.4,96.3,39.9,In Progress,Advanced,40.125,0,Jul
L004446,U060,26-02-2025,Power BI,Online Course,3.5,92.7,99.4,In Progress,Intermediate,26.48571429,0,Feb
L004447,U169,09-09-2025,ServiceNow,Project,6,55.5,69.8,In Progress,Intermediate,9.25,0,Sep
L004448,U058,17-04-2025,Data Analytics,Certification,3,87.1,16.6,Dropped,Intermediate,29.03333333,0,Apr
L004449,U135,14-11-2025,Data Analytics,Online Course,4.6,80,100,Completed,Beginner,17.39130435,1,Nov
L004450,U131,13-05-2025,Cloud,Online Course,3.2,42.4,60.9,In Progress,Advanced,13.25,0,May
L004451,U043,28-01-2025,SQL,Certification,0.7,74.9,65.5,In Progress,Advanced,107,0,Jan
L004452,U023,03-05-2025,ServiceNow,Workshop,4.6,65.9,100,Completed,Advanced,14.32608696,1,May
L004453,U115,26-11-2025,Java,Self Learning,3.4,51.3,66.5,In Progress,Advanced,15.08823529,0,Nov
L004454,U087,14-01-2025,Machine Learning,Self Learning,1,70.5,52.1,In Progress,Beginner,70.5,0,Jan
L004455,U087,21-07-2025,Excel,Self Learning,0,0,0,Not Started,Beginner,0,0,Jul
L004456,U155,21-06-2025,Excel,Workshop,3.7,57.3,59.8,In Progress,Beginner,15.48648649,0,Jun
L004457,U012,18-02-2025,Cloud,Online Course,2.1,59.6,3.4,In Progress,Intermediate,28.38095238,0,Feb
L004458,U056,30-08-2025,ServiceNow,Workshop,5.4,89.8,39.6,Dropped,Beginner,16.62962963,0,Aug
L004459,U039,23-06-2025,Excel,Project,2.6,79,70.6,In Progress,Intermediate,30.38461538,0,Jun
L004460,U079,08-03-2025,Data Analytics,Self Learning,0.5,90.7,61.2,In Progress,Advanced,181.4,0,Mar
L004461,U017,11-05-2025,Communication,Self Learning,4.1,77.3,100,Completed,Beginner,18.85365854,1,May
L004462,U179,24-03-2025,SQL,Certification,0.5,76.3,52.4,In Progress,Beginner,152.6,0,Mar
L004463,U103,22-08-2025,Python,Project,0,0,0,Not Started,Advanced,0,0,Aug
L004464,U072,26-11-2025,Communication,Online Course,1.9,59.6,76.1,In Progress,Beginner,31.36842105,0,Nov
L004465,U146,13-02-2025,ServiceNow,Self Learning,5.9,52.2,77.1,In Progress,Advanced,8.847457627,0,Feb
L004466,U184,11-10-2025,SQL,Online Course,5.5,68.3,100,Completed,Beginner,12.41818182,1,Oct
L004467,U119,06-08-2025,Cloud,Project,5.6,74.5,100,Completed,Beginner,13.30357143,1,Aug
L004468,U113,24-04-2025,Java,Self Learning,6,74.3,34.7,Dropped,Advanced,12.38333333,0,Apr
L004469,U133,23-08-2025,Cloud,Workshop,0.9,66.6,100,Completed,Advanced,74,1,Aug
L004470,U132,11-02-2025,Java,Project,1.4,80.6,37,In Progress,Intermediate,57.57142857,0,Feb
L004471,U028,21-07-2025,Java,Project,0.6,80.2,100,Completed,Advanced,133.6666667,1,Jul
L004472,U099,05-08-2025,Machine Learning,Project,3.6,48.6,38.1,In Progress,Beginner,13.5,0,Aug
L004473,U153,24-05-2025,ServiceNow,Project,3.5,77.9,100,Completed,Advanced,22.25714286,1,May
L004474,U002,23-03-2025,Power BI,Workshop,0,0,0,Not Started,Beginner,0,0,Mar
L004475,U121,02-02-2025,Data Analytics,Project,5.3,95.3,100,Completed,Intermediate,17.98113208,1,Feb
L004476,U002,01-01-2025,ServiceNow,Online Course,1.3,67.4,100,Completed,Intermediate,51.84615385,1,Jan
L004477,U119,30-06-2025,Power BI,Online Course,4.1,70.7,100,Completed,Beginner,17.24390244,1,Jun
L004478,U064,18-04-2025,Communication,Self Learning,6,41.2,46.1,Dropped,Advanced,6.866666667,0,Apr
L004479,U148,05-05-2025,Excel,Workshop,0.7,73.2,48.9,In Progress,Beginner,104.5714286,0,May
L004480,U174,18-02-2025,Power BI,Project,5.2,90.4,47,In Progress,Beginner,17.38461538,0,Feb
L004481,U023,13-04-2025,Cloud,Online Course,5.5,40.1,45.5,In Progress,Advanced,7.290909091,0,Apr
L004482,U041,30-01-2025,Machine Learning,Project,0.6,92.9,99,In Progress,Intermediate,154.8333333,0,Jan
L004483,U015,05-01-2025,Python,Certification,2.7,89.6,47.5,In Progress,Beginner,33.18518519,0,Jan
L004484,U173,25-12-2025,Python,Certification,1.9,81.7,100,Completed,Beginner,43,1,Dec
L004485,U180,12-12-2025,Java,Online Course,3.8,88.2,81,In Progress,Beginner,23.21052632,0,Dec
L004486,U075,01-06-2025,ServiceNow,Online Course,2.6,76.7,100,Completed,Beginner,29.5,1,Jun
L004487,U056,28-06-2025,Cloud,Online Course,0.9,64.2,40.7,In Progress,Intermediate,71.33333333,0,Jun
L004488,U021,06-03-2025,Machine Learning,Workshop,4.9,80.3,75.6,In Progress,Beginner,16.3877551,0,Mar
L004489,U049,29-03-2025,Python,Self Learning,4.5,77.6,100,Completed,Intermediate,17.24444444,1,Mar
L004490,U143,09-07-2025,SQL,Workshop,4.4,74.2,66.4,In Progress,Advanced,16.86363636,0,Jul
L004491,U076,17-03-2025,Python,Workshop,5.6,93.4,100,Completed,Beginner,16.67857143,1,Mar
L004492,U197,30-08-2025,ServiceNow,Self Learning,0,0,0,Not Started,Advanced,0,0,Aug
L004493,U060,09-05-2025,Data Analytics,Project,1.6,87.2,5.1,In Progress,Advanced,54.5,0,May
L004494,U035,01-08-2025,Python,Self Learning,5.1,66.5,100,Completed,Intermediate,13.03921569,1,Aug
L004495,U096,09-11-2025,Machine Learning,Project,0.6,40.6,36.6,Dropped,Intermediate,67.66666667,0,Nov
L004496,U125,21-12-2025,Communication,Self Learning,5.9,40.5,48.8,Dropped,Intermediate,6.86440678,0,Dec
L004497,U036,22-03-2025,Power BI,Self Learning,0.7,69.1,100,Completed,Beginner,98.71428571,1,Mar
L004498,U021,11-08-2025,ServiceNow,Self Learning,4.6,75.3,97.2,In Progress,Advanced,16.36956522,0,Aug
L004499,U111,23-08-2025,ServiceNow,Online Course,4.4,88.8,100,Completed,Beginner,20.18181818,1,Aug
L004500,U030,28-10-2025,ServiceNow,Project,1.4,96.4,47.2,In Progress,Advanced,68.85714286,0,Oct
L004501,U012,02-01-2025,Power BI,Online Course,3.8,89.8,100,Completed,Advanced,23.63157895,1,Jan
L004502,U149,02-11-2025,Python,Certification,3.1,87.6,100,Completed,Intermediate,28.25806452,1,Nov
L004503,U096,18-08-2025,Machine Learning,Certification,5.6,55.2,18.3,In Progress,Advanced,9.857142857,0,Aug
L004504,U174,10-03-2025,Excel,Workshop,3,68.1,63.1,Dropped,Beginner,22.7,0,Mar
L004505,U097,16-09-2025,Communication,Online Course,0.8,43.7,20.2,Dropped,Intermediate,54.625,0,Sep
L004506,U088,26-02-2025,Python,Certification,4.1,75.1,28.4,In Progress,Beginner,18.31707317,0,Feb
L004507,U199,25-06-2025,Java,Certification,0,0,0,Not Started,Beginner,0,0,Jun
L004508,U030,03-06-2025,Power BI,Project,2.7,65.7,100,Completed,Intermediate,24.33333333,1,Jun
L004509,U157,10-12-2025,ServiceNow,Project,3.7,90,100,Completed,Advanced,24.32432432,1,Dec
L004510,U188,26-06-2025,Java,Certification,5.5,51.4,17.3,In Progress,Beginner,9.345454545,0,Jun
L004511,U088,20-11-2025,SQL,Workshop,5.2,68.8,76.2,In Progress,Intermediate,13.23076923,0,Nov
L004512,U008,25-08-2025,Machine Learning,Online Course,0.9,75.4,27.5,Dropped,Beginner,83.77777778,0,Aug
L004513,U182,26-07-2025,Communication,Certification,3.8,99.4,13.2,In Progress,Advanced,26.15789474,0,Jul
L004514,U133,16-07-2025,SQL,Workshop,5.7,49,16.2,In Progress,Intermediate,8.596491228,0,Jul
L004515,U007,23-07-2025,Excel,Certification,4.4,81,64,In Progress,Advanced,18.40909091,0,Jul
L004516,U112,09-04-2025,Machine Learning,Self Learning,3,71.5,70.9,In Progress,Beginner,23.83333333,0,Apr
L004517,U103,30-12-2025,Communication,Project,3.9,80,3.2,In Progress,Beginner,20.51282051,0,Dec
L004518,U001,01-03-2025,Cloud,Certification,3,84.3,26.5,Dropped,Beginner,28.1,0,Mar
L004519,U039,17-06-2025,Excel,Workshop,0.9,67.2,100,Completed,Advanced,74.66666667,1,Jun
L004520,U154,06-02-2025,Machine Learning,Self Learning,5,71.2,100,Completed,Intermediate,14.24,1,Feb
L004521,U179,07-05-2025,Python,Certification,3.9,85.1,100,Completed,Advanced,21.82051282,1,May
L004522,U139,24-08-2025,Data Analytics,Certification,0,0,0,Not Started,Beginner,0,0,Aug
L004523,U175,09-08-2025,Python,Online Course,1.8,98.3,100,Completed,Intermediate,54.61111111,1,Aug
L004524,U149,24-01-2025,ServiceNow,Certification,4.8,84.3,39.2,In Progress,Beginner,17.5625,0,Jan
L004525,U035,03-08-2025,Excel,Workshop,2.9,70.7,100,Completed,Intermediate,24.37931034,1,Aug
L004526,U145,16-04-2025,SQL,Online Course,1.5,58.1,22.6,In Progress,Advanced,38.73333333,0,Apr
L004527,U178,09-05-2025,Machine Learning,Self Learning,3.3,75.2,100,Completed,Intermediate,22.78787879,1,May
L004528,U002,06-01-2025,Data Analytics,Self Learning,1.9,69.7,99.5,In Progress,Advanced,36.68421053,0,Jan
L004529,U127,24-05-2025,Cloud,Online Course,2.9,76.1,78.9,In Progress,Intermediate,26.24137931,0,May
L004530,U040,05-08-2025,Data Analytics,Workshop,4.4,99.5,100,Completed,Beginner,22.61363636,1,Aug
L004531,U111,05-08-2025,Data Analytics,Workshop,1.1,55.9,22.8,In Progress,Beginner,50.81818182,0,Aug
L004532,U119,18-09-2025,ServiceNow,Certification,4.5,44.5,64.8,In Progress,Advanced,9.888888889,0,Sep
L004533,U155,29-05-2025,Communication,Workshop,5.6,84.9,100,Completed,Beginner,15.16071429,1,May
L004534,U052,11-02-2025,Excel,Online Course,4.9,93.7,100,Completed,Intermediate,19.12244898,1,Feb
L004535,U105,24-04-2025,Machine Learning,Project,2.2,66.7,1.6,In Progress,Advanced,30.31818182,0,Apr
L004536,U042,02-08-2025,Java,Project,5.5,78.5,37,Dropped,Advanced,14.27272727,0,Aug
L004537,U141,17-07-2025,Cloud,Self Learning,5,79.3,10.4,In Progress,Beginner,15.86,0,Jul
L004538,U172,22-07-2025,Communication,Self Learning,0,0,0,Not Started,Intermediate,0,0,Jul
L004539,U002,30-11-2025,Communication,Self Learning,2.1,75.4,100,Completed,Advanced,35.9047619,1,Nov
L004540,U066,02-08-2025,Communication,Project,5.8,74.1,91,In Progress,Advanced,12.77586207,0,Aug
L004541,U015,16-05-2025,Cloud,Certification,1.9,81.7,0,In Progress,Intermediate,43,0,May
L004542,U133,23-08-2025,Power BI,Workshop,4.2,51.8,10.3,In Progress,Intermediate,12.33333333,0,Aug
L004543,U034,02-11-2025,Cloud,Certification,3.5,57.7,12.7,Dropped,Intermediate,16.48571429,0,Nov
L004544,U076,05-05-2025,ServiceNow,Project,1.4,56.2,4.1,In Progress,Intermediate,40.14285714,0,May
L004545,U005,06-09-2025,Java,Certification,4,58.6,66.6,Dropped,Beginner,14.65,0,Sep
L004546,U130,25-01-2025,Java,Project,3.5,98.8,100,Completed,Beginner,28.22857143,1,Jan
L004547,U007,13-08-2025,Machine Learning,Project,5.7,94,37.5,Dropped,Beginner,16.49122807,0,Aug
L004548,U046,30-11-2025,Power BI,Workshop,0,0,0,Not Started,Advanced,0,0,Nov
L004549,U056,30-11-2025,ServiceNow,Project,4.5,67.4,100,Completed,Advanced,14.97777778,1,Nov
L004550,U060,17-12-2025,Java,Certification,3.2,60.6,99.1,In Progress,Intermediate,18.9375,0,Dec
L004551,U079,24-11-2025,Excel,Workshop,1.9,69.5,100,Completed,Intermediate,36.57894737,1,Nov
L004552,U057,02-09-2025,Python,Project,2.9,49.2,6.6,In Progress,Beginner,16.96551724,0,Sep
L004553,U099,02-01-2025,SQL,Certification,6,98.7,100,Completed,Beginner,16.45,1,Jan
L004554,U083,06-06-2025,Excel,Project,4.9,92.6,100,Completed,Intermediate,18.89795918,1,Jun
L004555,U180,18-12-2025,Excel,Certification,3.6,86.2,100,Completed,Advanced,23.94444444,1,Dec
L004556,U051,09-12-2025,Data Analytics,Self Learning,2.1,53.5,49.7,In Progress,Intermediate,25.47619048,0,Dec
L004557,U094,02-12-2025,Data Analytics,Project,0,0,0,Not Started,Beginner,0,0,Dec
L004558,U191,17-12-2025,Communication,Workshop,2.7,90.7,85,In Progress,Beginner,33.59259259,0,Dec
L004559,U123,21-08-2025,Power BI,Online Course,3.9,97.4,100,Completed,Advanced,24.97435897,1,Aug
L004560,U198,02-07-2025,Data Analytics,Project,2.6,80.7,56.4,In Progress,Beginner,31.03846154,0,Jul
L004561,U091,29-06-2025,Excel,Certification,0,0,0,Not Started,Beginner,0,0,Jun
L004562,U138,15-10-2025,Excel,Online Course,3.8,90,14.1,In Progress,Advanced,23.68421053,0,Oct
L004563,U120,18-06-2025,Python,Workshop,1.2,69.7,100,Completed,Advanced,58.08333333,1,Jun
L004564,U053,05-08-2025,Machine Learning,Workshop,3,42.4,68.2,In Progress,Intermediate,14.13333333,0,Aug
L004565,U173,08-03-2025,Communication,Project,5.3,43.9,80.2,In Progress,Beginner,8.283018868,0,Mar
L004566,U126,01-03-2025,Java,Certification,4.6,57,61.5,In Progress,Advanced,12.39130435,0,Mar
L004567,U196,27-02-2025,Power BI,Self Learning,4.1,58.3,11.6,In Progress,Intermediate,14.2195122,0,Feb
L004568,U060,18-11-2025,Excel,Online Course,4,62.6,1.3,In Progress,Beginner,15.65,0,Nov
L004569,U193,22-01-2025,Communication,Project,5.4,95.9,100,Completed,Intermediate,17.75925926,1,Jan
L004570,U090,18-08-2025,Data Analytics,Certification,4.5,68.9,100,Completed,Intermediate,15.31111111,1,Aug
L004571,U134,14-08-2025,Cloud,Online Course,2.1,74.5,13.2,Dropped,Beginner,35.47619048,0,Aug
L004572,U052,28-07-2025,ServiceNow,Self Learning,4.3,66,100,Completed,Intermediate,15.34883721,1,Jul
L004573,U077,14-10-2025,Communication,Project,2.8,75.5,52.6,In Progress,Intermediate,26.96428571,0,Oct
L004574,U194,25-03-2025,SQL,Self Learning,0.6,80.1,50.1,In Progress,Beginner,133.5,0,Mar
L004575,U005,07-07-2025,Excel,Online Course,5,40.3,41.5,Dropped,Beginner,8.06,0,Jul
L004576,U140,25-01-2025,Communication,Online Course,2.3,96.6,64.2,In Progress,Advanced,42,0,Jan
L004577,U101,19-08-2025,Cloud,Online Course,0,0,0,Not Started,Advanced,0,0,Aug
L004578,U092,16-10-2025,Machine Learning,Workshop,3.1,60.5,69.6,In Progress,Intermediate,19.51612903,0,Oct
L004579,U056,29-11-2025,Cloud,Certification,4.3,42.3,57.9,Dropped,Advanced,9.837209302,0,Nov
L004580,U005,01-02-2025,Machine Learning,Self Learning,0.9,99.6,36,Dropped,Beginner,110.6666667,0,Feb
L004581,U143,06-10-2025,Excel,Project,2.1,81.5,34.1,In Progress,Beginner,38.80952381,0,Oct
L004582,U173,13-03-2025,Communication,Project,3,67.4,17.9,In Progress,Beginner,22.46666667,0,Mar
L004583,U161,14-03-2025,Python,Self Learning,2,56.5,69.5,In Progress,Intermediate,28.25,0,Mar
L004584,U196,13-09-2025,SQL,Workshop,5.3,53.7,1.1,In Progress,Intermediate,10.13207547,0,Sep
L004585,U019,06-06-2025,Python,Project,2.6,89.6,100,Completed,Intermediate,34.46153846,1,Jun
L004586,U024,07-08-2025,Machine Learning,Self Learning,0,0,0,Not Started,Intermediate,0,0,Aug
L004587,U141,13-12-2025,Data Analytics,Workshop,6,55.4,33.2,In Progress,Advanced,9.233333333,0,Dec
L004588,U087,09-09-2025,Machine Learning,Project,0,0,0,Not Started,Beginner,0,0,Sep
L004589,U059,13-07-2025,ServiceNow,Certification,2.5,52.4,61.8,Dropped,Advanced,20.96,0,Jul
L004590,U094,23-10-2025,Python,Certification,4.6,50,76.1,In Progress,Intermediate,10.86956522,0,Oct
L004591,U008,21-02-2025,Machine Learning,Workshop,1.6,69.7,100,Completed,Intermediate,43.5625,1,Feb
L004592,U015,25-04-2025,Data Analytics,Self Learning,1.1,63.8,17.4,In Progress,Advanced,58,0,Apr
L004593,U138,20-12-2025,Power BI,Project,4.3,87.2,17.9,In Progress,Intermediate,20.27906977,0,Dec
L004594,U189,14-08-2025,Cloud,Project,1.7,83.7,100,Completed,Intermediate,49.23529412,1,Aug
L004595,U176,07-04-2025,ServiceNow,Workshop,1.3,76.6,100,Completed,Beginner,58.92307692,1,Apr
L004596,U126,23-11-2025,Python,Online Course,0,0,0,Not Started,Intermediate,0,0,Nov
L004597,U003,10-05-2025,Data Analytics,Self Learning,1.4,71.8,48.5,In Progress,Intermediate,51.28571429,0,May
L004598,U148,30-08-2025,Java,Certification,1.8,75.9,17,Dropped,Intermediate,42.16666667,0,Aug
L004599,U049,29-11-2025,Cloud,Workshop,2.8,78.2,100,Completed,Advanced,27.92857143,1,Nov
L004600,U182,22-05-2025,Data Analytics,Online Course,5.1,63.5,38.5,Dropped,Beginner,12.45098039,0,May
L004601,U082,15-08-2025,Cloud,Certification,2.8,82.9,69.7,In Progress,Intermediate,29.60714286,0,Aug
L004602,U098,31-08-2025,SQL,Online Course,0,0,0,Not Started,Intermediate,0,0,Aug
L004603,U057,30-10-2025,Data Analytics,Self Learning,3.9,69.3,100,Completed,Intermediate,17.76923077,1,Oct
L004604,U162,08-09-2025,SQL,Project,1.6,91.5,100,Completed,Beginner,57.1875,1,Sep
L004605,U175,06-01-2025,Communication,Online Course,3,49,31.1,In Progress,Intermediate,16.33333333,0,Jan
L004606,U103,11-04-2025,Data Analytics,Project,1,86.4,100,Completed,Beginner,86.4,1,Apr
L004607,U112,24-10-2025,SQL,Online Course,5.1,40.4,15.7,In Progress,Intermediate,7.921568627,0,Oct
L004608,U109,15-01-2025,ServiceNow,Workshop,1.4,81.4,100,Completed,Advanced,58.14285714,1,Jan
L004609,U174,19-04-2025,ServiceNow,Online Course,5.9,87.5,100,Completed,Intermediate,14.83050847,1,Apr
L004610,U077,28-11-2025,Excel,Certification,3.8,88.2,100,Completed,Beginner,23.21052632,1,Nov
L004611,U077,16-10-2025,Cloud,Workshop,1.4,95.6,15.6,In Progress,Advanced,68.28571429,0,Oct
L004612,U074,09-02-2025,Cloud,Project,0.9,92.1,100,Completed,Intermediate,102.3333333,1,Feb
L004613,U198,21-03-2025,SQL,Certification,0,0,0,Not Started,Intermediate,0,0,Mar
L004614,U091,04-11-2025,Python,Self Learning,1.4,54.6,87.9,In Progress,Intermediate,39,0,Nov
L004615,U086,17-04-2025,Excel,Certification,2.5,83.8,100,Completed,Intermediate,33.52,1,Apr
L004616,U186,04-10-2025,Communication,Self Learning,1.3,65.7,75.7,In Progress,Intermediate,50.53846154,0,Oct
L004617,U159,17-11-2025,Excel,Self Learning,1.2,56.2,31.5,In Progress,Advanced,46.83333333,0,Nov
L004618,U097,11-04-2025,Communication,Workshop,2.4,90.4,100,Completed,Beginner,37.66666667,1,Apr
L004619,U110,17-09-2025,Excel,Self Learning,2.4,56.3,26.2,Dropped,Intermediate,23.45833333,0,Sep
L004620,U088,21-11-2025,Python,Workshop,4.7,44.9,1.5,In Progress,Beginner,9.553191489,0,Nov
L004621,U064,02-01-2025,ServiceNow,Project,0,0,0,Not Started,Advanced,0,0,Jan
L004622,U130,14-02-2025,Machine Learning,Online Course,3.2,76.9,71.2,In Progress,Beginner,24.03125,0,Feb
L004623,U128,06-05-2025,Communication,Online Course,2.6,72.7,100,Completed,Beginner,27.96153846,1,May
L004624,U072,01-05-2025,Communication,Online Course,1.2,82.9,100,Completed,Advanced,69.08333333,1,May
L004625,U110,26-06-2025,Machine Learning,Certification,2.6,49,57.2,In Progress,Advanced,18.84615385,0,Jun
L004626,U010,20-01-2025,SQL,Online Course,3.9,97.2,49,In Progress,Advanced,24.92307692,0,Jan
L004627,U040,01-03-2025,Java,Project,1,46.9,47.1,In Progress,Beginner,46.9,0,Mar
L004628,U016,24-10-2025,Python,Online Course,1.4,84.5,87.7,In Progress,Intermediate,60.35714286,0,Oct
L004629,U086,18-05-2025,Cloud,Workshop,2.7,70.8,100,Completed,Beginner,26.22222222,1,May
L004630,U047,28-08-2025,Cloud,Certification,1.7,47.5,20.1,In Progress,Intermediate,27.94117647,0,Aug
L004631,U039,23-03-2025,Machine Learning,Workshop,4.9,90.4,100,Completed,Intermediate,18.44897959,1,Mar
L004632,U009,26-03-2025,Python,Workshop,1.7,87.7,100,Completed,Intermediate,51.58823529,1,Mar
L004633,U174,04-06-2025,Data Analytics,Self Learning,1.9,84.9,100,Completed,Advanced,44.68421053,1,Jun
L004634,U042,20-10-2025,Excel,Project,1.5,95.1,100,Completed,Intermediate,63.4,1,Oct
L004635,U104,02-05-2025,Excel,Certification,0.6,73.9,96.1,In Progress,Intermediate,123.1666667,0,May
L004636,U121,10-09-2025,ServiceNow,Self Learning,1,45,86.5,In Progress,Intermediate,45,0,Sep
L004637,U031,04-10-2025,Excel,Self Learning,0.5,73.7,76.4,In Progress,Intermediate,147.4,0,Oct
L004638,U131,26-03-2025,SQL,Certification,4.9,94.9,24.9,In Progress,Intermediate,19.36734694,0,Mar
L004639,U014,14-03-2025,Data Analytics,Certification,1.1,94.9,100,Completed,Advanced,86.27272727,1,Mar
L004640,U156,17-12-2025,Python,Self Learning,4,98,100,Completed,Intermediate,24.5,1,Dec
L004641,U074,04-01-2025,Excel,Self Learning,2,99.3,85.4,In Progress,Intermediate,49.65,0,Jan
L004642,U179,09-11-2025,ServiceNow,Self Learning,3.7,60.4,72.3,In Progress,Advanced,16.32432432,0,Nov
L004643,U033,06-09-2025,Excel,Certification,4.8,69.5,7.3,In Progress,Advanced,14.47916667,0,Sep
L004644,U026,05-07-2025,Power BI,Self Learning,1.8,46.2,99.9,In Progress,Beginner,25.66666667,0,Jul
L004645,U153,11-05-2025,Python,Project,2.3,45.6,73.7,In Progress,Advanced,19.82608696,0,May
L004646,U036,28-12-2025,Java,Certification,2.9,48.8,54.7,Dropped,Advanced,16.82758621,0,Dec
L004647,U128,08-12-2025,ServiceNow,Online Course,3.1,62.9,33.9,In Progress,Advanced,20.29032258,0,Dec
L004648,U159,29-04-2025,Machine Learning,Project,2.8,70.8,100,Completed,Intermediate,25.28571429,1,Apr
L004649,U154,23-06-2025,Cloud,Workshop,0,0,0,Not Started,Beginner,0,0,Jun
L004650,U129,19-03-2025,Machine Learning,Workshop,4.1,74.5,100,Completed,Beginner,18.17073171,1,Mar
L004651,U161,19-04-2025,Power BI,Certification,3.9,94.3,22.5,In Progress,Beginner,24.17948718,0,Apr
L004652,U126,24-11-2025,Cloud,Project,0,0,0,Not Started,Beginner,0,0,Nov
L004653,U012,19-08-2025,Power BI,Workshop,5.6,80.5,42.7,In Progress,Intermediate,14.375,0,Aug
L004654,U104,24-08-2025,Java,Project,5.2,92,100,Completed,Advanced,17.69230769,1,Aug
L004655,U191,25-07-2025,Data Analytics,Online Course,3.9,54.3,38.3,In Progress,Beginner,13.92307692,0,Jul
L004656,U056,15-08-2025,Communication,Certification,2.6,68.4,64.1,In Progress,Intermediate,26.30769231,0,Aug
L004657,U187,23-11-2025,Communication,Self Learning,0,0,0,Not Started,Beginner,0,0,Nov
L004658,U157,26-08-2025,Communication,Self Learning,1.1,51.8,88.7,In Progress,Intermediate,47.09090909,0,Aug
L004659,U072,05-08-2025,Communication,Certification,0,0,0,Not Started,Advanced,0,0,Aug
L004660,U171,09-08-2025,Power BI,Certification,4.7,45.6,88.4,In Progress,Advanced,9.70212766,0,Aug
L004661,U193,16-03-2025,Communication,Self Learning,0.6,57.1,49.6,In Progress,Intermediate,95.16666667,0,Mar
L004662,U028,09-05-2025,Power BI,Self Learning,2.5,56.1,14.1,In Progress,Beginner,22.44,0,May
L004663,U020,25-11-2025,Power BI,Self Learning,1.4,77.6,16.4,In Progress,Advanced,55.42857143,0,Nov
L004664,U051,21-10-2025,SQL,Certification,4.3,82.9,57.1,In Progress,Intermediate,19.27906977,0,Oct
L004665,U035,19-08-2025,Cloud,Self Learning,0,0,0,Not Started,Advanced,0,0,Aug
L004666,U183,11-12-2025,ServiceNow,Workshop,5.3,65.7,100,Completed,Beginner,12.39622642,1,Dec
L004667,U092,24-03-2025,Cloud,Certification,0,0,0,Not Started,Advanced,0,0,Mar
L004668,U108,20-02-2025,Excel,Workshop,4.3,56.6,15.3,In Progress,Intermediate,13.1627907,0,Feb
L004669,U031,20-01-2025,Data Analytics,Self Learning,5.8,92.4,38.1,In Progress,Advanced,15.93103448,0,Jan
L004670,U023,19-05-2025,Data Analytics,Workshop,3.7,77.9,93.9,In Progress,Advanced,21.05405405,0,May
L004671,U145,09-01-2025,Power BI,Self Learning,0,0,0,Not Started,Advanced,0,0,Jan
L004672,U014,08-04-2025,Communication,Self Learning,6,86.8,100,Completed,Beginner,14.46666667,1,Apr
L004673,U056,19-03-2025,Cloud,Project,0,0,0,Not Started,Advanced,0,0,Mar
L004674,U098,17-12-2025,Communication,Online Course,1.5,95.6,100,Completed,Beginner,63.73333333,1,Dec
L004675,U131,21-12-2025,Power BI,Self Learning,1.6,66,63.1,In Progress,Advanced,41.25,0,Dec
L004676,U006,29-05-2025,Machine Learning,Workshop,4.5,80.2,46.1,In Progress,Advanced,17.82222222,0,May
L004677,U036,07-07-2025,ServiceNow,Certification,1.1,84.9,26,In Progress,Intermediate,77.18181818,0,Jul
L004678,U024,16-05-2025,SQL,Workshop,3.1,42.9,52.5,In Progress,Advanced,13.83870968,0,May
L004679,U091,03-09-2025,Python,Online Course,2.2,56,73.8,In Progress,Intermediate,25.45454545,0,Sep
L004680,U091,02-10-2025,Excel,Certification,3.1,51.1,19.4,In Progress,Intermediate,16.48387097,0,Oct
L004681,U192,19-07-2025,Java,Certification,3.1,86.2,100,Completed,Beginner,27.80645161,1,Jul
L004682,U031,04-02-2025,Power BI,Workshop,5.4,97.1,100,Completed,Intermediate,17.98148148,1,Feb
L004683,U001,20-03-2025,Power BI,Online Course,0,0,0,Not Started,Intermediate,0,0,Mar
L004684,U080,09-12-2025,SQL,Project,3.6,88.4,4.1,In Progress,Advanced,24.55555556,0,Dec
L004685,U166,03-02-2025,SQL,Project,4.4,44.3,28.6,In Progress,Intermediate,10.06818182,0,Feb
L004686,U136,20-08-2025,Excel,Self Learning,4.5,96.9,33.7,In Progress,Intermediate,21.53333333,0,Aug
L004687,U107,15-04-2025,ServiceNow,Certification,5.5,60.4,21.3,In Progress,Advanced,10.98181818,0,Apr
L004688,U111,09-02-2025,Java,Online Course,0.6,91,72.6,In Progress,Beginner,151.6666667,0,Feb
L004689,U127,05-03-2025,Machine Learning,Self Learning,1.6,58.4,27.9,In Progress,Advanced,36.5,0,Mar
L004690,U027,10-05-2025,Communication,Self Learning,2.8,85.4,100,Completed,Beginner,30.5,1,May
L004691,U181,07-06-2025,Java,Online Course,3.6,87.7,44.1,In Progress,Beginner,24.36111111,0,Jun
L004692,U096,03-06-2025,Cloud,Workshop,0.6,42.5,60.1,In Progress,Advanced,70.83333333,0,Jun
L004693,U085,05-07-2025,SQL,Workshop,1.6,49.5,39.5,In Progress,Advanced,30.9375,0,Jul
L004694,U120,15-05-2025,Cloud,Certification,3.3,74.8,69.2,Dropped,Beginner,22.66666667,0,May
L004695,U057,14-12-2025,Power BI,Workshop,2.7,92,100,Completed,Intermediate,34.07407407,1,Dec
L004696,U130,23-05-2025,Cloud,Online Course,0.8,68.2,100,Completed,Advanced,85.25,1,May
L004697,U192,21-09-2025,Excel,Certification,0,0,0,Not Started,Beginner,0,0,Sep
L004698,U085,06-07-2025,Excel,Certification,2.5,86.2,63.2,Dropped,Intermediate,34.48,0,Jul
L004699,U080,15-10-2025,Machine Learning,Project,1.3,81.6,52.3,Dropped,Beginner,62.76923077,0,Oct
L004700,U185,30-01-2025,Power BI,Self Learning,3.9,87.9,100,Completed,Beginner,22.53846154,1,Jan
L004701,U102,12-01-2025,Java,Project,2,94.2,8.2,In Progress,Intermediate,47.1,0,Jan
L004702,U151,14-07-2025,SQL,Self Learning,1.8,91.4,30,Dropped,Beginner,50.77777778,0,Jul
L004703,U044,28-02-2025,SQL,Certification,0.9,57.3,60.5,In Progress,Beginner,63.66666667,0,Feb
L004704,U123,12-04-2025,Cloud,Self Learning,1.7,61.1,34,In Progress,Advanced,35.94117647,0,Apr
L004705,U137,27-07-2025,Excel,Self Learning,4.8,88.8,100,Completed,Intermediate,18.5,1,Jul
L004706,U031,24-02-2025,Excel,Online Course,5.8,98.4,30,Dropped,Intermediate,16.96551724,0,Feb
L004707,U126,02-10-2025,Machine Learning,Online Course,0.6,82.7,40.6,Dropped,Beginner,137.8333333,0,Oct
L004708,U087,08-04-2025,ServiceNow,Workshop,3.6,78.9,100,Completed,Intermediate,21.91666667,1,Apr
L004709,U074,16-08-2025,Java,Online Course,4.7,83.2,100,Completed,Intermediate,17.70212766,1,Aug
L004710,U049,05-05-2025,Excel,Online Course,0.6,94.7,100,Completed,Advanced,157.8333333,1,May
L004711,U072,07-01-2025,Communication,Certification,4.7,76.9,100,Completed,Intermediate,16.36170213,1,Jan
L004712,U179,22-03-2025,Cloud,Project,3.9,68.9,100,Completed,Intermediate,17.66666667,1,Mar
L004713,U013,10-11-2025,Java,Certification,5,92.2,12.8,Dropped,Advanced,18.44,0,Nov
L004714,U172,31-10-2025,Data Analytics,Online Course,0,0,0,Not Started,Advanced,0,0,Oct
L004715,U155,13-06-2025,Data Analytics,Certification,4,94.5,69.1,In Progress,Beginner,23.625,0,Jun
L004716,U120,22-10-2025,ServiceNow,Project,3.8,49.1,77.2,In Progress,Beginner,12.92105263,0,Oct
L004717,U087,03-01-2025,Java,Online Course,2.9,96.7,74.5,In Progress,Advanced,33.34482759,0,Jan
L004718,U049,17-01-2025,Java,Workshop,4.2,74.6,14.4,Dropped,Intermediate,17.76190476,0,Jan
L004719,U181,17-07-2025,ServiceNow,Certification,4.8,54.7,87.8,In Progress,Intermediate,11.39583333,0,Jul
L004720,U189,21-03-2025,Communication,Online Course,3.6,62.5,17.5,In Progress,Intermediate,17.36111111,0,Mar
L004721,U168,12-04-2025,SQL,Project,3.1,84.3,100,Completed,Intermediate,27.19354839,1,Apr
L004722,U090,25-10-2025,Python,Project,2,78.5,78.6,In Progress,Beginner,39.25,0,Oct
L004723,U197,05-05-2025,Python,Workshop,3.7,69.8,67.6,Dropped,Advanced,18.86486486,0,May
L004724,U112,07-03-2025,Data Analytics,Certification,5.3,98.4,84.9,In Progress,Advanced,18.56603774,0,Mar
L004725,U036,18-10-2025,Python,Project,1.2,72.2,100,Completed,Beginner,60.16666667,1,Oct
L004726,U037,19-02-2025,SQL,Self Learning,1.2,78,100,Completed,Intermediate,65,1,Feb
L004727,U033,14-11-2025,Power BI,Certification,5.5,93.6,100,Completed,Intermediate,17.01818182,1,Nov
L004728,U091,05-11-2025,Communication,Self Learning,5.2,76.3,100,Completed,Intermediate,14.67307692,1,Nov
L004729,U181,05-01-2025,Cloud,Workshop,1.4,97.4,79.5,In Progress,Advanced,69.57142857,0,Jan
L004730,U075,02-02-2025,Cloud,Project,5,71.1,100,Completed,Intermediate,14.22,1,Feb
L004731,U178,08-01-2025,Communication,Project,2,85.3,100,Completed,Advanced,42.65,1,Jan
L004732,U103,11-10-2025,Data Analytics,Workshop,0.9,67.7,100,Completed,Advanced,75.22222222,1,Oct
L004733,U181,29-12-2025,Power BI,Certification,5.5,75,100,Completed,Beginner,13.63636364,1,Dec
L004734,U053,24-09-2025,Python,Workshop,1,83.2,26.7,In Progress,Advanced,83.2,0,Sep
L004735,U091,03-07-2025,ServiceNow,Certification,1.4,91.2,100,Completed,Intermediate,65.14285714,1,Jul
L004736,U158,19-11-2025,ServiceNow,Certification,4.3,62.6,47.8,Dropped,Advanced,14.55813953,0,Nov
L004737,U018,12-10-2025,Python,Online Course,5.2,75.4,100,Completed,Beginner,14.5,1,Oct
L004738,U123,13-03-2025,Communication,Project,0,0,0,Not Started,Advanced,0,0,Mar
L004739,U193,19-11-2025,Java,Online Course,3.3,82,100,Completed,Beginner,24.84848485,1,Nov
L004740,U019,07-08-2025,Power BI,Certification,0,0,0,Not Started,Intermediate,0,0,Aug
L004741,U079,18-01-2025,Data Analytics,Certification,0,0,0,Not Started,Intermediate,0,0,Jan
L004742,U035,19-09-2025,Cloud,Online Course,1.2,84.1,100,Completed,Intermediate,70.08333333,1,Sep
L004743,U192,12-09-2025,Power BI,Project,3,78.1,75.9,In Progress,Intermediate,26.03333333,0,Sep
L004744,U053,01-06-2025,Power BI,Workshop,1.7,91.9,33.8,Dropped,Advanced,54.05882353,0,Jun
L004745,U175,07-02-2025,Python,Online Course,0,0,0,Not Started,Advanced,0,0,Feb
L004746,U183,06-03-2025,Cloud,Online Course,1.1,78.2,100,Completed,Intermediate,71.09090909,1,Mar
L004747,U157,16-02-2025,Power BI,Workshop,0.6,92.4,100,Completed,Intermediate,154,1,Feb
L004748,U052,16-06-2025,Python,Project,4.6,92.4,100,Completed,Advanced,20.08695652,1,Jun
L004749,U014,24-07-2025,ServiceNow,Online Course,0.6,66,100,Completed,Intermediate,110,1,Jul
L004750,U034,20-01-2025,Power BI,Online Course,2.6,53.8,62.7,In Progress,Advanced,20.69230769,0,Jan
L004751,U119,01-11-2025,Cloud,Certification,3.3,89.9,100,Completed,Advanced,27.24242424,1,Nov
L004752,U055,22-12-2025,Python,Online Course,2,61.5,35.3,In Progress,Advanced,30.75,0,Dec
L004753,U110,22-05-2025,Excel,Self Learning,0.6,82.2,67.3,In Progress,Advanced,137,0,May
L004754,U095,18-04-2025,Excel,Project,5.2,53.4,66.6,In Progress,Intermediate,10.26923077,0,Apr
L004755,U075,07-03-2025,SQL,Workshop,5.3,54.9,58.1,Dropped,Advanced,10.35849057,0,Mar
L004756,U074,24-09-2025,Python,Online Course,1.7,68.6,100,Completed,Beginner,40.35294118,1,Sep
L004757,U040,21-12-2025,Java,Certification,3.5,83.3,35.9,Dropped,Advanced,23.8,0,Dec
L004758,U070,02-08-2025,Data Analytics,Self Learning,5.3,71.1,39.8,In Progress,Intermediate,13.41509434,0,Aug
L004759,U032,02-04-2025,Python,Online Course,4.9,60,10.4,In Progress,Advanced,12.24489796,0,Apr
L004760,U081,08-12-2025,ServiceNow,Project,5.3,65.3,8.6,In Progress,Advanced,12.32075472,0,Dec
L004761,U168,09-05-2025,Machine Learning,Workshop,3.4,85.7,100,Completed,Beginner,25.20588235,1,May
L004762,U038,03-04-2025,Power BI,Self Learning,0.7,76.6,81.4,In Progress,Advanced,109.4285714,0,Apr
L004763,U021,21-03-2025,Communication,Online Course,2,66,65.7,In Progress,Advanced,33,0,Mar
L004764,U193,09-06-2025,Communication,Workshop,1.6,81.2,100,Completed,Advanced,50.75,1,Jun
L004765,U147,11-10-2025,Cloud,Project,0,0,0,Not Started,Beginner,0,0,Oct
L004766,U056,27-10-2025,Communication,Certification,0.8,73.2,53.1,In Progress,Intermediate,91.5,0,Oct
L004767,U090,23-07-2025,Python,Certification,2.2,75.1,75.5,In Progress,Intermediate,34.13636364,0,Jul
L004768,U011,07-09-2025,SQL,Project,5.6,87.5,100,Completed,Advanced,15.625,1,Sep
L004769,U049,13-05-2025,Power BI,Certification,0.5,43.5,35.6,In Progress,Advanced,87,0,May
L004770,U018,13-06-2025,Java,Certification,5.4,67.5,95,In Progress,Beginner,12.5,0,Jun
L004771,U068,06-04-2025,Power BI,Project,0,0,0,Not Started,Beginner,0,0,Apr
L004772,U125,15-06-2025,Communication,Certification,3.1,94,100,Completed,Intermediate,30.32258065,1,Jun
L004773,U082,24-05-2025,Machine Learning,Self Learning,0,0,0,Not Started,Intermediate,0,0,May
L004774,U020,08-01-2025,Python,Project,4.7,84.7,51.6,Dropped,Advanced,18.0212766,0,Jan
L004775,U003,14-11-2025,Cloud,Workshop,2.8,66.5,100,Completed,Intermediate,23.75,1,Nov
L004776,U049,08-01-2025,Cloud,Self Learning,1.9,49.1,54,In Progress,Beginner,25.84210526,0,Jan
L004777,U099,02-08-2025,SQL,Online Course,4.4,46.6,22.7,Dropped,Beginner,10.59090909,0,Aug
L004778,U091,19-04-2025,Communication,Self Learning,2.6,92,100,Completed,Intermediate,35.38461538,1,Apr
L004779,U153,02-08-2025,Power BI,Project,4.4,47.5,55.6,In Progress,Intermediate,10.79545455,0,Aug
L004780,U157,07-08-2025,SQL,Workshop,5.7,60.6,18.9,In Progress,Beginner,10.63157895,0,Aug
L004781,U143,26-06-2025,Java,Self Learning,1,84.1,90.9,In Progress,Intermediate,84.1,0,Jun
L004782,U143,31-08-2025,Java,Self Learning,2.4,44.4,40.5,In Progress,Beginner,18.5,0,Aug
L004783,U167,09-10-2025,Power BI,Online Course,2.7,69,34.7,Dropped,Beginner,25.55555556,0,Oct
L004784,U178,19-06-2025,ServiceNow,Online Course,5.1,89.8,100,Completed,Intermediate,17.60784314,1,Jun
L004785,U099,19-11-2025,Excel,Certification,2.3,99.9,100,Completed,Advanced,43.43478261,1,Nov
L004786,U035,13-02-2025,Power BI,Self Learning,1.8,43.2,21,In Progress,Advanced,24,0,Feb
L004787,U164,08-11-2025,Data Analytics,Certification,3.9,79.6,82.9,In Progress,Beginner,20.41025641,0,Nov
L004788,U076,08-05-2025,Data Analytics,Project,5.7,79.1,43.1,Dropped,Intermediate,13.87719298,0,May
L004789,U095,19-05-2025,Data Analytics,Project,5.9,93.4,100,Completed,Intermediate,15.83050847,1,May
L004790,U195,10-10-2025,Communication,Online Course,4.9,95,100,Completed,Intermediate,19.3877551,1,Oct
L004791,U135,16-09-2025,SQL,Project,2.7,80.8,16.5,In Progress,Intermediate,29.92592593,0,Sep
L004792,U161,23-02-2025,Python,Workshop,3.9,57,36.3,Dropped,Advanced,14.61538462,0,Feb
L004793,U113,24-10-2025,Power BI,Workshop,0.9,73.9,100,Completed,Advanced,82.11111111,1,Oct
L004794,U179,18-03-2025,Excel,Self Learning,4.2,95.4,31,Dropped,Advanced,22.71428571,0,Mar
L004795,U199,18-08-2025,Power BI,Certification,1.2,78.9,100,Completed,Advanced,65.75,1,Aug
L004796,U064,31-07-2025,Python,Self Learning,2.8,81.8,38.5,In Progress,Beginner,29.21428571,0,Jul
L004797,U077,27-01-2025,ServiceNow,Workshop,2.9,43.5,81.4,In Progress,Advanced,15,0,Jan
L004798,U059,09-11-2025,Data Analytics,Self Learning,4.3,81.5,6.5,In Progress,Beginner,18.95348837,0,Nov
L004799,U148,19-03-2025,Power BI,Certification,3.5,62.1,81.9,In Progress,Beginner,17.74285714,0,Mar
L004800,U181,24-04-2025,Python,Self Learning,2.3,95.1,28.9,In Progress,Advanced,41.34782609,0,Apr
L004801,U010,21-05-2025,Communication,Project,4.2,50.5,89.1,In Progress,Beginner,12.02380952,0,May
L004802,U067,17-08-2025,Data Analytics,Online Course,5.7,91.5,11.2,In Progress,Intermediate,16.05263158,0,Aug
L004803,U105,19-07-2025,SQL,Online Course,1,89,13.5,In Progress,Advanced,89,0,Jul
L004804,U042,02-08-2025,ServiceNow,Project,5.5,86.1,23.4,In Progress,Intermediate,15.65454545,0,Aug
L004805,U157,09-04-2025,Python,Project,0,0,0,Not Started,Beginner,0,0,Apr
L004806,U123,06-10-2025,SQL,Online Course,1.4,78.2,100,Completed,Advanced,55.85714286,1,Oct
L004807,U006,07-09-2025,SQL,Self Learning,1.3,82.5,100,Completed,Intermediate,63.46153846,1,Sep
L004808,U053,15-02-2025,Communication,Workshop,2.2,53,29.1,In Progress,Beginner,24.09090909,0,Feb
L004809,U127,15-08-2025,Excel,Online Course,0,0,0,Not Started,Advanced,0,0,Aug
L004810,U038,17-07-2025,Power BI,Workshop,2.1,69.1,100,Completed,Beginner,32.9047619,1,Jul
L004811,U143,16-05-2025,Python,Workshop,1.2,55.1,40.1,In Progress,Advanced,45.91666667,0,May
L004812,U001,18-07-2025,Data Analytics,Online Course,5.2,97.4,63.1,In Progress,Advanced,18.73076923,0,Jul
L004813,U059,16-10-2025,ServiceNow,Certification,3.4,51.8,9,In Progress,Beginner,15.23529412,0,Oct
L004814,U140,14-10-2025,Machine Learning,Online Course,2.1,70.1,14.6,In Progress,Advanced,33.38095238,0,Oct
L004815,U110,30-04-2025,Data Analytics,Project,1.1,83.5,76.7,In Progress,Beginner,75.90909091,0,Apr
L004816,U181,25-03-2025,Excel,Project,4.1,60,39.8,In Progress,Advanced,14.63414634,0,Mar
L004817,U012,24-11-2025,ServiceNow,Project,4.5,99.5,79,In Progress,Beginner,22.11111111,0,Nov
L004818,U184,21-05-2025,Cloud,Online Course,3.4,91.7,100,Completed,Advanced,26.97058824,1,May
L004819,U085,04-11-2025,Communication,Workshop,2.8,98.2,30,In Progress,Advanced,35.07142857,0,Nov
L004820,U183,05-08-2025,Excel,Online Course,4.2,66.9,81,In Progress,Intermediate,15.92857143,0,Aug
L004821,U026,21-08-2025,Data Analytics,Self Learning,3.3,89.3,25.4,Dropped,Beginner,27.06060606,0,Aug
L004822,U184,23-04-2025,ServiceNow,Self Learning,0.5,90.9,100,Completed,Advanced,181.8,1,Apr
L004823,U180,27-08-2025,SQL,Self Learning,1.4,94.8,12.6,In Progress,Advanced,67.71428571,0,Aug
L004824,U036,24-05-2025,Cloud,Project,5.7,67.6,96.4,In Progress,Beginner,11.85964912,0,May
L004825,U156,30-03-2025,Cloud,Certification,3.1,67,100,Completed,Advanced,21.61290323,1,Mar
L004826,U028,17-12-2025,SQL,Workshop,3.7,70.5,100,Completed,Intermediate,19.05405405,1,Dec
L004827,U176,02-01-2025,Data Analytics,Certification,5.6,41.1,7.8,In Progress,Intermediate,7.339285714,0,Jan
L004828,U180,25-09-2025,Excel,Certification,4.3,79.3,89.5,In Progress,Advanced,18.44186047,0,Sep
L004829,U075,28-08-2025,SQL,Certification,5.9,92.9,33.1,In Progress,Advanced,15.74576271,0,Aug
L004830,U174,05-07-2025,Cloud,Workshop,3.5,94.8,78.3,In Progress,Advanced,27.08571429,0,Jul
L004831,U133,28-05-2025,Java,Certification,1.8,64.2,63.9,In Progress,Intermediate,35.66666667,0,May
L004832,U090,09-11-2025,Excel,Certification,2.6,73.3,100,Completed,Beginner,28.19230769,1,Nov
L004833,U052,03-06-2025,Excel,Self Learning,3.3,97.3,84.9,In Progress,Intermediate,29.48484848,0,Jun
L004834,U112,30-07-2025,Cloud,Self Learning,3.4,52.6,46.1,In Progress,Advanced,15.47058824,0,Jul
L004835,U036,03-06-2025,Power BI,Workshop,0.7,41.1,55.1,In Progress,Beginner,58.71428571,0,Jun
L004836,U173,09-09-2025,Power BI,Workshop,4.8,78.8,63.9,In Progress,Intermediate,16.41666667,0,Sep
L004837,U022,02-04-2025,Power BI,Self Learning,2,73.6,100,Completed,Beginner,36.8,1,Apr
L004838,U176,02-03-2025,SQL,Self Learning,4,68.2,68.3,In Progress,Beginner,17.05,0,Mar
L004839,U055,17-03-2025,Java,Online Course,1.7,76.9,49.6,In Progress,Advanced,45.23529412,0,Mar
L004840,U180,05-03-2025,Java,Project,4,90.2,49.4,In Progress,Advanced,22.55,0,Mar
L004841,U029,09-06-2025,Java,Project,0,0,0,Not Started,Intermediate,0,0,Jun
L004842,U176,20-05-2025,Java,Certification,1.4,94,36.3,In Progress,Advanced,67.14285714,0,May
L004843,U041,11-03-2025,ServiceNow,Project,1.8,95.2,100,Completed,Intermediate,52.88888889,1,Mar
L004844,U196,21-10-2025,Communication,Online Course,5.3,44.5,92,In Progress,Beginner,8.396226415,0,Oct
L004845,U120,21-11-2025,Python,Workshop,4.9,70.4,100,Completed,Beginner,14.36734694,1,Nov
L004846,U146,03-11-2025,Java,Online Course,1.5,62.8,35.2,In Progress,Advanced,41.86666667,0,Nov
L004847,U040,25-04-2025,Machine Learning,Online Course,4.6,49.8,24.2,In Progress,Intermediate,10.82608696,0,Apr
L004848,U025,02-12-2025,Data Analytics,Self Learning,3,60.6,17.1,In Progress,Advanced,20.2,0,Dec
L004849,U197,10-08-2025,Data Analytics,Workshop,1.5,81.4,99.3,In Progress,Advanced,54.26666667,0,Aug
L004850,U200,23-10-2025,Python,Self Learning,5.2,99.5,100,Completed,Intermediate,19.13461538,1,Oct
L004851,U082,01-06-2025,Excel,Project,3.4,40.4,37.6,In Progress,Advanced,11.88235294,0,Jun
L004852,U012,22-12-2025,Python,Workshop,2.6,97.8,100,Completed,Advanced,37.61538462,1,Dec
L004853,U132,10-10-2025,Java,Online Course,5.2,92.3,100,Completed,Beginner,17.75,1,Oct
L004854,U092,14-08-2025,Communication,Online Course,4.2,67.2,31.7,Dropped,Intermediate,16,0,Aug
L004855,U010,04-06-2025,Excel,Online Course,5.2,98.8,91.4,In Progress,Advanced,19,0,Jun
L004856,U126,18-12-2025,Cloud,Project,0,0,0,Not Started,Advanced,0,0,Dec
L004857,U049,12-07-2025,Machine Learning,Workshop,0,0,0,Not Started,Advanced,0,0,Jul
L004858,U138,20-01-2025,Excel,Self Learning,4.9,80.5,100,Completed,Intermediate,16.42857143,1,Jan
L004859,U151,13-09-2025,Data Analytics,Certification,0,0,0,Not Started,Advanced,0,0,Sep
L004860,U149,30-06-2025,SQL,Certification,3.2,58.3,55.5,In Progress,Intermediate,18.21875,0,Jun
L004861,U102,18-09-2025,Data Analytics,Self Learning,3.2,49.9,24.5,Dropped,Advanced,15.59375,0,Sep
L004862,U196,29-08-2025,Data Analytics,Workshop,1.6,91.2,100,Completed,Advanced,57,1,Aug
L004863,U082,24-08-2025,Machine Learning,Workshop,5.3,53.3,78.6,In Progress,Advanced,10.05660377,0,Aug
L004864,U133,07-01-2025,Machine Learning,Workshop,1.8,80.9,66.5,In Progress,Intermediate,44.94444444,0,Jan
L004865,U078,07-02-2025,Communication,Certification,1,63,67.7,In Progress,Beginner,63,0,Feb
L004866,U096,10-09-2025,Excel,Certification,1.5,71.1,79.6,In Progress,Intermediate,47.4,0,Sep
L004867,U102,29-05-2025,Java,Certification,5.9,71.6,55.1,In Progress,Intermediate,12.13559322,0,May
L004868,U190,20-03-2025,Machine Learning,Certification,5.4,71.1,0,In Progress,Advanced,13.16666667,0,Mar
L004869,U035,22-07-2025,SQL,Self Learning,2.5,55.7,65.3,In Progress,Beginner,22.28,0,Jul
L004870,U064,05-09-2025,Communication,Workshop,0.8,83.4,100,Completed,Intermediate,104.25,1,Sep
L004871,U137,29-11-2025,Communication,Certification,4.1,76.1,26.8,In Progress,Intermediate,18.56097561,0,Nov
L004872,U048,14-03-2025,ServiceNow,Certification,2.9,73.9,27.6,In Progress,Beginner,25.48275862,0,Mar
L004873,U020,04-08-2025,Communication,Workshop,2.3,43.4,40.5,In Progress,Beginner,18.86956522,0,Aug
L004874,U004,23-04-2025,Java,Certification,5.1,76.2,37.5,In Progress,Intermediate,14.94117647,0,Apr
L004875,U048,25-06-2025,ServiceNow,Project,2.1,48.9,83.8,In Progress,Intermediate,23.28571429,0,Jun
L004876,U199,28-09-2025,Java,Workshop,5.7,75.4,68.9,In Progress,Beginner,13.22807018,0,Sep
L004877,U063,06-08-2025,Machine Learning,Self Learning,4.3,88.4,68.1,In Progress,Advanced,20.55813953,0,Aug
L004878,U025,13-03-2025,Data Analytics,Self Learning,5.9,56.5,76,In Progress,Beginner,9.576271186,0,Mar
L004879,U085,02-03-2025,Java,Self Learning,1.5,48.4,64.8,In Progress,Beginner,32.26666667,0,Mar
L004880,U136,19-07-2025,Python,Self Learning,1.4,59,45.5,In Progress,Intermediate,42.14285714,0,Jul
L004881,U191,12-05-2025,Machine Learning,Self Learning,2.8,74.7,57.8,In Progress,Intermediate,26.67857143,0,May
L004882,U051,14-08-2025,Machine Learning,Certification,5.4,56.5,11.6,In Progress,Beginner,10.46296296,0,Aug
L004883,U103,30-09-2025,Data Analytics,Project,4.3,71.2,7.2,In Progress,Intermediate,16.55813953,0,Sep
L004884,U163,10-08-2025,Machine Learning,Certification,5.2,70.7,39.4,In Progress,Beginner,13.59615385,0,Aug
L004885,U186,23-11-2025,Power BI,Online Course,4,70.1,100,Completed,Intermediate,17.525,1,Nov
L004886,U067,28-03-2025,Machine Learning,Workshop,4.9,97.9,100,Completed,Intermediate,19.97959184,1,Mar
L004887,U149,16-09-2025,Java,Workshop,5.1,79,100,Completed,Intermediate,15.49019608,1,Sep
L004888,U198,04-03-2025,Excel,Online Course,3.1,67.7,61.8,In Progress,Intermediate,21.83870968,0,Mar
L004889,U029,07-06-2025,Java,Self Learning,0,0,0,Not Started,Beginner,0,0,Jun
L004890,U092,14-05-2025,ServiceNow,Self Learning,5.5,82.5,13.7,In Progress,Beginner,15,0,May
L004891,U145,25-12-2025,Excel,Certification,0,0,0,Not Started,Beginner,0,0,Dec
L004892,U141,07-08-2025,Data Analytics,Project,2.3,88,100,Completed,Intermediate,38.26086957,1,Aug
L004893,U083,09-10-2025,Excel,Online Course,3.8,87.4,0.6,In Progress,Beginner,23,0,Oct
L004894,U122,26-12-2025,Python,Online Course,4.4,97.1,100,Completed,Advanced,22.06818182,1,Dec
L004895,U084,24-02-2025,Python,Online Course,3.8,68.1,43.9,In Progress,Beginner,17.92105263,0,Feb
L004896,U093,27-10-2025,SQL,Certification,5.6,42,70.2,In Progress,Intermediate,7.5,0,Oct
L004897,U044,24-12-2025,Excel,Project,2,44.8,6.3,In Progress,Advanced,22.4,0,Dec
L004898,U123,19-09-2025,SQL,Online Course,0,0,0,Not Started,Beginner,0,0,Sep
L004899,U196,17-08-2025,Machine Learning,Project,3.3,92.1,100,Completed,Advanced,27.90909091,1,Aug
L004900,U100,01-02-2025,Communication,Online Course,1.3,87.3,62.6,In Progress,Beginner,67.15384615,0,Feb
L004901,U106,22-04-2025,SQL,Online Course,1.1,88.7,56.2,Dropped,Advanced,80.63636364,0,Apr
L004902,U065,27-09-2025,Data Analytics,Certification,3.8,50.4,16.3,In Progress,Intermediate,13.26315789,0,Sep
L004903,U178,27-10-2025,Excel,Project,0,0,0,Not Started,Advanced,0,0,Oct
L004904,U111,11-10-2025,Communication,Project,5.3,83.5,100,Completed,Advanced,15.75471698,1,Oct
L004905,U180,04-02-2025,Cloud,Certification,3.6,92.4,100,Completed,Advanced,25.66666667,1,Feb
L004906,U095,29-12-2025,Data Analytics,Online Course,2.1,75.8,64.6,In Progress,Beginner,36.0952381,0,Dec
L004907,U199,22-02-2025,Communication,Self Learning,3.4,65.3,44.7,In Progress,Advanced,19.20588235,0,Feb
L004908,U189,26-01-2025,Power BI,Self Learning,4.5,73.1,100,Completed,Advanced,16.24444444,1,Jan
L004909,U131,21-08-2025,Machine Learning,Certification,5.3,61.7,51.7,In Progress,Intermediate,11.64150943,0,Aug
L004910,U171,20-04-2025,Cloud,Project,1.2,97.8,47.8,Dropped,Beginner,81.5,0,Apr
L004911,U140,27-02-2025,ServiceNow,Self Learning,0,0,0,Not Started,Intermediate,0,0,Feb
L004912,U179,26-05-2025,Python,Project,1.5,52.4,10.1,In Progress,Beginner,34.93333333,0,May
L004913,U016,26-11-2025,Communication,Project,2.9,92.4,100,Completed,Beginner,31.86206897,1,Nov
L004914,U111,31-01-2025,ServiceNow,Project,5.3,47,43,Dropped,Intermediate,8.867924528,0,Jan
L004915,U030,25-05-2025,Power BI,Project,3.2,71,100,Completed,Beginner,22.1875,1,May
L004916,U050,17-11-2025,Excel,Project,0,0,0,Not Started,Intermediate,0,0,Nov
L004917,U187,06-07-2025,Cloud,Project,0,0,0,Not Started,Intermediate,0,0,Jul
L004918,U173,07-10-2025,Python,Self Learning,0,0,0,Not Started,Advanced,0,0,Oct
L004919,U189,13-10-2025,ServiceNow,Workshop,3.1,71.3,100,Completed,Beginner,23,1,Oct
L004920,U192,31-03-2025,Cloud,Certification,4.9,76.5,100,Completed,Advanced,15.6122449,1,Mar
L004921,U088,26-08-2025,Communication,Online Course,4.9,83.7,100,Completed,Beginner,17.08163265,1,Aug
L004922,U022,01-04-2025,Power BI,Certification,0,0,0,Not Started,Intermediate,0,0,Apr
L004923,U162,29-07-2025,Data Analytics,Self Learning,5.9,48.4,66,Dropped,Beginner,8.203389831,0,Jul
L004924,U111,04-10-2025,Cloud,Online Course,0.8,55.3,32.4,In Progress,Intermediate,69.125,0,Oct
L004925,U038,10-01-2025,Power BI,Self Learning,5.2,44.6,40,In Progress,Intermediate,8.576923077,0,Jan
L004926,U023,26-06-2025,Java,Workshop,1.5,47.9,45.3,In Progress,Intermediate,31.93333333,0,Jun
L004927,U060,24-10-2025,Python,Self Learning,0,0,0,Not Started,Intermediate,0,0,Oct
L004928,U164,06-01-2025,Java,Project,0.8,81.6,5.9,In Progress,Intermediate,102,0,Jan
L004929,U084,17-02-2025,ServiceNow,Project,4.8,51.4,6.9,In Progress,Advanced,10.70833333,0,Feb
L004930,U019,10-02-2025,Python,Workshop,5.6,95,26.1,In Progress,Advanced,16.96428571,0,Feb
L004931,U015,05-11-2025,Excel,Self Learning,2.1,97.4,18.9,In Progress,Intermediate,46.38095238,0,Nov
L004932,U144,10-04-2025,Communication,Online Course,5.7,92.7,100,Completed,Advanced,16.26315789,1,Apr
L004933,U133,12-07-2025,SQL,Self Learning,5.5,91,100,Completed,Intermediate,16.54545455,1,Jul
L004934,U066,05-02-2025,Power BI,Project,5.3,97.1,55.7,In Progress,Advanced,18.32075472,0,Feb
L004935,U155,20-06-2025,Java,Workshop,5,94.5,27.5,In Progress,Advanced,18.9,0,Jun
L004936,U006,07-08-2025,ServiceNow,Online Course,4.3,74.1,100,Completed,Beginner,17.23255814,1,Aug
L004937,U153,27-12-2025,Data Analytics,Project,4.9,96.3,100,Completed,Beginner,19.65306122,1,Dec
L004938,U176,01-10-2025,Excel,Online Course,4.4,90.8,100,Completed,Advanced,20.63636364,1,Oct
L004939,U194,11-04-2025,Communication,Online Course,0.8,83.4,24.1,Dropped,Intermediate,104.25,0,Apr
L004940,U109,18-04-2025,Machine Learning,Self Learning,5.3,93.5,46,In Progress,Beginner,17.64150943,0,Apr
L004941,U096,12-10-2025,Java,Project,3.4,55.3,19.3,In Progress,Intermediate,16.26470588,0,Oct
L004942,U003,03-09-2025,ServiceNow,Project,2.9,84.4,100,Completed,Beginner,29.10344828,1,Sep
L004943,U056,11-05-2025,Data Analytics,Certification,0,0,0,Not Started,Intermediate,0,0,May
L004944,U088,06-06-2025,SQL,Certification,1.7,54.4,61.2,Dropped,Beginner,32,0,Jun
L004945,U044,28-06-2025,Java,Certification,2.9,64.3,57.5,In Progress,Beginner,22.17241379,0,Jun
L004946,U166,26-11-2025,Java,Workshop,2.1,77.4,19,In Progress,Beginner,36.85714286,0,Nov
L004947,U084,23-07-2025,SQL,Self Learning,1.3,71,69.4,In Progress,Beginner,54.61538462,0,Jul
L004948,U051,09-05-2025,Data Analytics,Certification,1.6,69,100,Completed,Beginner,43.125,1,May
L004949,U052,19-09-2025,Data Analytics,Self Learning,1,87.4,22.8,In Progress,Intermediate,87.4,0,Sep
L004950,U067,21-06-2025,Excel,Self Learning,5,62.3,36.5,In Progress,Intermediate,12.46,0,Jun
L004951,U108,29-01-2025,Java,Certification,3.3,84.3,78.8,In Progress,Intermediate,25.54545455,0,Jan
L004952,U078,07-10-2025,Machine Learning,Workshop,1.9,64,89,In Progress,Advanced,33.68421053,0,Oct
L004953,U013,22-12-2025,ServiceNow,Workshop,3.3,77.1,100,Completed,Intermediate,23.36363636,1,Dec
L004954,U127,01-06-2025,Communication,Certification,0,0,0,Not Started,Advanced,0,0,Jun
L004955,U176,10-07-2025,Excel,Workshop,3.8,89.6,100,Completed,Beginner,23.57894737,1,Jul
L004956,U185,15-06-2025,Excel,Certification,1.3,98.8,100,Completed,Beginner,76,1,Jun
L004957,U132,08-09-2025,ServiceNow,Project,5.5,78.9,100,Completed,Beginner,14.34545455,1,Sep
L004958,U156,19-01-2025,Machine Learning,Online Course,0,0,0,Not Started,Beginner,0,0,Jan
L004959,U019,26-09-2025,Cloud,Online Course,4.1,72.4,4.9,In Progress,Beginner,17.65853659,0,Sep
L004960,U057,16-07-2025,SQL,Workshop,4.6,96.9,92.7,In Progress,Beginner,21.06521739,0,Jul
L004961,U117,15-01-2025,Data Analytics,Workshop,0,0,0,Not Started,Advanced,0,0,Jan
L004962,U110,24-10-2025,SQL,Project,6,41.2,91,In Progress,Intermediate,6.866666667,0,Oct
L004963,U173,21-04-2025,Java,Online Course,2.9,84.5,100,Completed,Advanced,29.13793103,1,Apr
L004964,U180,14-07-2025,Power BI,Project,1.1,90.1,100,Completed,Intermediate,81.90909091,1,Jul
L004965,U005,02-01-2025,Excel,Self Learning,1.3,70.3,47.1,In Progress,Beginner,54.07692308,0,Jan
L004966,U014,18-04-2025,Excel,Project,3,64,32.4,In Progress,Intermediate,21.33333333,0,Apr
L004967,U098,03-03-2025,Power BI,Project,4.6,73.1,100,Completed,Advanced,15.89130435,1,Mar
L004968,U114,06-09-2025,Python,Workshop,5.6,42.2,22.8,In Progress,Beginner,7.535714286,0,Sep
L004969,U149,12-10-2025,Machine Learning,Self Learning,1.6,80.9,75.9,In Progress,Advanced,50.5625,0,Oct
L004970,U021,27-04-2025,ServiceNow,Online Course,0,0,0,Not Started,Intermediate,0,0,Apr
L004971,U131,13-05-2025,Java,Certification,5.1,58.4,19.1,Dropped,Intermediate,11.45098039,0,May
L004972,U055,15-08-2025,Cloud,Self Learning,3.8,80.4,100,Completed,Advanced,21.15789474,1,Aug
L004973,U081,24-08-2025,Communication,Online Course,3.5,77.4,100,Completed,Beginner,22.11428571,1,Aug
L004974,U053,14-09-2025,Communication,Certification,3.9,87.6,24.8,In Progress,Beginner,22.46153846,0,Sep
L004975,U003,11-10-2025,SQL,Self Learning,3.1,72.8,84.2,In Progress,Intermediate,23.48387097,0,Oct
L004976,U158,20-03-2025,Communication,Self Learning,5.9,53.8,45.1,Dropped,Intermediate,9.118644068,0,Mar
L004977,U020,27-09-2025,Data Analytics,Workshop,4,92.1,32.2,Dropped,Advanced,23.025,0,Sep
L004978,U134,24-09-2025,Machine Learning,Certification,1.8,89.8,100,Completed,Intermediate,49.88888889,1,Sep
L004979,U027,18-03-2025,Machine Learning,Project,0.6,52.8,29.3,In Progress,Intermediate,88,0,Mar
L004980,U135,29-04-2025,SQL,Workshop,1.2,80.4,100,Completed,Advanced,67,1,Apr
L004981,U199,22-12-2025,Communication,Certification,4.5,72.7,75.2,In Progress,Intermediate,16.15555556,0,Dec
L004982,U009,01-11-2025,Machine Learning,Certification,5.7,87,100,Completed,Advanced,15.26315789,1,Nov
L004983,U112,20-01-2025,ServiceNow,Project,1.9,66.5,100,Completed,Advanced,35,1,Jan
L004984,U141,22-04-2025,Python,Project,0,0,0,Not Started,Advanced,0,0,Apr
L004985,U143,16-08-2025,Python,Project,0.8,57.1,16.5,In Progress,Intermediate,71.375,0,Aug
L004986,U192,16-05-2025,Python,Project,4.3,93.2,59.5,Dropped,Intermediate,21.6744186,0,May
L004987,U071,29-04-2025,Java,Online Course,4.9,58.6,90.6,In Progress,Intermediate,11.95918367,0,Apr
L004988,U060,23-01-2025,ServiceNow,Self Learning,1,83.3,100,Completed,Beginner,83.3,1,Jan
L004989,U036,18-04-2025,Data Analytics,Self Learning,4.2,46.4,46.3,In Progress,Advanced,11.04761905,0,Apr
L004990,U095,01-02-2025,Communication,Workshop,2,98.1,10.4,In Progress,Intermediate,49.05,0,Feb
L004991,U034,01-12-2025,Excel,Project,0,0,0,Not Started,Intermediate,0,0,Dec
L004992,U122,21-06-2025,Python,Certification,0.9,77.4,36.6,In Progress,Advanced,86,0,Jun
L004993,U026,13-11-2025,Machine Learning,Workshop,2.1,69.4,100,Completed,Beginner,33.04761905,1,Nov
L004994,U113,02-10-2025,Java,Certification,5.4,82.1,74.5,In Progress,Beginner,15.2037037,0,Oct
L004995,U185,09-12-2025,ServiceNow,Self Learning,0.6,97,70.5,In Progress,Advanced,161.6666667,0,Dec
L004996,U159,12-08-2025,Communication,Self Learning,0.7,70,100,Completed,Advanced,100,1,Aug
L004997,U027,18-01-2025,Python,Workshop,5.3,84.8,100,Completed,Beginner,16,1,Jan
L004998,U166,22-12-2025,Java,Online Course,3.3,93.1,100,Completed,Intermediate,28.21212121,1,Dec
L004999,U082,06-11-2025,Power BI,Self Learning,5,86.2,100,Completed,Intermediate,17.24,1,Nov
L005000,U088,12-05-2025,Communication,Certification,4.4,92.2,23.1,In Progress,Advanced,20.95454545,0,May
L005001,U007,09-12-2025,Cloud,Certification,0,0,0,Not Started,Advanced,0,0,Dec
L005002,U039,23-10-2025,Java,Workshop,0,0,0,Not Started,Beginner,0,0,Oct
L005003,U051,06-06-2025,Communication,Workshop,4.1,68.8,6.7,In Progress,Intermediate,16.7804878,0,Jun
L005004,U124,10-03-2025,Machine Learning,Online Course,2,66.4,54.9,In Progress,Advanced,33.2,0,Mar
L005005,U012,31-10-2025,Communication,Online Course,4.1,82,100,Completed,Intermediate,20,1,Oct
L005006,U018,28-04-2025,Java,Workshop,2.6,71.1,99.5,In Progress,Advanced,27.34615385,0,Apr
L005007,U127,18-05-2025,Cloud,Certification,3.8,76.2,6.7,In Progress,Beginner,20.05263158,0,May
L005008,U199,05-10-2025,Python,Self Learning,3.4,74.6,100,Completed,Beginner,21.94117647,1,Oct
L005009,U142,25-04-2025,Communication,Workshop,1.9,92,100,Completed,Beginner,48.42105263,1,Apr
L005010,U157,13-04-2025,Power BI,Online Course,1.9,81.6,100,Completed,Intermediate,42.94736842,1,Apr
L005011,U056,02-09-2025,Communication,Self Learning,0.8,75,100,Completed,Intermediate,93.75,1,Sep
L005012,U119,17-02-2025,Java,Self Learning,4.6,93.5,100,Completed,Intermediate,20.32608696,1,Feb
L005013,U157,06-09-2025,Machine Learning,Self Learning,5.2,75.8,63.8,In Progress,Advanced,14.57692308,0,Sep
L005014,U098,26-03-2025,Communication,Certification,1.2,98.4,58.9,In Progress,Intermediate,82,0,Mar
L005015,U084,06-01-2025,SQL,Online Course,2.3,67.5,100,Completed,Intermediate,29.34782609,1,Jan
L005016,U093,26-11-2025,Excel,Self Learning,5.4,62.7,23,In Progress,Beginner,11.61111111,0,Nov
L005017,U155,27-05-2025,Machine Learning,Certification,2,76.1,100,Completed,Advanced,38.05,1,May
L005018,U088,02-01-2025,Communication,Certification,4.8,45,47.6,In Progress,Intermediate,9.375,0,Jan
L005019,U028,18-07-2025,Excel,Project,3.8,78,80.9,In Progress,Beginner,20.52631579,0,Jul
L005020,U052,05-05-2025,ServiceNow,Certification,5.6,93.3,100,Completed,Beginner,16.66071429,1,May
L005021,U089,21-09-2025,Data Analytics,Workshop,1.6,46.2,20.6,In Progress,Beginner,28.875,0,Sep
L005022,U080,02-12-2025,Cloud,Certification,2.8,75.2,51.6,In Progress,Intermediate,26.85714286,0,Dec
L005023,U130,09-01-2025,Communication,Online Course,4.9,74.8,40.9,Dropped,Intermediate,15.26530612,0,Jan
L005024,U109,07-03-2025,Java,Certification,3.1,59.2,93,In Progress,Beginner,19.09677419,0,Mar
L005025,U079,20-12-2025,Data Analytics,Workshop,1.1,66.4,98.6,In Progress,Advanced,60.36363636,0,Dec
L005026,U195,18-09-2025,Data Analytics,Project,0.8,85.4,42.6,Dropped,Advanced,106.75,0,Sep
L005027,U028,28-12-2025,Cloud,Workshop,1.3,55.8,14.7,In Progress,Advanced,42.92307692,0,Dec
L005028,U079,01-11-2025,Data Analytics,Certification,2.5,61.7,52.7,Dropped,Advanced,24.68,0,Nov
L005029,U001,29-12-2025,Communication,Workshop,1.2,78.6,12.6,In Progress,Beginner,65.5,0,Dec
L005030,U043,16-08-2025,Python,Self Learning,3.1,95.4,30.9,Dropped,Advanced,30.77419355,0,Aug
L005031,U122,30-11-2025,ServiceNow,Project,3.1,70.5,10.5,In Progress,Advanced,22.74193548,0,Nov
L005032,U083,03-11-2025,Python,Online Course,1.5,89.5,100,Completed,Intermediate,59.66666667,1,Nov
L005033,U030,21-03-2025,Communication,Workshop,0,0,0,Not Started,Intermediate,0,0,Mar
L005034,U057,29-04-2025,Power BI,Self Learning,5.5,88.2,52.8,Dropped,Intermediate,16.03636364,0,Apr
L005035,U121,13-08-2025,Java,Online Course,2.9,56.5,10.6,In Progress,Beginner,19.48275862,0,Aug
L005036,U071,02-02-2025,Data Analytics,Certification,5.7,59.1,20.9,Dropped,Beginner,10.36842105,0,Feb
L005037,U070,04-01-2025,Machine Learning,Online Course,1.9,42.5,93.7,In Progress,Advanced,22.36842105,0,Jan
L005038,U027,05-03-2025,Excel,Certification,1.8,72.2,29.9,In Progress,Beginner,40.11111111,0,Mar
L005039,U168,22-06-2025,Communication,Workshop,1.2,68.8,47.1,In Progress,Intermediate,57.33333333,0,Jun
L005040,U039,26-11-2025,Python,Online Course,1.6,66.2,100,Completed,Advanced,41.375,1,Nov
L005041,U112,20-04-2025,Python,Workshop,0.9,83,100,Completed,Beginner,92.22222222,1,Apr
L005042,U193,12-04-2025,Cloud,Self Learning,4.7,72.4,100,Completed,Beginner,15.40425532,1,Apr
L005043,U191,28-06-2025,Cloud,Workshop,4.6,91.4,100,Completed,Intermediate,19.86956522,1,Jun
L005044,U069,21-05-2025,Cloud,Project,1.9,89.7,78.7,In Progress,Beginner,47.21052632,0,May
L005045,U162,02-01-2025,Cloud,Certification,4.6,77.9,100,Completed,Advanced,16.93478261,1,Jan
L005046,U088,19-01-2025,Python,Online Course,2.9,99.8,94.3,In Progress,Beginner,34.4137931,0,Jan
L005047,U144,24-06-2025,Data Analytics,Self Learning,1.6,97.5,100,Completed,Advanced,60.9375,1,Jun
L005048,U070,11-05-2025,Machine Learning,Certification,2.2,41.6,30.3,Dropped,Intermediate,18.90909091,0,May
L005049,U168,04-03-2025,Cloud,Self Learning,5.1,85,20.2,In Progress,Intermediate,16.66666667,0,Mar
L005050,U032,27-11-2025,Machine Learning,Project,1.1,67.1,100,Completed,Advanced,61,1,Nov
L005051,U141,09-11-2025,Data Analytics,Workshop,3.4,79.2,100,Completed,Advanced,23.29411765,1,Nov
L005052,U107,03-01-2025,Data Analytics,Self Learning,4.5,61,64.3,In Progress,Beginner,13.55555556,0,Jan
L005053,U015,06-11-2025,Python,Self Learning,3.3,62.6,44.7,In Progress,Beginner,18.96969697,0,Nov
L005054,U041,01-09-2025,Data Analytics,Project,2.1,79.2,100,Completed,Beginner,37.71428571,1,Sep
L005055,U041,15-01-2025,Machine Learning,Certification,4.9,93.5,100,Completed,Advanced,19.08163265,1,Jan
L005056,U011,08-10-2025,Java,Workshop,0.8,68.2,2.3,In Progress,Intermediate,85.25,0,Oct
L005057,U151,24-03-2025,SQL,Workshop,1.7,88.1,44.7,In Progress,Intermediate,51.82352941,0,Mar
L005058,U016,16-10-2025,Excel,Self Learning,1.1,70.4,20.3,In Progress,Beginner,64,0,Oct
L005059,U031,10-05-2025,Excel,Certification,3.2,95.5,100,Completed,Intermediate,29.84375,1,May
L005060,U103,22-05-2025,Excel,Workshop,4,65.1,28.7,In Progress,Intermediate,16.275,0,May
L005061,U163,11-08-2025,SQL,Workshop,2.1,78.7,100,Completed,Beginner,37.47619048,1,Aug
L005062,U088,12-01-2025,Power BI,Online Course,4.7,97.8,13.6,In Progress,Intermediate,20.80851064,0,Jan
L005063,U134,28-08-2025,Python,Online Course,4.6,78,100,Completed,Beginner,16.95652174,1,Aug
L005064,U076,18-12-2025,Power BI,Online Course,3.7,69.1,100,Completed,Beginner,18.67567568,1,Dec
L005065,U180,15-01-2025,Java,Project,4.3,66.1,15,In Progress,Beginner,15.37209302,0,Jan
L005066,U051,06-09-2025,Machine Learning,Online Course,4.6,67,25.6,In Progress,Beginner,14.56521739,0,Sep
L005067,U133,14-02-2025,Communication,Online Course,5.6,68.9,100,Completed,Advanced,12.30357143,1,Feb
L005068,U171,17-05-2025,Python,Project,4.6,47.2,4.1,In Progress,Beginner,10.26086957,0,May
L005069,U131,11-09-2025,Java,Self Learning,5.2,72.2,100,Completed,Intermediate,13.88461538,1,Sep
L005070,U041,19-11-2025,SQL,Project,1.4,48.4,75.1,In Progress,Intermediate,34.57142857,0,Nov
L005071,U081,23-09-2025,Power BI,Workshop,4.6,57.1,98.9,In Progress,Beginner,12.41304348,0,Sep
L005072,U195,19-01-2025,Excel,Certification,0,0,0,Not Started,Intermediate,0,0,Jan
L005073,U152,21-05-2025,Java,Workshop,5.3,91.5,19.4,In Progress,Beginner,17.26415094,0,May
L005074,U096,24-01-2025,Cloud,Certification,3.4,46,45.2,Dropped,Advanced,13.52941176,0,Jan
L005075,U095,11-07-2025,Communication,Online Course,2,91.8,100,Completed,Intermediate,45.9,1,Jul
L005076,U192,26-07-2025,Communication,Workshop,2.4,54.6,93,In Progress,Intermediate,22.75,0,Jul
L005077,U122,12-01-2025,Machine Learning,Certification,5.4,75.5,100,Completed,Beginner,13.98148148,1,Jan
L005078,U008,11-12-2025,Excel,Workshop,5.4,91.6,100,Completed,Intermediate,16.96296296,1,Dec
L005079,U036,04-12-2025,SQL,Project,1.1,74.8,7.4,In Progress,Advanced,68,0,Dec
L005080,U143,27-06-2025,Cloud,Certification,3.3,99.3,100,Completed,Beginner,30.09090909,1,Jun
L005081,U056,25-10-2025,Java,Workshop,5.5,55.7,82.6,In Progress,Intermediate,10.12727273,0,Oct
L005082,U159,23-01-2025,Excel,Workshop,4.6,48.3,27.3,In Progress,Beginner,10.5,0,Jan
L005083,U102,21-09-2025,Communication,Self Learning,5.9,40.9,84,In Progress,Advanced,6.93220339,0,Sep
L005084,U133,03-07-2025,Python,Certification,5.5,79.6,100,Completed,Intermediate,14.47272727,1,Jul
L005085,U158,26-09-2025,Communication,Workshop,3.3,77,100,Completed,Advanced,23.33333333,1,Sep
L005086,U143,18-06-2025,Machine Learning,Online Course,3.4,81.2,100,Completed,Advanced,23.88235294,1,Jun
L005087,U068,14-12-2025,Excel,Self Learning,4.1,74.5,63.6,In Progress,Intermediate,18.17073171,0,Dec
L005088,U098,01-12-2025,Data Analytics,Self Learning,3.9,81.9,100,Completed,Beginner,21,1,Dec
L005089,U115,19-05-2025,Data Analytics,Project,3,52.1,15.2,Dropped,Advanced,17.36666667,0,May
L005090,U108,29-12-2025,Cloud,Certification,2,65.8,100,Completed,Beginner,32.9,1,Dec
L005091,U099,27-01-2025,SQL,Workshop,1.6,66.1,81.1,In Progress,Beginner,41.3125,0,Jan
L005092,U023,10-06-2025,SQL,Online Course,1.7,74.1,100,Completed,Intermediate,43.58823529,1,Jun
L005093,U027,18-11-2025,Communication,Self Learning,4.9,96.2,100,Completed,Beginner,19.63265306,1,Nov
L005094,U034,29-01-2025,Java,Workshop,0,0,0,Not Started,Beginner,0,0,Jan
L005095,U034,08-02-2025,Excel,Online Course,0,0,0,Not Started,Intermediate,0,0,Feb
L005096,U049,23-04-2025,ServiceNow,Workshop,0,0,0,Not Started,Intermediate,0,0,Apr
L005097,U075,13-01-2025,Data Analytics,Online Course,5.4,70.8,12.4,Dropped,Advanced,13.11111111,0,Jan
L005098,U108,24-01-2025,Excel,Workshop,1.9,58.5,43.2,Dropped,Intermediate,30.78947368,0,Jan
L005099,U175,11-09-2025,Communication,Self Learning,1.3,97.4,30.3,In Progress,Intermediate,74.92307692,0,Sep
L005100,U132,29-04-2025,SQL,Online Course,1.1,45.4,72.5,In Progress,Beginner,41.27272727,0,Apr
L005101,U024,05-11-2025,Python,Project,0,0,0,Not Started,Advanced,0,0,Nov
L005102,U167,29-11-2025,Machine Learning,Project,5.6,75.8,3.2,In Progress,Intermediate,13.53571429,0,Nov
L005103,U020,13-10-2025,Cloud,Online Course,5.8,85.8,42.5,Dropped,Beginner,14.79310345,0,Oct
L005104,U102,07-01-2025,Machine Learning,Project,3.2,91.2,60.4,In Progress,Advanced,28.5,0,Jan
L005105,U032,26-03-2025,Java,Certification,3.9,42.1,25.1,In Progress,Beginner,10.79487179,0,Mar
L005106,U033,05-05-2025,SQL,Project,3.6,68.9,51.3,In Progress,Beginner,19.13888889,0,May
L005107,U198,22-11-2025,SQL,Workshop,1.6,90.7,50.2,In Progress,Intermediate,56.6875,0,Nov
L005108,U095,31-07-2025,Machine Learning,Workshop,2.6,84.3,100,Completed,Beginner,32.42307692,1,Jul
L005109,U190,10-05-2025,Python,Workshop,3.3,65.5,5.6,In Progress,Intermediate,19.84848485,0,May
L005110,U128,25-11-2025,Data Analytics,Workshop,2.2,93.9,54.1,Dropped,Intermediate,42.68181818,0,Nov
L005111,U198,25-08-2025,SQL,Online Course,3.8,60.1,9.5,In Progress,Beginner,15.81578947,0,Aug
L005112,U155,08-10-2025,Communication,Online Course,1.1,69.1,100,Completed,Beginner,62.81818182,1,Oct
L005113,U129,04-02-2025,Machine Learning,Project,5.7,94.8,81.6,In Progress,Advanced,16.63157895,0,Feb
L005114,U115,16-01-2025,Cloud,Project,2.4,80.4,100,Completed,Advanced,33.5,1,Jan
L005115,U102,30-01-2025,Java,Workshop,4.1,76.8,99.5,In Progress,Beginner,18.73170732,0,Jan
L005116,U168,20-08-2025,ServiceNow,Online Course,1,74.5,29.8,In Progress,Intermediate,74.5,0,Aug
L005117,U073,13-03-2025,ServiceNow,Project,1.7,99.1,92.9,In Progress,Beginner,58.29411765,0,Mar
L005118,U168,18-08-2025,ServiceNow,Self Learning,1.8,40.4,59.5,In Progress,Intermediate,22.44444444,0,Aug
L005119,U030,07-09-2025,Communication,Certification,3.5,57.1,19,In Progress,Intermediate,16.31428571,0,Sep
L005120,U019,20-08-2025,Java,Certification,0.7,91.2,100,Completed,Advanced,130.2857143,1,Aug
L005121,U028,08-11-2025,Data Analytics,Workshop,0,0,0,Not Started,Advanced,0,0,Nov
L005122,U099,12-02-2025,Machine Learning,Online Course,2.3,97.7,100,Completed,Intermediate,42.47826087,1,Feb
L005123,U031,11-04-2025,Communication,Workshop,1.8,56.8,62,Dropped,Beginner,31.55555556,0,Apr
L005124,U158,23-09-2025,Java,Certification,1.8,96.9,100,Completed,Beginner,53.83333333,1,Sep
L005125,U083,11-12-2025,Excel,Workshop,1.1,86.5,71.9,In Progress,Intermediate,78.63636364,0,Dec
L005126,U022,10-07-2025,Data Analytics,Project,4.6,85.4,100,Completed,Intermediate,18.56521739,1,Jul
L005127,U172,09-01-2025,Cloud,Workshop,3.2,94,50,In Progress,Advanced,29.375,0,Jan
L005128,U017,02-12-2025,Python,Self Learning,0,0,0,Not Started,Beginner,0,0,Dec
L005129,U101,14-06-2025,Excel,Project,0,0,0,Not Started,Beginner,0,0,Jun
L005130,U137,04-10-2025,SQL,Online Course,1.3,86.7,50.5,In Progress,Beginner,66.69230769,0,Oct
L005131,U086,06-07-2025,ServiceNow,Workshop,3.3,74.9,64.4,In Progress,Beginner,22.6969697,0,Jul
L005132,U169,27-07-2025,Data Analytics,Project,4.8,95.7,31.3,Dropped,Intermediate,19.9375,0,Jul
L005133,U066,27-11-2025,Java,Workshop,2.7,49.6,52,In Progress,Beginner,18.37037037,0,Nov
L005134,U011,28-09-2025,Java,Online Course,0.9,55.5,30.8,Dropped,Advanced,61.66666667,0,Sep
L005135,U161,18-07-2025,Python,Self Learning,3,67.5,35.9,Dropped,Advanced,22.5,0,Jul
L005136,U053,11-07-2025,Cloud,Online Course,4.3,51.2,78.1,In Progress,Beginner,11.90697674,0,Jul
L005137,U122,17-11-2025,Cloud,Certification,4.2,83.2,100,Completed,Advanced,19.80952381,1,Nov
L005138,U088,23-05-2025,Python,Self Learning,0.7,83.8,52.3,Dropped,Beginner,119.7142857,0,May
L005139,U154,19-04-2025,Excel,Self Learning,3,65.5,65.5,In Progress,Advanced,21.83333333,0,Apr
L005140,U157,05-02-2025,Python,Self Learning,5.8,90.1,27,In Progress,Beginner,15.53448276,0,Feb
L005141,U051,26-10-2025,SQL,Workshop,0,0,0,Not Started,Intermediate,0,0,Oct
L005142,U083,24-07-2025,ServiceNow,Certification,2.7,70.1,48.6,Dropped,Intermediate,25.96296296,0,Jul
L005143,U048,05-06-2025,Machine Learning,Online Course,0,0,0,Not Started,Beginner,0,0,Jun
L005144,U085,04-08-2025,SQL,Online Course,1.4,51.2,66.4,Dropped,Beginner,36.57142857,0,Aug
L005145,U047,14-08-2025,Power BI,Workshop,4,77.9,76.1,In Progress,Advanced,19.475,0,Aug
L005146,U169,14-02-2025,Communication,Project,0,0,0,Not Started,Advanced,0,0,Feb
L005147,U071,26-02-2025,Data Analytics,Project,2,84,50.4,In Progress,Intermediate,42,0,Feb
L005148,U112,21-07-2025,SQL,Self Learning,3.6,63,39.5,Dropped,Advanced,17.5,0,Jul
L005149,U114,07-12-2025,ServiceNow,Project,4.4,78,100,Completed,Advanced,17.72727273,1,Dec
L005150,U068,27-04-2025,Machine Learning,Certification,0.9,83,100,Completed,Advanced,92.22222222,1,Apr
L005151,U108,20-12-2025,Power BI,Workshop,0,0,0,Not Started,Beginner,0,0,Dec
L005152,U121,15-11-2025,Data Analytics,Self Learning,5.5,71.5,31.4,In Progress,Intermediate,13,0,Nov
L005153,U043,02-03-2025,SQL,Certification,1,95.4,75.7,In Progress,Beginner,95.4,0,Mar
L005154,U138,17-09-2025,Python,Self Learning,1.9,43.4,14.9,In Progress,Advanced,22.84210526,0,Sep
L005155,U080,23-08-2025,Data Analytics,Project,5.4,97.7,100,Completed,Advanced,18.09259259,1,Aug
L005156,U167,26-04-2025,Data Analytics,Workshop,1.9,81.6,100,Completed,Advanced,42.94736842,1,Apr
L005157,U176,09-10-2025,Cloud,Workshop,4,82,70.1,In Progress,Beginner,20.5,0,Oct
L005158,U193,19-09-2025,Cloud,Online Course,0.5,92,100,Completed,Intermediate,184,1,Sep
L005159,U115,23-10-2025,Cloud,Online Course,1.5,69.3,84.1,In Progress,Advanced,46.2,0,Oct
L005160,U180,15-06-2025,Cloud,Self Learning,4.5,78.1,64.8,In Progress,Advanced,17.35555556,0,Jun
L005161,U120,31-12-2025,Power BI,Project,5.9,74.1,75.8,In Progress,Beginner,12.55932203,0,Dec
L005162,U074,01-12-2025,Power BI,Certification,5.2,53.8,12.9,Dropped,Advanced,10.34615385,0,Dec
L005163,U018,05-11-2025,ServiceNow,Self Learning,0,0,0,Not Started,Intermediate,0,0,Nov
L005164,U175,24-07-2025,Excel,Online Course,3.3,44.1,34.4,Dropped,Beginner,13.36363636,0,Jul
L005165,U115,16-04-2025,Communication,Self Learning,5.9,96.2,34.4,Dropped,Intermediate,16.30508475,0,Apr
L005166,U122,29-08-2025,Excel,Self Learning,2.8,85.2,6,In Progress,Intermediate,30.42857143,0,Aug
L005167,U092,12-04-2025,SQL,Online Course,4.8,79.4,100,Completed,Intermediate,16.54166667,1,Apr
L005168,U196,14-03-2025,Java,Online Course,1.9,45.5,33.5,In Progress,Advanced,23.94736842,0,Mar
L005169,U199,20-09-2025,Python,Self Learning,4.8,63.3,84.3,In Progress,Intermediate,13.1875,0,Sep
L005170,U149,23-06-2025,ServiceNow,Project,4.5,80.3,14,Dropped,Advanced,17.84444444,0,Jun
L005171,U115,15-09-2025,Power BI,Self Learning,0,0,0,Not Started,Advanced,0,0,Sep
L005172,U158,07-10-2025,Excel,Project,4.5,86,70.4,In Progress,Intermediate,19.11111111,0,Oct
L005173,U154,05-09-2025,Excel,Workshop,0.6,80.4,4.1,In Progress,Advanced,134,0,Sep
L005174,U183,16-11-2025,Data Analytics,Online Course,5,43.8,34,In Progress,Advanced,8.76,0,Nov
L005175,U105,15-08-2025,Python,Project,1.3,68.4,23.8,In Progress,Beginner,52.61538462,0,Aug
L005176,U173,16-02-2025,ServiceNow,Certification,2.9,74,100,Completed,Beginner,25.51724138,1,Feb
L005177,U090,05-07-2025,ServiceNow,Certification,3.4,75.3,100,Completed,Advanced,22.14705882,1,Jul
L005178,U089,27-11-2025,Data Analytics,Workshop,1.6,90,2.6,In Progress,Advanced,56.25,0,Nov
L005179,U027,27-07-2025,Java,Online Course,0,0,0,Not Started,Intermediate,0,0,Jul
L005180,U147,24-03-2025,ServiceNow,Certification,5.2,94.6,3.8,In Progress,Beginner,18.19230769,0,Mar
L005181,U083,13-04-2025,Machine Learning,Self Learning,1,69.5,61.3,In Progress,Beginner,69.5,0,Apr
L005182,U091,28-07-2025,Machine Learning,Online Course,2.3,77.6,2.4,In Progress,Intermediate,33.73913043,0,Jul
L005183,U066,28-06-2025,Cloud,Self Learning,3.6,64.5,86.2,In Progress,Advanced,17.91666667,0,Jun
L005184,U045,02-04-2025,Cloud,Workshop,5.5,94.4,95.1,In Progress,Intermediate,17.16363636,0,Apr
L005185,U081,04-05-2025,ServiceNow,Online Course,1.3,90.8,100,Completed,Intermediate,69.84615385,1,May
L005186,U096,11-02-2025,Python,Online Course,1.6,81.4,2.1,In Progress,Intermediate,50.875,0,Feb
L005187,U125,27-03-2025,Data Analytics,Online Course,2.6,99.8,100,Completed,Beginner,38.38461538,1,Mar
L005188,U183,10-06-2025,Data Analytics,Self Learning,0,0,0,Not Started,Intermediate,0,0,Jun
L005189,U102,07-11-2025,Python,Project,2.8,87.3,75.9,In Progress,Intermediate,31.17857143,0,Nov
L005190,U108,08-07-2025,Machine Learning,Self Learning,5.4,59.6,91.7,In Progress,Intermediate,11.03703704,0,Jul
L005191,U054,04-10-2025,Machine Learning,Project,2.6,59.4,69,In Progress,Intermediate,22.84615385,0,Oct
L005192,U011,14-08-2025,Power BI,Self Learning,4.1,73.9,24.6,In Progress,Intermediate,18.02439024,0,Aug
L005193,U158,02-08-2025,Python,Project,4.6,70.9,36.8,In Progress,Beginner,15.41304348,0,Aug
L005194,U129,16-04-2025,ServiceNow,Workshop,0.6,83.2,14.3,In Progress,Intermediate,138.6666667,0,Apr
L005195,U087,12-06-2025,Python,Self Learning,3.1,65.9,72.8,In Progress,Intermediate,21.25806452,0,Jun
L005196,U108,03-09-2025,Cloud,Certification,4.4,99.3,52.2,In Progress,Advanced,22.56818182,0,Sep
L005197,U160,05-10-2025,Excel,Workshop,2.7,62.1,88.6,In Progress,Advanced,23,0,Oct
L005198,U012,16-01-2025,ServiceNow,Self Learning,0,0,0,Not Started,Advanced,0,0,Jan
L005199,U118,08-09-2025,Data Analytics,Workshop,5.1,64.8,74.1,In Progress,Intermediate,12.70588235,0,Sep
L005200,U147,17-02-2025,ServiceNow,Self Learning,0.8,94.5,100,Completed,Intermediate,118.125,1,Feb
L005201,U085,18-07-2025,Machine Learning,Workshop,2.7,74.5,100,Completed,Intermediate,27.59259259,1,Jul
L005202,U028,18-05-2025,ServiceNow,Certification,1.3,85.2,100,Completed,Intermediate,65.53846154,1,May
L005203,U047,22-10-2025,Machine Learning,Self Learning,2.8,94.9,77.7,In Progress,Intermediate,33.89285714,0,Oct
L005204,U044,02-01-2025,Power BI,Certification,0,0,0,Not Started,Advanced,0,0,Jan
L005205,U116,12-10-2025,Java,Workshop,5,74.3,20,In Progress,Intermediate,14.86,0,Oct
L005206,U173,29-03-2025,Java,Certification,4.8,87.9,100,Completed,Advanced,18.3125,1,Mar
L005207,U133,29-09-2025,Java,Project,2.2,67.7,100,Completed,Beginner,30.77272727,1,Sep
L005208,U034,19-01-2025,Excel,Project,1.7,88.4,15.4,In Progress,Advanced,52,0,Jan
L005209,U153,19-02-2025,Power BI,Project,2.3,40.6,20.7,In Progress,Advanced,17.65217391,0,Feb
L005210,U192,27-05-2025,Python,Workshop,4,77.8,100,Completed,Intermediate,19.45,1,May
L005211,U089,29-01-2025,Java,Workshop,3.1,61.3,55.2,In Progress,Intermediate,19.77419355,0,Jan
L005212,U151,25-06-2025,Machine Learning,Project,4.7,78,100,Completed,Advanced,16.59574468,1,Jun
L005213,U181,29-11-2025,ServiceNow,Project,3.6,98.4,100,Completed,Advanced,27.33333333,1,Nov
L005214,U094,08-01-2025,Python,Workshop,3.8,99.5,39.1,In Progress,Advanced,26.18421053,0,Jan
L005215,U035,05-09-2025,Machine Learning,Self Learning,2.3,83.8,26.8,Dropped,Intermediate,36.43478261,0,Sep
L005216,U104,26-08-2025,Java,Workshop,5.5,47.3,93,In Progress,Advanced,8.6,0,Aug
L005217,U053,12-10-2025,Python,Certification,0,0,0,Not Started,Intermediate,0,0,Oct
L005218,U196,11-02-2025,ServiceNow,Certification,1.3,65.7,55.8,In Progress,Advanced,50.53846154,0,Feb
L005219,U021,19-08-2025,Communication,Project,1.1,83.7,54.4,Dropped,Advanced,76.09090909,0,Aug
L005220,U127,26-10-2025,Communication,Project,4.4,89.6,5.1,In Progress,Beginner,20.36363636,0,Oct
L005221,U163,18-02-2025,Data Analytics,Workshop,3.7,79,34.9,In Progress,Intermediate,21.35135135,0,Feb
L005222,U007,16-11-2025,Cloud,Self Learning,2,45.1,78.3,In Progress,Intermediate,22.55,0,Nov
L005223,U192,15-10-2025,Cloud,Workshop,2.9,61.8,41.2,In Progress,Beginner,21.31034483,0,Oct
L005224,U171,24-11-2025,ServiceNow,Workshop,2.2,50.1,37.5,Dropped,Advanced,22.77272727,0,Nov
L005225,U045,19-07-2025,Python,Self Learning,2.7,93.1,1,In Progress,Intermediate,34.48148148,0,Jul
L005226,U066,17-09-2025,Communication,Project,0.8,74.6,100,Completed,Advanced,93.25,1,Sep
L005227,U177,27-10-2025,Power BI,Project,3,95.9,79.5,In Progress,Intermediate,31.96666667,0,Oct
L005228,U115,16-06-2025,ServiceNow,Certification,0,0,0,Not Started,Beginner,0,0,Jun
L005229,U195,18-09-2025,ServiceNow,Self Learning,1.9,43.1,61.5,In Progress,Intermediate,22.68421053,0,Sep
L005230,U042,16-03-2025,SQL,Online Course,0,0,0,Not Started,Intermediate,0,0,Mar
L005231,U067,09-08-2025,Cloud,Self Learning,2.6,52.7,14.7,In Progress,Beginner,20.26923077,0,Aug
L005232,U161,25-03-2025,Machine Learning,Online Course,5.2,57,10,In Progress,Intermediate,10.96153846,0,Mar
L005233,U004,21-04-2025,Java,Online Course,5.8,56.4,17.4,In Progress,Beginner,9.724137931,0,Apr
L005234,U194,07-07-2025,Excel,Workshop,1.8,87.7,100,Completed,Beginner,48.72222222,1,Jul
L005235,U061,30-10-2025,Java,Project,2.2,57.2,10.2,In Progress,Beginner,26,0,Oct
L005236,U011,09-04-2025,Power BI,Workshop,3.9,90.3,100,Completed,Beginner,23.15384615,1,Apr
L005237,U012,22-10-2025,Python,Certification,5.6,98.6,74.7,In Progress,Intermediate,17.60714286,0,Oct
L005238,U008,12-12-2025,Cloud,Certification,0.7,41,5.4,In Progress,Intermediate,58.57142857,0,Dec
L005239,U029,15-03-2025,Communication,Online Course,4.8,96.7,100,Completed,Intermediate,20.14583333,1,Mar
L005240,U017,03-08-2025,Machine Learning,Certification,1.3,56.3,54,In Progress,Advanced,43.30769231,0,Aug
L005241,U187,12-11-2025,Power BI,Self Learning,4.1,78.8,100,Completed,Advanced,19.2195122,1,Nov
L005242,U186,12-12-2025,Machine Learning,Project,4.3,95.3,53.5,In Progress,Advanced,22.1627907,0,Dec
L005243,U144,16-08-2025,Communication,Online Course,3.5,54.2,75.5,In Progress,Advanced,15.48571429,0,Aug
L005244,U105,09-06-2025,Data Analytics,Self Learning,2.9,97.4,31.6,In Progress,Intermediate,33.5862069,0,Jun
L005245,U076,20-09-2025,Cloud,Project,5,97.5,16.7,In Progress,Advanced,19.5,0,Sep
L005246,U147,01-09-2025,Cloud,Online Course,0.7,95.3,100,Completed,Intermediate,136.1428571,1,Sep
L005247,U158,26-02-2025,Java,Project,4.6,76.7,20.2,In Progress,Intermediate,16.67391304,0,Feb
L005248,U146,10-03-2025,Excel,Online Course,5.3,79.8,100,Completed,Advanced,15.05660377,1,Mar
L005249,U065,01-07-2025,Communication,Certification,5.3,87.5,100,Completed,Advanced,16.50943396,1,Jul
L005250,U144,29-10-2025,Communication,Workshop,2.3,76.7,49.3,In Progress,Intermediate,33.34782609,0,Oct
L005251,U165,01-04-2025,Excel,Self Learning,1,96.7,100,Completed,Beginner,96.7,1,Apr
L005252,U134,28-08-2025,Data Analytics,Project,4.4,88,61,In Progress,Advanced,20,0,Aug
L005253,U072,11-09-2025,SQL,Project,0,0,0,Not Started,Intermediate,0,0,Sep
L005254,U190,27-05-2025,Java,Project,5.6,75.2,100,Completed,Beginner,13.42857143,1,May
L005255,U110,21-03-2025,Data Analytics,Self Learning,4.2,62.6,22,In Progress,Beginner,14.9047619,0,Mar
L005256,U107,10-09-2025,ServiceNow,Online Course,4.6,83.5,100,Completed,Intermediate,18.15217391,1,Sep
L005257,U159,14-09-2025,Communication,Online Course,5.3,80.3,82.8,In Progress,Advanced,15.1509434,0,Sep
L005258,U190,25-09-2025,Python,Online Course,0.9,94.2,100,Completed,Advanced,104.6666667,1,Sep
L005259,U040,15-08-2025,Data Analytics,Self Learning,0.9,91.1,22.9,In Progress,Beginner,101.2222222,0,Aug
L005260,U001,14-06-2025,ServiceNow,Self Learning,4.3,83.5,100,Completed,Intermediate,19.41860465,1,Jun
L005261,U176,23-04-2025,Python,Project,0.7,99.5,77.4,In Progress,Advanced,142.1428571,0,Apr
L005262,U158,20-04-2025,Cloud,Project,0.8,60,51.1,In Progress,Beginner,75,0,Apr
L005263,U030,05-03-2025,Excel,Online Course,1.4,42.6,54.3,In Progress,Beginner,30.42857143,0,Mar
L005264,U137,09-09-2025,Data Analytics,Self Learning,3.8,95.1,100,Completed,Advanced,25.02631579,1,Sep
L005265,U174,15-12-2025,Cloud,Self Learning,2.9,68.5,100,Completed,Advanced,23.62068966,1,Dec
L005266,U089,29-11-2025,Power BI,Self Learning,5.6,78.4,71.8,In Progress,Beginner,14,0,Nov
L005267,U081,26-09-2025,ServiceNow,Self Learning,5.7,92,100,Completed,Beginner,16.14035088,1,Sep
L005268,U172,21-08-2025,Communication,Workshop,1,92.2,100,Completed,Advanced,92.2,1,Aug
L005269,U115,05-08-2025,Java,Certification,0,0,0,Not Started,Advanced,0,0,Aug
L005270,U048,09-04-2025,Excel,Project,2.9,59.8,66.8,In Progress,Intermediate,20.62068966,0,Apr
L005271,U192,31-07-2025,Cloud,Project,1.2,64.5,66.2,In Progress,Advanced,53.75,0,Jul
L005272,U003,09-01-2025,ServiceNow,Workshop,3.5,89.2,99.3,In Progress,Intermediate,25.48571429,0,Jan
L005273,U043,03-07-2025,Excel,Workshop,1.6,60.7,93.1,In Progress,Intermediate,37.9375,0,Jul
L005274,U099,22-03-2025,ServiceNow,Certification,5.5,57.8,7,In Progress,Advanced,10.50909091,0,Mar
L005275,U187,05-03-2025,Machine Learning,Project,1.6,69.6,92.1,In Progress,Beginner,43.5,0,Mar
L005276,U122,13-03-2025,Excel,Online Course,4.9,44.8,22,In Progress,Beginner,9.142857143,0,Mar
L005277,U138,28-02-2025,Machine Learning,Project,1.4,94.3,100,Completed,Beginner,67.35714286,1,Feb
L005278,U001,02-09-2025,Power BI,Certification,3.5,92.4,53.4,In Progress,Beginner,26.4,0,Sep
L005279,U083,30-05-2025,SQL,Certification,4.2,66.2,25.7,In Progress,Beginner,15.76190476,0,May
L005280,U124,11-04-2025,Machine Learning,Workshop,0,0,0,Not Started,Intermediate,0,0,Apr
L005281,U083,12-12-2025,Power BI,Workshop,0,0,0,Not Started,Advanced,0,0,Dec
L005282,U128,14-11-2025,ServiceNow,Project,3.4,46.3,66.7,In Progress,Beginner,13.61764706,0,Nov
L005283,U039,16-01-2025,Power BI,Online Course,6,78.3,100,Completed,Intermediate,13.05,1,Jan
L005284,U192,24-10-2025,Power BI,Workshop,0,0,0,Not Started,Intermediate,0,0,Oct
L005285,U038,30-01-2025,Java,Online Course,5.7,80.3,100,Completed,Advanced,14.0877193,1,Jan
L005286,U110,05-10-2025,Cloud,Online Course,1.4,72.4,85.5,In Progress,Advanced,51.71428571,0,Oct
L005287,U105,09-12-2025,Excel,Project,0.8,87.6,29.2,In Progress,Intermediate,109.5,0,Dec
L005288,U122,17-10-2025,Java,Workshop,2.1,98.9,100,Completed,Beginner,47.0952381,1,Oct
L005289,U096,03-03-2025,Machine Learning,Online Course,1.3,72.9,77.3,In Progress,Intermediate,56.07692308,0,Mar
L005290,U098,11-06-2025,Communication,Workshop,2.6,43.5,23,Dropped,Beginner,16.73076923,0,Jun
L005291,U068,31-08-2025,Machine Learning,Online Course,0.8,50.8,66.9,In Progress,Intermediate,63.5,0,Aug
L005292,U038,21-07-2025,SQL,Workshop,0.7,45,13.2,In Progress,Intermediate,64.28571429,0,Jul
L005293,U021,20-12-2025,Java,Self Learning,3.8,77,100,Completed,Beginner,20.26315789,1,Dec
L005294,U192,03-04-2025,Java,Self Learning,2,74.4,56.7,In Progress,Advanced,37.2,0,Apr
L005295,U124,20-08-2025,Machine Learning,Online Course,0.7,81.6,100,Completed,Intermediate,116.5714286,1,Aug
L005296,U088,18-09-2025,Cloud,Self Learning,5.8,56.3,21.5,In Progress,Beginner,9.706896552,0,Sep
L005297,U138,18-10-2025,Power BI,Self Learning,4.8,89.1,4.7,In Progress,Advanced,18.5625,0,Oct
L005298,U152,02-08-2025,Java,Workshop,3.7,88.6,100,Completed,Beginner,23.94594595,1,Aug
L005299,U142,30-12-2025,Excel,Project,5.8,80.8,100,Completed,Beginner,13.93103448,1,Dec
L005300,U169,08-03-2025,Cloud,Certification,1.7,64.4,75.3,In Progress,Intermediate,37.88235294,0,Mar
L005301,U136,18-12-2025,ServiceNow,Workshop,4,93.9,59.6,In Progress,Beginner,23.475,0,Dec
L005302,U096,21-09-2025,Machine Learning,Online Course,0.8,78.5,13.3,In Progress,Beginner,98.125,0,Sep
L005303,U198,17-04-2025,Excel,Workshop,5,79.9,100,Completed,Advanced,15.98,1,Apr
L005304,U034,24-04-2025,Power BI,Workshop,1,57.9,83.3,In Progress,Intermediate,57.9,0,Apr
L005305,U173,22-11-2025,Python,Online Course,0,0,0,Not Started,Advanced,0,0,Nov
L005306,U010,26-09-2025,Python,Workshop,1,91.6,40.3,In Progress,Advanced,91.6,0,Sep
L005307,U063,16-11-2025,ServiceNow,Project,5.3,56.5,81.4,In Progress,Beginner,10.66037736,0,Nov
L005308,U183,26-12-2025,Power BI,Self Learning,1.9,87.2,100,Completed,Beginner,45.89473684,1,Dec
L005309,U177,05-08-2025,Power BI,Online Course,4.9,57.5,37.6,In Progress,Beginner,11.73469388,0,Aug
L005310,U102,20-06-2025,Data Analytics,Project,5.5,76.1,100,Completed,Intermediate,13.83636364,1,Jun
L005311,U126,05-10-2025,ServiceNow,Workshop,0,0,0,Not Started,Beginner,0,0,Oct
L005312,U195,08-03-2025,SQL,Project,5.7,53.2,74.8,In Progress,Advanced,9.333333333,0,Mar
L005313,U164,14-07-2025,Power BI,Online Course,5.4,94.9,100,Completed,Beginner,17.57407407,1,Jul
L005314,U016,04-11-2025,SQL,Project,2,77.9,53.9,In Progress,Intermediate,38.95,0,Nov
L005315,U179,25-09-2025,Cloud,Workshop,1,46.5,4.1,In Progress,Beginner,46.5,0,Sep
L005316,U047,21-07-2025,ServiceNow,Project,2.6,82.1,100,Completed,Intermediate,31.57692308,1,Jul
L005317,U197,28-05-2025,Excel,Certification,3.3,59.6,34,In Progress,Advanced,18.06060606,0,May
L005318,U132,13-10-2025,Cloud,Certification,3.1,94.4,27.9,In Progress,Advanced,30.4516129,0,Oct
L005319,U013,25-09-2025,Python,Certification,4,44.8,62.3,In Progress,Beginner,11.2,0,Sep
L005320,U015,09-07-2025,SQL,Certification,3.1,40.7,48.7,Dropped,Intermediate,13.12903226,0,Jul
L005321,U127,18-08-2025,Power BI,Workshop,2.7,94.5,99.6,In Progress,Advanced,35,0,Aug
L005322,U134,11-10-2025,ServiceNow,Workshop,5,75.7,22.3,In Progress,Beginner,15.14,0,Oct
L005323,U034,13-08-2025,Machine Learning,Workshop,1.9,80.1,100,Completed,Intermediate,42.15789474,1,Aug
L005324,U040,29-01-2025,SQL,Certification,5.8,90.7,61,In Progress,Beginner,15.63793103,0,Jan
L005325,U156,26-11-2025,Java,Certification,5.3,55.4,45.7,In Progress,Intermediate,10.45283019,0,Nov
L005326,U047,06-08-2025,Data Analytics,Self Learning,1.3,90,30.7,In Progress,Beginner,69.23076923,0,Aug
L005327,U124,05-05-2025,Java,Workshop,0,0,0,Not Started,Beginner,0,0,May
L005328,U179,09-03-2025,Python,Project,4.3,43.9,5.4,In Progress,Advanced,10.20930233,0,Mar
L005329,U107,07-07-2025,ServiceNow,Workshop,0.8,65.5,100,Completed,Intermediate,81.875,1,Jul
L005330,U101,07-08-2025,Machine Learning,Online Course,4.3,79.3,82.9,In Progress,Advanced,18.44186047,0,Aug
L005331,U015,04-09-2025,Cloud,Workshop,4.1,57.1,33.9,Dropped,Advanced,13.92682927,0,Sep
L005332,U089,30-12-2025,Excel,Self Learning,2.1,74,71.5,In Progress,Advanced,35.23809524,0,Dec
L005333,U101,06-04-2025,SQL,Online Course,3.2,70.9,22,Dropped,Advanced,22.15625,0,Apr
L005334,U171,25-01-2025,SQL,Online Course,0,0,0,Not Started,Intermediate,0,0,Jan
L005335,U103,15-08-2025,SQL,Self Learning,1.3,97.4,100,Completed,Advanced,74.92307692,1,Aug
L005336,U171,02-03-2025,Python,Workshop,4.8,72.2,100,Completed,Advanced,15.04166667,1,Mar
L005337,U084,19-10-2025,Cloud,Project,5.2,87.6,10.1,In Progress,Beginner,16.84615385,0,Oct
L005338,U057,02-07-2025,Python,Online Course,4.8,62.5,45.4,In Progress,Beginner,13.02083333,0,Jul
L005339,U120,25-02-2025,Power BI,Certification,5.1,92.8,75.9,In Progress,Beginner,18.19607843,0,Feb
L005340,U037,24-08-2025,ServiceNow,Project,2.8,95,72.1,In Progress,Intermediate,33.92857143,0,Aug
L005341,U064,19-03-2025,Java,Online Course,5.8,45.3,68,In Progress,Intermediate,7.810344828,0,Mar
L005342,U025,21-04-2025,Excel,Workshop,3.1,51.2,38.3,In Progress,Advanced,16.51612903,0,Apr
L005343,U158,16-01-2025,Cloud,Workshop,1.4,82.6,86.7,In Progress,Intermediate,59,0,Jan
L005344,U122,21-03-2025,Communication,Project,4.6,72,43.1,In Progress,Beginner,15.65217391,0,Mar
L005345,U039,11-06-2025,Cloud,Workshop,1.1,90.2,100,Completed,Intermediate,82,1,Jun
L005346,U038,14-11-2025,Data Analytics,Project,0,0,0,Not Started,Beginner,0,0,Nov
L005347,U039,13-03-2025,Python,Online Course,2.7,76.3,100,Completed,Beginner,28.25925926,1,Mar
L005348,U183,13-06-2025,Cloud,Self Learning,5.4,46.3,78.2,In Progress,Intermediate,8.574074074,0,Jun
L005349,U106,22-09-2025,Data Analytics,Workshop,0.5,69.6,100,Completed,Beginner,139.2,1,Sep
L005350,U048,02-01-2025,Excel,Project,5.7,51.4,57.4,In Progress,Intermediate,9.01754386,0,Jan
L005351,U010,21-12-2025,Power BI,Workshop,4.3,84.8,100,Completed,Intermediate,19.72093023,1,Dec
L005352,U192,09-02-2025,Data Analytics,Self Learning,0.8,95.8,100,Completed,Beginner,119.75,1,Feb
L005353,U022,07-07-2025,Power BI,Self Learning,5,42.7,95.8,In Progress,Advanced,8.54,0,Jul
L005354,U078,26-05-2025,Cloud,Certification,4.8,68.7,100,Completed,Intermediate,14.3125,1,May
L005355,U156,13-05-2025,Cloud,Self Learning,2.4,61.4,77.4,In Progress,Beginner,25.58333333,0,May
L005356,U196,03-12-2025,Communication,Workshop,3,66.2,86.5,In Progress,Advanced,22.06666667,0,Dec
L005357,U022,30-12-2025,Excel,Project,5.2,71.1,20.9,In Progress,Beginner,13.67307692,0,Dec
L005358,U047,30-12-2025,Power BI,Self Learning,1,97.3,100,Completed,Advanced,97.3,1,Dec
L005359,U070,14-09-2025,Machine Learning,Workshop,2.5,67.2,14.6,In Progress,Intermediate,26.88,0,Sep
L005360,U082,09-02-2025,Communication,Self Learning,4.1,69.1,100,Completed,Advanced,16.85365854,1,Feb
L005361,U090,21-04-2025,Excel,Project,5.9,65.2,100,Completed,Beginner,11.05084746,1,Apr
L005362,U086,07-09-2025,Python,Workshop,3.6,81.7,100,Completed,Intermediate,22.69444444,1,Sep
L005363,U099,01-04-2025,Power BI,Workshop,2.8,61.1,93.3,In Progress,Intermediate,21.82142857,0,Apr
L005364,U127,29-09-2025,ServiceNow,Project,5.6,91.3,49.8,In Progress,Advanced,16.30357143,0,Sep
L005365,U175,16-09-2025,Communication,Self Learning,1.5,70.1,100,Completed,Intermediate,46.73333333,1,Sep
L005366,U031,19-02-2025,Java,Certification,3.4,59.1,71.6,In Progress,Intermediate,17.38235294,0,Feb
L005367,U092,28-06-2025,SQL,Project,4.5,90.8,69.7,In Progress,Intermediate,20.17777778,0,Jun
L005368,U173,15-07-2025,Communication,Self Learning,4.6,93,8.9,In Progress,Advanced,20.2173913,0,Jul
L005369,U155,07-11-2025,Communication,Project,0,0,0,Not Started,Intermediate,0,0,Nov
L005370,U015,02-12-2025,Data Analytics,Certification,0.5,94.3,6.6,In Progress,Intermediate,188.6,0,Dec
L005371,U126,16-09-2025,Python,Workshop,6,97.6,20.7,Dropped,Intermediate,16.26666667,0,Sep
L005372,U104,10-11-2025,Excel,Workshop,2.5,78.5,3.8,In Progress,Advanced,31.4,0,Nov
L005373,U128,23-06-2025,SQL,Self Learning,2.5,53.5,59.2,In Progress,Beginner,21.4,0,Jun
L005374,U042,21-09-2025,SQL,Self Learning,4.9,89,24.3,Dropped,Intermediate,18.16326531,0,Sep
L005375,U186,12-04-2025,ServiceNow,Self Learning,4.3,68.1,100,Completed,Advanced,15.8372093,1,Apr
L005376,U068,24-06-2025,Cloud,Project,5.2,71.6,1.5,In Progress,Beginner,13.76923077,0,Jun
L005377,U025,09-07-2025,Java,Online Course,6,90.1,100,Completed,Advanced,15.01666667,1,Jul
L005378,U152,26-01-2025,Power BI,Project,3.9,60.3,94.7,In Progress,Advanced,15.46153846,0,Jan
L005379,U024,01-05-2025,Data Analytics,Project,3.7,80.1,12.8,In Progress,Advanced,21.64864865,0,May
L005380,U005,05-12-2025,SQL,Online Course,5.5,67.5,49.2,In Progress,Advanced,12.27272727,0,Dec
L005381,U118,11-03-2025,Java,Certification,0,0,0,Not Started,Advanced,0,0,Mar
L005382,U047,21-08-2025,ServiceNow,Project,4.2,73,100,Completed,Beginner,17.38095238,1,Aug
L005383,U192,10-04-2025,ServiceNow,Workshop,1.1,71.6,100,Completed,Beginner,65.09090909,1,Apr
L005384,U050,31-07-2025,ServiceNow,Certification,5.7,59.5,57.8,In Progress,Intermediate,10.43859649,0,Jul
L005385,U104,22-04-2025,SQL,Workshop,2.6,82.8,30.6,Dropped,Intermediate,31.84615385,0,Apr
L005386,U144,07-10-2025,Communication,Workshop,5.6,86.1,32.2,In Progress,Beginner,15.375,0,Oct
L005387,U007,16-03-2025,SQL,Certification,0,0,0,Not Started,Intermediate,0,0,Mar
L005388,U023,04-11-2025,Data Analytics,Online Course,4,75.3,5.5,In Progress,Beginner,18.825,0,Nov
L005389,U124,15-05-2025,Python,Online Course,5,78.7,100,Completed,Intermediate,15.74,1,May
L005390,U129,07-10-2025,Data Analytics,Certification,1.9,72.2,81.7,In Progress,Advanced,38,0,Oct
L005391,U032,21-09-2025,Data Analytics,Online Course,4.9,69.9,43.9,In Progress,Beginner,14.26530612,0,Sep
L005392,U174,20-08-2025,Data Analytics,Online Course,2,92.6,100,Completed,Intermediate,46.3,1,Aug
L005393,U050,13-08-2025,Power BI,Workshop,2.8,49.8,28.4,In Progress,Intermediate,17.78571429,0,Aug
L005394,U062,04-02-2025,Python,Self Learning,0,0,0,Not Started,Advanced,0,0,Feb
L005395,U094,29-05-2025,ServiceNow,Certification,2.8,56.9,39.3,In Progress,Intermediate,20.32142857,0,May
L005396,U199,17-05-2025,Cloud,Online Course,1.5,71.2,64.3,In Progress,Beginner,47.46666667,0,May
L005397,U089,12-08-2025,Cloud,Certification,4.5,91.6,100,Completed,Intermediate,20.35555556,1,Aug
L005398,U105,01-08-2025,SQL,Certification,2.3,73.6,20.8,Dropped,Intermediate,32,0,Aug
L005399,U140,13-02-2025,Machine Learning,Self Learning,5.5,58.3,29.3,In Progress,Beginner,10.6,0,Feb
L005400,U188,21-03-2025,SQL,Online Course,1.6,96.6,0.3,In Progress,Intermediate,60.375,0,Mar
L005401,U049,01-04-2025,ServiceNow,Online Course,2.5,87.8,100,Completed,Intermediate,35.12,1,Apr
L005402,U150,11-10-2025,Excel,Self Learning,0,0,0,Not Started,Intermediate,0,0,Oct
L005403,U162,13-07-2025,Machine Learning,Online Course,4.6,95.3,47.2,In Progress,Intermediate,20.7173913,0,Jul
L005404,U111,20-06-2025,Excel,Certification,5.8,45.9,10.1,Dropped,Intermediate,7.913793103,0,Jun
L005405,U103,28-06-2025,ServiceNow,Project,0,0,0,Not Started,Advanced,0,0,Jun
L005406,U018,19-12-2025,Cloud,Certification,4.7,58.6,54.7,Dropped,Intermediate,12.46808511,0,Dec
L005407,U081,04-09-2025,Cloud,Workshop,0,0,0,Not Started,Intermediate,0,0,Sep
L005408,U095,28-03-2025,Machine Learning,Online Course,5.7,98.4,12.7,In Progress,Beginner,17.26315789,0,Mar
L005409,U016,23-04-2025,Java,Certification,2.6,89.9,53.7,In Progress,Beginner,34.57692308,0,Apr
L005410,U119,07-04-2025,Python,Workshop,4.8,60,32.3,In Progress,Advanced,12.5,0,Apr
L005411,U143,04-03-2025,Cloud,Online Course,3.8,63.1,94.1,In Progress,Intermediate,16.60526316,0,Mar
L005412,U157,18-07-2025,Data Analytics,Workshop,0.9,70.2,64,In Progress,Advanced,78,0,Jul
L005413,U162,10-10-2025,Data Analytics,Project,3.3,67.8,100,Completed,Beginner,20.54545455,1,Oct
L005414,U094,15-10-2025,Excel,Self Learning,2.1,75.3,100,Completed,Advanced,35.85714286,1,Oct
L005415,U006,09-04-2025,Communication,Certification,1.8,84.9,40.7,In Progress,Advanced,47.16666667,0,Apr
L005416,U156,10-05-2025,ServiceNow,Certification,5.7,76.6,100,Completed,Intermediate,13.43859649,1,May
L005417,U134,27-07-2025,Power BI,Certification,0,0,0,Not Started,Beginner,0,0,Jul
L005418,U025,20-04-2025,SQL,Self Learning,4.2,89.3,91.4,In Progress,Advanced,21.26190476,0,Apr
L005419,U120,17-04-2025,Java,Project,3,88.3,100,Completed,Advanced,29.43333333,1,Apr
L005420,U190,01-05-2025,Java,Self Learning,1,90.3,79,In Progress,Intermediate,90.3,0,May
L005421,U051,04-12-2025,Machine Learning,Self Learning,2.5,73.3,100,Completed,Intermediate,29.32,1,Dec
L005422,U048,27-09-2025,Data Analytics,Project,1.4,70.7,100,Completed,Advanced,50.5,1,Sep
L005423,U084,25-04-2025,Data Analytics,Certification,0.7,61,38.6,In Progress,Advanced,87.14285714,0,Apr
L005424,U146,06-08-2025,ServiceNow,Self Learning,2.6,47.4,65.6,Dropped,Beginner,18.23076923,0,Aug
L005425,U020,23-05-2025,Cloud,Self Learning,0.9,70.1,100,Completed,Advanced,77.88888889,1,May
L005426,U129,03-03-2025,Python,Certification,2.4,78,100,Completed,Intermediate,32.5,1,Mar
L005427,U002,02-02-2025,Excel,Workshop,0,0,0,Not Started,Intermediate,0,0,Feb
L005428,U115,01-02-2025,ServiceNow,Project,5.7,76.8,100,Completed,Beginner,13.47368421,1,Feb
L005429,U180,08-07-2025,Excel,Self Learning,1.2,80.3,45.6,In Progress,Beginner,66.91666667,0,Jul
L005430,U097,31-12-2025,Communication,Certification,2,71.5,90.5,In Progress,Intermediate,35.75,0,Dec
L005431,U172,19-02-2025,Java,Workshop,3.5,64.9,77.7,In Progress,Beginner,18.54285714,0,Feb
L005432,U060,09-05-2025,Excel,Online Course,0.6,88.9,100,Completed,Intermediate,148.1666667,1,May
L005433,U057,17-07-2025,Power BI,Self Learning,0,0,0,Not Started,Advanced,0,0,Jul
L005434,U060,23-01-2025,Python,Certification,3,75.3,13.8,In Progress,Intermediate,25.1,0,Jan
L005435,U154,21-05-2025,ServiceNow,Project,1.4,82.4,76.8,In Progress,Intermediate,58.85714286,0,May
L005436,U022,23-05-2025,Python,Online Course,2.5,76.8,83.5,In Progress,Advanced,30.72,0,May
L005437,U079,09-07-2025,Excel,Online Course,1.8,94.3,100,Completed,Beginner,52.38888889,1,Jul
L005438,U092,23-02-2025,Python,Online Course,5.1,50.9,67.3,Dropped,Intermediate,9.980392157,0,Feb
L005439,U018,16-01-2025,Power BI,Online Course,1.5,78.1,100,Completed,Advanced,52.06666667,1,Jan
L005440,U014,25-08-2025,ServiceNow,Workshop,4.8,72,100,Completed,Advanced,15,1,Aug
L005441,U101,22-02-2025,Java,Workshop,2.2,95,45.1,In Progress,Beginner,43.18181818,0,Feb
L005442,U063,23-06-2025,ServiceNow,Certification,3.3,61.6,25.9,In Progress,Advanced,18.66666667,0,Jun
L005443,U149,14-10-2025,Machine Learning,Certification,2,92.4,100,Completed,Intermediate,46.2,1,Oct
L005444,U152,05-05-2025,Python,Project,1.8,79,66.1,In Progress,Intermediate,43.88888889,0,May
L005445,U007,28-01-2025,Java,Certification,2.9,81.4,100,Completed,Intermediate,28.06896552,1,Jan
L005446,U074,02-01-2025,Java,Self Learning,2.4,84.8,28.2,In Progress,Beginner,35.33333333,0,Jan
L005447,U037,31-07-2025,Machine Learning,Self Learning,1.5,54.2,91.9,In Progress,Advanced,36.13333333,0,Jul
L005448,U055,08-02-2025,ServiceNow,Project,3,99.3,60.2,In Progress,Advanced,33.1,0,Feb
L005449,U043,12-03-2025,Data Analytics,Online Course,4.5,59,61.7,In Progress,Advanced,13.11111111,0,Mar
L005450,U168,02-09-2025,Excel,Online Course,5.5,81.9,100,Completed,Advanced,14.89090909,1,Sep
L005451,U134,31-05-2025,Python,Online Course,5.2,64,25.9,In Progress,Beginner,12.30769231,0,May
L005452,U157,12-11-2025,Cloud,Project,4.8,72.1,100,Completed,Intermediate,15.02083333,1,Nov
L005453,U091,18-08-2025,Excel,Certification,3.4,62.2,59.4,In Progress,Advanced,18.29411765,0,Aug
L005454,U080,26-07-2025,Python,Online Course,4.5,58.6,39.6,In Progress,Beginner,13.02222222,0,Jul
L005455,U116,27-12-2025,SQL,Self Learning,5.2,40.6,69.6,In Progress,Advanced,7.807692308,0,Dec
L005456,U112,19-07-2025,Machine Learning,Certification,4.9,95.7,29.8,In Progress,Beginner,19.53061224,0,Jul
L005457,U068,04-11-2025,Python,Workshop,3,69.4,100,Completed,Intermediate,23.13333333,1,Nov
L005458,U096,10-07-2025,Data Analytics,Workshop,3,54.8,36.4,In Progress,Beginner,18.26666667,0,Jul
L005459,U174,19-02-2025,Machine Learning,Workshop,4.9,70.9,100,Completed,Beginner,14.46938776,1,Feb
L005460,U034,02-03-2025,Excel,Certification,0,0,0,Not Started,Beginner,0,0,Mar
L005461,U121,23-07-2025,Cloud,Certification,1.9,56.8,58.9,In Progress,Intermediate,29.89473684,0,Jul
L005462,U126,09-07-2025,SQL,Self Learning,3.8,42.1,99.9,In Progress,Advanced,11.07894737,0,Jul
L005463,U040,06-01-2025,Java,Online Course,0,0,0,Not Started,Beginner,0,0,Jan
L005464,U092,03-09-2025,Python,Self Learning,2.5,70.2,22.5,Dropped,Intermediate,28.08,0,Sep
L005465,U058,26-05-2025,Java,Certification,3.1,82,31.2,In Progress,Beginner,26.4516129,0,May
L005466,U072,02-08-2025,Communication,Online Course,1.6,80.3,100,Completed,Beginner,50.1875,1,Aug
L005467,U195,12-06-2025,Power BI,Online Course,3.5,50.7,10.5,In Progress,Beginner,14.48571429,0,Jun
L005468,U085,14-08-2025,Excel,Workshop,2,84.8,36.4,Dropped,Intermediate,42.4,0,Aug
L005469,U110,24-10-2025,Cloud,Project,1.1,84.1,100,Completed,Intermediate,76.45454545,1,Oct
L005470,U019,17-11-2025,Machine Learning,Online Course,4,59.9,19.3,In Progress,Intermediate,14.975,0,Nov
L005471,U076,18-05-2025,Machine Learning,Workshop,6,52,21.6,In Progress,Advanced,8.666666667,0,May
L005472,U113,13-12-2025,Data Analytics,Certification,4.8,73.2,32.2,In Progress,Advanced,15.25,0,Dec
L005473,U167,08-12-2025,ServiceNow,Self Learning,2.8,96.4,13,In Progress,Beginner,34.42857143,0,Dec
L005474,U007,28-01-2025,Data Analytics,Project,1.8,85.1,96.7,In Progress,Advanced,47.27777778,0,Jan
L005475,U176,11-12-2025,Java,Workshop,4.9,93.1,100,Completed,Beginner,19,1,Dec
L005476,U085,25-08-2025,Excel,Certification,3.6,73.1,35.9,Dropped,Advanced,20.30555556,0,Aug
L005477,U021,25-10-2025,SQL,Project,1.8,85,92.4,In Progress,Intermediate,47.22222222,0,Oct
L005478,U110,28-02-2025,Machine Learning,Certification,0,0,0,Not Started,Advanced,0,0,Feb
L005479,U068,23-03-2025,Data Analytics,Certification,0,0,0,Not Started,Beginner,0,0,Mar
L005480,U123,09-03-2025,ServiceNow,Online Course,3.3,85,68.5,Dropped,Advanced,25.75757576,0,Mar
L005481,U181,13-09-2025,Data Analytics,Self Learning,5.3,55.3,28.3,Dropped,Intermediate,10.43396226,0,Sep
L005482,U195,25-11-2025,Communication,Self Learning,4.1,78.7,100,Completed,Advanced,19.19512195,1,Nov
L005483,U073,07-11-2025,ServiceNow,Project,3.7,52.8,77.9,In Progress,Advanced,14.27027027,0,Nov
L005484,U018,10-10-2025,Excel,Online Course,0,0,0,Not Started,Intermediate,0,0,Oct
L005485,U014,10-06-2025,Communication,Certification,2.2,66.1,65,In Progress,Beginner,30.04545455,0,Jun
L005486,U032,17-07-2025,Power BI,Self Learning,0,0,0,Not Started,Intermediate,0,0,Jul
L005487,U180,30-06-2025,Cloud,Workshop,5.7,65,52.2,In Progress,Intermediate,11.40350877,0,Jun
L005488,U054,23-05-2025,Machine Learning,Self Learning,3.1,96.8,45.3,In Progress,Beginner,31.22580645,0,May
L005489,U114,03-04-2025,Data Analytics,Certification,3.7,40.5,63.9,Dropped,Advanced,10.94594595,0,Apr
L005490,U035,08-11-2025,Power BI,Certification,1.9,56.9,86,In Progress,Intermediate,29.94736842,0,Nov
L005491,U186,02-12-2025,Power BI,Online Course,4.2,91.4,100,Completed,Advanced,21.76190476,1,Dec
L005492,U072,04-07-2025,Excel,Project,2.6,61.2,83.6,In Progress,Intermediate,23.53846154,0,Jul
L005493,U131,22-08-2025,Machine Learning,Workshop,4.4,84.1,58.4,In Progress,Advanced,19.11363636,0,Aug
L005494,U119,23-07-2025,Power BI,Project,5.2,84.2,73.8,In Progress,Advanced,16.19230769,0,Jul
L005495,U194,14-06-2025,SQL,Certification,5.4,63.6,21,Dropped,Advanced,11.77777778,0,Jun
L005496,U017,27-10-2025,SQL,Workshop,0.9,76.3,100,Completed,Intermediate,84.77777778,1,Oct
L005497,U032,07-11-2025,Data Analytics,Project,3.4,60.4,21.8,In Progress,Advanced,17.76470588,0,Nov
L005498,U092,22-10-2025,Communication,Certification,4.3,67.8,100,Completed,Advanced,15.76744186,1,Oct
L005499,U107,20-06-2025,Cloud,Project,0.6,89.4,100,Completed,Advanced,149,1,Jun
L005500,U195,07-07-2025,Java,Workshop,2.3,76.1,97.5,In Progress,Advanced,33.08695652,0,Jul
L005501,U080,07-02-2025,Data Analytics,Certification,0,0,0,Not Started,Intermediate,0,0,Feb
L005502,U118,11-03-2025,Machine Learning,Project,3.5,45.6,16.1,In Progress,Advanced,13.02857143,0,Mar
L005503,U154,01-06-2025,Communication,Workshop,0,0,0,Not Started,Advanced,0,0,Jun
L005504,U025,30-08-2025,Power BI,Certification,0.7,74.1,100,Completed,Advanced,105.8571429,1,Aug
L005505,U009,27-07-2025,Machine Learning,Workshop,0,0,0,Not Started,Beginner,0,0,Jul
L005506,U108,12-04-2025,Java,Online Course,1.9,72.8,100,Completed,Beginner,38.31578947,1,Apr
L005507,U044,07-12-2025,Communication,Certification,2.1,81,100,Completed,Beginner,38.57142857,1,Dec
L005508,U071,08-10-2025,Power BI,Self Learning,0,0,0,Not Started,Advanced,0,0,Oct
L005509,U147,09-07-2025,Java,Project,5.7,68.4,36.7,In Progress,Advanced,12,0,Jul
L005510,U126,12-08-2025,Cloud,Workshop,2.4,90.8,100,Completed,Beginner,37.83333333,1,Aug
L005511,U184,31-10-2025,SQL,Online Course,4.6,77.2,100,Completed,Advanced,16.7826087,1,Oct
L005512,U019,30-06-2025,Excel,Certification,3,69.7,88.2,In Progress,Beginner,23.23333333,0,Jun
L005513,U144,22-01-2025,Communication,Project,1.4,58.4,78.8,In Progress,Beginner,41.71428571,0,Jan
L005514,U174,27-09-2025,Python,Self Learning,1.8,44.9,98.3,In Progress,Advanced,24.94444444,0,Sep
L005515,U199,05-11-2025,SQL,Workshop,0,0,0,Not Started,Intermediate,0,0,Nov
L005516,U023,01-09-2025,Data Analytics,Online Course,0,0,0,Not Started,Beginner,0,0,Sep
L005517,U051,12-02-2025,Communication,Project,4.4,64.8,30.3,In Progress,Beginner,14.72727273,0,Feb
L005518,U191,20-02-2025,Java,Online Course,2.3,78.2,59.7,In Progress,Intermediate,34,0,Feb
L005519,U157,30-05-2025,Power BI,Online Course,4.7,95,16.9,In Progress,Advanced,20.21276596,0,May
L005520,U195,03-12-2025,Python,Workshop,4.6,88.2,100,Completed,Intermediate,19.17391304,1,Dec
L005521,U069,22-10-2025,Python,Self Learning,0.9,94.2,100,Completed,Advanced,104.6666667,1,Oct
L005522,U074,18-06-2025,SQL,Workshop,1.2,51.8,32.4,In Progress,Intermediate,43.16666667,0,Jun
L005523,U007,26-09-2025,Excel,Online Course,0.7,95,100,Completed,Advanced,135.7142857,1,Sep
L005524,U096,17-07-2025,ServiceNow,Workshop,1.2,87.6,31.8,In Progress,Beginner,73,0,Jul
L005525,U160,05-07-2025,Communication,Certification,2.6,75,100,Completed,Advanced,28.84615385,1,Jul
L005526,U115,15-12-2025,ServiceNow,Self Learning,1.9,73.6,100,Completed,Beginner,38.73684211,1,Dec
L005527,U059,25-05-2025,Java,Certification,2.7,47.3,96,In Progress,Advanced,17.51851852,0,May
L005528,U083,25-07-2025,Java,Self Learning,6,55.3,73.5,In Progress,Intermediate,9.216666667,0,Jul
L005529,U134,26-12-2025,Power BI,Project,1.4,61.9,52,In Progress,Advanced,44.21428571,0,Dec
L005530,U044,28-01-2025,Machine Learning,Certification,1.6,84,10,In Progress,Beginner,52.5,0,Jan
L005531,U040,16-08-2025,Cloud,Project,0,0,0,Not Started,Beginner,0,0,Aug
L005532,U144,11-09-2025,Data Analytics,Certification,2.7,74,100,Completed,Advanced,27.40740741,1,Sep
L005533,U134,08-11-2025,Data Analytics,Project,1.6,82.9,100,Completed,Advanced,51.8125,1,Nov
L005534,U189,27-04-2025,SQL,Self Learning,0,0,0,Not Started,Advanced,0,0,Apr
L005535,U129,31-10-2025,Cloud,Project,4.6,79.5,47.3,In Progress,Intermediate,17.2826087,0,Oct
L005536,U106,21-06-2025,ServiceNow,Certification,0.9,69.8,100,Completed,Beginner,77.55555556,1,Jun
L005537,U167,23-08-2025,Power BI,Workshop,5,93.7,76.7,In Progress,Beginner,18.74,0,Aug
L005538,U055,28-05-2025,SQL,Certification,2.2,92.8,12,In Progress,Advanced,42.18181818,0,May
L005539,U001,06-04-2025,Excel,Project,4.8,76.1,13.8,In Progress,Advanced,15.85416667,0,Apr
L005540,U071,04-03-2025,Cloud,Project,4.9,99.2,100,Completed,Advanced,20.24489796,1,Mar
L005541,U045,27-03-2025,Excel,Online Course,3.5,81.9,98.3,In Progress,Advanced,23.4,0,Mar
L005542,U187,06-08-2025,Power BI,Workshop,0,0,0,Not Started,Beginner,0,0,Aug
L005543,U025,17-09-2025,Excel,Online Course,2.6,54.7,25.7,In Progress,Intermediate,21.03846154,0,Sep
L005544,U101,24-06-2025,Data Analytics,Certification,4.8,74,100,Completed,Beginner,15.41666667,1,Jun
L005545,U163,03-05-2025,SQL,Project,1.4,70.4,97.6,In Progress,Intermediate,50.28571429,0,May
L005546,U082,08-02-2025,Java,Project,3.7,57.1,58.5,In Progress,Beginner,15.43243243,0,Feb
L005547,U025,04-09-2025,Power BI,Online Course,1.1,94.6,100,Completed,Intermediate,86,1,Sep
L005548,U047,06-05-2025,Data Analytics,Certification,4.1,93.5,65.2,In Progress,Advanced,22.80487805,0,May
L005549,U030,12-02-2025,Cloud,Online Course,5,45.5,59.2,Dropped,Intermediate,9.1,0,Feb
L005550,U111,15-12-2025,Machine Learning,Self Learning,5.4,42.7,16.4,In Progress,Advanced,7.907407407,0,Dec
L005551,U178,01-04-2025,Cloud,Self Learning,1,70.6,63.1,In Progress,Advanced,70.6,0,Apr
L005552,U183,07-02-2025,Power BI,Workshop,1.5,70.5,100,Completed,Beginner,47,1,Feb
L005553,U096,10-10-2025,Power BI,Online Course,0,0,0,Not Started,Advanced,0,0,Oct
L005554,U028,04-03-2025,Java,Project,5.4,86.3,100,Completed,Advanced,15.98148148,1,Mar
L005555,U059,10-12-2025,Java,Workshop,3.7,58.2,80.5,In Progress,Advanced,15.72972973,0,Dec
L005556,U161,02-06-2025,Python,Project,2.7,55.2,36.6,In Progress,Intermediate,20.44444444,0,Jun
L005557,U145,13-10-2025,ServiceNow,Online Course,0,0,0,Not Started,Beginner,0,0,Oct
L005558,U113,19-01-2025,Communication,Workshop,5.5,66,71.2,In Progress,Intermediate,12,0,Jan
L005559,U097,29-07-2025,Machine Learning,Self Learning,1.6,92.1,68.3,In Progress,Advanced,57.5625,0,Jul
L005560,U102,03-07-2025,Excel,Online Course,5.9,70.8,23.1,In Progress,Beginner,12,0,Jul
L005561,U054,19-01-2025,Data Analytics,Self Learning,0.9,83.1,100,Completed,Beginner,92.33333333,1,Jan
L005562,U009,11-04-2025,Java,Certification,5.6,71.7,58.8,In Progress,Intermediate,12.80357143,0,Apr
L005563,U167,29-05-2025,Power BI,Certification,3.8,82.6,77.9,In Progress,Beginner,21.73684211,0,May
L005564,U149,23-11-2025,SQL,Self Learning,3.4,82.3,8.5,In Progress,Intermediate,24.20588235,0,Nov
L005565,U167,13-08-2025,Python,Online Course,3.7,50.6,21.2,Dropped,Advanced,13.67567568,0,Aug
L005566,U135,18-03-2025,Python,Workshop,1.1,98.2,100,Completed,Intermediate,89.27272727,1,Mar
L005567,U021,03-10-2025,SQL,Project,2.8,63.5,22.1,In Progress,Advanced,22.67857143,0,Oct
L005568,U194,25-09-2025,Machine Learning,Workshop,4.1,55.3,0.7,In Progress,Intermediate,13.48780488,0,Sep
L005569,U014,23-02-2025,Power BI,Workshop,0.7,98.9,100,Completed,Beginner,141.2857143,1,Feb
L005570,U020,05-08-2025,Python,Online Course,0,0,0,Not Started,Intermediate,0,0,Aug
L005571,U058,10-12-2025,Java,Project,4.1,67.6,34.1,In Progress,Advanced,16.48780488,0,Dec
L005572,U166,24-09-2025,Java,Online Course,1.9,67.2,14.8,In Progress,Advanced,35.36842105,0,Sep
L005573,U046,12-06-2025,Python,Project,0.6,81.5,72.8,In Progress,Advanced,135.8333333,0,Jun
L005574,U032,19-05-2025,Power BI,Online Course,0.8,98.1,100,Completed,Intermediate,122.625,1,May
L005575,U191,31-07-2025,Python,Online Course,3.1,66.1,55.3,In Progress,Intermediate,21.32258065,0,Jul
L005576,U188,25-07-2025,Power BI,Workshop,4.8,94.3,97.2,In Progress,Beginner,19.64583333,0,Jul
L005577,U001,23-07-2025,Power BI,Online Course,1.5,86.4,100,Completed,Intermediate,57.6,1,Jul
L005578,U168,08-10-2025,Communication,Project,2.3,84.1,100,Completed,Beginner,36.56521739,1,Oct
L005579,U193,05-07-2025,Cloud,Self Learning,2.6,71.2,100,Completed,Intermediate,27.38461538,1,Jul
L005580,U172,25-02-2025,Java,Certification,3.9,49.4,20.6,In Progress,Advanced,12.66666667,0,Feb
L005581,U027,19-03-2025,Power BI,Project,2.2,47.9,9.2,In Progress,Intermediate,21.77272727,0,Mar
L005582,U063,12-02-2025,Java,Workshop,5.4,88.2,100,Completed,Advanced,16.33333333,1,Feb
L005583,U113,23-11-2025,Communication,Self Learning,3.2,96.7,100,Completed,Advanced,30.21875,1,Nov
L005584,U065,17-11-2025,Excel,Self Learning,3.1,90.9,31.1,In Progress,Beginner,29.32258065,0,Nov
L005585,U162,13-07-2025,Power BI,Online Course,4.6,54.4,33.4,Dropped,Intermediate,11.82608696,0,Jul
L005586,U002,29-12-2025,ServiceNow,Project,2.1,66.9,100,Completed,Beginner,31.85714286,1,Dec
L005587,U046,09-08-2025,ServiceNow,Project,0,0,0,Not Started,Intermediate,0,0,Aug
L005588,U133,24-12-2025,SQL,Certification,0,0,0,Not Started,Advanced,0,0,Dec
L005589,U021,01-07-2025,Excel,Certification,5.6,80.4,100,Completed,Intermediate,14.35714286,1,Jul
L005590,U141,09-12-2025,Excel,Self Learning,5.6,66.7,100,Completed,Beginner,11.91071429,1,Dec
L005591,U123,16-08-2025,Power BI,Workshop,4.5,71.9,51.9,In Progress,Intermediate,15.97777778,0,Aug
L005592,U009,12-05-2025,Python,Certification,5.7,95.8,86.1,In Progress,Beginner,16.80701754,0,May
L005593,U054,12-08-2025,Machine Learning,Self Learning,3.4,69.5,100,Completed,Advanced,20.44117647,1,Aug
L005594,U007,02-02-2025,ServiceNow,Self Learning,0.6,84.3,100,Completed,Intermediate,140.5,1,Feb
L005595,U107,01-04-2025,Java,Self Learning,5.4,80,63.7,In Progress,Beginner,14.81481481,0,Apr
L005596,U148,21-02-2025,Communication,Certification,2,74.8,100,Completed,Intermediate,37.4,1,Feb
L005597,U140,23-09-2025,Data Analytics,Project,0.5,47,14.6,In Progress,Beginner,94,0,Sep
L005598,U137,23-11-2025,Machine Learning,Project,2,92.5,31.8,In Progress,Beginner,46.25,0,Nov
L005599,U038,22-06-2025,ServiceNow,Online Course,4.2,50.7,46.4,In Progress,Advanced,12.07142857,0,Jun
L005600,U128,07-03-2025,Communication,Self Learning,4.7,82.1,33.1,In Progress,Advanced,17.46808511,0,Mar
L005601,U013,07-07-2025,Java,Certification,4.3,47.2,82.9,In Progress,Beginner,10.97674419,0,Jul
L005602,U166,09-07-2025,Machine Learning,Self Learning,4,75.4,76.6,In Progress,Advanced,18.85,0,Jul
L005603,U176,16-05-2025,SQL,Self Learning,0.7,99.1,95.2,In Progress,Advanced,141.5714286,0,May
L005604,U169,09-08-2025,Excel,Self Learning,3.7,41.5,38.2,In Progress,Intermediate,11.21621622,0,Aug
L005605,U149,06-08-2025,Data Analytics,Workshop,1.6,60.3,92.8,In Progress,Intermediate,37.6875,0,Aug
L005606,U034,17-08-2025,Java,Self Learning,4.4,69.6,75.4,In Progress,Beginner,15.81818182,0,Aug
L005607,U142,30-09-2025,Power BI,Online Course,2.5,87.3,76.1,In Progress,Intermediate,34.92,0,Sep
L005608,U013,26-08-2025,ServiceNow,Project,3.4,80,52.4,Dropped,Intermediate,23.52941176,0,Aug
L005609,U170,24-10-2025,Communication,Certification,2.9,92.5,44.5,In Progress,Advanced,31.89655172,0,Oct
L005610,U111,10-12-2025,SQL,Certification,2,53.6,31.9,Dropped,Intermediate,26.8,0,Dec
L005611,U010,28-12-2025,Data Analytics,Certification,3.5,80.7,100,Completed,Intermediate,23.05714286,1,Dec
L005612,U143,16-12-2025,Machine Learning,Project,2.9,50.1,46.9,In Progress,Beginner,17.27586207,0,Dec
L005613,U031,21-04-2025,Machine Learning,Online Course,4.4,65.8,100,Completed,Advanced,14.95454545,1,Apr
L005614,U172,20-10-2025,Power BI,Project,5.9,71.9,85.7,In Progress,Advanced,12.18644068,0,Oct
L005615,U043,20-02-2025,Cloud,Project,5.8,73.8,100,Completed,Beginner,12.72413793,1,Feb
L005616,U166,24-10-2025,Cloud,Workshop,3.5,69.4,93.5,In Progress,Intermediate,19.82857143,0,Oct
L005617,U017,09-09-2025,SQL,Self Learning,1.9,65.2,100,Completed,Intermediate,34.31578947,1,Sep
L005618,U024,11-11-2025,Data Analytics,Certification,0.8,53.7,68,In Progress,Beginner,67.125,0,Nov
L005619,U025,16-05-2025,Excel,Project,3.5,86,52.6,Dropped,Advanced,24.57142857,0,May
L005620,U079,05-10-2025,SQL,Self Learning,1.7,72.4,67,Dropped,Beginner,42.58823529,0,Oct
L005621,U149,02-10-2025,Excel,Project,1.7,73.3,35.8,In Progress,Intermediate,43.11764706,0,Oct
L005622,U186,24-04-2025,Communication,Project,3.9,80.3,100,Completed,Beginner,20.58974359,1,Apr
L005623,U086,14-11-2025,SQL,Certification,4.8,78.8,53.7,In Progress,Intermediate,16.41666667,0,Nov
L005624,U120,17-12-2025,ServiceNow,Project,4.2,58.7,48.8,In Progress,Intermediate,13.97619048,0,Dec
L005625,U049,07-09-2025,Communication,Self Learning,0,0,0,Not Started,Intermediate,0,0,Sep
L005626,U164,17-05-2025,Cloud,Project,3.2,64.3,58.6,Dropped,Beginner,20.09375,0,May
L005627,U181,01-02-2025,Java,Self Learning,4.6,92.5,100,Completed,Beginner,20.10869565,1,Feb
L005628,U156,08-01-2025,Power BI,Workshop,5.7,72.4,29.4,In Progress,Advanced,12.70175439,0,Jan
L005629,U120,12-11-2025,Data Analytics,Online Course,2.1,73.8,100,Completed,Intermediate,35.14285714,1,Nov
L005630,U190,17-02-2025,ServiceNow,Project,4.4,84.8,100,Completed,Intermediate,19.27272727,1,Feb
L005631,U040,26-06-2025,Python,Certification,3.7,96.8,94,In Progress,Beginner,26.16216216,0,Jun
L005632,U128,06-06-2025,Power BI,Project,4.3,87.1,100,Completed,Beginner,20.25581395,1,Jun
L005633,U153,30-08-2025,Machine Learning,Online Course,2.2,71.4,100,Completed,Advanced,32.45454545,1,Aug
L005634,U064,17-08-2025,Power BI,Certification,2,83.1,100,Completed,Advanced,41.55,1,Aug
L005635,U002,06-07-2025,Machine Learning,Online Course,3.4,53.2,48.7,Dropped,Beginner,15.64705882,0,Jul
L005636,U030,07-08-2025,Excel,Self Learning,2.3,63.5,36.6,In Progress,Advanced,27.60869565,0,Aug
L005637,U196,20-12-2025,ServiceNow,Project,1,83.8,38,In Progress,Intermediate,83.8,0,Dec
L005638,U083,20-03-2025,Data Analytics,Certification,1,92.9,100,Completed,Intermediate,92.9,1,Mar
L005639,U190,29-01-2025,Data Analytics,Workshop,4.6,81.9,22.1,Dropped,Intermediate,17.80434783,0,Jan
L005640,U026,21-01-2025,Python,Project,6,67.9,81.9,In Progress,Advanced,11.31666667,0,Jan
L005641,U189,14-10-2025,Data Analytics,Certification,5.8,71.4,100,Completed,Intermediate,12.31034483,1,Oct
L005642,U024,01-07-2025,Java,Certification,5.8,70.4,100,Completed,Beginner,12.13793103,1,Jul
L005643,U192,15-11-2025,Communication,Workshop,2.9,90.7,86.9,In Progress,Advanced,31.27586207,0,Nov
L005644,U027,19-05-2025,Communication,Workshop,1.7,85.7,100,Completed,Advanced,50.41176471,1,May
L005645,U053,08-08-2025,Excel,Self Learning,0.7,69.1,72.9,In Progress,Intermediate,98.71428571,0,Aug
L005646,U138,13-05-2025,Python,Certification,3.4,72.6,100,Completed,Advanced,21.35294118,1,May
L005647,U080,25-04-2025,Machine Learning,Certification,1.9,53.7,45.7,Dropped,Beginner,28.26315789,0,Apr
L005648,U074,05-04-2025,Python,Certification,3,81.1,100,Completed,Beginner,27.03333333,1,Apr
L005649,U157,22-04-2025,ServiceNow,Self Learning,2.1,92,100,Completed,Advanced,43.80952381,1,Apr
L005650,U019,29-11-2025,Java,Certification,1.5,66.5,44.3,In Progress,Intermediate,44.33333333,0,Nov
L005651,U147,19-08-2025,Communication,Certification,5.8,63.6,9.3,In Progress,Beginner,10.96551724,0,Aug
L005652,U082,17-10-2025,Machine Learning,Self Learning,1.8,48.1,41.4,In Progress,Beginner,26.72222222,0,Oct
L005653,U014,22-02-2025,Communication,Certification,2,80.7,100,Completed,Advanced,40.35,1,Feb
L005654,U148,07-04-2025,Power BI,Workshop,2.5,93.1,66.5,In Progress,Beginner,37.24,0,Apr
L005655,U070,06-04-2025,Excel,Project,4.7,53,28,In Progress,Beginner,11.27659574,0,Apr
L005656,U187,19-09-2025,Excel,Project,1.5,75,53.4,In Progress,Intermediate,50,0,Sep
L005657,U157,08-02-2025,Java,Online Course,1.4,67.9,100,Completed,Advanced,48.5,1,Feb
L005658,U111,02-03-2025,Data Analytics,Self Learning,4.8,62.2,9.9,In Progress,Beginner,12.95833333,0,Mar
L005659,U074,06-01-2025,Data Analytics,Certification,5.1,78.8,100,Completed,Beginner,15.45098039,1,Jan
L005660,U062,20-05-2025,Machine Learning,Project,0.9,91.4,56.8,Dropped,Advanced,101.5555556,0,May
L005661,U116,09-07-2025,Power BI,Online Course,4.6,80.2,77.8,In Progress,Intermediate,17.43478261,0,Jul
L005662,U038,26-11-2025,Machine Learning,Certification,2.6,86.6,100,Completed,Intermediate,33.30769231,1,Nov
L005663,U159,18-01-2025,Python,Self Learning,3.4,61.6,46.8,In Progress,Beginner,18.11764706,0,Jan
L005664,U048,25-04-2025,Power BI,Project,4.3,92.6,28.1,In Progress,Advanced,21.53488372,0,Apr
L005665,U118,06-04-2025,Cloud,Workshop,4.3,67.2,100,Completed,Beginner,15.62790698,1,Apr
L005666,U020,12-08-2025,Communication,Certification,5.9,95,100,Completed,Beginner,16.10169492,1,Aug
L005667,U006,13-10-2025,Power BI,Workshop,4.3,77.7,86.9,In Progress,Intermediate,18.06976744,0,Oct
L005668,U095,06-09-2025,Machine Learning,Project,2.3,99.4,100,Completed,Advanced,43.2173913,1,Sep
L005669,U116,20-12-2025,ServiceNow,Self Learning,2,70,57.4,In Progress,Beginner,35,0,Dec
L005670,U097,20-11-2025,Python,Project,5.8,71.4,100,Completed,Advanced,12.31034483,1,Nov
L005671,U014,08-12-2025,Java,Certification,0,0,0,Not Started,Intermediate,0,0,Dec
L005672,U141,05-08-2025,Cloud,Workshop,2.3,66,85.6,In Progress,Beginner,28.69565217,0,Aug
L005673,U002,01-08-2025,Cloud,Self Learning,6,73.9,100,Completed,Advanced,12.31666667,1,Aug
L005674,U106,13-02-2025,Cloud,Workshop,4,53.1,40.2,Dropped,Intermediate,13.275,0,Feb
L005675,U119,18-09-2025,Java,Project,3,99.8,100,Completed,Intermediate,33.26666667,1,Sep
L005676,U200,18-05-2025,ServiceNow,Certification,0,0,0,Not Started,Advanced,0,0,May
L005677,U158,15-11-2025,Machine Learning,Workshop,2.4,74.5,100,Completed,Advanced,31.04166667,1,Nov
L005678,U082,05-12-2025,Cloud,Project,0,0,0,Not Started,Advanced,0,0,Dec
L005679,U102,10-11-2025,Data Analytics,Self Learning,5.7,77.5,45.4,In Progress,Advanced,13.59649123,0,Nov
L005680,U070,03-07-2025,Excel,Workshop,1,91.8,26.4,Dropped,Advanced,91.8,0,Jul
L005681,U036,19-12-2025,ServiceNow,Online Course,3.5,53.5,0.4,In Progress,Beginner,15.28571429,0,Dec
L005682,U162,13-07-2025,Cloud,Project,5.4,75.9,100,Completed,Intermediate,14.05555556,1,Jul
L005683,U014,14-10-2025,Data Analytics,Online Course,4.9,44.3,31.7,In Progress,Advanced,9.040816327,0,Oct
L005684,U011,06-05-2025,Communication,Self Learning,0.6,48.8,11.5,In Progress,Advanced,81.33333333,0,May
L005685,U146,12-06-2025,Excel,Workshop,5.7,61.3,47.2,Dropped,Beginner,10.75438596,0,Jun
L005686,U134,14-01-2025,Power BI,Self Learning,3.6,70.3,56.2,In Progress,Advanced,19.52777778,0,Jan
L005687,U066,20-11-2025,Data Analytics,Workshop,3.1,65.6,33.8,In Progress,Beginner,21.16129032,0,Nov
L005688,U093,08-04-2025,Power BI,Self Learning,5,59.4,69.8,In Progress,Advanced,11.88,0,Apr
L005689,U137,04-07-2025,Cloud,Project,2.1,68.1,100,Completed,Beginner,32.42857143,1,Jul
L005690,U089,29-03-2025,Data Analytics,Certification,5.7,57.2,49.8,In Progress,Advanced,10.03508772,0,Mar
L005691,U010,07-01-2025,SQL,Online Course,5.9,51.5,10.7,In Progress,Beginner,8.728813559,0,Jan
L005692,U170,21-09-2025,Power BI,Self Learning,1.3,98.6,100,Completed,Beginner,75.84615385,1,Sep
L005693,U160,30-05-2025,SQL,Project,0,0,0,Not Started,Beginner,0,0,May
L005694,U186,02-08-2025,Data Analytics,Online Course,4.3,81.2,100,Completed,Intermediate,18.88372093,1,Aug
L005695,U011,11-06-2025,SQL,Self Learning,1.9,97.8,52.4,Dropped,Advanced,51.47368421,0,Jun
L005696,U110,21-08-2025,Java,Self Learning,0.8,57.3,18.5,Dropped,Beginner,71.625,0,Aug
L005697,U019,07-08-2025,Python,Self Learning,5.9,48.6,46.6,Dropped,Beginner,8.237288136,0,Aug
L005698,U156,25-03-2025,Data Analytics,Project,0,0,0,Not Started,Beginner,0,0,Mar
L005699,U083,21-10-2025,ServiceNow,Online Course,5.1,88.6,39.7,Dropped,Intermediate,17.37254902,0,Oct
L005700,U089,07-07-2025,ServiceNow,Online Course,2.9,91.8,100,Completed,Beginner,31.65517241,1,Jul
L005701,U115,10-03-2025,Excel,Certification,4.8,81.5,100,Completed,Beginner,16.97916667,1,Mar
L005702,U196,26-11-2025,Java,Certification,5.3,59.2,60.9,In Progress,Beginner,11.16981132,0,Nov
L005703,U160,25-01-2025,Power BI,Workshop,3.9,53.6,76.3,In Progress,Advanced,13.74358974,0,Jan
L005704,U057,12-06-2025,Excel,Online Course,2.6,78.1,49.9,In Progress,Advanced,30.03846154,0,Jun
L005705,U127,17-11-2025,Java,Certification,5.8,73.3,44.2,Dropped,Beginner,12.63793103,0,Nov
L005706,U084,05-10-2025,Machine Learning,Certification,4.7,93.3,25.1,In Progress,Intermediate,19.85106383,0,Oct
L005707,U048,19-08-2025,Cloud,Workshop,4.8,78.1,16.8,In Progress,Advanced,16.27083333,0,Aug
L005708,U181,22-11-2025,Machine Learning,Project,1,92.7,100,Completed,Beginner,92.7,1,Nov
L005709,U191,12-10-2025,Cloud,Certification,4.9,99.7,40.5,In Progress,Advanced,20.34693878,0,Oct
L005710,U064,27-03-2025,Machine Learning,Self Learning,5.9,41.3,2.9,In Progress,Beginner,7,0,Mar
L005711,U147,09-04-2025,ServiceNow,Self Learning,2.2,86.3,23.7,In Progress,Intermediate,39.22727273,0,Apr
L005712,U080,19-05-2025,Communication,Workshop,4.2,71.7,7.4,In Progress,Advanced,17.07142857,0,May
L005713,U153,02-01-2025,ServiceNow,Project,2.8,44.4,34.5,In Progress,Intermediate,15.85714286,0,Jan
L005714,U109,14-09-2025,ServiceNow,Project,5.1,83.2,100,Completed,Intermediate,16.31372549,1,Sep
L005715,U061,13-11-2025,Power BI,Certification,1.9,60.5,0.6,In Progress,Beginner,31.84210526,0,Nov
L005716,U182,04-11-2025,Power BI,Online Course,5.7,99.1,71.3,In Progress,Intermediate,17.38596491,0,Nov
L005717,U012,20-07-2025,Python,Online Course,1.1,40.1,12.1,Dropped,Advanced,36.45454545,0,Jul
L005718,U010,24-07-2025,Power BI,Workshop,2.7,83.5,100,Completed,Beginner,30.92592593,1,Jul
L005719,U082,05-07-2025,ServiceNow,Project,5,87,64.1,In Progress,Advanced,17.4,0,Jul
L005720,U106,17-02-2025,ServiceNow,Project,4.6,86.5,5.7,In Progress,Beginner,18.80434783,0,Feb
L005721,U113,01-02-2025,Power BI,Workshop,3.7,87.3,49.6,In Progress,Beginner,23.59459459,0,Feb
L005722,U159,18-06-2025,Python,Online Course,1.1,99,79.8,In Progress,Intermediate,90,0,Jun
L005723,U092,21-01-2025,ServiceNow,Certification,5.4,70.1,87.6,In Progress,Intermediate,12.98148148,0,Jan
L005724,U054,28-12-2025,Python,Project,3.1,60.4,26.1,In Progress,Advanced,19.48387097,0,Dec
L005725,U026,23-11-2025,ServiceNow,Online Course,3.3,86.7,90.4,In Progress,Intermediate,26.27272727,0,Nov
L005726,U081,04-05-2025,Communication,Workshop,0.8,74,97.1,In Progress,Intermediate,92.5,0,May
L005727,U116,25-08-2025,ServiceNow,Online Course,2.6,96.8,13.8,Dropped,Beginner,37.23076923,0,Aug
L005728,U059,22-09-2025,Java,Online Course,1.5,87.2,100,Completed,Beginner,58.13333333,1,Sep
L005729,U060,02-12-2025,Python,Certification,1.3,64.8,6,In Progress,Advanced,49.84615385,0,Dec
L005730,U190,29-04-2025,ServiceNow,Online Course,5.1,48.8,93.8,In Progress,Beginner,9.568627451,0,Apr
L005731,U101,19-08-2025,ServiceNow,Workshop,3.5,70.7,65.6,Dropped,Advanced,20.2,0,Aug
L005732,U083,28-06-2025,SQL,Self Learning,2.2,73.5,85.7,In Progress,Beginner,33.40909091,0,Jun
L005733,U183,30-11-2025,Communication,Project,1.7,76.5,75.6,In Progress,Advanced,45,0,Nov
L005734,U150,19-10-2025,Data Analytics,Self Learning,3,97.5,100,Completed,Beginner,32.5,1,Oct
L005735,U021,01-06-2025,Cloud,Workshop,5.8,86.1,100,Completed,Advanced,14.84482759,1,Jun
L005736,U032,07-10-2025,Java,Online Course,3.5,55.3,64.8,In Progress,Beginner,15.8,0,Oct
L005737,U062,06-08-2025,Communication,Certification,1.3,73.1,100,Completed,Intermediate,56.23076923,1,Aug
L005738,U006,23-12-2025,Machine Learning,Self Learning,1.5,96.4,100,Completed,Intermediate,64.26666667,1,Dec
L005739,U114,20-10-2025,Excel,Workshop,1.9,91.6,66.6,In Progress,Advanced,48.21052632,0,Oct
L005740,U007,04-06-2025,ServiceNow,Certification,2.3,81.3,82.5,In Progress,Beginner,35.34782609,0,Jun
L005741,U114,31-03-2025,SQL,Certification,5.1,97.6,100,Completed,Intermediate,19.1372549,1,Mar
L005742,U152,18-12-2025,SQL,Certification,2,41.8,99.9,In Progress,Advanced,20.9,0,Dec
L005743,U002,18-01-2025,Data Analytics,Project,0,0,0,Not Started,Advanced,0,0,Jan
L005744,U041,01-11-2025,ServiceNow,Certification,0.5,69.1,55.1,In Progress,Intermediate,138.2,0,Nov
L005745,U138,21-05-2025,SQL,Certification,3,95.8,24.1,In Progress,Beginner,31.93333333,0,May
L005746,U079,12-12-2025,Data Analytics,Project,2.3,49,8.6,In Progress,Advanced,21.30434783,0,Dec
L005747,U172,01-03-2025,Data Analytics,Workshop,5.8,80.7,52.1,In Progress,Advanced,13.9137931,0,Mar
L005748,U041,19-02-2025,Cloud,Certification,3.5,65.1,80.6,In Progress,Advanced,18.6,0,Feb
L005749,U145,07-08-2025,Communication,Self Learning,1.2,93.4,100,Completed,Advanced,77.83333333,1,Aug
L005750,U027,31-10-2025,Excel,Project,1.1,83.3,74.3,In Progress,Advanced,75.72727273,0,Oct
L005751,U140,04-06-2025,ServiceNow,Online Course,4.7,62.4,94,In Progress,Advanced,13.27659574,0,Jun
L005752,U060,26-11-2025,Cloud,Workshop,4.8,79.8,63.6,In Progress,Intermediate,16.625,0,Nov
L005753,U095,24-04-2025,SQL,Certification,0,0,0,Not Started,Advanced,0,0,Apr
L005754,U137,27-05-2025,Java,Self Learning,3.7,90.8,64.7,In Progress,Advanced,24.54054054,0,May
L005755,U073,03-10-2025,ServiceNow,Online Course,1.7,75.3,100,Completed,Intermediate,44.29411765,1,Oct
L005756,U037,26-10-2025,Machine Learning,Certification,1.5,84.6,100,Completed,Advanced,56.4,1,Oct
L005757,U085,09-09-2025,Power BI,Self Learning,4.2,73,65.6,Dropped,Intermediate,17.38095238,0,Sep
L005758,U126,01-01-2025,Data Analytics,Project,4.1,53.1,16.7,In Progress,Advanced,12.95121951,0,Jan
L005759,U020,14-05-2025,Excel,Certification,3.3,85.3,100,Completed,Beginner,25.84848485,1,May
L005760,U041,16-09-2025,Python,Workshop,0,0,0,Not Started,Intermediate,0,0,Sep
L005761,U155,23-11-2025,Python,Project,3.9,95.9,92.8,In Progress,Beginner,24.58974359,0,Nov
L005762,U145,24-09-2025,Cloud,Project,3.5,56,1.5,In Progress,Beginner,16,0,Sep
L005763,U119,12-12-2025,Cloud,Project,2.8,96.8,100,Completed,Advanced,34.57142857,1,Dec
L005764,U117,24-09-2025,Data Analytics,Online Course,0,0,0,Not Started,Intermediate,0,0,Sep
L005765,U112,11-04-2025,Python,Workshop,1.8,97.1,100,Completed,Advanced,53.94444444,1,Apr
L005766,U081,20-05-2025,Machine Learning,Workshop,0.7,89.2,71.4,In Progress,Advanced,127.4285714,0,May
L005767,U054,31-01-2025,Java,Project,1,50.4,61.6,In Progress,Advanced,50.4,0,Jan
L005768,U115,09-04-2025,SQL,Self Learning,1.1,69.5,59.9,In Progress,Intermediate,63.18181818,0,Apr
L005769,U046,08-11-2025,Cloud,Online Course,2.6,86.8,30.4,In Progress,Advanced,33.38461538,0,Nov
L005770,U012,06-11-2025,Python,Project,0.7,92.4,29.4,Dropped,Beginner,132,0,Nov
L005771,U097,06-06-2025,Communication,Online Course,1.9,97.2,51.9,In Progress,Advanced,51.15789474,0,Jun
L005772,U055,21-07-2025,ServiceNow,Workshop,3.5,73.2,68.8,In Progress,Beginner,20.91428571,0,Jul
L005773,U015,24-01-2025,Java,Self Learning,5.7,78.9,56.3,In Progress,Advanced,13.84210526,0,Jan
L005774,U105,04-12-2025,SQL,Self Learning,2.6,78.3,1.9,In Progress,Intermediate,30.11538462,0,Dec
L005775,U130,20-09-2025,Data Analytics,Certification,5.3,76.3,33.1,In Progress,Beginner,14.39622642,0,Sep
L005776,U055,22-09-2025,SQL,Online Course,3.7,71.3,100,Completed,Intermediate,19.27027027,1,Sep
L005777,U184,26-10-2025,Machine Learning,Workshop,4,89.3,100,Completed,Beginner,22.325,1,Oct
L005778,U124,08-12-2025,Java,Online Course,5.2,83.1,49.9,Dropped,Intermediate,15.98076923,0,Dec
L005779,U100,07-05-2025,Cloud,Self Learning,1.5,49.3,65.7,In Progress,Beginner,32.86666667,0,May
L005780,U041,05-05-2025,Java,Self Learning,1.5,72,100,Completed,Advanced,48,1,May
L005781,U111,02-08-2025,Python,Certification,5.9,97.1,100,Completed,Advanced,16.45762712,1,Aug
L005782,U182,03-05-2025,Excel,Workshop,3.3,81.2,12.7,In Progress,Advanced,24.60606061,0,May
L005783,U017,14-10-2025,Communication,Certification,4.7,63.6,78.5,In Progress,Beginner,13.53191489,0,Oct
L005784,U047,15-09-2025,Cloud,Workshop,4.8,55.2,87.2,In Progress,Intermediate,11.5,0,Sep
L005785,U058,14-07-2025,Data Analytics,Workshop,3.8,83.4,34,In Progress,Beginner,21.94736842,0,Jul
L005786,U124,12-12-2025,Excel,Self Learning,0,0,0,Not Started,Advanced,0,0,Dec
L005787,U089,18-03-2025,Data Analytics,Self Learning,3.4,47.3,35.5,In Progress,Intermediate,13.91176471,0,Mar
L005788,U127,13-10-2025,Data Analytics,Online Course,0,0,0,Not Started,Intermediate,0,0,Oct
L005789,U138,17-12-2025,Machine Learning,Self Learning,3.8,67.8,100,Completed,Beginner,17.84210526,1,Dec
L005790,U002,12-06-2025,Java,Project,0,0,0,Not Started,Advanced,0,0,Jun
L005791,U129,17-07-2025,SQL,Project,3.6,75,71.8,In Progress,Advanced,20.83333333,0,Jul
L005792,U019,23-05-2025,Python,Project,1.1,86.5,100,Completed,Beginner,78.63636364,1,May
L005793,U197,03-06-2025,ServiceNow,Project,4.9,45.8,28,Dropped,Intermediate,9.346938776,0,Jun
L005794,U042,18-04-2025,Excel,Workshop,2.8,87.2,88.5,In Progress,Advanced,31.14285714,0,Apr
L005795,U104,30-09-2025,ServiceNow,Online Course,1.1,67.5,100,Completed,Intermediate,61.36363636,1,Sep
L005796,U108,26-12-2025,Python,Self Learning,0.8,61.2,13.8,Dropped,Advanced,76.5,0,Dec
L005797,U043,07-05-2025,Excel,Online Course,5,83.1,84.8,In Progress,Intermediate,16.62,0,May
L005798,U196,03-12-2025,Python,Self Learning,1.8,76.2,64.1,Dropped,Advanced,42.33333333,0,Dec
L005799,U038,19-08-2025,SQL,Self Learning,3.8,91.9,91.6,In Progress,Advanced,24.18421053,0,Aug
L005800,U164,19-07-2025,SQL,Self Learning,4.6,74,100,Completed,Beginner,16.08695652,1,Jul
L005801,U086,07-07-2025,Power BI,Project,0,0,0,Not Started,Intermediate,0,0,Jul
L005802,U152,03-07-2025,ServiceNow,Project,1.4,85.5,64.7,In Progress,Beginner,61.07142857,0,Jul
L005803,U002,18-08-2025,Excel,Project,1,46.3,13.8,In Progress,Beginner,46.3,0,Aug
L005804,U164,11-03-2025,ServiceNow,Self Learning,2.8,51.1,12,In Progress,Intermediate,18.25,0,Mar
L005805,U061,19-12-2025,Machine Learning,Workshop,5.3,44.8,56.7,In Progress,Advanced,8.452830189,0,Dec
L005806,U134,19-09-2025,Java,Project,2.4,69.4,78.7,In Progress,Beginner,28.91666667,0,Sep
L005807,U011,12-03-2025,Python,Certification,1.7,73.9,100,Completed,Beginner,43.47058824,1,Mar
L005808,U100,15-12-2025,SQL,Online Course,4.7,65.2,14,In Progress,Intermediate,13.87234043,0,Dec
L005809,U034,04-09-2025,Python,Online Course,4.5,84.9,2.3,In Progress,Beginner,18.86666667,0,Sep
L005810,U183,28-02-2025,Communication,Self Learning,0,0,0,Not Started,Beginner,0,0,Feb
L005811,U068,11-06-2025,SQL,Online Course,0,0,0,Not Started,Beginner,0,0,Jun
L005812,U186,11-09-2025,Communication,Workshop,3.3,42.2,1.7,In Progress,Advanced,12.78787879,0,Sep
L005813,U032,01-07-2025,Power BI,Online Course,1.9,41.7,77.3,In Progress,Intermediate,21.94736842,0,Jul
L005814,U155,18-07-2025,SQL,Online Course,2.4,43.1,44.6,In Progress,Intermediate,17.95833333,0,Jul
L005815,U101,20-08-2025,Java,Online Course,2,69.3,100,Completed,Intermediate,34.65,1,Aug
L005816,U186,20-04-2025,Python,Workshop,0.8,95.3,93,In Progress,Beginner,119.125,0,Apr
L005817,U140,28-12-2025,ServiceNow,Online Course,1.3,87.6,73.5,In Progress,Advanced,67.38461538,0,Dec
L005818,U168,26-08-2025,Machine Learning,Self Learning,2.3,48,64.7,In Progress,Intermediate,20.86956522,0,Aug
L005819,U079,09-04-2025,Excel,Certification,1,71.3,100,Completed,Beginner,71.3,1,Apr
L005820,U069,22-06-2025,Java,Project,0,0,0,Not Started,Intermediate,0,0,Jun
L005821,U184,02-01-2025,Communication,Certification,1.6,73.1,5.9,In Progress,Beginner,45.6875,0,Jan
L005822,U078,06-08-2025,ServiceNow,Project,4.3,42.3,46.2,Dropped,Intermediate,9.837209302,0,Aug
L005823,U117,23-08-2025,Power BI,Self Learning,1.6,44.3,64.9,In Progress,Beginner,27.6875,0,Aug
L005824,U195,11-10-2025,Machine Learning,Project,1.6,50.3,47.6,In Progress,Advanced,31.4375,0,Oct
L005825,U101,16-07-2025,Power BI,Online Course,0,0,0,Not Started,Advanced,0,0,Jul
L005826,U182,14-05-2025,Python,Workshop,1.3,58.9,33.4,In Progress,Intermediate,45.30769231,0,May
L005827,U018,05-06-2025,Power BI,Project,5.5,93.3,16.7,In Progress,Intermediate,16.96363636,0,Jun
L005828,U080,25-01-2025,Excel,Project,2,69.3,100,Completed,Intermediate,34.65,1,Jan
L005829,U130,26-07-2025,Power BI,Self Learning,0,0,0,Not Started,Advanced,0,0,Jul
L005830,U114,11-04-2025,Power BI,Project,6,48.1,27.6,Dropped,Advanced,8.016666667,0,Apr
L005831,U108,04-12-2025,Java,Self Learning,3.8,74.9,64.3,In Progress,Advanced,19.71052632,0,Dec
L005832,U140,22-12-2025,Communication,Online Course,3.5,57.6,34.8,In Progress,Advanced,16.45714286,0,Dec
L005833,U065,09-05-2025,Java,Self Learning,0.7,96.3,100,Completed,Intermediate,137.5714286,1,May
L005834,U068,14-02-2025,Data Analytics,Workshop,0.7,79.1,15.9,Dropped,Advanced,113,0,Feb
L005835,U091,26-03-2025,Cloud,Online Course,3.2,81.7,93.5,In Progress,Intermediate,25.53125,0,Mar
L005836,U049,20-01-2025,Power BI,Certification,3.3,87,8.3,In Progress,Beginner,26.36363636,0,Jan
L005837,U048,21-03-2025,Machine Learning,Self Learning,1.9,54.7,10.9,In Progress,Beginner,28.78947368,0,Mar
L005838,U015,27-04-2025,Power BI,Self Learning,2.2,82.5,100,Completed,Beginner,37.5,1,Apr
L005839,U125,04-08-2025,ServiceNow,Project,4.7,49.9,85.3,In Progress,Beginner,10.61702128,0,Aug
L005840,U034,08-08-2025,Java,Workshop,5.1,58.9,87.4,In Progress,Advanced,11.54901961,0,Aug
L005841,U011,13-12-2025,SQL,Certification,4.9,48.7,15.6,In Progress,Intermediate,9.93877551,0,Dec
L005842,U087,10-10-2025,SQL,Project,1.3,94.1,100,Completed,Advanced,72.38461538,1,Oct
L005843,U102,10-10-2025,Data Analytics,Self Learning,3.8,90.6,19.6,In Progress,Intermediate,23.84210526,0,Oct
L005844,U010,23-03-2025,Communication,Self Learning,4.2,86.5,100,Completed,Intermediate,20.5952381,1,Mar
L005845,U077,15-04-2025,Cloud,Project,4.2,67.3,56.2,Dropped,Intermediate,16.02380952,0,Apr
L005846,U100,28-04-2025,Communication,Project,5.3,61.6,38.9,In Progress,Advanced,11.62264151,0,Apr
L005847,U166,29-04-2025,Python,Workshop,5.9,68.3,99.1,In Progress,Advanced,11.57627119,0,Apr
L005848,U164,14-07-2025,Excel,Self Learning,4.5,74.1,100,Completed,Advanced,16.46666667,1,Jul
L005849,U061,29-08-2025,ServiceNow,Project,2.1,74.6,100,Completed,Advanced,35.52380952,1,Aug
L005850,U058,25-05-2025,Power BI,Self Learning,2.3,87.6,100,Completed,Intermediate,38.08695652,1,May
L005851,U182,08-08-2025,Power BI,Workshop,2.4,98.8,21.9,In Progress,Beginner,41.16666667,0,Aug
L005852,U069,17-04-2025,Data Analytics,Workshop,0.6,67.5,7.2,In Progress,Advanced,112.5,0,Apr
L005853,U064,26-09-2025,SQL,Self Learning,5.8,76.9,100,Completed,Advanced,13.25862069,1,Sep
L005854,U199,21-01-2025,Power BI,Workshop,3.6,64.9,11.1,Dropped,Intermediate,18.02777778,0,Jan
L005855,U168,17-10-2025,Cloud,Online Course,0,0,0,Not Started,Beginner,0,0,Oct
L005856,U152,26-05-2025,Power BI,Self Learning,5,72.5,52.4,In Progress,Intermediate,14.5,0,May
L005857,U136,19-03-2025,Machine Learning,Certification,0.9,42.5,67.1,In Progress,Beginner,47.22222222,0,Mar
L005858,U056,20-01-2025,Power BI,Online Course,3.2,83.8,100,Completed,Beginner,26.1875,1,Jan
L005859,U186,10-12-2025,SQL,Project,1.7,70.8,100,Completed,Intermediate,41.64705882,1,Dec
L005860,U041,21-03-2025,Python,Certification,5.5,87.9,100,Completed,Advanced,15.98181818,1,Mar
L005861,U041,30-07-2025,SQL,Project,4.2,97.1,100,Completed,Intermediate,23.11904762,1,Jul
L005862,U178,01-12-2025,Excel,Online Course,3.9,79.6,100,Completed,Beginner,20.41025641,1,Dec
L005863,U100,16-01-2025,SQL,Workshop,0,0,0,Not Started,Advanced,0,0,Jan
L005864,U177,10-12-2025,ServiceNow,Workshop,4.6,77.3,100,Completed,Advanced,16.80434783,1,Dec
L005865,U070,27-07-2025,Cloud,Workshop,5.9,84.4,100,Completed,Beginner,14.30508475,1,Jul
L005866,U128,04-06-2025,Power BI,Project,4.2,86.6,100,Completed,Advanced,20.61904762,1,Jun
L005867,U104,07-11-2025,Data Analytics,Certification,4.3,62.6,18.6,In Progress,Advanced,14.55813953,0,Nov
L005868,U084,13-05-2025,Cloud,Project,5.1,68.9,100,Completed,Intermediate,13.50980392,1,May
L005869,U074,11-12-2025,Cloud,Certification,1.6,69.1,0.7,In Progress,Advanced,43.1875,0,Dec
L005870,U094,05-03-2025,Data Analytics,Workshop,4.5,71.6,58.8,Dropped,Advanced,15.91111111,0,Mar
L005871,U142,31-10-2025,Data Analytics,Workshop,3,80,58.1,Dropped,Beginner,26.66666667,0,Oct
L005872,U040,19-06-2025,SQL,Online Course,1.1,66.9,49.1,In Progress,Advanced,60.81818182,0,Jun
L005873,U090,03-08-2025,Machine Learning,Self Learning,2,88.2,100,Completed,Intermediate,44.1,1,Aug
L005874,U080,30-06-2025,Power BI,Self Learning,1.4,52.3,40.7,In Progress,Beginner,37.35714286,0,Jun
L005875,U030,15-04-2025,Cloud,Certification,0.8,87.7,100,Completed,Intermediate,109.625,1,Apr
L005876,U118,04-01-2025,Cloud,Self Learning,1.1,56.9,89.6,In Progress,Beginner,51.72727273,0,Jan
L005877,U160,05-12-2025,Machine Learning,Self Learning,2.8,46.9,78.1,In Progress,Beginner,16.75,0,Dec
L005878,U191,04-06-2025,SQL,Online Course,0,0,0,Not Started,Beginner,0,0,Jun
L005879,U130,16-05-2025,Power BI,Project,4.3,98.8,100,Completed,Beginner,22.97674419,1,May
L005880,U016,25-10-2025,Machine Learning,Project,5.7,66.1,100,Completed,Beginner,11.59649123,1,Oct
L005881,U164,25-09-2025,Data Analytics,Workshop,2.2,40.7,34.9,Dropped,Beginner,18.5,0,Sep
L005882,U191,19-03-2025,Power BI,Certification,5.8,55,47.5,In Progress,Beginner,9.482758621,0,Mar
L005883,U022,15-11-2025,Communication,Certification,5.4,89.7,4.1,In Progress,Advanced,16.61111111,0,Nov
L005884,U125,30-03-2025,Excel,Certification,1,62.7,95.5,In Progress,Beginner,62.7,0,Mar
L005885,U031,13-07-2025,SQL,Online Course,0.7,81.9,95.7,In Progress,Advanced,117,0,Jul
L005886,U023,31-08-2025,Data Analytics,Workshop,4.5,60.6,79.6,In Progress,Intermediate,13.46666667,0,Aug
L005887,U155,10-06-2025,Python,Project,1.5,83,51,In Progress,Beginner,55.33333333,0,Jun
L005888,U028,25-09-2025,Cloud,Self Learning,3.5,86.7,100,Completed,Intermediate,24.77142857,1,Sep
L005889,U126,05-07-2025,Machine Learning,Certification,1.3,99,100,Completed,Intermediate,76.15384615,1,Jul
L005890,U068,26-02-2025,Power BI,Certification,1,64.7,24.5,In Progress,Intermediate,64.7,0,Feb
L005891,U048,13-08-2025,Data Analytics,Workshop,2.7,88.2,100,Completed,Beginner,32.66666667,1,Aug
L005892,U164,30-04-2025,Python,Project,3.1,48.3,76.8,In Progress,Advanced,15.58064516,0,Apr
L005893,U110,15-11-2025,Machine Learning,Self Learning,1.4,77.6,16.9,In Progress,Advanced,55.42857143,0,Nov
L005894,U157,24-08-2025,Communication,Online Course,1.8,71.9,1.3,In Progress,Beginner,39.94444444,0,Aug
L005895,U004,08-03-2025,Communication,Workshop,5.6,85.2,100,Completed,Intermediate,15.21428571,1,Mar
L005896,U006,08-03-2025,ServiceNow,Certification,0.5,93,4.5,In Progress,Intermediate,186,0,Mar
L005897,U082,25-01-2025,Excel,Project,5.9,82.7,49.7,In Progress,Beginner,14.01694915,0,Jan
L005898,U076,15-01-2025,Power BI,Project,3.8,72.5,66,In Progress,Intermediate,19.07894737,0,Jan
L005899,U106,27-05-2025,Data Analytics,Workshop,5.7,70.1,59.6,In Progress,Intermediate,12.29824561,0,May
L005900,U077,24-05-2025,Excel,Certification,5.5,75.8,100,Completed,Beginner,13.78181818,1,May
L005901,U195,07-11-2025,SQL,Self Learning,3.9,88,100,Completed,Intermediate,22.56410256,1,Nov
L005902,U070,02-05-2025,Machine Learning,Online Course,0.7,94.4,66.8,In Progress,Advanced,134.8571429,0,May
L005903,U081,09-05-2025,Communication,Online Course,1,54.7,3,In Progress,Advanced,54.7,0,May
L005904,U139,06-06-2025,SQL,Certification,5.7,83.7,80.4,In Progress,Advanced,14.68421053,0,Jun
L005905,U112,28-04-2025,Python,Workshop,2.9,71.8,64.5,In Progress,Intermediate,24.75862069,0,Apr
L005906,U017,29-03-2025,Cloud,Project,5.1,56,7.4,In Progress,Advanced,10.98039216,0,Mar
L005907,U096,28-01-2025,Excel,Online Course,0.8,65.7,20.8,In Progress,Advanced,82.125,0,Jan
L005908,U130,15-07-2025,Communication,Online Course,5.1,98.9,100,Completed,Intermediate,19.39215686,1,Jul
L005909,U110,16-06-2025,Excel,Certification,2.9,85.2,100,Completed,Intermediate,29.37931034,1,Jun
L005910,U090,14-07-2025,Excel,Certification,5.7,90.2,32.1,In Progress,Beginner,15.8245614,0,Jul
L005911,U139,25-11-2025,Excel,Online Course,3.7,50.1,78.9,In Progress,Advanced,13.54054054,0,Nov
L005912,U044,23-03-2025,Power BI,Self Learning,3.2,98.7,46.5,In Progress,Advanced,30.84375,0,Mar
L005913,U142,14-04-2025,Power BI,Workshop,5.4,57.4,79.1,In Progress,Intermediate,10.62962963,0,Apr
L005914,U054,09-11-2025,Power BI,Workshop,5.2,63.5,59.7,Dropped,Intermediate,12.21153846,0,Nov
L005915,U110,11-06-2025,Java,Online Course,4.8,75.5,100,Completed,Beginner,15.72916667,1,Jun
L005916,U172,20-06-2025,Data Analytics,Online Course,4.2,73.2,38.4,In Progress,Intermediate,17.42857143,0,Jun
L005917,U014,20-09-2025,Python,Project,1.3,93.3,100,Completed,Beginner,71.76923077,1,Sep
L005918,U014,25-10-2025,Communication,Certification,0.9,73.3,65.7,In Progress,Beginner,81.44444444,0,Oct
L005919,U185,13-10-2025,Communication,Workshop,3.4,88.6,100,Completed,Intermediate,26.05882353,1,Oct
L005920,U099,21-09-2025,Java,Online Course,4.7,99.3,42.3,In Progress,Advanced,21.12765957,0,Sep
L005921,U131,27-06-2025,SQL,Certification,4.1,68.3,5.5,In Progress,Beginner,16.65853659,0,Jun
L005922,U053,13-04-2025,ServiceNow,Self Learning,1.5,90.8,100,Completed,Intermediate,60.53333333,1,Apr
L005923,U075,10-07-2025,Excel,Self Learning,4.8,58.8,45.4,In Progress,Advanced,12.25,0,Jul
L005924,U105,09-06-2025,Machine Learning,Workshop,1.9,54.6,53.2,In Progress,Intermediate,28.73684211,0,Jun
L005925,U056,21-11-2025,Java,Online Course,2.2,85.6,0.2,In Progress,Advanced,38.90909091,0,Nov
L005926,U127,28-10-2025,Java,Certification,2.4,58.5,80.6,In Progress,Advanced,24.375,0,Oct
L005927,U189,01-05-2025,Data Analytics,Online Course,4.8,62.8,79,In Progress,Advanced,13.08333333,0,May
L005928,U044,12-06-2025,Communication,Project,4.2,98.8,61.5,In Progress,Intermediate,23.52380952,0,Jun
L005929,U117,13-11-2025,Power BI,Online Course,5.4,79.5,100,Completed,Advanced,14.72222222,1,Nov
L005930,U024,19-11-2025,ServiceNow,Project,1.2,97.9,100,Completed,Beginner,81.58333333,1,Nov
L005931,U166,30-01-2025,SQL,Project,1.9,91.9,36.9,In Progress,Beginner,48.36842105,0,Jan
L005932,U024,22-08-2025,Java,Online Course,3.7,74.2,27,Dropped,Intermediate,20.05405405,0,Aug
L005933,U193,12-06-2025,Data Analytics,Online Course,5.2,74.2,100,Completed,Intermediate,14.26923077,1,Jun
L005934,U197,06-06-2025,ServiceNow,Certification,5.6,58.8,88.1,In Progress,Intermediate,10.5,0,Jun
L005935,U061,14-03-2025,Communication,Project,5.6,83.9,100,Completed,Intermediate,14.98214286,1,Mar
L005936,U136,20-01-2025,SQL,Online Course,6,93.6,100,Completed,Beginner,15.6,1,Jan
L005937,U084,07-11-2025,Excel,Online Course,5.7,83.4,0.5,In Progress,Beginner,14.63157895,0,Nov
L005938,U099,04-05-2025,Power BI,Certification,4.7,44.9,35.4,In Progress,Intermediate,9.553191489,0,May
L005939,U100,04-03-2025,Python,Certification,0,0,0,Not Started,Beginner,0,0,Mar
L005940,U093,22-04-2025,Python,Workshop,1.2,76.5,32.5,In Progress,Intermediate,63.75,0,Apr
L005941,U177,23-02-2025,Communication,Workshop,3.5,67,100,Completed,Beginner,19.14285714,1,Feb
L005942,U025,08-03-2025,Power BI,Project,2.8,54,20.8,In Progress,Beginner,19.28571429,0,Mar
L005943,U107,07-01-2025,ServiceNow,Certification,2.7,97.4,100,Completed,Advanced,36.07407407,1,Jan
L005944,U004,03-03-2025,Excel,Project,3.7,80.3,100,Completed,Beginner,21.7027027,1,Mar
L005945,U064,10-07-2025,Data Analytics,Online Course,2.3,90.6,49.8,In Progress,Intermediate,39.39130435,0,Jul
L005946,U052,07-09-2025,Python,Online Course,0.7,57.7,75.5,In Progress,Intermediate,82.42857143,0,Sep
L005947,U010,08-10-2025,SQL,Project,0.8,85.3,65.7,In Progress,Beginner,106.625,0,Oct
L005948,U076,24-11-2025,Java,Workshop,2.3,76.1,100,Completed,Intermediate,33.08695652,1,Nov
L005949,U048,10-10-2025,ServiceNow,Project,2.3,95.5,97.1,In Progress,Intermediate,41.52173913,0,Oct
L005950,U187,20-05-2025,Power BI,Certification,5.6,93.3,100,Completed,Intermediate,16.66071429,1,May
L005951,U048,17-06-2025,Java,Certification,4.4,99.3,100,Completed,Intermediate,22.56818182,1,Jun
L005952,U174,30-09-2025,Machine Learning,Self Learning,5.1,82.2,100,Completed,Beginner,16.11764706,1,Sep
L005953,U093,08-08-2025,Power BI,Certification,5.2,48.3,6.1,In Progress,Intermediate,9.288461538,0,Aug
L005954,U192,11-11-2025,Java,Self Learning,1.3,88.5,81.6,In Progress,Advanced,68.07692308,0,Nov
L005955,U085,26-04-2025,SQL,Workshop,1,89.8,100,Completed,Intermediate,89.8,1,Apr
L005956,U087,26-12-2025,Data Analytics,Online Course,4.3,81.7,90.5,In Progress,Intermediate,19,0,Dec
L005957,U157,15-06-2025,Data Analytics,Online Course,3.7,88.2,68.5,In Progress,Advanced,23.83783784,0,Jun
L005958,U175,04-10-2025,Python,Self Learning,0.6,77.4,82.8,In Progress,Advanced,129,0,Oct
L005959,U068,15-11-2025,ServiceNow,Self Learning,2.8,87.2,100,Completed,Intermediate,31.14285714,1,Nov
L005960,U006,20-04-2025,Communication,Workshop,3.4,62.2,95.9,In Progress,Intermediate,18.29411765,0,Apr
L005961,U109,21-11-2025,Data Analytics,Self Learning,5.5,87.5,100,Completed,Beginner,15.90909091,1,Nov
L005962,U181,19-08-2025,Cloud,Workshop,2.8,89.4,100,Completed,Intermediate,31.92857143,1,Aug
L005963,U079,25-10-2025,Data Analytics,Workshop,1.6,43.9,97.6,In Progress,Beginner,27.4375,0,Oct
L005964,U184,19-10-2025,Cloud,Workshop,2.8,97,100,Completed,Advanced,34.64285714,1,Oct
L005965,U131,22-12-2025,Python,Self Learning,0,0,0,Not Started,Beginner,0,0,Dec
L005966,U030,13-04-2025,Data Analytics,Online Course,5.5,76.6,100,Completed,Intermediate,13.92727273,1,Apr
L005967,U023,12-08-2025,Power BI,Online Course,0.8,52.1,49.3,In Progress,Intermediate,65.125,0,Aug
L005968,U036,18-11-2025,Data Analytics,Project,5.2,59.5,89.8,In Progress,Intermediate,11.44230769,0,Nov
L005969,U094,24-03-2025,Cloud,Project,3.8,67.2,100,Completed,Advanced,17.68421053,1,Mar
L005970,U144,06-12-2025,Communication,Online Course,5.8,53.1,44.6,In Progress,Intermediate,9.155172414,0,Dec
L005971,U129,28-06-2025,Cloud,Project,0,0,0,Not Started,Advanced,0,0,Jun
L005972,U132,09-05-2025,Communication,Project,2.5,97.3,100,Completed,Advanced,38.92,1,May
L005973,U080,11-07-2025,SQL,Online Course,3.6,52.5,66.1,In Progress,Intermediate,14.58333333,0,Jul
L005974,U141,28-03-2025,Java,Certification,3.4,80.9,68.4,Dropped,Intermediate,23.79411765,0,Mar
L005975,U119,20-07-2025,Excel,Workshop,0.8,92.9,100,Completed,Beginner,116.125,1,Jul
L005976,U097,29-10-2025,Cloud,Certification,0.6,93.9,96,In Progress,Advanced,156.5,0,Oct
L005977,U045,27-08-2025,Power BI,Project,3.6,66.4,75.7,In Progress,Beginner,18.44444444,0,Aug
L005978,U161,10-03-2025,SQL,Online Course,0,0,0,Not Started,Beginner,0,0,Mar
L005979,U086,01-05-2025,Cloud,Online Course,5.2,85.4,32,In Progress,Beginner,16.42307692,0,May
L005980,U027,28-06-2025,Communication,Self Learning,2.6,67.8,100,Completed,Advanced,26.07692308,1,Jun
L005981,U068,16-12-2025,Excel,Online Course,0,0,0,Not Started,Beginner,0,0,Dec
L005982,U052,10-09-2025,Power BI,Online Course,1.5,75.9,100,Completed,Beginner,50.6,1,Sep
L005983,U106,25-05-2025,Power BI,Self Learning,3.7,74.1,47.1,In Progress,Intermediate,20.02702703,0,May
L005984,U015,24-04-2025,SQL,Certification,4.5,89.6,3.4,In Progress,Beginner,19.91111111,0,Apr
L005985,U034,17-10-2025,Java,Self Learning,0,0,0,Not Started,Beginner,0,0,Oct
L005986,U124,21-08-2025,Power BI,Self Learning,1.2,70.2,12.4,In Progress,Beginner,58.5,0,Aug
L005987,U163,11-12-2025,Cloud,Project,3,79.7,6.9,In Progress,Advanced,26.56666667,0,Dec
L005988,U029,17-08-2025,ServiceNow,Online Course,1.4,87.3,42,In Progress,Advanced,62.35714286,0,Aug
L005989,U006,23-04-2025,Python,Project,0.9,81.3,68.9,In Progress,Beginner,90.33333333,0,Apr
L005990,U131,19-02-2025,Python,Certification,5.1,69.7,94,In Progress,Advanced,13.66666667,0,Feb
L005991,U090,13-09-2025,Data Analytics,Online Course,5.1,67.4,62.1,In Progress,Advanced,13.21568627,0,Sep
L005992,U034,26-09-2025,Python,Online Course,2.2,96.7,100,Completed,Beginner,43.95454545,1,Sep
L005993,U037,26-02-2025,ServiceNow,Self Learning,3.9,94.7,82.9,In Progress,Intermediate,24.28205128,0,Feb
L005994,U008,11-11-2025,Communication,Project,1.7,76,100,Completed,Intermediate,44.70588235,1,Nov
L005995,U059,02-09-2025,Excel,Certification,2.3,98.9,79.1,In Progress,Advanced,43,0,Sep
L005996,U200,17-10-2025,Cloud,Self Learning,1.9,98.3,100,Completed,Intermediate,51.73684211,1,Oct
L005997,U184,22-07-2025,Data Analytics,Workshop,5.9,95.2,100,Completed,Beginner,16.13559322,1,Jul
L005998,U126,12-10-2025,Communication,Online Course,5.9,81.8,100,Completed,Beginner,13.86440678,1,Oct
L005999,U039,20-03-2025,Python,Self Learning,0,0,0,Not Started,Intermediate,0,0,Mar
L006000,U127,28-08-2025,Java,Workshop,0.8,54.8,18.3,In Progress,Advanced,68.5,0,Aug
L006001,U088,03-04-2025,Communication,Workshop,1.5,78.5,61.7,In Progress,Intermediate,52.33333333,0,Apr
L006002,U052,14-11-2025,Cloud,Online Course,2.1,98.6,95,In Progress,Advanced,46.95238095,0,Nov
L006003,U035,23-04-2025,Data Analytics,Project,0.5,76.5,75.5,In Progress,Intermediate,153,0,Apr
L006004,U157,28-03-2025,Python,Project,1.2,58.1,48.9,Dropped,Beginner,48.41666667,0,Mar
L006005,U112,28-01-2025,Machine Learning,Workshop,3.8,44.9,51.6,In Progress,Beginner,11.81578947,0,Jan
L006006,U007,04-11-2025,Machine Learning,Self Learning,5.7,82.4,27.6,Dropped,Advanced,14.45614035,0,Nov
L006007,U103,24-05-2025,Excel,Online Course,5.2,81.3,14.6,Dropped,Beginner,15.63461538,0,May
L006008,U077,05-07-2025,Communication,Self Learning,0,0,0,Not Started,Beginner,0,0,Jul
L006009,U183,26-08-2025,Cloud,Certification,5.7,97.6,33.5,In Progress,Intermediate,17.12280702,0,Aug
L006010,U089,12-02-2025,SQL,Certification,0.6,70.7,100,Completed,Beginner,117.8333333,1,Feb
L006011,U137,15-06-2025,SQL,Certification,3.3,83.5,93,In Progress,Beginner,25.3030303,0,Jun
L006012,U011,22-07-2025,Power BI,Self Learning,3.4,58.8,45.6,Dropped,Intermediate,17.29411765,0,Jul
L006013,U035,14-09-2025,Cloud,Workshop,5.7,49.8,31.7,In Progress,Intermediate,8.736842105,0,Sep
L006014,U191,17-01-2025,Python,Self Learning,0,0,0,Not Started,Intermediate,0,0,Jan
L006015,U186,08-09-2025,Machine Learning,Online Course,3.4,75.9,100,Completed,Advanced,22.32352941,1,Sep
L006016,U193,16-08-2025,Java,Online Course,2.7,77.4,31,Dropped,Beginner,28.66666667,0,Aug
L006017,U018,13-09-2025,Machine Learning,Project,5.1,98.4,100,Completed,Advanced,19.29411765,1,Sep
L006018,U169,15-06-2025,SQL,Project,2.5,54.3,13.2,In Progress,Intermediate,21.72,0,Jun
L006019,U085,16-09-2025,Python,Self Learning,1.2,82.7,100,Completed,Advanced,68.91666667,1,Sep
L006020,U014,12-08-2025,Power BI,Workshop,1.5,98.5,100,Completed,Intermediate,65.66666667,1,Aug
L006021,U108,16-09-2025,Cloud,Self Learning,3.2,50.7,39.7,In Progress,Intermediate,15.84375,0,Sep
L006022,U086,30-09-2025,Excel,Workshop,1.8,71.8,100,Completed,Intermediate,39.88888889,1,Sep
L006023,U054,28-01-2025,ServiceNow,Online Course,0.6,68,57.3,In Progress,Beginner,113.3333333,0,Jan
L006024,U034,25-05-2025,Data Analytics,Certification,2,85.8,100,Completed,Advanced,42.9,1,May
L006025,U029,25-01-2025,Power BI,Certification,1.4,45.8,95.5,In Progress,Advanced,32.71428571,0,Jan
L006026,U038,22-11-2025,Communication,Self Learning,4.5,90.5,6.1,In Progress,Intermediate,20.11111111,0,Nov
L006027,U015,06-07-2025,Python,Workshop,2.4,96.2,54.5,Dropped,Advanced,40.08333333,0,Jul
L006028,U166,19-08-2025,Excel,Project,3.8,92.4,69.2,Dropped,Advanced,24.31578947,0,Aug
L006029,U091,24-06-2025,ServiceNow,Project,3.8,60,29.6,In Progress,Advanced,15.78947368,0,Jun
L006030,U033,13-12-2025,Excel,Self Learning,0,0,0,Not Started,Beginner,0,0,Dec
L006031,U141,26-07-2025,Data Analytics,Certification,1,56.4,43.1,In Progress,Intermediate,56.4,0,Jul
L006032,U006,11-12-2025,Communication,Project,5.4,75,100,Completed,Intermediate,13.88888889,1,Dec
L006033,U158,05-10-2025,Java,Self Learning,1.7,67.9,45.8,In Progress,Beginner,39.94117647,0,Oct
L006034,U083,17-10-2025,SQL,Project,5.7,78.4,100,Completed,Advanced,13.75438596,1,Oct
L006035,U015,17-10-2025,Communication,Online Course,4.5,79.4,81.2,In Progress,Beginner,17.64444444,0,Oct
L006036,U040,01-01-2025,ServiceNow,Self Learning,1.1,45.7,77.9,In Progress,Beginner,41.54545455,0,Jan
L006037,U011,29-11-2025,Java,Project,1.1,90.3,8.4,In Progress,Advanced,82.09090909,0,Nov
L006038,U112,02-04-2025,SQL,Certification,5.3,80.2,100,Completed,Advanced,15.13207547,1,Apr
L006039,U094,13-10-2025,Java,Project,1.7,42.8,82.3,In Progress,Beginner,25.17647059,0,Oct
L006040,U187,19-01-2025,Power BI,Project,3.1,53.6,0.8,In Progress,Intermediate,17.29032258,0,Jan
L006041,U091,08-11-2025,SQL,Workshop,5.9,99.7,48.8,In Progress,Advanced,16.89830508,0,Nov
L006042,U169,21-05-2025,Power BI,Online Course,5.7,56.1,72.7,In Progress,Advanced,9.842105263,0,May
L006043,U102,07-10-2025,SQL,Online Course,3.8,41.8,94.5,In Progress,Beginner,11,0,Oct
L006044,U070,03-02-2025,Machine Learning,Online Course,3.5,50,61.8,In Progress,Advanced,14.28571429,0,Feb
L006045,U002,03-02-2025,ServiceNow,Certification,5.5,42.7,71,In Progress,Advanced,7.763636364,0,Feb
L006046,U087,24-02-2025,Machine Learning,Project,1.2,68.4,100,Completed,Advanced,57,1,Feb
L006047,U104,01-02-2025,Java,Project,4,92.6,100,Completed,Intermediate,23.15,1,Feb
L006048,U020,24-12-2025,Data Analytics,Certification,2,68.8,30.1,Dropped,Intermediate,34.4,0,Dec
L006049,U058,29-12-2025,SQL,Certification,0,0,0,Not Started,Intermediate,0,0,Dec
L006050,U196,06-09-2025,SQL,Certification,4.7,44.2,50.1,Dropped,Advanced,9.404255319,0,Sep
L006051,U180,05-09-2025,Communication,Self Learning,3.8,85.3,100,Completed,Intermediate,22.44736842,1,Sep
L006052,U166,16-07-2025,Data Analytics,Project,5.3,81.6,64.1,In Progress,Beginner,15.39622642,0,Jul
L006053,U086,07-11-2025,Machine Learning,Project,1.7,97.5,49.5,In Progress,Beginner,57.35294118,0,Nov
L006054,U027,31-10-2025,Java,Certification,2.7,48.9,2.4,In Progress,Beginner,18.11111111,0,Oct
L006055,U130,31-07-2025,Excel,Online Course,1.8,89.7,28.7,In Progress,Beginner,49.83333333,0,Jul
L006056,U172,08-04-2025,Excel,Online Course,4.2,92.5,38.1,In Progress,Intermediate,22.02380952,0,Apr
L006057,U092,13-03-2025,Python,Workshop,0,0,0,Not Started,Beginner,0,0,Mar
L006058,U114,30-01-2025,Communication,Workshop,3,50.1,65.5,In Progress,Advanced,16.7,0,Jan
L006059,U156,07-08-2025,Excel,Project,1,71.5,100,Completed,Beginner,71.5,1,Aug
L006060,U013,23-02-2025,Java,Online Course,2.3,99.7,100,Completed,Advanced,43.34782609,1,Feb
L006061,U153,22-10-2025,Data Analytics,Certification,2.3,66.8,100,Completed,Intermediate,29.04347826,1,Oct
L006062,U028,05-10-2025,SQL,Project,2.5,43.8,61.8,In Progress,Advanced,17.52,0,Oct
L006063,U051,09-11-2025,Cloud,Certification,0,0,0,Not Started,Advanced,0,0,Nov
L006064,U001,01-10-2025,Machine Learning,Self Learning,0,0,0,Not Started,Beginner,0,0,Oct
L006065,U131,20-12-2025,Python,Self Learning,5.4,54.8,47.4,Dropped,Beginner,10.14814815,0,Dec
L006066,U146,17-02-2025,Power BI,Certification,0,0,0,Not Started,Intermediate,0,0,Feb
L006067,U165,20-10-2025,Cloud,Self Learning,4.7,85.7,100,Completed,Intermediate,18.23404255,1,Oct
L006068,U194,03-04-2025,Java,Certification,4.9,69.6,22.8,In Progress,Intermediate,14.20408163,0,Apr
L006069,U159,25-06-2025,Python,Certification,5.4,55.7,84.3,In Progress,Advanced,10.31481481,0,Jun
L006070,U162,19-09-2025,Java,Self Learning,3,71.3,100,Completed,Intermediate,23.76666667,1,Sep
L006071,U032,25-10-2025,Communication,Certification,1,55,37.6,Dropped,Intermediate,55,0,Oct
L006072,U160,17-07-2025,Machine Learning,Self Learning,2.2,53.3,47.5,In Progress,Advanced,24.22727273,0,Jul
L006073,U168,05-12-2025,ServiceNow,Project,2,55.9,94,In Progress,Beginner,27.95,0,Dec
L006074,U196,27-12-2025,Communication,Certification,3,84.3,24.3,In Progress,Beginner,28.1,0,Dec
L006075,U126,02-11-2025,ServiceNow,Certification,0,0,0,Not Started,Advanced,0,0,Nov
L006076,U152,05-04-2025,Python,Project,4.8,87.9,100,Completed,Beginner,18.3125,1,Apr
L006077,U138,02-04-2025,Power BI,Self Learning,5.8,92.8,88.2,In Progress,Beginner,16,0,Apr
L006078,U037,02-06-2025,Power BI,Workshop,1.4,67.9,26.3,In Progress,Intermediate,48.5,0,Jun
L006079,U048,19-02-2025,SQL,Workshop,1.2,91.9,100,Completed,Intermediate,76.58333333,1,Feb
L006080,U021,05-04-2025,Java,Project,3.3,66,38.1,In Progress,Advanced,20,0,Apr
L006081,U150,29-11-2025,Cloud,Workshop,4.7,71.3,38.3,In Progress,Advanced,15.17021277,0,Nov
L006082,U115,03-10-2025,Excel,Self Learning,5.5,62.9,60.3,In Progress,Beginner,11.43636364,0,Oct
L006083,U125,26-04-2025,Java,Online Course,2.2,51.8,55.9,In Progress,Beginner,23.54545455,0,Apr
L006084,U170,18-05-2025,SQL,Self Learning,5.7,89.2,100,Completed,Advanced,15.64912281,1,May
L006085,U178,23-09-2025,ServiceNow,Self Learning,2.1,50.7,73.5,In Progress,Beginner,24.14285714,0,Sep
L006086,U098,24-12-2025,Excel,Certification,5.3,48,25.8,In Progress,Advanced,9.056603774,0,Dec
L006087,U190,05-04-2025,Cloud,Project,4,69.9,22.9,In Progress,Advanced,17.475,0,Apr
L006088,U036,20-12-2025,Java,Online Course,5.1,74.2,100,Completed,Intermediate,14.54901961,1,Dec
L006089,U124,19-09-2025,Data Analytics,Certification,4.5,43.3,73.1,In Progress,Advanced,9.622222222,0,Sep
L006090,U055,15-07-2025,Power BI,Self Learning,2.3,51.5,97.5,In Progress,Intermediate,22.39130435,0,Jul
L006091,U098,21-03-2025,SQL,Self Learning,0.6,72.2,100,Completed,Advanced,120.3333333,1,Mar
L006092,U050,12-11-2025,Machine Learning,Certification,2.4,49.7,19.3,Dropped,Advanced,20.70833333,0,Nov
L006093,U151,27-01-2025,Machine Learning,Project,4.9,95.5,100,Completed,Advanced,19.48979592,1,Jan
L006094,U097,20-03-2025,Excel,Project,2.8,86,100,Completed,Advanced,30.71428571,1,Mar
L006095,U193,22-04-2025,Communication,Project,2.4,90.6,51.1,Dropped,Beginner,37.75,0,Apr
L006096,U056,07-03-2025,Power BI,Self Learning,2.1,46.7,37.2,In Progress,Intermediate,22.23809524,0,Mar
L006097,U110,11-02-2025,Data Analytics,Project,5,85.9,100,Completed,Intermediate,17.18,1,Feb
L006098,U023,31-07-2025,Excel,Certification,0.6,68.6,68.9,Dropped,Beginner,114.3333333,0,Jul
L006099,U031,03-06-2025,Power BI,Online Course,5.6,75.8,100,Completed,Intermediate,13.53571429,1,Jun
L006100,U101,25-10-2025,Java,Online Course,0.6,92.7,28.7,In Progress,Advanced,154.5,0,Oct
L006101,U065,30-05-2025,ServiceNow,Online Course,0,0,0,Not Started,Beginner,0,0,May
L006102,U019,23-06-2025,Communication,Self Learning,0.7,76.1,100,Completed,Intermediate,108.7142857,1,Jun
L006103,U052,04-01-2025,SQL,Workshop,1.7,52.6,53.6,In Progress,Advanced,30.94117647,0,Jan
L006104,U074,17-10-2025,Power BI,Certification,2.1,52.7,39.3,In Progress,Intermediate,25.0952381,0,Oct
L006105,U105,17-08-2025,Cloud,Project,2.4,50.3,64.8,In Progress,Intermediate,20.95833333,0,Aug
L006106,U029,26-10-2025,ServiceNow,Self Learning,2.7,98.1,50.1,In Progress,Advanced,36.33333333,0,Oct
L006107,U005,14-05-2025,Communication,Online Course,3.1,61.5,68,In Progress,Intermediate,19.83870968,0,May
L006108,U067,15-06-2025,ServiceNow,Self Learning,5.2,72.6,98.2,In Progress,Beginner,13.96153846,0,Jun
L006109,U057,21-02-2025,Data Analytics,Project,3.8,84.8,100,Completed,Advanced,22.31578947,1,Feb
L006110,U043,30-01-2025,Machine Learning,Self Learning,3.5,61.4,29,In Progress,Intermediate,17.54285714,0,Jan
L006111,U158,06-07-2025,ServiceNow,Self Learning,0,0,0,Not Started,Beginner,0,0,Jul
L006112,U104,30-11-2025,Excel,Online Course,1.6,45,25.1,In Progress,Intermediate,28.125,0,Nov
L006113,U074,15-02-2025,Machine Learning,Online Course,5.4,79.3,100,Completed,Beginner,14.68518519,1,Feb
L006114,U086,14-10-2025,Communication,Project,1,60.7,44.1,Dropped,Intermediate,60.7,0,Oct
L006115,U166,15-10-2025,Data Analytics,Certification,5.7,73.2,100,Completed,Beginner,12.84210526,1,Oct
L006116,U054,22-08-2025,Communication,Certification,0.5,78.5,99.2,In Progress,Advanced,157,0,Aug
L006117,U085,26-04-2025,Python,Self Learning,3.6,96.8,99.2,In Progress,Advanced,26.88888889,0,Apr
L006118,U073,17-05-2025,Data Analytics,Project,5.7,72,100,Completed,Beginner,12.63157895,1,May
L006119,U175,18-03-2025,Java,Certification,2.8,93.4,92.4,In Progress,Intermediate,33.35714286,0,Mar
L006120,U019,15-03-2025,Power BI,Online Course,2,80.6,90.1,In Progress,Intermediate,40.3,0,Mar
L006121,U140,21-06-2025,Python,Workshop,2.4,85.1,100,Completed,Intermediate,35.45833333,1,Jun
L006122,U180,01-12-2025,Python,Online Course,3.2,78.2,100,Completed,Beginner,24.4375,1,Dec
L006123,U062,18-07-2025,Excel,Certification,3.4,84.3,76.8,In Progress,Beginner,24.79411765,0,Jul
L006124,U029,04-07-2025,Data Analytics,Project,3.8,54.2,17.5,Dropped,Beginner,14.26315789,0,Jul
L006125,U169,28-09-2025,Power BI,Online Course,4.2,55,17.4,Dropped,Intermediate,13.0952381,0,Sep
L006126,U156,24-06-2025,SQL,Project,1.6,79.1,50.2,In Progress,Beginner,49.4375,0,Jun
L006127,U173,03-04-2025,Power BI,Workshop,2.5,90.7,100,Completed,Advanced,36.28,1,Apr
L006128,U089,23-05-2025,Power BI,Certification,0,0,0,Not Started,Beginner,0,0,May
L006129,U039,12-05-2025,Java,Project,1.2,75,69.5,In Progress,Intermediate,62.5,0,May
L006130,U144,04-03-2025,Python,Workshop,4,99.7,100,Completed,Intermediate,24.925,1,Mar
L006131,U175,17-11-2025,Communication,Workshop,1.2,43.7,28,In Progress,Advanced,36.41666667,0,Nov
L006132,U025,29-06-2025,Java,Certification,5.5,75.5,70.4,In Progress,Advanced,13.72727273,0,Jun
L006133,U181,25-02-2025,Power BI,Self Learning,0.6,82.9,100,Completed,Beginner,138.1666667,1,Feb
L006134,U104,10-05-2025,Cloud,Self Learning,0.8,71.9,94.1,In Progress,Beginner,89.875,0,May
L006135,U116,31-07-2025,Communication,Self Learning,4,77,100,Completed,Advanced,19.25,1,Jul
L006136,U044,12-06-2025,Machine Learning,Certification,5,75.4,1.5,In Progress,Intermediate,15.08,0,Jun
L006137,U034,14-06-2025,Excel,Online Course,5.9,69.2,100,Completed,Beginner,11.72881356,1,Jun
L006138,U088,17-03-2025,SQL,Self Learning,2.8,83.2,41.4,In Progress,Beginner,29.71428571,0,Mar
L006139,U041,25-03-2025,Java,Workshop,2.3,43.2,4.2,In Progress,Beginner,18.7826087,0,Mar
L006140,U098,28-01-2025,Data Analytics,Workshop,0,0,0,Not Started,Beginner,0,0,Jan
L006141,U149,29-09-2025,Python,Project,4,94,23.1,Dropped,Intermediate,23.5,0,Sep
L006142,U041,21-07-2025,Excel,Online Course,2,40.3,78.4,In Progress,Intermediate,20.15,0,Jul
L006143,U048,27-01-2025,Communication,Workshop,1,58,85.5,In Progress,Intermediate,58,0,Jan
L006144,U154,28-08-2025,Data Analytics,Workshop,5,84.4,84,In Progress,Beginner,16.88,0,Aug
L006145,U070,17-02-2025,Python,Workshop,2.3,56.2,86.5,In Progress,Intermediate,24.43478261,0,Feb
L006146,U145,09-02-2025,Python,Self Learning,3.8,96.4,64.5,In Progress,Intermediate,25.36842105,0,Feb
L006147,U167,03-10-2025,Excel,Workshop,4.5,73.2,100,Completed,Advanced,16.26666667,1,Oct
L006148,U199,24-07-2025,Java,Online Course,0.9,89.1,100,Completed,Intermediate,99,1,Jul
L006149,U170,17-04-2025,Machine Learning,Project,1.3,89.7,100,Completed,Beginner,69,1,Apr
L006150,U103,15-05-2025,ServiceNow,Certification,3.8,74.1,100,Completed,Intermediate,19.5,1,May
L006151,U090,05-07-2025,Data Analytics,Project,0,0,0,Not Started,Beginner,0,0,Jul
L006152,U052,14-03-2025,ServiceNow,Certification,3.2,95.3,67.2,In Progress,Beginner,29.78125,0,Mar
L006153,U186,25-02-2025,Machine Learning,Certification,5.9,70,83.7,In Progress,Advanced,11.86440678,0,Feb
L006154,U196,13-02-2025,Communication,Certification,3.6,92.3,65,Dropped,Beginner,25.63888889,0,Feb
L006155,U173,30-08-2025,Power BI,Online Course,3.1,93.7,1.1,In Progress,Beginner,30.22580645,0,Aug
L006156,U135,28-12-2025,Data Analytics,Workshop,3.6,58.5,53.3,In Progress,Beginner,16.25,0,Dec
L006157,U014,27-12-2025,SQL,Workshop,1.8,68.8,79.6,In Progress,Advanced,38.22222222,0,Dec
L006158,U066,16-12-2025,Communication,Certification,5.3,81.5,100,Completed,Intermediate,15.37735849,1,Dec
L006159,U079,28-12-2025,Excel,Workshop,0,0,0,Not Started,Intermediate,0,0,Dec
L006160,U169,10-02-2025,Cloud,Workshop,2.2,90.6,100,Completed,Intermediate,41.18181818,1,Feb
L006161,U070,19-03-2025,Python,Online Course,4.2,48.3,39.9,In Progress,Intermediate,11.5,0,Mar
L006162,U127,07-05-2025,Machine Learning,Online Course,4.3,96,100,Completed,Intermediate,22.3255814,1,May
L006163,U002,20-03-2025,ServiceNow,Project,5.9,91.6,100,Completed,Advanced,15.52542373,1,Mar
L006164,U178,29-12-2025,Cloud,Online Course,3.7,46.3,43.2,In Progress,Advanced,12.51351351,0,Dec
L006165,U026,17-10-2025,ServiceNow,Workshop,2.6,41.6,93.8,In Progress,Advanced,16,0,Oct
L006166,U105,19-10-2025,Excel,Project,1.1,89,86.7,In Progress,Advanced,80.90909091,0,Oct
L006167,U025,15-05-2025,Power BI,Workshop,5.8,74.7,100,Completed,Advanced,12.87931034,1,May
L006168,U065,07-04-2025,Machine Learning,Self Learning,1.4,91.5,15.1,In Progress,Advanced,65.35714286,0,Apr
L006169,U019,16-12-2025,ServiceNow,Self Learning,4.6,83.2,100,Completed,Advanced,18.08695652,1,Dec
L006170,U135,02-11-2025,Java,Workshop,1.5,77.4,45.1,Dropped,Advanced,51.6,0,Nov
L006171,U054,19-05-2025,Power BI,Workshop,4,98,32.6,Dropped,Beginner,24.5,0,May
L006172,U129,16-11-2025,Cloud,Certification,2.4,79.9,100,Completed,Intermediate,33.29166667,1,Nov
L006173,U017,23-10-2025,Machine Learning,Certification,2.2,94.1,36.3,In Progress,Intermediate,42.77272727,0,Oct
L006174,U103,10-10-2025,Data Analytics,Project,4.1,87.1,100,Completed,Intermediate,21.24390244,1,Oct
L006175,U137,26-09-2025,SQL,Workshop,5.5,80.3,100,Completed,Advanced,14.6,1,Sep
L006176,U088,03-11-2025,Excel,Workshop,0,0,0,Not Started,Beginner,0,0,Nov
L006177,U035,06-11-2025,Cloud,Workshop,5.2,88.6,71.2,In Progress,Beginner,17.03846154,0,Nov
L006178,U137,09-05-2025,Excel,Online Course,0,0,0,Not Started,Beginner,0,0,May
L006179,U014,26-04-2025,ServiceNow,Certification,3.8,73.5,1.5,In Progress,Beginner,19.34210526,0,Apr
L006180,U101,23-05-2025,ServiceNow,Project,5,68.2,100,Completed,Beginner,13.64,1,May
L006181,U075,13-12-2025,Power BI,Certification,3.9,61,8.4,In Progress,Advanced,15.64102564,0,Dec
L006182,U118,08-10-2025,Excel,Workshop,0.8,93.2,0.7,In Progress,Advanced,116.5,0,Oct
L006183,U162,31-08-2025,Java,Project,3.4,79.3,96.3,In Progress,Beginner,23.32352941,0,Aug
L006184,U105,02-07-2025,Java,Self Learning,0.7,87.7,100,Completed,Beginner,125.2857143,1,Jul
L006185,U077,14-12-2025,Excel,Project,3.8,46.1,23.8,In Progress,Beginner,12.13157895,0,Dec
L006186,U110,28-05-2025,SQL,Online Course,5.4,41.3,34.4,Dropped,Advanced,7.648148148,0,May
L006187,U156,01-09-2025,Cloud,Certification,2.3,69.2,63.5,In Progress,Advanced,30.08695652,0,Sep
L006188,U136,21-01-2025,ServiceNow,Project,2.5,85.8,46.2,In Progress,Intermediate,34.32,0,Jan
L006189,U199,19-04-2025,Power BI,Project,0.8,81.4,100,Completed,Intermediate,101.75,1,Apr
L006190,U075,08-11-2025,Excel,Workshop,3.1,61.7,10.3,Dropped,Intermediate,19.90322581,0,Nov
L006191,U117,26-05-2025,ServiceNow,Workshop,0,0,0,Not Started,Advanced,0,0,May
L006192,U007,09-12-2025,Communication,Certification,6,68.5,90.9,In Progress,Beginner,11.41666667,0,Dec
L006193,U178,01-09-2025,SQL,Workshop,0.7,68.7,100,Completed,Advanced,98.14285714,1,Sep
L006194,U136,11-10-2025,Communication,Certification,1.9,89,92.9,In Progress,Advanced,46.84210526,0,Oct
L006195,U149,20-05-2025,Excel,Project,3.8,95.1,73.8,In Progress,Intermediate,25.02631579,0,May
L006196,U074,29-09-2025,Data Analytics,Certification,3.3,94.5,18.5,In Progress,Intermediate,28.63636364,0,Sep
L006197,U041,14-10-2025,Data Analytics,Certification,5.9,83.9,15.3,Dropped,Advanced,14.22033898,0,Oct
L006198,U115,11-03-2025,SQL,Self Learning,0.9,91.2,74.6,In Progress,Beginner,101.3333333,0,Mar
L006199,U138,09-09-2025,Communication,Self Learning,3.5,74,100,Completed,Intermediate,21.14285714,1,Sep
L006200,U034,30-11-2025,Data Analytics,Self Learning,3.5,78.4,17.4,In Progress,Advanced,22.4,0,Nov
L006201,U143,24-12-2025,ServiceNow,Certification,5.9,75,69.5,In Progress,Beginner,12.71186441,0,Dec
L006202,U164,26-01-2025,Data Analytics,Online Course,5.5,94.8,100,Completed,Beginner,17.23636364,1,Jan
L006203,U079,13-02-2025,Communication,Workshop,1.1,95.6,63.8,In Progress,Intermediate,86.90909091,0,Feb
L006204,U075,14-05-2025,Data Analytics,Online Course,1.9,96.4,59.2,In Progress,Intermediate,50.73684211,0,May
L006205,U121,02-04-2025,Excel,Workshop,0,0,0,Not Started,Intermediate,0,0,Apr
L006206,U115,17-03-2025,Data Analytics,Online Course,3.7,79.6,19,Dropped,Intermediate,21.51351351,0,Mar
L006207,U001,21-05-2025,Machine Learning,Project,1.8,89.6,52.6,Dropped,Advanced,49.77777778,0,May
L006208,U018,26-09-2025,Python,Project,5,93.9,100,Completed,Intermediate,18.78,1,Sep
L006209,U058,21-05-2025,Excel,Workshop,4.3,77.9,24.8,In Progress,Intermediate,18.11627907,0,May
L006210,U182,22-04-2025,SQL,Certification,4.4,74,53.9,In Progress,Beginner,16.81818182,0,Apr
L006211,U105,02-04-2025,Excel,Online Course,4,59.2,1.1,In Progress,Advanced,14.8,0,Apr
L006212,U164,28-03-2025,Communication,Online Course,3.1,79.5,100,Completed,Advanced,25.64516129,1,Mar
L006213,U077,07-09-2025,Communication,Project,5.8,78.7,100,Completed,Advanced,13.56896552,1,Sep
L006214,U087,05-07-2025,SQL,Project,2,75.5,51.2,In Progress,Advanced,37.75,0,Jul
L006215,U057,22-04-2025,SQL,Self Learning,2.5,84.3,12.5,In Progress,Intermediate,33.72,0,Apr
L006216,U145,14-12-2025,Cloud,Online Course,2.7,49.7,71.9,In Progress,Advanced,18.40740741,0,Dec
L006217,U035,02-01-2025,Java,Certification,5.5,97.6,16.5,In Progress,Advanced,17.74545455,0,Jan
L006218,U152,03-06-2025,Python,Self Learning,3.8,93.1,100,Completed,Beginner,24.5,1,Jun
L006219,U006,31-07-2025,Machine Learning,Project,0.9,71.1,52.6,In Progress,Beginner,79,0,Jul
L006220,U179,14-09-2025,Machine Learning,Self Learning,5,52.6,11.3,In Progress,Advanced,10.52,0,Sep
L006221,U094,31-07-2025,Communication,Workshop,0,0,0,Not Started,Intermediate,0,0,Jul
L006222,U003,13-07-2025,Communication,Self Learning,5.3,62.1,64.6,In Progress,Advanced,11.71698113,0,Jul
L006223,U196,22-07-2025,Java,Workshop,1.1,84.8,52.4,Dropped,Advanced,77.09090909,0,Jul
L006224,U132,07-06-2025,Cloud,Project,4.4,94.1,100,Completed,Advanced,21.38636364,1,Jun
L006225,U164,21-04-2025,Power BI,Online Course,5.6,75.1,98.6,In Progress,Advanced,13.41071429,0,Apr
L006226,U025,09-01-2025,Cloud,Self Learning,1.4,63,7.1,In Progress,Advanced,45,0,Jan
L006227,U100,19-04-2025,Communication,Certification,3.1,88,51.1,In Progress,Advanced,28.38709677,0,Apr
L006228,U153,12-12-2025,Machine Learning,Certification,0,0,0,Not Started,Beginner,0,0,Dec
L006229,U175,09-01-2025,Machine Learning,Self Learning,5.2,69.8,97.7,In Progress,Beginner,13.42307692,0,Jan
L006230,U168,03-04-2025,Communication,Certification,0,0,0,Not Started,Advanced,0,0,Apr
L006231,U106,18-03-2025,Cloud,Online Course,1,75.9,11.4,In Progress,Intermediate,75.9,0,Mar
L006232,U149,25-08-2025,Power BI,Online Course,3.3,91.2,100,Completed,Advanced,27.63636364,1,Aug
L006233,U166,21-02-2025,Data Analytics,Certification,2.9,90.9,41.3,Dropped,Beginner,31.34482759,0,Feb
L006234,U043,07-02-2025,Excel,Certification,1.3,54.6,41.3,In Progress,Advanced,42,0,Feb
L006235,U187,08-01-2025,Excel,Self Learning,5.3,83.1,7.5,In Progress,Intermediate,15.67924528,0,Jan
L006236,U156,16-12-2025,Python,Self Learning,0,0,0,Not Started,Intermediate,0,0,Dec
L006237,U080,30-08-2025,Java,Self Learning,5.8,78.8,45.5,In Progress,Beginner,13.5862069,0,Aug
L006238,U002,24-02-2025,Cloud,Project,3.1,91.7,84.5,In Progress,Intermediate,29.58064516,0,Feb
L006239,U148,11-05-2025,Communication,Workshop,1.2,77.9,100,Completed,Advanced,64.91666667,1,May
L006240,U118,24-03-2025,Machine Learning,Workshop,0,0,0,Not Started,Beginner,0,0,Mar
L006241,U151,12-12-2025,Machine Learning,Online Course,0,0,0,Not Started,Beginner,0,0,Dec
L006242,U024,05-07-2025,Java,Workshop,4.7,72.7,100,Completed,Intermediate,15.46808511,1,Jul
L006243,U178,12-09-2025,Data Analytics,Certification,1.6,81.1,100,Completed,Beginner,50.6875,1,Sep
L006244,U143,03-10-2025,Python,Online Course,0.6,41.2,97.6,In Progress,Beginner,68.66666667,0,Oct
L006245,U177,30-03-2025,ServiceNow,Online Course,4.2,71.7,100,Completed,Advanced,17.07142857,1,Mar
L006246,U107,07-03-2025,SQL,Self Learning,3.6,98.8,90.5,In Progress,Advanced,27.44444444,0,Mar
L006247,U099,29-04-2025,SQL,Self Learning,1.2,76,88,In Progress,Intermediate,63.33333333,0,Apr
L006248,U199,27-12-2025,SQL,Project,0,0,0,Not Started,Beginner,0,0,Dec
L006249,U197,13-03-2025,Java,Project,2.9,41.5,67.9,In Progress,Beginner,14.31034483,0,Mar
L006250,U154,13-05-2025,Power BI,Self Learning,4.9,72.2,100,Completed,Beginner,14.73469388,1,May
L006251,U004,13-10-2025,Power BI,Project,5.9,71.6,100,Completed,Intermediate,12.13559322,1,Oct
L006252,U112,28-09-2025,Communication,Certification,1.4,76.6,100,Completed,Intermediate,54.71428571,1,Sep
L006253,U196,27-10-2025,ServiceNow,Online Course,5.8,50.8,28.6,In Progress,Intermediate,8.75862069,0,Oct
L006254,U145,25-10-2025,ServiceNow,Workshop,5.2,80.6,77.1,In Progress,Advanced,15.5,0,Oct
L006255,U037,22-02-2025,Power BI,Online Course,5.2,99.8,93.8,In Progress,Beginner,19.19230769,0,Feb
L006256,U069,10-11-2025,Communication,Online Course,2.9,68.2,23.1,Dropped,Intermediate,23.51724138,0,Nov
L006257,U159,25-12-2025,Java,Project,1.1,78.2,33,In Progress,Advanced,71.09090909,0,Dec
L006258,U092,20-10-2025,Data Analytics,Online Course,2.3,77.7,100,Completed,Advanced,33.7826087,1,Oct
L006259,U078,05-04-2025,Power BI,Project,4.2,64.7,71,In Progress,Advanced,15.4047619,0,Apr
L006260,U163,27-09-2025,Machine Learning,Online Course,0,0,0,Not Started,Beginner,0,0,Sep
L006261,U099,26-06-2025,Java,Online Course,0,0,0,Not Started,Intermediate,0,0,Jun
L006262,U029,17-12-2025,ServiceNow,Certification,1.9,94.7,82.2,In Progress,Advanced,49.84210526,0,Dec
L006263,U047,01-02-2025,Java,Self Learning,2.8,66.7,100,Completed,Beginner,23.82142857,1,Feb
L006264,U073,19-12-2025,Data Analytics,Certification,4.6,99.3,98.4,In Progress,Intermediate,21.58695652,0,Dec
L006265,U055,28-12-2025,SQL,Project,5.6,64.4,55.2,In Progress,Advanced,11.5,0,Dec
L006266,U121,14-02-2025,Java,Online Course,5.6,54.8,36.6,In Progress,Beginner,9.785714286,0,Feb
L006267,U060,31-05-2025,ServiceNow,Project,5.8,99.1,21.7,In Progress,Intermediate,17.0862069,0,May
L006268,U123,11-08-2025,Excel,Workshop,0.7,95.6,7.6,In Progress,Beginner,136.5714286,0,Aug
L006269,U064,09-11-2025,Excel,Project,4.2,46.6,92.8,In Progress,Beginner,11.0952381,0,Nov
L006270,U015,07-03-2025,Excel,Workshop,3.5,88,100,Completed,Advanced,25.14285714,1,Mar
L006271,U105,12-04-2025,ServiceNow,Certification,4.6,54.7,65.6,Dropped,Beginner,11.89130435,0,Apr
L006272,U076,20-07-2025,Machine Learning,Certification,0,0,0,Not Started,Intermediate,0,0,Jul
L006273,U113,11-04-2025,Java,Certification,5.1,83,100,Completed,Advanced,16.2745098,1,Apr
L006274,U019,18-11-2025,Cloud,Certification,0,0,0,Not Started,Beginner,0,0,Nov
L006275,U021,22-07-2025,Cloud,Online Course,2.4,84.4,100,Completed,Advanced,35.16666667,1,Jul
L006276,U117,22-03-2025,Communication,Certification,0,0,0,Not Started,Beginner,0,0,Mar
L006277,U145,29-01-2025,Java,Certification,0,0,0,Not Started,Beginner,0,0,Jan
L006278,U162,25-01-2025,Cloud,Self Learning,2.4,85.6,100,Completed,Intermediate,35.66666667,1,Jan
L006279,U038,15-06-2025,Java,Project,3.2,92.8,82.4,In Progress,Beginner,29,0,Jun
L006280,U133,23-10-2025,SQL,Certification,4.3,85.1,100,Completed,Advanced,19.79069767,1,Oct
L006281,U040,30-06-2025,Excel,Online Course,0,0,0,Not Started,Intermediate,0,0,Jun
L006282,U161,25-12-2025,Python,Project,0,0,0,Not Started,Beginner,0,0,Dec
L006283,U040,26-02-2025,Communication,Online Course,0.6,99.4,100,Completed,Intermediate,165.6666667,1,Feb
L006284,U191,07-10-2025,Machine Learning,Project,0.8,69.5,20.2,In Progress,Intermediate,86.875,0,Oct
L006285,U057,13-05-2025,Data Analytics,Self Learning,2.8,89.6,25.3,In Progress,Intermediate,32,0,May
L006286,U120,20-06-2025,SQL,Workshop,4.8,86.2,4.4,In Progress,Intermediate,17.95833333,0,Jun
L006287,U088,05-12-2025,SQL,Certification,2.8,90.4,92.1,In Progress,Advanced,32.28571429,0,Dec
L006288,U087,21-05-2025,Machine Learning,Online Course,5.9,71.8,93.1,In Progress,Intermediate,12.16949153,0,May
L006289,U056,27-02-2025,Java,Online Course,5.7,52.6,26.5,In Progress,Intermediate,9.228070175,0,Feb
L006290,U036,14-05-2025,SQL,Workshop,4.1,60.2,93.3,In Progress,Beginner,14.68292683,0,May
L006291,U041,19-12-2025,Machine Learning,Project,0.8,75.1,100,Completed,Beginner,93.875,1,Dec
L006292,U071,04-07-2025,Python,Online Course,2.1,45.1,32.1,In Progress,Advanced,21.47619048,0,Jul
L006293,U191,07-02-2025,ServiceNow,Self Learning,3.5,50.2,38.6,Dropped,Beginner,14.34285714,0,Feb
L006294,U079,09-11-2025,Communication,Self Learning,5.7,78.7,100,Completed,Advanced,13.80701754,1,Nov
L006295,U002,04-01-2025,Machine Learning,Online Course,3.2,94.5,100,Completed,Advanced,29.53125,1,Jan
L006296,U051,29-09-2025,Excel,Project,1.9,52.5,49.4,In Progress,Beginner,27.63157895,0,Sep
L006297,U054,30-04-2025,ServiceNow,Certification,4,77.2,33.5,In Progress,Advanced,19.3,0,Apr
L006298,U133,21-04-2025,Power BI,Online Course,0,0,0,Not Started,Advanced,0,0,Apr
L006299,U012,07-08-2025,Power BI,Self Learning,2.8,76.9,96.1,In Progress,Beginner,27.46428571,0,Aug
L006300,U141,02-05-2025,Cloud,Workshop,0.8,50.3,83.2,In Progress,Beginner,62.875,0,May
L006301,U061,06-10-2025,Python,Self Learning,0.7,40.8,78.3,In Progress,Intermediate,58.28571429,0,Oct
L006302,U037,13-12-2025,ServiceNow,Online Course,5,64.3,83.7,In Progress,Intermediate,12.86,0,Dec
L006303,U129,18-12-2025,SQL,Certification,5.8,89.4,10.1,Dropped,Beginner,15.4137931,0,Dec
L006304,U078,14-12-2025,Power BI,Project,2.9,85.4,100,Completed,Beginner,29.44827586,1,Dec
L006305,U200,10-11-2025,Java,Project,3.1,85.2,84.1,In Progress,Beginner,27.48387097,0,Nov
L006306,U200,09-09-2025,Power BI,Online Course,0,0,0,Not Started,Intermediate,0,0,Sep
L006307,U121,31-07-2025,Data Analytics,Online Course,0,0,0,Not Started,Advanced,0,0,Jul
L006308,U196,23-08-2025,Communication,Self Learning,1,88.1,14.5,Dropped,Intermediate,88.1,0,Aug
L006309,U060,21-10-2025,Machine Learning,Certification,5.6,71.5,77.1,In Progress,Intermediate,12.76785714,0,Oct
L006310,U038,05-06-2025,Java,Project,0,0,0,Not Started,Beginner,0,0,Jun
L006311,U041,12-03-2025,Cloud,Workshop,0.9,69.4,1,In Progress,Intermediate,77.11111111,0,Mar
L006312,U088,21-04-2025,ServiceNow,Workshop,4.1,69.5,11.6,In Progress,Advanced,16.95121951,0,Apr
L006313,U093,13-12-2025,Communication,Online Course,5.1,86.2,25.5,In Progress,Advanced,16.90196078,0,Dec
L006314,U176,26-05-2025,SQL,Self Learning,3.9,86.9,100,Completed,Beginner,22.28205128,1,May
L006315,U062,31-08-2025,Machine Learning,Online Course,2.7,85.2,100,Completed,Intermediate,31.55555556,1,Aug
L006316,U102,30-01-2025,Communication,Certification,2.7,66.5,40.8,In Progress,Intermediate,24.62962963,0,Jan
L006317,U013,17-08-2025,SQL,Certification,5.7,46.9,46.5,Dropped,Advanced,8.228070175,0,Aug
L006318,U061,22-07-2025,Power BI,Project,5.4,46.2,82.3,In Progress,Beginner,8.555555556,0,Jul
L006319,U198,29-03-2025,Cloud,Self Learning,0,0,0,Not Started,Advanced,0,0,Mar
L006320,U002,16-11-2025,Communication,Certification,3.2,83.5,100,Completed,Intermediate,26.09375,1,Nov
L006321,U047,09-11-2025,Data Analytics,Certification,2.6,89.7,21.7,In Progress,Advanced,34.5,0,Nov
L006322,U040,24-07-2025,Data Analytics,Online Course,0,0,0,Not Started,Beginner,0,0,Jul
L006323,U178,29-03-2025,ServiceNow,Workshop,0,0,0,Not Started,Beginner,0,0,Mar
L006324,U166,22-03-2025,Cloud,Certification,4.5,81.6,100,Completed,Intermediate,18.13333333,1,Mar
L006325,U063,23-08-2025,Cloud,Online Course,1.4,96.8,24.9,In Progress,Intermediate,69.14285714,0,Aug
L006326,U098,29-03-2025,Python,Self Learning,1.6,87.5,10.5,Dropped,Intermediate,54.6875,0,Mar
L006327,U050,20-07-2025,Power BI,Workshop,3.2,61.8,27.5,In Progress,Intermediate,19.3125,0,Jul
L006328,U004,16-06-2025,Power BI,Project,3.1,97.4,100,Completed,Beginner,31.41935484,1,Jun
L006329,U159,18-01-2025,Python,Online Course,3.2,65.5,0.5,In Progress,Intermediate,20.46875,0,Jan
L006330,U035,11-06-2025,Machine Learning,Certification,1,97.4,100,Completed,Beginner,97.4,1,Jun
L006331,U105,22-01-2025,Java,Workshop,0,0,0,Not Started,Intermediate,0,0,Jan
L006332,U138,30-06-2025,Communication,Self Learning,3.5,91.3,18.4,Dropped,Advanced,26.08571429,0,Jun
L006333,U170,27-06-2025,Excel,Certification,3.8,74.7,13.7,In Progress,Intermediate,19.65789474,0,Jun
L006334,U123,03-03-2025,Machine Learning,Project,4.2,67.5,100,Completed,Beginner,16.07142857,1,Mar
L006335,U019,07-09-2025,Communication,Workshop,1.9,89.4,100,Completed,Advanced,47.05263158,1,Sep
L006336,U197,26-08-2025,Machine Learning,Certification,2,93.8,74.9,In Progress,Intermediate,46.9,0,Aug
L006337,U149,03-11-2025,Power BI,Certification,3.6,99.8,100,Completed,Beginner,27.72222222,1,Nov
L006338,U197,24-11-2025,ServiceNow,Online Course,3.5,54.5,98.8,In Progress,Beginner,15.57142857,0,Nov
L006339,U018,15-08-2025,Excel,Workshop,2.9,78.7,41.6,In Progress,Advanced,27.13793103,0,Aug
L006340,U089,30-05-2025,Machine Learning,Self Learning,0,0,0,Not Started,Intermediate,0,0,May
L006341,U052,03-09-2025,Cloud,Online Course,3.6,69.1,72,In Progress,Intermediate,19.19444444,0,Sep
L006342,U175,06-11-2025,ServiceNow,Self Learning,4.3,87.6,100,Completed,Beginner,20.37209302,1,Nov
L006343,U053,04-06-2025,Cloud,Certification,1.9,49,36.1,Dropped,Intermediate,25.78947368,0,Jun
L006344,U116,27-02-2025,Excel,Workshop,0,0,0,Not Started,Beginner,0,0,Feb
L006345,U056,13-09-2025,Java,Online Course,5.1,81.3,100,Completed,Beginner,15.94117647,1,Sep
L006346,U191,05-04-2025,Cloud,Workshop,1.4,45.2,43.5,In Progress,Advanced,32.28571429,0,Apr
L006347,U071,18-07-2025,Data Analytics,Workshop,4.4,72.8,36.8,Dropped,Beginner,16.54545455,0,Jul
L006348,U116,04-09-2025,Java,Workshop,3.9,55.4,64,In Progress,Beginner,14.20512821,0,Sep
L006349,U185,15-04-2025,Data Analytics,Certification,4.1,75.8,54.4,Dropped,Advanced,18.48780488,0,Apr
L006350,U006,05-05-2025,Machine Learning,Project,5.2,88.7,100,Completed,Intermediate,17.05769231,1,May
L006351,U133,23-06-2025,ServiceNow,Online Course,2.3,69.3,100,Completed,Advanced,30.13043478,1,Jun
L006352,U068,02-02-2025,ServiceNow,Online Course,5.4,88.3,100,Completed,Intermediate,16.35185185,1,Feb
L006353,U072,17-01-2025,SQL,Project,2.3,99.3,100,Completed,Beginner,43.17391304,1,Jan
L006354,U189,10-01-2025,Excel,Workshop,1,72.9,43.7,Dropped,Advanced,72.9,0,Jan
L006355,U129,28-07-2025,Java,Self Learning,1,81.6,100,Completed,Intermediate,81.6,1,Jul
L006356,U088,07-10-2025,Machine Learning,Project,3.6,96.2,43.8,In Progress,Beginner,26.72222222,0,Oct
L006357,U150,26-03-2025,SQL,Workshop,2.2,98,39.3,In Progress,Advanced,44.54545455,0,Mar
L006358,U128,05-02-2025,Machine Learning,Online Course,5.1,53.6,22.5,Dropped,Intermediate,10.50980392,0,Feb
L006359,U001,22-01-2025,Java,Self Learning,4.2,86.1,39.4,In Progress,Advanced,20.5,0,Jan
L006360,U137,16-04-2025,SQL,Online Course,1.7,89.3,100,Completed,Intermediate,52.52941176,1,Apr
L006361,U058,26-10-2025,SQL,Self Learning,2.4,67,100,Completed,Intermediate,27.91666667,1,Oct
L006362,U080,12-11-2025,Cloud,Self Learning,1.8,87.4,100,Completed,Beginner,48.55555556,1,Nov
L006363,U145,25-03-2025,Cloud,Certification,2.5,92.4,100,Completed,Beginner,36.96,1,Mar
L006364,U186,21-07-2025,SQL,Online Course,4.5,64.7,37.3,In Progress,Advanced,14.37777778,0,Jul
L006365,U121,17-09-2025,Java,Workshop,5.9,93.3,100,Completed,Beginner,15.81355932,1,Sep
L006366,U030,16-07-2025,Machine Learning,Self Learning,1.6,51,29.4,In Progress,Beginner,31.875,0,Jul
L006367,U007,14-05-2025,ServiceNow,Workshop,4.7,77.8,31.2,Dropped,Advanced,16.55319149,0,May
L006368,U049,21-06-2025,Data Analytics,Self Learning,1.9,58,47.1,In Progress,Advanced,30.52631579,0,Jun
L006369,U009,27-11-2025,Cloud,Self Learning,4.5,70.4,24.7,Dropped,Intermediate,15.64444444,0,Nov
L006370,U038,12-10-2025,Cloud,Online Course,1.7,74.6,100,Completed,Intermediate,43.88235294,1,Oct
L006371,U017,15-04-2025,SQL,Workshop,2,65.3,48.1,Dropped,Intermediate,32.65,0,Apr
L006372,U165,24-06-2025,ServiceNow,Workshop,1.7,46.1,17,In Progress,Beginner,27.11764706,0,Jun
L006373,U127,10-05-2025,ServiceNow,Workshop,1.4,63.3,43.5,In Progress,Beginner,45.21428571,0,May
L006374,U014,25-02-2025,Data Analytics,Self Learning,4.9,62.5,78.4,In Progress,Advanced,12.75510204,0,Feb
L006375,U131,18-08-2025,Power BI,Self Learning,2.3,86.8,52,In Progress,Advanced,37.73913043,0,Aug
L006376,U039,23-03-2025,ServiceNow,Online Course,5.2,79.8,66.4,In Progress,Beginner,15.34615385,0,Mar
L006377,U188,09-10-2025,Communication,Project,4.4,62.3,88.4,In Progress,Beginner,14.15909091,0,Oct
L006378,U120,15-08-2025,Java,Certification,3.8,59.9,26.7,In Progress,Intermediate,15.76315789,0,Aug
L006379,U124,25-12-2025,Power BI,Project,4.4,81.5,49.3,In Progress,Beginner,18.52272727,0,Dec
L006380,U050,21-12-2025,Power BI,Workshop,4.3,62.5,25.5,In Progress,Advanced,14.53488372,0,Dec
L006381,U035,12-05-2025,ServiceNow,Online Course,1.2,62.8,82.3,In Progress,Beginner,52.33333333,0,May
L006382,U135,19-07-2025,Power BI,Self Learning,1.9,49,82.7,In Progress,Advanced,25.78947368,0,Jul
L006383,U027,26-05-2025,Excel,Project,5.8,85.3,5.1,In Progress,Advanced,14.70689655,0,May
L006384,U170,21-02-2025,Machine Learning,Self Learning,2.1,95.2,91,In Progress,Beginner,45.33333333,0,Feb
L006385,U185,19-09-2025,Python,Project,5.7,40.3,10.2,In Progress,Beginner,7.070175439,0,Sep
L006386,U063,10-03-2025,ServiceNow,Certification,1.3,73.5,100,Completed,Intermediate,56.53846154,1,Mar
L006387,U118,31-07-2025,SQL,Self Learning,3.5,98.9,100,Completed,Intermediate,28.25714286,1,Jul
L006388,U120,07-05-2025,SQL,Online Course,1.2,68.8,100,Completed,Intermediate,57.33333333,1,May
L006389,U193,03-04-2025,Java,Project,5.3,94.2,96.1,In Progress,Advanced,17.77358491,0,Apr
L006390,U080,28-05-2025,Excel,Workshop,0,0,0,Not Started,Advanced,0,0,May
L006391,U052,12-01-2025,Python,Project,3.7,90,100,Completed,Advanced,24.32432432,1,Jan
L006392,U123,19-12-2025,Data Analytics,Certification,0.6,97.9,16.6,In Progress,Advanced,163.1666667,0,Dec
L006393,U093,17-11-2025,Python,Online Course,5,74.4,72.7,In Progress,Beginner,14.88,0,Nov
L006394,U126,11-01-2025,Java,Certification,1.5,93.3,60.9,In Progress,Beginner,62.2,0,Jan
L006395,U035,29-12-2025,Machine Learning,Workshop,1.4,94.5,8.5,In Progress,Intermediate,67.5,0,Dec
L006396,U186,07-11-2025,Communication,Workshop,2.6,70.6,100,Completed,Intermediate,27.15384615,1,Nov
L006397,U048,03-12-2025,Java,Workshop,1.1,63.2,13.4,Dropped,Advanced,57.45454545,0,Dec
L006398,U043,28-03-2025,Data Analytics,Workshop,1.6,71.6,59.8,In Progress,Advanced,44.75,0,Mar
L006399,U176,15-12-2025,Machine Learning,Project,3.4,75.7,100,Completed,Beginner,22.26470588,1,Dec
L006400,U030,08-05-2025,Python,Online Course,1.9,70.4,99.6,In Progress,Beginner,37.05263158,0,May
L006401,U100,27-12-2025,Python,Online Course,1.7,58.8,20.1,In Progress,Advanced,34.58823529,0,Dec
L006402,U058,03-02-2025,Communication,Certification,1.2,56,85,In Progress,Beginner,46.66666667,0,Feb
L006403,U193,17-05-2025,Data Analytics,Certification,3.5,87.6,12.5,In Progress,Intermediate,25.02857143,0,May
L006404,U174,29-11-2025,ServiceNow,Project,1.9,68.5,12.3,In Progress,Beginner,36.05263158,0,Nov
L006405,U039,07-02-2025,Communication,Online Course,3.3,55.6,45.6,In Progress,Advanced,16.84848485,0,Feb
L006406,U004,14-06-2025,Machine Learning,Self Learning,3.7,89.3,37.4,In Progress,Intermediate,24.13513514,0,Jun
L006407,U102,27-09-2025,Python,Workshop,4.2,76.8,100,Completed,Intermediate,18.28571429,1,Sep
L006408,U033,10-12-2025,SQL,Project,0,0,0,Not Started,Advanced,0,0,Dec
L006409,U151,06-07-2025,ServiceNow,Certification,4.5,99.9,100,Completed,Intermediate,22.2,1,Jul
L006410,U035,29-12-2025,Python,Certification,3.6,77.1,100,Completed,Beginner,21.41666667,1,Dec
L006411,U183,05-01-2025,Excel,Self Learning,4.3,90.5,53.4,In Progress,Advanced,21.04651163,0,Jan
L006412,U195,21-11-2025,Cloud,Self Learning,3.3,71.4,16.5,In Progress,Intermediate,21.63636364,0,Nov
L006413,U116,28-03-2025,Machine Learning,Workshop,2.1,85.3,0.1,In Progress,Intermediate,40.61904762,0,Mar
L006414,U116,11-07-2025,SQL,Workshop,2.5,63,64,Dropped,Beginner,25.2,0,Jul
L006415,U137,21-10-2025,Data Analytics,Certification,3.3,64.6,22.8,In Progress,Intermediate,19.57575758,0,Oct
L006416,U097,30-12-2025,Data Analytics,Online Course,0,0,0,Not Started,Advanced,0,0,Dec
L006417,U149,05-12-2025,Excel,Project,1,51.8,34.9,In Progress,Intermediate,51.8,0,Dec
L006418,U081,13-03-2025,Excel,Online Course,2.5,72.2,100,Completed,Advanced,28.88,1,Mar
L006419,U142,16-03-2025,Power BI,Workshop,3,91.7,100,Completed,Beginner,30.56666667,1,Mar
L006420,U108,07-02-2025,ServiceNow,Online Course,2.4,45.4,80.4,In Progress,Intermediate,18.91666667,0,Feb
L006421,U177,25-04-2025,SQL,Certification,4.6,59.6,84.2,In Progress,Advanced,12.95652174,0,Apr
L006422,U016,18-07-2025,Machine Learning,Self Learning,3.5,62.5,38.8,In Progress,Intermediate,17.85714286,0,Jul
L006423,U128,22-07-2025,Machine Learning,Workshop,3.7,65.2,15.5,In Progress,Advanced,17.62162162,0,Jul
L006424,U110,20-06-2025,Communication,Certification,3.3,44.2,5.7,In Progress,Intermediate,13.39393939,0,Jun
L006425,U040,24-12-2025,Excel,Project,1.6,47,92.4,In Progress,Intermediate,29.375,0,Dec
L006426,U090,08-06-2025,SQL,Certification,3.4,98.5,100,Completed,Beginner,28.97058824,1,Jun
L006427,U112,16-04-2025,Machine Learning,Workshop,0.8,57.9,17.8,In Progress,Intermediate,72.375,0,Apr
L006428,U053,27-01-2025,Data Analytics,Project,2.4,81.7,92.5,In Progress,Intermediate,34.04166667,0,Jan
L006429,U050,06-10-2025,Data Analytics,Online Course,4.5,94.6,42.2,Dropped,Advanced,21.02222222,0,Oct
L006430,U033,21-10-2025,ServiceNow,Self Learning,5.2,62.2,61.5,In Progress,Beginner,11.96153846,0,Oct
L006431,U024,15-01-2025,Data Analytics,Certification,0.8,97.7,100,Completed,Intermediate,122.125,1,Jan
L006432,U118,15-08-2025,Data Analytics,Certification,2.3,77.5,100,Completed,Advanced,33.69565217,1,Aug
L006433,U013,23-02-2025,Data Analytics,Project,3.4,87.1,100,Completed,Intermediate,25.61764706,1,Feb
L006434,U072,21-01-2025,Cloud,Self Learning,5.9,90.4,100,Completed,Advanced,15.3220339,1,Jan
L006435,U031,17-02-2025,Cloud,Self Learning,0,0,0,Not Started,Beginner,0,0,Feb
L006436,U127,01-12-2025,Python,Certification,3.3,98.8,37,In Progress,Beginner,29.93939394,0,Dec
L006437,U084,24-12-2025,Java,Self Learning,1.7,94.3,85.3,In Progress,Intermediate,55.47058824,0,Dec
L006438,U012,27-06-2025,SQL,Project,2.2,44.8,54,In Progress,Beginner,20.36363636,0,Jun
L006439,U103,14-01-2025,Java,Certification,4.7,47.3,93.8,In Progress,Advanced,10.06382979,0,Jan
L006440,U007,20-05-2025,Java,Workshop,0.8,59.2,60.9,In Progress,Advanced,74,0,May
L006441,U052,04-09-2025,Data Analytics,Certification,3.7,52,56.5,In Progress,Beginner,14.05405405,0,Sep
L006442,U195,13-07-2025,ServiceNow,Certification,0,0,0,Not Started,Beginner,0,0,Jul
L006443,U073,09-03-2025,Java,Project,4.8,71.2,100,Completed,Advanced,14.83333333,1,Mar
L006444,U121,21-02-2025,Cloud,Workshop,1.7,58.5,77.5,In Progress,Intermediate,34.41176471,0,Feb
L006445,U112,05-07-2025,Excel,Online Course,1.5,94.7,100,Completed,Intermediate,63.13333333,1,Jul
L006446,U152,20-05-2025,Communication,Self Learning,2.2,92.4,70.4,In Progress,Beginner,42,0,May
L006447,U020,05-05-2025,Cloud,Workshop,0.9,97.3,27.6,Dropped,Beginner,108.1111111,0,May
L006448,U129,23-01-2025,Data Analytics,Certification,1.3,77.8,100,Completed,Advanced,59.84615385,1,Jan
L006449,U034,02-03-2025,ServiceNow,Self Learning,3.9,80.8,100,Completed,Advanced,20.71794872,1,Mar
L006450,U013,26-03-2025,Communication,Online Course,0,0,0,Not Started,Intermediate,0,0,Mar
L006451,U059,21-08-2025,Java,Certification,6,79.4,88.2,In Progress,Intermediate,13.23333333,0,Aug
L006452,U036,03-06-2025,Java,Workshop,0.8,94,100,Completed,Beginner,117.5,1,Jun
L006453,U121,24-09-2025,Communication,Self Learning,3,88.3,100,Completed,Intermediate,29.43333333,1,Sep
L006454,U095,27-04-2025,Excel,Workshop,2.1,94.7,40.8,Dropped,Advanced,45.0952381,0,Apr
L006455,U114,06-10-2025,Java,Project,4.1,91.4,100,Completed,Intermediate,22.29268293,1,Oct
L006456,U007,31-05-2025,Excel,Workshop,2.9,66.9,75.8,In Progress,Intermediate,23.06896552,0,May
L006457,U034,05-01-2025,Communication,Workshop,0.7,94.2,100,Completed,Intermediate,134.5714286,1,Jan
L006458,U200,05-11-2025,Cloud,Online Course,4.4,78.4,42.3,In Progress,Advanced,17.81818182,0,Nov
L006459,U031,26-02-2025,Excel,Certification,3,92.8,82.8,In Progress,Intermediate,30.93333333,0,Feb
L006460,U062,16-03-2025,ServiceNow,Online Course,5.3,91.9,100,Completed,Advanced,17.33962264,1,Mar
L006461,U138,04-12-2025,Machine Learning,Self Learning,4.4,67.4,100,Completed,Beginner,15.31818182,1,Dec
L006462,U196,21-04-2025,Excel,Certification,1.9,94.7,10.1,Dropped,Advanced,49.84210526,0,Apr
L006463,U187,16-10-2025,Cloud,Workshop,0,0,0,Not Started,Beginner,0,0,Oct
L006464,U116,23-04-2025,Java,Online Course,5.7,44.7,45.8,In Progress,Beginner,7.842105263,0,Apr
L006465,U029,04-12-2025,Machine Learning,Online Course,1.8,67,26.8,In Progress,Beginner,37.22222222,0,Dec
L006466,U155,03-10-2025,Python,Certification,4,72.1,74.7,In Progress,Beginner,18.025,0,Oct
L006467,U098,24-05-2025,Excel,Workshop,5.3,57.1,63.8,In Progress,Beginner,10.77358491,0,May
L006468,U086,01-11-2025,SQL,Project,6,86.5,100,Completed,Intermediate,14.41666667,1,Nov
L006469,U092,09-12-2025,Data Analytics,Certification,5.9,40.3,90.7,In Progress,Beginner,6.830508475,0,Dec
L006470,U011,07-11-2025,Python,Certification,5.8,93,100,Completed,Beginner,16.03448276,1,Nov
L006471,U113,12-05-2025,Machine Learning,Certification,0,0,0,Not Started,Intermediate,0,0,May
L006472,U100,05-01-2025,Communication,Self Learning,0.8,73.1,100,Completed,Beginner,91.375,1,Jan
L006473,U090,12-10-2025,ServiceNow,Workshop,1,94.4,100,Completed,Beginner,94.4,1,Oct
L006474,U159,22-12-2025,SQL,Workshop,1.9,83.6,34.3,Dropped,Advanced,44,0,Dec
L006475,U060,05-08-2025,Python,Self Learning,0,0,0,Not Started,Advanced,0,0,Aug
L006476,U002,09-01-2025,ServiceNow,Workshop,2.1,85.5,35.4,In Progress,Advanced,40.71428571,0,Jan
L006477,U200,21-04-2025,ServiceNow,Project,4.9,71.2,100,Completed,Intermediate,14.53061224,1,Apr
L006478,U034,23-10-2025,Python,Certification,2.5,42.1,18.4,Dropped,Beginner,16.84,0,Oct
L006479,U087,16-08-2025,Power BI,Project,5.6,84.6,52.9,In Progress,Intermediate,15.10714286,0,Aug
L006480,U198,07-11-2025,Communication,Online Course,0,0,0,Not Started,Intermediate,0,0,Nov
L006481,U082,10-10-2025,Java,Workshop,5.7,84.6,63.8,Dropped,Intermediate,14.84210526,0,Oct
L006482,U068,26-05-2025,Communication,Workshop,1.4,71.5,92.5,In Progress,Beginner,51.07142857,0,May
L006483,U078,11-09-2025,Excel,Project,4.3,44.5,6,In Progress,Advanced,10.34883721,0,Sep
L006484,U177,02-05-2025,Data Analytics,Project,1.5,45.7,27.7,Dropped,Beginner,30.46666667,0,May
L006485,U179,30-10-2025,SQL,Self Learning,5.2,79.3,100,Completed,Beginner,15.25,1,Oct
L006486,U042,04-09-2025,SQL,Self Learning,1.4,90.2,87,In Progress,Beginner,64.42857143,0,Sep
L006487,U109,18-06-2025,SQL,Online Course,0,0,0,Not Started,Advanced,0,0,Jun
L006488,U193,07-03-2025,Python,Project,3.1,99.1,100,Completed,Beginner,31.96774194,1,Mar
L006489,U147,22-07-2025,Communication,Self Learning,3.1,68.1,21.3,In Progress,Intermediate,21.96774194,0,Jul
L006490,U069,19-01-2025,Cloud,Certification,3.9,91.9,100,Completed,Advanced,23.56410256,1,Jan
L006491,U032,29-07-2025,Data Analytics,Workshop,0,0,0,Not Started,Advanced,0,0,Jul
L006492,U167,30-09-2025,Cloud,Project,5.3,73.4,100,Completed,Beginner,13.8490566,1,Sep
L006493,U086,04-03-2025,Excel,Online Course,3.2,85.5,76.3,In Progress,Intermediate,26.71875,0,Mar
L006494,U167,10-09-2025,Java,Online Course,0,0,0,Not Started,Beginner,0,0,Sep
L006495,U044,08-02-2025,Communication,Self Learning,4.3,79.5,2.9,In Progress,Intermediate,18.48837209,0,Feb
L006496,U014,30-01-2025,Power BI,Online Course,1.9,83,3.3,In Progress,Advanced,43.68421053,0,Jan
L006497,U061,10-07-2025,SQL,Workshop,3,44.7,82.9,In Progress,Intermediate,14.9,0,Jul
L006498,U124,06-03-2025,SQL,Certification,5.7,72.8,100,Completed,Beginner,12.77192982,1,Mar
L006499,U104,25-10-2025,Python,Certification,5.7,73.5,30.4,In Progress,Beginner,12.89473684,0,Oct
L006500,U020,02-01-2025,Excel,Certification,5.8,55.6,3.4,In Progress,Intermediate,9.586206897,0,Jan
L006501,U177,14-08-2025,Java,Workshop,3.7,65.1,36.6,In Progress,Intermediate,17.59459459,0,Aug
L006502,U180,21-06-2025,Cloud,Online Course,3.6,44.3,56.2,In Progress,Advanced,12.30555556,0,Jun
L006503,U143,11-07-2025,Java,Online Course,4,63.9,32,In Progress,Advanced,15.975,0,Jul
L006504,U078,15-05-2025,Cloud,Online Course,4.8,82.3,83.3,In Progress,Intermediate,17.14583333,0,May
L006505,U181,08-04-2025,Java,Certification,1.5,83.4,24,In Progress,Advanced,55.6,0,Apr
L006506,U190,30-09-2025,Communication,Project,4.2,51.8,67.6,In Progress,Beginner,12.33333333,0,Sep
L006507,U124,13-09-2025,Power BI,Workshop,2.2,79.1,100,Completed,Intermediate,35.95454545,1,Sep
L006508,U039,06-01-2025,Machine Learning,Self Learning,5.5,69.3,100,Completed,Intermediate,12.6,1,Jan
L006509,U085,05-12-2025,Communication,Workshop,1.4,87.4,100,Completed,Beginner,62.42857143,1,Dec
L006510,U186,16-03-2025,Communication,Project,5,93.1,100,Completed,Beginner,18.62,1,Mar
L006511,U097,09-02-2025,Java,Project,5.4,70.1,100,Completed,Intermediate,12.98148148,1,Feb
L006512,U088,05-10-2025,Cloud,Certification,0.9,84.9,100,Completed,Advanced,94.33333333,1,Oct
L006513,U041,10-09-2025,Communication,Project,4.9,45.4,34.4,In Progress,Beginner,9.265306122,0,Sep
L006514,U100,30-11-2025,Cloud,Online Course,4.5,66.9,24,Dropped,Advanced,14.86666667,0,Nov
L006515,U181,19-05-2025,Python,Online Course,3.1,90.2,100,Completed,Beginner,29.09677419,1,May
L006516,U108,16-04-2025,Java,Workshop,2.7,99.8,11.6,In Progress,Beginner,36.96296296,0,Apr
L006517,U044,08-02-2025,Python,Self Learning,3.5,55.9,74.6,In Progress,Intermediate,15.97142857,0,Feb
L006518,U187,24-01-2025,Machine Learning,Self Learning,3.9,89.8,100,Completed,Advanced,23.02564103,1,Jan
L006519,U044,15-07-2025,Cloud,Certification,3.6,71.2,25.6,In Progress,Intermediate,19.77777778,0,Jul
L006520,U200,23-04-2025,Machine Learning,Certification,1.9,74.9,100,Completed,Advanced,39.42105263,1,Apr
L006521,U129,01-11-2025,Data Analytics,Self Learning,1.3,76.1,100,Completed,Advanced,58.53846154,1,Nov
L006522,U197,02-06-2025,Java,Online Course,4.7,93.5,100,Completed,Advanced,19.89361702,1,Jun
L006523,U097,09-11-2025,Communication,Workshop,3.5,85.4,100,Completed,Advanced,24.4,1,Nov
L006524,U181,07-09-2025,Power BI,Project,4.3,61.7,54.2,In Progress,Beginner,14.34883721,0,Sep
L006525,U100,22-12-2025,Data Analytics,Online Course,5,94.3,61.5,Dropped,Intermediate,18.86,0,Dec
L006526,U032,18-02-2025,Python,Project,1.1,77,100,Completed,Beginner,70,1,Feb
L006527,U045,31-05-2025,Power BI,Workshop,4.1,63.4,30.9,In Progress,Beginner,15.46341463,0,May
L006528,U057,19-07-2025,ServiceNow,Online Course,2.5,95.1,56.5,In Progress,Intermediate,38.04,0,Jul
L006529,U021,07-03-2025,Machine Learning,Project,5,89.2,100,Completed,Intermediate,17.84,1,Mar
L006530,U196,17-01-2025,ServiceNow,Online Course,2.6,95.7,31.2,In Progress,Beginner,36.80769231,0,Jan
L006531,U045,13-07-2025,Power BI,Project,1.2,66.7,100,Completed,Beginner,55.58333333,1,Jul
L006532,U041,28-07-2025,SQL,Project,5.9,90.1,38.9,In Progress,Intermediate,15.27118644,0,Jul
L006533,U049,28-10-2025,Java,Workshop,2.9,86.9,100,Completed,Advanced,29.96551724,1,Oct
L006534,U042,11-12-2025,Machine Learning,Online Course,2.2,81.2,73.4,In Progress,Advanced,36.90909091,0,Dec
L006535,U156,05-01-2025,Python,Self Learning,0.6,61.5,56.9,In Progress,Beginner,102.5,0,Jan
L006536,U127,16-03-2025,Communication,Certification,3.4,48,8.7,In Progress,Beginner,14.11764706,0,Mar
L006537,U076,08-07-2025,Java,Workshop,1.2,72.4,35.9,In Progress,Advanced,60.33333333,0,Jul
L006538,U152,18-02-2025,Data Analytics,Workshop,0,0,0,Not Started,Intermediate,0,0,Feb
L006539,U041,05-01-2025,Cloud,Self Learning,5.4,90.2,62.7,In Progress,Advanced,16.7037037,0,Jan
L006540,U178,10-01-2025,ServiceNow,Certification,1.6,59.3,32.9,In Progress,Advanced,37.0625,0,Jan
L006541,U132,12-07-2025,Data Analytics,Self Learning,0.7,62.2,75.4,In Progress,Advanced,88.85714286,0,Jul
L006542,U130,09-06-2025,Data Analytics,Project,2.5,48.1,70.6,In Progress,Intermediate,19.24,0,Jun
L006543,U120,01-08-2025,Java,Project,3.3,46.1,49.3,In Progress,Beginner,13.96969697,0,Aug
L006544,U194,21-11-2025,ServiceNow,Online Course,2.1,40.6,91.8,In Progress,Advanced,19.33333333,0,Nov
L006545,U084,18-07-2025,Cloud,Self Learning,1.8,84,100,Completed,Beginner,46.66666667,1,Jul
L006546,U067,26-10-2025,Machine Learning,Online Course,2.8,56.2,51.7,In Progress,Intermediate,20.07142857,0,Oct
L006547,U186,05-03-2025,Java,Certification,5.2,62.9,52.3,Dropped,Intermediate,12.09615385,0,Mar
L006548,U025,09-05-2025,Communication,Self Learning,3.6,40.9,13.4,In Progress,Advanced,11.36111111,0,May
L006549,U137,18-05-2025,SQL,Self Learning,4.8,70.1,100,Completed,Beginner,14.60416667,1,May
L006550,U151,25-03-2025,ServiceNow,Project,5.5,76.3,23.8,In Progress,Beginner,13.87272727,0,Mar
L006551,U191,04-11-2025,Communication,Self Learning,3.1,63.8,63.2,Dropped,Intermediate,20.58064516,0,Nov
L006552,U050,06-06-2025,Data Analytics,Workshop,4.5,44.8,12.2,In Progress,Beginner,9.955555556,0,Jun
L006553,U072,14-08-2025,Power BI,Certification,4.3,71.6,94.3,In Progress,Intermediate,16.65116279,0,Aug
L006554,U143,08-06-2025,ServiceNow,Online Course,2.7,53.9,61,In Progress,Beginner,19.96296296,0,Jun
L006555,U196,12-02-2025,Data Analytics,Certification,3.9,54.8,24.6,Dropped,Intermediate,14.05128205,0,Feb
L006556,U069,21-10-2025,Excel,Project,1.1,92.3,73.9,In Progress,Beginner,83.90909091,0,Oct
L006557,U020,10-07-2025,SQL,Self Learning,4.7,98.4,100,Completed,Advanced,20.93617021,1,Jul
L006558,U151,23-08-2025,Communication,Certification,4.6,88.2,100,Completed,Advanced,19.17391304,1,Aug
L006559,U027,06-03-2025,Machine Learning,Online Course,3.8,88.1,100,Completed,Intermediate,23.18421053,1,Mar
L006560,U196,24-02-2025,Machine Learning,Certification,1,89.4,94.1,In Progress,Intermediate,89.4,0,Feb
L006561,U171,29-01-2025,Power BI,Workshop,4.8,69.5,51.6,In Progress,Beginner,14.47916667,0,Jan
L006562,U161,25-03-2025,Excel,Online Course,4.2,71.5,100,Completed,Beginner,17.02380952,1,Mar
L006563,U072,05-01-2025,Power BI,Workshop,3.1,47.5,24.3,Dropped,Beginner,15.32258065,0,Jan
L006564,U174,28-05-2025,Python,Certification,2.2,71.9,75.4,In Progress,Beginner,32.68181818,0,May
L006565,U183,10-02-2025,SQL,Certification,2.5,70.5,55.6,In Progress,Beginner,28.2,0,Feb
L006566,U163,08-12-2025,Excel,Workshop,0.5,97.9,45.8,In Progress,Intermediate,195.8,0,Dec
L006567,U108,01-06-2025,Communication,Project,5.8,40.2,2.7,In Progress,Intermediate,6.931034483,0,Jun
L006568,U129,27-06-2025,Communication,Self Learning,3.2,94.6,31.1,In Progress,Advanced,29.5625,0,Jun
L006569,U013,30-09-2025,Power BI,Workshop,3.7,70.6,100,Completed,Beginner,19.08108108,1,Sep
L006570,U033,14-10-2025,Cloud,Certification,5.5,71.5,100,Completed,Advanced,13,1,Oct
L006571,U159,19-09-2025,Excel,Certification,1.2,68.5,17.7,In Progress,Advanced,57.08333333,0,Sep
L006572,U132,25-03-2025,Communication,Project,0.8,83.5,38.4,Dropped,Beginner,104.375,0,Mar
L006573,U072,08-04-2025,Excel,Online Course,5.5,85.7,18,In Progress,Advanced,15.58181818,0,Apr
L006574,U185,10-09-2025,Data Analytics,Project,4.8,45.1,50.6,In Progress,Beginner,9.395833333,0,Sep
L006575,U053,21-07-2025,Communication,Self Learning,0.7,66,100,Completed,Advanced,94.28571429,1,Jul
L006576,U185,17-01-2025,Communication,Self Learning,3.2,55.9,12.3,In Progress,Advanced,17.46875,0,Jan
L006577,U025,16-02-2025,Excel,Project,1.9,65.2,95.5,In Progress,Advanced,34.31578947,0,Feb
L006578,U103,31-05-2025,Machine Learning,Project,0,0,0,Not Started,Intermediate,0,0,May
L006579,U158,28-09-2025,Java,Self Learning,3.6,85.1,48,Dropped,Intermediate,23.63888889,0,Sep
L006580,U148,04-06-2025,Cloud,Online Course,1.6,67,100,Completed,Intermediate,41.875,1,Jun
L006581,U037,09-11-2025,Communication,Self Learning,1.8,41,6.8,In Progress,Advanced,22.77777778,0,Nov
L006582,U012,13-07-2025,Power BI,Project,2.8,88.6,91.7,In Progress,Advanced,31.64285714,0,Jul
L006583,U004,18-08-2025,Machine Learning,Self Learning,1.8,69.4,100,Completed,Beginner,38.55555556,1,Aug
L006584,U039,09-11-2025,Cloud,Self Learning,2.6,86.6,20.6,Dropped,Beginner,33.30769231,0,Nov
L006585,U042,07-02-2025,Machine Learning,Workshop,1.7,61.1,14.9,Dropped,Beginner,35.94117647,0,Feb
L006586,U118,25-02-2025,Python,Online Course,2,79.1,34.5,In Progress,Beginner,39.55,0,Feb
L006587,U133,10-07-2025,Power BI,Project,3.9,60.2,61.9,In Progress,Beginner,15.43589744,0,Jul
L006588,U129,23-10-2025,SQL,Project,1.3,50.7,19.4,Dropped,Advanced,39,0,Oct
L006589,U200,26-09-2025,Power BI,Project,5.9,72.3,28,In Progress,Beginner,12.25423729,0,Sep
L006590,U032,09-11-2025,ServiceNow,Workshop,2.4,89.6,100,Completed,Beginner,37.33333333,1,Nov
L006591,U019,07-06-2025,Data Analytics,Project,4.3,76.1,62.7,Dropped,Intermediate,17.69767442,0,Jun
L006592,U150,14-05-2025,Communication,Certification,5.6,79.1,100,Completed,Intermediate,14.125,1,May
L006593,U118,12-08-2025,Power BI,Online Course,0,0,0,Not Started,Intermediate,0,0,Aug
L006594,U081,28-07-2025,Excel,Self Learning,4.3,66.7,100,Completed,Intermediate,15.51162791,1,Jul
L006595,U092,17-02-2025,ServiceNow,Certification,1.9,73.9,67.4,In Progress,Beginner,38.89473684,0,Feb
L006596,U127,23-07-2025,Cloud,Workshop,2.7,57.6,0.6,In Progress,Beginner,21.33333333,0,Jul
L006597,U158,29-09-2025,ServiceNow,Certification,6,41.3,17.7,In Progress,Advanced,6.883333333,0,Sep
L006598,U009,05-07-2025,Data Analytics,Workshop,4.4,96.8,25.5,In Progress,Advanced,22,0,Jul
L006599,U155,16-10-2025,Java,Project,3.6,50.3,98.3,In Progress,Advanced,13.97222222,0,Oct
L006600,U188,28-03-2025,ServiceNow,Project,1.8,85,6.8,In Progress,Beginner,47.22222222,0,Mar
L006601,U033,11-10-2025,Java,Self Learning,0,0,0,Not Started,Advanced,0,0,Oct
L006602,U181,23-09-2025,Java,Certification,3.5,67.3,56.4,Dropped,Advanced,19.22857143,0,Sep
L006603,U104,30-08-2025,Communication,Workshop,4.1,66.7,100,Completed,Beginner,16.26829268,1,Aug
L006604,U009,01-01-2025,ServiceNow,Certification,1.8,61.3,66,In Progress,Advanced,34.05555556,0,Jan
L006605,U099,29-12-2025,ServiceNow,Workshop,4.3,69.4,58.8,In Progress,Intermediate,16.13953488,0,Dec
L006606,U136,12-12-2025,Data Analytics,Online Course,5.3,88.5,100,Completed,Advanced,16.69811321,1,Dec
L006607,U141,21-12-2025,Data Analytics,Self Learning,0,0,0,Not Started,Advanced,0,0,Dec
L006608,U097,19-09-2025,Excel,Project,0,0,0,Not Started,Advanced,0,0,Sep
L006609,U088,06-01-2025,Cloud,Self Learning,1.1,92.4,62.8,In Progress,Advanced,84,0,Jan
L006610,U006,02-08-2025,Data Analytics,Workshop,4.6,43.1,58.5,Dropped,Intermediate,9.369565217,0,Aug
L006611,U120,11-01-2025,Cloud,Project,4.3,97.9,32.5,In Progress,Beginner,22.76744186,0,Jan
L006612,U172,24-05-2025,Java,Workshop,2.5,98.8,100,Completed,Advanced,39.52,1,May
L006613,U152,17-01-2025,Excel,Online Course,1.2,64.8,74.2,In Progress,Intermediate,54,0,Jan
L006614,U177,02-07-2025,Python,Workshop,1.9,61.7,83.7,In Progress,Advanced,32.47368421,0,Jul
L006615,U162,15-09-2025,SQL,Self Learning,1.3,82.1,50.4,Dropped,Beginner,63.15384615,0,Sep
L006616,U189,30-01-2025,Machine Learning,Self Learning,5.2,98.9,42.3,Dropped,Intermediate,19.01923077,0,Jan
L006617,U056,30-12-2025,Machine Learning,Certification,3.2,96.2,89.4,In Progress,Beginner,30.0625,0,Dec
L006618,U008,31-12-2025,Communication,Self Learning,3.2,75.3,40.2,In Progress,Beginner,23.53125,0,Dec
L006619,U178,01-08-2025,Machine Learning,Online Course,3.1,77.7,67.1,In Progress,Intermediate,25.06451613,0,Aug
L006620,U008,20-12-2025,Java,Online Course,4.3,95.7,100,Completed,Beginner,22.25581395,1,Dec
L006621,U060,13-03-2025,Python,Self Learning,1.9,65.3,100,Completed,Intermediate,34.36842105,1,Mar
L006622,U181,27-10-2025,Communication,Self Learning,4.6,67.3,72.3,In Progress,Intermediate,14.63043478,0,Oct
L006623,U040,05-02-2025,SQL,Certification,2.7,66.4,53.3,In Progress,Intermediate,24.59259259,0,Feb
L006624,U188,18-05-2025,SQL,Workshop,4.8,63,16.7,In Progress,Intermediate,13.125,0,May
L006625,U152,02-06-2025,SQL,Certification,1.1,65.6,26.3,Dropped,Intermediate,59.63636364,0,Jun
L006626,U047,04-11-2025,Machine Learning,Online Course,3,96.9,20.5,In Progress,Advanced,32.3,0,Nov
L006627,U168,27-08-2025,Power BI,Project,4,88.4,53.3,Dropped,Advanced,22.1,0,Aug
L006628,U016,28-04-2025,SQL,Self Learning,3,78.3,100,Completed,Advanced,26.1,1,Apr
L006629,U028,28-09-2025,Java,Certification,3.2,46.8,6.7,In Progress,Intermediate,14.625,0,Sep
L006630,U033,23-09-2025,SQL,Online Course,1.4,78.7,100,Completed,Advanced,56.21428571,1,Sep
L006631,U059,02-05-2025,Power BI,Workshop,4.5,69.4,100,Completed,Beginner,15.42222222,1,May
L006632,U035,08-05-2025,Data Analytics,Certification,2.7,67.9,56.7,In Progress,Beginner,25.14814815,0,May
L006633,U186,11-03-2025,Cloud,Self Learning,3.5,63.3,65.5,Dropped,Beginner,18.08571429,0,Mar
L006634,U151,04-08-2025,Cloud,Online Course,5.3,93.3,80,In Progress,Intermediate,17.60377358,0,Aug
L006635,U052,12-03-2025,Java,Certification,2,71.2,17.4,In Progress,Intermediate,35.6,0,Mar
L006636,U128,03-10-2025,Power BI,Workshop,2.4,66.6,100,Completed,Beginner,27.75,1,Oct
L006637,U127,18-10-2025,ServiceNow,Self Learning,4.6,48.3,62.2,Dropped,Beginner,10.5,0,Oct
L006638,U101,21-11-2025,Communication,Workshop,3.5,78.9,100,Completed,Beginner,22.54285714,1,Nov
L006639,U132,11-08-2025,Communication,Certification,2.8,65.5,96.7,In Progress,Intermediate,23.39285714,0,Aug
L006640,U080,25-12-2025,SQL,Project,2.2,98,33.3,In Progress,Advanced,44.54545455,0,Dec
L006641,U008,30-01-2025,Power BI,Workshop,1.2,69.4,53.3,In Progress,Advanced,57.83333333,0,Jan
L006642,U177,31-03-2025,Data Analytics,Workshop,3.2,91.7,45.7,In Progress,Advanced,28.65625,0,Mar
L006643,U096,27-06-2025,Data Analytics,Online Course,1.8,75.1,15,In Progress,Beginner,41.72222222,0,Jun
L006644,U058,09-02-2025,Cloud,Project,1.2,64.8,27.4,In Progress,Beginner,54,0,Feb
L006645,U171,03-04-2025,SQL,Online Course,5.7,81.1,77.7,In Progress,Beginner,14.22807018,0,Apr
L006646,U155,23-11-2025,Data Analytics,Project,5.9,72.1,100,Completed,Beginner,12.22033898,1,Nov
L006647,U191,22-12-2025,Power BI,Certification,0.9,72.9,49.7,In Progress,Intermediate,81,0,Dec
L006648,U065,11-11-2025,Communication,Project,4.9,76.1,2,In Progress,Beginner,15.53061224,0,Nov
L006649,U165,06-08-2025,Excel,Project,1.9,66.1,100,Completed,Beginner,34.78947368,1,Aug
L006650,U123,18-03-2025,Power BI,Self Learning,5.5,65.3,100,Completed,Beginner,11.87272727,1,Mar
L006651,U007,10-04-2025,Excel,Workshop,2,45.2,21.4,In Progress,Advanced,22.6,0,Apr
L006652,U015,27-03-2025,SQL,Project,3.3,72.5,100,Completed,Beginner,21.96969697,1,Mar
L006653,U120,15-03-2025,SQL,Certification,3.2,90.3,64.3,Dropped,Advanced,28.21875,0,Mar
L006654,U135,25-04-2025,Python,Project,4.9,51.4,43,In Progress,Intermediate,10.48979592,0,Apr
L006655,U050,01-03-2025,SQL,Project,0,0,0,Not Started,Advanced,0,0,Mar
L006656,U013,15-06-2025,Cloud,Workshop,2.9,88,100,Completed,Intermediate,30.34482759,1,Jun
L006657,U145,05-10-2025,Python,Project,4.4,65.7,100,Completed,Advanced,14.93181818,1,Oct
L006658,U180,29-03-2025,Java,Project,4.8,67.2,19,In Progress,Beginner,14,0,Mar
L006659,U018,12-12-2025,Communication,Certification,0.7,78.4,100,Completed,Beginner,112,1,Dec
L006660,U021,10-11-2025,Excel,Self Learning,1.4,51.2,17.2,In Progress,Advanced,36.57142857,0,Nov
L006661,U124,30-10-2025,Data Analytics,Project,1.1,86,77.3,In Progress,Intermediate,78.18181818,0,Oct
L006662,U157,09-10-2025,Data Analytics,Project,3.5,72,38.1,Dropped,Advanced,20.57142857,0,Oct
L006663,U078,04-03-2025,Python,Self Learning,0,0,0,Not Started,Intermediate,0,0,Mar
L006664,U148,27-11-2025,Data Analytics,Online Course,5.9,75.2,100,Completed,Beginner,12.74576271,1,Nov
L006665,U004,01-02-2025,Python,Project,0.5,43.8,84,In Progress,Advanced,87.6,0,Feb
L006666,U083,05-08-2025,Java,Project,1.3,68.6,22.4,In Progress,Beginner,52.76923077,0,Aug
L006667,U114,06-01-2025,Excel,Self Learning,2.1,96.9,100,Completed,Intermediate,46.14285714,1,Jan
L006668,U137,30-08-2025,Python,Project,4,65.1,69.2,Dropped,Intermediate,16.275,0,Aug
L006669,U141,02-03-2025,Excel,Self Learning,0.6,45.9,67.7,In Progress,Advanced,76.5,0,Mar
L006670,U057,31-01-2025,Python,Self Learning,5.5,67,15.8,In Progress,Advanced,12.18181818,0,Jan
L006671,U084,10-08-2025,Excel,Project,1.7,61.2,61.8,In Progress,Advanced,36,0,Aug
L006672,U143,09-03-2025,Cloud,Self Learning,1.5,94.6,100,Completed,Beginner,63.06666667,1,Mar
L006673,U051,07-06-2025,Data Analytics,Project,0,0,0,Not Started,Beginner,0,0,Jun
L006674,U184,27-11-2025,SQL,Self Learning,3,91.8,100,Completed,Beginner,30.6,1,Nov
L006675,U180,01-01-2025,Excel,Self Learning,0.6,54.7,64.1,Dropped,Beginner,91.16666667,0,Jan
L006676,U005,02-01-2025,Communication,Workshop,0,0,0,Not Started,Beginner,0,0,Jan
L006677,U156,31-08-2025,Power BI,Workshop,4.3,72.5,17.4,In Progress,Advanced,16.86046512,0,Aug
L006678,U179,05-11-2025,Java,Online Course,4.5,43.4,1.7,In Progress,Beginner,9.644444444,0,Nov
L006679,U182,24-09-2025,Machine Learning,Certification,4.2,72.6,100,Completed,Beginner,17.28571429,1,Sep
L006680,U049,17-06-2025,Machine Learning,Project,5.5,81.7,20.1,In Progress,Intermediate,14.85454545,0,Jun
L006681,U041,05-08-2025,SQL,Self Learning,0.8,86,0.4,In Progress,Beginner,107.5,0,Aug
L006682,U174,19-04-2025,Communication,Online Course,1.9,63.6,74.1,In Progress,Beginner,33.47368421,0,Apr
L006683,U094,12-05-2025,ServiceNow,Online Course,3.7,71.1,100,Completed,Advanced,19.21621622,1,May
L006684,U105,08-01-2025,SQL,Certification,4.6,70.8,15.6,Dropped,Advanced,15.39130435,0,Jan
L006685,U030,15-05-2025,Data Analytics,Self Learning,5.2,40.8,12.3,In Progress,Intermediate,7.846153846,0,May
L006686,U187,28-09-2025,Data Analytics,Workshop,1.4,92.9,100,Completed,Intermediate,66.35714286,1,Sep
L006687,U060,13-12-2025,ServiceNow,Workshop,2.1,90.7,27.5,In Progress,Beginner,43.19047619,0,Dec
L006688,U023,21-05-2025,Java,Self Learning,2,76.4,20.9,In Progress,Beginner,38.2,0,May
L006689,U193,16-09-2025,Java,Certification,2.7,80.6,100,Completed,Advanced,29.85185185,1,Sep
L006690,U062,05-09-2025,Python,Self Learning,1.2,94.2,100,Completed,Intermediate,78.5,1,Sep
L006691,U159,29-11-2025,Excel,Certification,4.6,79,100,Completed,Intermediate,17.17391304,1,Nov
L006692,U024,09-05-2025,Python,Certification,2.2,88.2,100,Completed,Beginner,40.09090909,1,May
L006693,U057,10-06-2025,Cloud,Self Learning,1.3,93,19.8,Dropped,Beginner,71.53846154,0,Jun
L006694,U078,25-09-2025,SQL,Self Learning,0.7,73.8,100,Completed,Intermediate,105.4285714,1,Sep
L006695,U015,21-12-2025,Data Analytics,Self Learning,1.8,78,82.7,In Progress,Advanced,43.33333333,0,Dec
L006696,U042,10-05-2025,Communication,Online Course,4.9,65.6,11.4,In Progress,Intermediate,13.3877551,0,May
L006697,U022,06-04-2025,SQL,Online Course,3.5,84.6,100,Completed,Beginner,24.17142857,1,Apr
L006698,U144,16-04-2025,Data Analytics,Workshop,0,0,0,Not Started,Advanced,0,0,Apr
L006699,U064,19-07-2025,Power BI,Certification,5.8,82.4,100,Completed,Advanced,14.20689655,1,Jul
L006700,U151,21-09-2025,ServiceNow,Workshop,1.7,83.8,95.9,In Progress,Beginner,49.29411765,0,Sep
L006701,U146,17-01-2025,Cloud,Project,2.4,98.3,36.9,In Progress,Beginner,40.95833333,0,Jan
L006702,U197,22-11-2025,Communication,Workshop,3.5,96.3,100,Completed,Beginner,27.51428571,1,Nov
L006703,U194,02-08-2025,Java,Workshop,5.9,72,35.7,In Progress,Advanced,12.20338983,0,Aug
L006704,U091,15-06-2025,SQL,Workshop,2.7,94.2,91.9,In Progress,Intermediate,34.88888889,0,Jun
L006705,U058,15-02-2025,SQL,Self Learning,0.7,87.9,19.4,Dropped,Intermediate,125.5714286,0,Feb
L006706,U034,18-04-2025,Java,Online Course,1.5,98.4,100,Completed,Intermediate,65.6,1,Apr
L006707,U153,21-08-2025,Cloud,Workshop,4.4,61.1,91,In Progress,Intermediate,13.88636364,0,Aug
L006708,U014,13-01-2025,Cloud,Online Course,3.9,68.2,100,Completed,Intermediate,17.48717949,1,Jan
L006709,U164,12-07-2025,Power BI,Workshop,3.7,90.4,64.2,In Progress,Advanced,24.43243243,0,Jul
L006710,U176,02-05-2025,Machine Learning,Online Course,2,71.2,92.8,In Progress,Intermediate,35.6,0,May
L006711,U007,31-07-2025,SQL,Certification,2.1,64.6,44.9,In Progress,Intermediate,30.76190476,0,Jul
L006712,U009,15-06-2025,SQL,Project,4.1,84.6,100,Completed,Beginner,20.63414634,1,Jun
L006713,U086,07-02-2025,Machine Learning,Project,1.5,71.8,98.2,In Progress,Beginner,47.86666667,0,Feb
L006714,U198,09-01-2025,Python,Online Course,3.3,89.6,100,Completed,Intermediate,27.15151515,1,Jan
L006715,U187,10-12-2025,Data Analytics,Workshop,1.3,78.9,81,In Progress,Intermediate,60.69230769,0,Dec
L006716,U135,13-10-2025,Communication,Online Course,0,0,0,Not Started,Beginner,0,0,Oct
L006717,U123,28-10-2025,Cloud,Project,1.2,72.3,100,Completed,Beginner,60.25,1,Oct
L006718,U070,09-09-2025,Machine Learning,Project,5.9,90.4,100,Completed,Advanced,15.3220339,1,Sep
L006719,U045,22-01-2025,Power BI,Certification,1.9,78.6,66.8,In Progress,Advanced,41.36842105,0,Jan
L006720,U153,20-03-2025,ServiceNow,Workshop,3.8,78.9,38,In Progress,Intermediate,20.76315789,0,Mar
L006721,U198,20-04-2025,Python,Project,3.9,99.8,100,Completed,Intermediate,25.58974359,1,Apr
L006722,U146,19-08-2025,Data Analytics,Self Learning,4.1,98.1,28.3,In Progress,Intermediate,23.92682927,0,Aug
L006723,U083,20-06-2025,Data Analytics,Self Learning,0.9,84.1,75.8,In Progress,Beginner,93.44444444,0,Jun
L006724,U153,08-07-2025,ServiceNow,Workshop,3.7,85,85.3,In Progress,Beginner,22.97297297,0,Jul
L006725,U073,19-03-2025,Communication,Project,3.3,68.9,31.4,Dropped,Beginner,20.87878788,0,Mar
L006726,U094,01-12-2025,Machine Learning,Workshop,3.2,77.7,100,Completed,Beginner,24.28125,1,Dec
L006727,U096,18-06-2025,Power BI,Online Course,5.5,68.2,64.7,In Progress,Beginner,12.4,0,Jun
L006728,U007,23-01-2025,Power BI,Workshop,4.1,79.5,100,Completed,Beginner,19.3902439,1,Jan
L006729,U168,07-04-2025,Power BI,Certification,5.9,99.6,100,Completed,Advanced,16.88135593,1,Apr
L006730,U122,11-02-2025,Communication,Certification,5.4,60.1,41.8,In Progress,Intermediate,11.12962963,0,Feb
L006731,U012,16-07-2025,Machine Learning,Self Learning,1.8,75.6,52.5,Dropped,Advanced,42,0,Jul
L006732,U106,20-03-2025,Machine Learning,Certification,4,97.8,100,Completed,Beginner,24.45,1,Mar
L006733,U178,07-05-2025,Excel,Certification,1.1,92.4,100,Completed,Advanced,84,1,May
L006734,U133,07-08-2025,Excel,Self Learning,5.8,44,88.1,In Progress,Intermediate,7.586206897,0,Aug
L006735,U170,20-04-2025,ServiceNow,Certification,0,0,0,Not Started,Beginner,0,0,Apr
L006736,U078,23-03-2025,Excel,Online Course,3.7,91,100,Completed,Intermediate,24.59459459,1,Mar
L006737,U151,18-05-2025,Data Analytics,Workshop,3.3,63.9,81,In Progress,Beginner,19.36363636,0,May
L006738,U161,15-10-2025,SQL,Certification,1.7,50.9,41.1,In Progress,Intermediate,29.94117647,0,Oct
L006739,U045,06-09-2025,Python,Certification,5.6,72,100,Completed,Intermediate,12.85714286,1,Sep
L006740,U001,17-06-2025,Data Analytics,Workshop,3.4,64.1,97,In Progress,Intermediate,18.85294118,0,Jun
L006741,U092,07-10-2025,Data Analytics,Project,5.6,50.2,69.6,In Progress,Intermediate,8.964285714,0,Oct
L006742,U029,28-10-2025,Machine Learning,Self Learning,1.4,67.7,100,Completed,Beginner,48.35714286,1,Oct
L006743,U040,19-12-2025,Excel,Workshop,4.4,73.1,36.5,In Progress,Intermediate,16.61363636,0,Dec
L006744,U089,21-12-2025,Excel,Self Learning,2.7,94.9,33.7,In Progress,Intermediate,35.14814815,0,Dec
L006745,U189,17-05-2025,SQL,Workshop,0,0,0,Not Started,Intermediate,0,0,May
L006746,U031,16-06-2025,Cloud,Workshop,0.7,78,100,Completed,Advanced,111.4285714,1,Jun
L006747,U081,24-12-2025,ServiceNow,Workshop,1.7,85.7,66.8,In Progress,Advanced,50.41176471,0,Dec
L006748,U047,30-01-2025,Java,Workshop,4.2,62.1,2.2,In Progress,Advanced,14.78571429,0,Jan
L006749,U041,27-01-2025,SQL,Workshop,1.7,93.1,30.8,Dropped,Beginner,54.76470588,0,Jan
L006750,U186,01-11-2025,Excel,Project,2.8,98.2,100,Completed,Intermediate,35.07142857,1,Nov
L006751,U032,20-01-2025,Communication,Online Course,3.7,90.4,100,Completed,Beginner,24.43243243,1,Jan
L006752,U168,24-11-2025,Data Analytics,Certification,2.6,74.1,32.9,Dropped,Beginner,28.5,0,Nov
L006753,U150,29-09-2025,Java,Workshop,0,0,0,Not Started,Beginner,0,0,Sep
L006754,U023,24-02-2025,Communication,Certification,3.9,60.2,29.4,In Progress,Beginner,15.43589744,0,Feb
L006755,U123,13-05-2025,Python,Self Learning,0,0,0,Not Started,Beginner,0,0,May
L006756,U130,03-02-2025,Communication,Workshop,5.7,91.6,39.3,Dropped,Intermediate,16.07017544,0,Feb
L006757,U126,11-01-2025,Communication,Online Course,4.9,64,66.9,In Progress,Beginner,13.06122449,0,Jan
L006758,U091,31-10-2025,Power BI,Project,2,57.4,70.3,In Progress,Beginner,28.7,0,Oct
L006759,U013,22-12-2025,ServiceNow,Self Learning,3.7,79.2,100,Completed,Intermediate,21.40540541,1,Dec
L006760,U193,11-09-2025,Machine Learning,Project,1.3,85,84.5,In Progress,Intermediate,65.38461538,0,Sep
L006761,U146,10-03-2025,Communication,Certification,5.3,53.6,26.6,In Progress,Advanced,10.11320755,0,Mar
L006762,U071,31-03-2025,Communication,Self Learning,2.7,74.1,71.6,In Progress,Advanced,27.44444444,0,Mar
L006763,U054,27-11-2025,ServiceNow,Project,5.1,61.5,59.2,In Progress,Advanced,12.05882353,0,Nov
L006764,U014,25-09-2025,Cloud,Self Learning,3.9,96.4,60.8,In Progress,Intermediate,24.71794872,0,Sep
L006765,U173,08-05-2025,Power BI,Certification,1.5,93.8,35.1,In Progress,Intermediate,62.53333333,0,May
L006766,U084,14-08-2025,Communication,Self Learning,5.4,78.5,16.4,In Progress,Beginner,14.53703704,0,Aug
L006767,U134,03-09-2025,Power BI,Online Course,4.5,82.8,47,Dropped,Advanced,18.4,0,Sep
L006768,U094,19-07-2025,Excel,Project,4.5,92,100,Completed,Intermediate,20.44444444,1,Jul
L006769,U175,23-05-2025,SQL,Online Course,3,84,42.2,In Progress,Beginner,28,0,May
L006770,U043,05-08-2025,Excel,Online Course,0.5,53.2,54.4,In Progress,Intermediate,106.4,0,Aug
L006771,U050,18-02-2025,Python,Project,1.8,99.8,44.7,In Progress,Advanced,55.44444444,0,Feb
L006772,U100,01-11-2025,Communication,Project,4.4,57.6,88.8,In Progress,Intermediate,13.09090909,0,Nov
L006773,U181,23-04-2025,Excel,Certification,5.6,91.4,100,Completed,Intermediate,16.32142857,1,Apr
L006774,U120,13-12-2025,SQL,Workshop,4.5,67.2,100,Completed,Intermediate,14.93333333,1,Dec
L006775,U075,08-07-2025,Java,Project,3.6,82.5,75.1,In Progress,Beginner,22.91666667,0,Jul
L006776,U059,12-03-2025,Python,Online Course,1.5,94.3,100,Completed,Intermediate,62.86666667,1,Mar
L006777,U007,25-08-2025,Java,Online Course,0,0,0,Not Started,Advanced,0,0,Aug
L006778,U190,03-05-2025,Data Analytics,Workshop,0.6,90.7,7.3,In Progress,Intermediate,151.1666667,0,May
L006779,U058,19-09-2025,Power BI,Online Course,3.4,92.5,39.6,Dropped,Beginner,27.20588235,0,Sep
L006780,U080,13-12-2025,ServiceNow,Workshop,3.7,77.2,100,Completed,Beginner,20.86486486,1,Dec
L006781,U159,31-01-2025,Python,Project,2.5,94.6,100,Completed,Intermediate,37.84,1,Jan
L006782,U078,06-04-2025,Python,Online Course,0,0,0,Not Started,Intermediate,0,0,Apr
L006783,U131,01-11-2025,Data Analytics,Online Course,2.6,61.3,46.8,In Progress,Beginner,23.57692308,0,Nov
L006784,U191,17-08-2025,Machine Learning,Self Learning,5,49.5,83,In Progress,Beginner,9.9,0,Aug
L006785,U071,18-06-2025,ServiceNow,Certification,4.5,56.4,1.4,In Progress,Intermediate,12.53333333,0,Jun
L006786,U026,07-12-2025,Java,Online Course,3,62.8,36.6,In Progress,Beginner,20.93333333,0,Dec
L006787,U158,01-09-2025,Power BI,Certification,3.1,72.1,100,Completed,Beginner,23.25806452,1,Sep
L006788,U129,10-01-2025,ServiceNow,Certification,5.8,91.4,100,Completed,Beginner,15.75862069,1,Jan
L006789,U044,04-08-2025,Cloud,Project,0,0,0,Not Started,Beginner,0,0,Aug
L006790,U174,17-10-2025,Communication,Project,2.6,87.2,100,Completed,Beginner,33.53846154,1,Oct
L006791,U141,20-10-2025,Power BI,Self Learning,1.6,87.8,38.8,In Progress,Beginner,54.875,0,Oct
L006792,U034,23-12-2025,Cloud,Certification,1.1,87.1,33.2,In Progress,Beginner,79.18181818,0,Dec
L006793,U113,05-01-2025,Data Analytics,Online Course,0,0,0,Not Started,Intermediate,0,0,Jan
L006794,U050,18-03-2025,Java,Self Learning,5.9,98.5,54.2,In Progress,Intermediate,16.69491525,0,Mar
L006795,U040,22-05-2025,ServiceNow,Certification,1.6,84.6,31.2,Dropped,Intermediate,52.875,0,May
L006796,U047,29-11-2025,SQL,Project,1.5,92,69.9,In Progress,Beginner,61.33333333,0,Nov
L006797,U161,07-06-2025,Java,Online Course,3.1,49.8,43.6,In Progress,Intermediate,16.06451613,0,Jun
L006798,U156,26-01-2025,Machine Learning,Project,0,0,0,Not Started,Intermediate,0,0,Jan
L006799,U189,26-10-2025,Java,Workshop,3.8,44.8,12.6,In Progress,Beginner,11.78947368,0,Oct
L006800,U194,16-01-2025,Power BI,Workshop,0.6,43.2,66.3,In Progress,Intermediate,72,0,Jan
L006801,U099,25-12-2025,Communication,Online Course,0,0,0,Not Started,Advanced,0,0,Dec
L006802,U112,09-04-2025,ServiceNow,Workshop,1.9,87.7,70.8,In Progress,Intermediate,46.15789474,0,Apr
L006803,U120,17-04-2025,Communication,Workshop,2.3,99.4,2,In Progress,Advanced,43.2173913,0,Apr
L006804,U151,23-12-2025,Excel,Self Learning,3.9,77,28,In Progress,Advanced,19.74358974,0,Dec
L006805,U033,31-03-2025,Excel,Online Course,3.8,70,100,Completed,Intermediate,18.42105263,1,Mar
L006806,U034,13-10-2025,Cloud,Self Learning,3.5,51.2,85.5,In Progress,Beginner,14.62857143,0,Oct
L006807,U149,01-02-2025,Communication,Workshop,0.6,67,74.1,In Progress,Intermediate,111.6666667,0,Feb
L006808,U174,28-10-2025,Machine Learning,Project,1.6,70.5,80.6,In Progress,Intermediate,44.0625,0,Oct
L006809,U054,02-07-2025,Excel,Online Course,2.5,76.3,27.4,In Progress,Advanced,30.52,0,Jul
L006810,U122,28-02-2025,Data Analytics,Project,1.6,97.8,5.8,In Progress,Beginner,61.125,0,Feb
L006811,U178,07-07-2025,Java,Certification,1.7,56.6,97.6,In Progress,Intermediate,33.29411765,0,Jul
L006812,U138,16-12-2025,Cloud,Project,1.9,81.8,100,Completed,Beginner,43.05263158,1,Dec
L006813,U047,03-01-2025,ServiceNow,Certification,1.2,77.6,100,Completed,Beginner,64.66666667,1,Jan
L006814,U188,15-02-2025,Cloud,Workshop,2.5,90.7,50.7,In Progress,Beginner,36.28,0,Feb
L006815,U037,21-06-2025,Communication,Workshop,2.5,40.7,57.3,Dropped,Beginner,16.28,0,Jun
L006816,U193,19-03-2025,ServiceNow,Online Course,3.8,89.2,100,Completed,Beginner,23.47368421,1,Mar
L006817,U075,10-06-2025,Java,Project,0,0,0,Not Started,Beginner,0,0,Jun
L006818,U002,07-06-2025,ServiceNow,Workshop,4.6,84.1,23.3,Dropped,Beginner,18.2826087,0,Jun
L006819,U120,19-12-2025,Power BI,Workshop,3,79.5,100,Completed,Beginner,26.5,1,Dec
L006820,U146,01-11-2025,Power BI,Project,5.4,95.5,100,Completed,Intermediate,17.68518519,1,Nov
L006821,U114,07-07-2025,Cloud,Online Course,2.7,78.2,100,Completed,Intermediate,28.96296296,1,Jul
L006822,U113,12-06-2025,ServiceNow,Project,0.7,99.4,100,Completed,Beginner,142,1,Jun
L006823,U144,11-07-2025,Java,Online Course,0.7,74.4,0.3,In Progress,Advanced,106.2857143,0,Jul
L006824,U156,29-01-2025,Java,Certification,3.6,77.2,100,Completed,Advanced,21.44444444,1,Jan
L006825,U144,22-12-2025,Java,Online Course,3.8,46.9,10.2,In Progress,Beginner,12.34210526,0,Dec
L006826,U012,10-05-2025,Data Analytics,Self Learning,0.7,71.2,100,Completed,Advanced,101.7142857,1,May
L006827,U060,24-10-2025,Machine Learning,Self Learning,2.2,82.6,100,Completed,Beginner,37.54545455,1,Oct
L006828,U044,30-01-2025,Data Analytics,Project,5.2,41.9,72.1,In Progress,Advanced,8.057692308,0,Jan
L006829,U127,29-03-2025,Data Analytics,Online Course,1.9,73.9,100,Completed,Advanced,38.89473684,1,Mar
L006830,U148,19-02-2025,Data Analytics,Certification,2,44.9,93.1,In Progress,Intermediate,22.45,0,Feb
L006831,U071,01-05-2025,ServiceNow,Online Course,5.2,85.7,70.9,In Progress,Beginner,16.48076923,0,May
L006832,U075,03-04-2025,Cloud,Online Course,2.7,74.3,100,Completed,Beginner,27.51851852,1,Apr
L006833,U015,21-12-2025,SQL,Project,5.9,69.8,49,In Progress,Intermediate,11.83050847,0,Dec
L006834,U162,20-10-2025,Python,Project,0,0,0,Not Started,Intermediate,0,0,Oct
L006835,U165,28-10-2025,Excel,Certification,4.4,97.3,78.4,In Progress,Intermediate,22.11363636,0,Oct
L006836,U011,24-09-2025,Communication,Workshop,4.4,95.8,100,Completed,Intermediate,21.77272727,1,Sep
L006837,U148,15-02-2025,Java,Project,1.3,78,100,Completed,Beginner,60,1,Feb
L006838,U174,26-07-2025,Power BI,Workshop,5.6,62.5,68.3,Dropped,Advanced,11.16071429,0,Jul
L006839,U022,16-02-2025,Machine Learning,Workshop,4.5,99.4,71.9,In Progress,Beginner,22.08888889,0,Feb
L006840,U119,04-10-2025,Power BI,Self Learning,4.3,67.2,100,Completed,Intermediate,15.62790698,1,Oct
L006841,U076,28-04-2025,Excel,Self Learning,3.4,46.3,64.8,In Progress,Intermediate,13.61764706,0,Apr
L006842,U052,20-09-2025,Java,Workshop,3.5,63.2,63.2,In Progress,Advanced,18.05714286,0,Sep
L006843,U172,14-12-2025,SQL,Online Course,4.2,76.3,33,In Progress,Beginner,18.16666667,0,Dec
L006844,U014,31-12-2025,Data Analytics,Certification,5.5,75.5,41.1,Dropped,Intermediate,13.72727273,0,Dec
L006845,U108,24-11-2025,Data Analytics,Self Learning,6,81.7,96.7,In Progress,Intermediate,13.61666667,0,Nov
L006846,U144,09-07-2025,Cloud,Workshop,4.9,51.6,93.9,In Progress,Intermediate,10.53061224,0,Jul
L006847,U097,06-11-2025,Python,Project,5.1,75.2,47.2,In Progress,Advanced,14.74509804,0,Nov
L006848,U188,12-06-2025,Machine Learning,Self Learning,4,47.5,45,In Progress,Beginner,11.875,0,Jun
L006849,U141,02-04-2025,Communication,Certification,1.2,41.1,26,In Progress,Intermediate,34.25,0,Apr
L006850,U189,15-09-2025,Power BI,Self Learning,2.4,86.8,100,Completed,Beginner,36.16666667,1,Sep
L006851,U119,09-02-2025,Power BI,Project,0.9,63.4,13.9,In Progress,Intermediate,70.44444444,0,Feb
L006852,U160,01-07-2025,Machine Learning,Online Course,5.7,99.2,100,Completed,Advanced,17.40350877,1,Jul
L006853,U050,25-07-2025,Excel,Online Course,2.1,99.4,100,Completed,Intermediate,47.33333333,1,Jul
L006854,U049,30-09-2025,Power BI,Online Course,1.5,64,60,In Progress,Intermediate,42.66666667,0,Sep
L006855,U053,14-03-2025,Data Analytics,Project,4,51,24.4,In Progress,Advanced,12.75,0,Mar
L006856,U075,04-10-2025,Machine Learning,Online Course,0.7,81.9,61.6,In Progress,Beginner,117,0,Oct
L006857,U154,27-09-2025,Power BI,Project,3.5,91,50.6,In Progress,Advanced,26,0,Sep
L006858,U031,03-01-2025,Cloud,Self Learning,2.9,95.1,69.7,In Progress,Intermediate,32.79310345,0,Jan
L006859,U113,21-05-2025,Cloud,Online Course,5.5,41.6,80.4,In Progress,Beginner,7.563636364,0,May
L006860,U059,15-09-2025,Power BI,Workshop,0,0,0,Not Started,Advanced,0,0,Sep
L006861,U149,29-12-2025,Power BI,Certification,5.7,76.9,11.5,In Progress,Intermediate,13.49122807,0,Dec
L006862,U059,09-01-2025,Power BI,Online Course,2,99.1,62.6,In Progress,Intermediate,49.55,0,Jan
L006863,U070,20-03-2025,Data Analytics,Self Learning,1.5,85.7,41.1,In Progress,Intermediate,57.13333333,0,Mar
L006864,U121,21-09-2025,Java,Certification,1,41.2,26.2,In Progress,Intermediate,41.2,0,Sep
L006865,U032,11-07-2025,Excel,Project,3.6,46.6,79.8,In Progress,Advanced,12.94444444,0,Jul
L006866,U115,07-08-2025,SQL,Project,1.7,84.9,100,Completed,Advanced,49.94117647,1,Aug
L006867,U076,27-04-2025,Cloud,Online Course,3.1,51.6,71.2,In Progress,Intermediate,16.64516129,0,Apr
L006868,U014,26-12-2025,SQL,Workshop,3.4,96.7,94.2,In Progress,Advanced,28.44117647,0,Dec
L006869,U135,24-03-2025,Cloud,Project,1.3,75.2,18.7,Dropped,Intermediate,57.84615385,0,Mar
L006870,U200,15-05-2025,SQL,Certification,2.7,63.1,16.9,In Progress,Beginner,23.37037037,0,May
L006871,U048,19-07-2025,ServiceNow,Workshop,2.1,97,83.5,In Progress,Advanced,46.19047619,0,Jul
L006872,U031,15-05-2025,Data Analytics,Self Learning,5,52.2,42.1,In Progress,Advanced,10.44,0,May
L006873,U006,07-01-2025,Excel,Project,0,0,0,Not Started,Intermediate,0,0,Jan
L006874,U068,01-04-2025,Machine Learning,Online Course,4.5,70.3,69.9,Dropped,Intermediate,15.62222222,0,Apr
L006875,U046,16-09-2025,Communication,Workshop,3.9,95.8,14.7,In Progress,Intermediate,24.56410256,0,Sep
L006876,U160,17-10-2025,Excel,Project,3.5,81.8,100,Completed,Advanced,23.37142857,1,Oct
L006877,U112,21-01-2025,Excel,Online Course,0.7,52.3,51.3,Dropped,Advanced,74.71428571,0,Jan
L006878,U010,07-02-2025,Machine Learning,Project,2.4,72.2,67.9,In Progress,Beginner,30.08333333,0,Feb
L006879,U034,06-03-2025,Excel,Certification,1.4,68.2,100,Completed,Advanced,48.71428571,1,Mar
L006880,U065,03-06-2025,Java,Workshop,0.7,66.1,100,Completed,Beginner,94.42857143,1,Jun
L006881,U137,25-09-2025,Python,Certification,5.3,77.1,100,Completed,Intermediate,14.54716981,1,Sep
L006882,U092,24-08-2025,Communication,Workshop,5,92.8,25.3,In Progress,Intermediate,18.56,0,Aug
L006883,U184,11-01-2025,Communication,Workshop,0,0,0,Not Started,Advanced,0,0,Jan
L006884,U044,03-11-2025,Python,Online Course,5.1,68.9,100,Completed,Advanced,13.50980392,1,Nov
L006885,U081,23-06-2025,Python,Online Course,4.7,42,17.9,In Progress,Beginner,8.936170213,0,Jun
L006886,U166,24-11-2025,Java,Workshop,2.4,57.2,24,Dropped,Beginner,23.83333333,0,Nov
L006887,U115,06-07-2025,Machine Learning,Project,4,40.6,42.6,Dropped,Beginner,10.15,0,Jul
L006888,U145,22-01-2025,Communication,Workshop,4.8,41.7,42.5,In Progress,Intermediate,8.6875,0,Jan
L006889,U187,19-09-2025,SQL,Project,2.2,99.8,13.5,In Progress,Beginner,45.36363636,0,Sep
L006890,U017,27-09-2025,Machine Learning,Online Course,5.1,90.5,100,Completed,Advanced,17.74509804,1,Sep
L006891,U021,05-07-2025,Power BI,Online Course,2.5,50,86.3,In Progress,Advanced,20,0,Jul
L006892,U169,30-07-2025,Python,Online Course,3.1,71.3,100,Completed,Advanced,23,1,Jul
L006893,U186,15-07-2025,Power BI,Project,1.1,57,54.4,Dropped,Beginner,51.81818182,0,Jul
L006894,U036,05-12-2025,Java,Certification,0.6,50.4,44.8,In Progress,Intermediate,84,0,Dec
L006895,U081,18-10-2025,Python,Certification,5.4,95,29.1,In Progress,Intermediate,17.59259259,0,Oct
L006896,U139,28-09-2025,Excel,Online Course,2.5,55.2,93.8,In Progress,Intermediate,22.08,0,Sep
L006897,U166,30-10-2025,SQL,Self Learning,1.1,81.1,100,Completed,Beginner,73.72727273,1,Oct
L006898,U034,05-11-2025,ServiceNow,Self Learning,5.2,68.6,91.3,In Progress,Beginner,13.19230769,0,Nov
L006899,U069,26-09-2025,Communication,Project,2.3,68.6,100,Completed,Intermediate,29.82608696,1,Sep
L006900,U113,17-07-2025,Machine Learning,Workshop,3,75.1,100,Completed,Beginner,25.03333333,1,Jul
L006901,U151,09-09-2025,Communication,Workshop,5.6,64.6,48.6,In Progress,Intermediate,11.53571429,0,Sep
L006902,U030,24-12-2025,Power BI,Certification,2.4,87.9,31.2,In Progress,Intermediate,36.625,0,Dec
L006903,U083,19-06-2025,Java,Workshop,5.6,62.6,51.3,In Progress,Beginner,11.17857143,0,Jun
L006904,U145,22-01-2025,Data Analytics,Project,2.2,76.9,100,Completed,Advanced,34.95454545,1,Jan
L006905,U072,25-12-2025,Machine Learning,Project,4.2,88.6,86.9,In Progress,Intermediate,21.0952381,0,Dec
L006906,U039,04-08-2025,Java,Online Course,3.1,67.2,58.5,Dropped,Beginner,21.67741935,0,Aug
L006907,U143,09-05-2025,Power BI,Workshop,1.1,82.9,85.8,In Progress,Intermediate,75.36363636,0,May
L006908,U150,18-05-2025,SQL,Certification,2,98,100,Completed,Beginner,49,1,May
L006909,U007,22-09-2025,Data Analytics,Certification,5.8,89.4,46.6,In Progress,Intermediate,15.4137931,0,Sep
L006910,U188,29-12-2025,Machine Learning,Workshop,2.9,51.7,55.5,Dropped,Advanced,17.82758621,0,Dec
L006911,U001,16-10-2025,SQL,Self Learning,0,0,0,Not Started,Advanced,0,0,Oct
L006912,U015,25-02-2025,Machine Learning,Project,2.1,68.7,100,Completed,Beginner,32.71428571,1,Feb
L006913,U053,22-02-2025,Communication,Self Learning,1.4,80.6,21.5,In Progress,Beginner,57.57142857,0,Feb
L006914,U158,12-06-2025,Data Analytics,Workshop,4.6,82.2,76.3,In Progress,Beginner,17.86956522,0,Jun
L006915,U061,06-11-2025,Data Analytics,Certification,4,66.4,20.6,In Progress,Intermediate,16.6,0,Nov
L006916,U200,29-01-2025,Cloud,Certification,4.6,86.4,100,Completed,Intermediate,18.7826087,1,Jan
L006917,U113,31-05-2025,SQL,Workshop,5.4,96.4,100,Completed,Advanced,17.85185185,1,May
L006918,U058,28-02-2025,Excel,Project,3.1,85.6,29.5,In Progress,Beginner,27.61290323,0,Feb
L006919,U091,29-09-2025,ServiceNow,Workshop,1.1,70,100,Completed,Advanced,63.63636364,1,Sep
L006920,U004,28-11-2025,Python,Certification,2.4,79.9,15.7,In Progress,Advanced,33.29166667,0,Nov
L006921,U126,26-11-2025,Power BI,Certification,0,0,0,Not Started,Beginner,0,0,Nov
L006922,U019,11-07-2025,Machine Learning,Self Learning,5.3,77.3,100,Completed,Advanced,14.58490566,1,Jul
L006923,U046,07-08-2025,Communication,Certification,5.1,78.6,53.8,In Progress,Beginner,15.41176471,0,Aug
L006924,U160,08-08-2025,Power BI,Self Learning,4.1,82.6,100,Completed,Advanced,20.14634146,1,Aug
L006925,U165,23-12-2025,Communication,Certification,2.3,78.7,100,Completed,Advanced,34.2173913,1,Dec
L006926,U128,21-02-2025,Power BI,Workshop,0.9,53.2,55.1,In Progress,Intermediate,59.11111111,0,Feb
L006927,U036,20-07-2025,Excel,Online Course,4.5,83.8,100,Completed,Advanced,18.62222222,1,Jul
L006928,U163,22-11-2025,Communication,Online Course,5.3,51.8,20.2,Dropped,Advanced,9.773584906,0,Nov
L006929,U052,17-08-2025,Excel,Self Learning,0,0,0,Not Started,Beginner,0,0,Aug
L006930,U013,02-08-2025,ServiceNow,Certification,2.1,74.6,100,Completed,Intermediate,35.52380952,1,Aug
L006931,U111,21-09-2025,SQL,Self Learning,2.7,86.2,100,Completed,Intermediate,31.92592593,1,Sep
L006932,U053,04-02-2025,SQL,Certification,4.4,53.3,30.9,Dropped,Advanced,12.11363636,0,Feb
L006933,U069,07-08-2025,Communication,Self Learning,3.7,77.7,27.9,Dropped,Beginner,21,0,Aug
L006934,U008,15-06-2025,Power BI,Certification,3.3,81.2,100,Completed,Beginner,24.60606061,1,Jun
L006935,U023,02-09-2025,Java,Workshop,3.2,84.6,100,Completed,Beginner,26.4375,1,Sep
L006936,U112,10-12-2025,Excel,Certification,4.1,86.4,78.6,In Progress,Advanced,21.07317073,0,Dec
L006937,U078,02-05-2025,Power BI,Online Course,4.6,55.7,91.9,In Progress,Beginner,12.10869565,0,May
L006938,U004,10-11-2025,ServiceNow,Workshop,3,82.8,100,Completed,Advanced,27.6,1,Nov
L006939,U045,24-02-2025,Communication,Self Learning,3.6,99.8,100,Completed,Intermediate,27.72222222,1,Feb
L006940,U108,17-10-2025,Power BI,Online Course,1,94.8,92.2,In Progress,Advanced,94.8,0,Oct
L006941,U008,28-06-2025,Excel,Workshop,0,0,0,Not Started,Advanced,0,0,Jun
L006942,U062,15-04-2025,Excel,Workshop,2.9,63.5,61.4,Dropped,Advanced,21.89655172,0,Apr
L006943,U127,03-11-2025,Communication,Online Course,0.9,98.8,100,Completed,Beginner,109.7777778,1,Nov
L006944,U008,10-07-2025,SQL,Workshop,1.9,46,37.7,In Progress,Beginner,24.21052632,0,Jul
L006945,U126,01-07-2025,Cloud,Online Course,1.3,60.8,70.8,In Progress,Beginner,46.76923077,0,Jul
L006946,U089,07-12-2025,Excel,Certification,5.5,67.9,100,Completed,Intermediate,12.34545455,1,Dec
L006947,U165,22-10-2025,Machine Learning,Online Course,5.7,60.8,65.9,In Progress,Intermediate,10.66666667,0,Oct
L006948,U086,13-11-2025,ServiceNow,Certification,4.8,67.3,73,In Progress,Beginner,14.02083333,0,Nov
L006949,U026,05-10-2025,Excel,Project,0,0,0,Not Started,Advanced,0,0,Oct
L006950,U043,08-01-2025,Data Analytics,Workshop,5.1,72.4,100,Completed,Intermediate,14.19607843,1,Jan
L006951,U036,25-11-2025,Machine Learning,Workshop,2.7,48.8,74.7,In Progress,Beginner,18.07407407,0,Nov
L006952,U118,21-11-2025,Machine Learning,Online Course,1.7,59.2,94.4,In Progress,Intermediate,34.82352941,0,Nov
L006953,U064,01-10-2025,Communication,Certification,4.3,46.6,91.1,In Progress,Intermediate,10.8372093,0,Oct
L006954,U066,05-03-2025,Communication,Workshop,3.5,66.8,100,Completed,Intermediate,19.08571429,1,Mar
L006955,U131,18-06-2025,Communication,Online Course,2.4,53.1,48.8,Dropped,Advanced,22.125,0,Jun
L006956,U024,25-11-2025,Data Analytics,Workshop,6,90.1,47.4,In Progress,Advanced,15.01666667,0,Nov
L006957,U112,07-10-2025,Excel,Online Course,0,0,0,Not Started,Advanced,0,0,Oct
L006958,U107,25-11-2025,Machine Learning,Online Course,3,54.3,32.8,In Progress,Intermediate,18.1,0,Nov
L006959,U003,16-04-2025,SQL,Project,4.2,77.1,53,In Progress,Beginner,18.35714286,0,Apr
L006960,U186,28-01-2025,Java,Certification,4.2,72,100,Completed,Beginner,17.14285714,1,Jan
L006961,U153,17-11-2025,Excel,Online Course,0,0,0,Not Started,Intermediate,0,0,Nov
L006962,U199,28-03-2025,Excel,Workshop,2.9,76.1,13.8,In Progress,Intermediate,26.24137931,0,Mar
L006963,U016,08-11-2025,Java,Online Course,5.2,96.7,100,Completed,Advanced,18.59615385,1,Nov
L006964,U047,15-08-2025,ServiceNow,Project,1.1,98.9,100,Completed,Beginner,89.90909091,1,Aug
L006965,U002,31-03-2025,Data Analytics,Online Course,2.6,96.7,32.7,In Progress,Intermediate,37.19230769,0,Mar
L006966,U034,28-08-2025,Java,Self Learning,5.4,51.7,96.1,In Progress,Intermediate,9.574074074,0,Aug
L006967,U116,13-06-2025,Cloud,Certification,2.1,73.4,40.1,In Progress,Beginner,34.95238095,0,Jun
L006968,U044,14-02-2025,Data Analytics,Workshop,4.7,84.4,21.6,In Progress,Beginner,17.95744681,0,Feb
L006969,U113,30-06-2025,Machine Learning,Workshop,5.6,95.9,71.9,In Progress,Intermediate,17.125,0,Jun
L006970,U141,11-12-2025,Python,Self Learning,5.1,70.8,13.8,Dropped,Beginner,13.88235294,0,Dec
L006971,U152,06-12-2025,Java,Online Course,3.6,76.4,18.8,Dropped,Intermediate,21.22222222,0,Dec
L006972,U027,23-09-2025,Communication,Certification,5,49.9,83.7,In Progress,Advanced,9.98,0,Sep
L006973,U067,09-04-2025,Python,Self Learning,2.1,92.9,22.9,In Progress,Beginner,44.23809524,0,Apr
L006974,U118,19-11-2025,Communication,Project,5,56.6,67.9,Dropped,Beginner,11.32,0,Nov
L006975,U080,04-03-2025,Machine Learning,Workshop,1.6,59,53.1,In Progress,Beginner,36.875,0,Mar
L006976,U143,05-08-2025,Python,Workshop,0.8,75.8,100,Completed,Advanced,94.75,1,Aug
L006977,U194,02-02-2025,Excel,Project,2.1,94.4,94.9,In Progress,Advanced,44.95238095,0,Feb
L006978,U186,06-12-2025,SQL,Project,2.6,91,91.4,In Progress,Intermediate,35,0,Dec
L006979,U161,06-11-2025,SQL,Project,0,0,0,Not Started,Advanced,0,0,Nov
L006980,U058,27-01-2025,Power BI,Project,3.8,49.6,13,In Progress,Intermediate,13.05263158,0,Jan
L006981,U063,01-04-2025,Java,Online Course,5.5,58,34.9,Dropped,Beginner,10.54545455,0,Apr
L006982,U128,27-04-2025,ServiceNow,Certification,6,96.2,64.9,In Progress,Beginner,16.03333333,0,Apr
L006983,U137,26-08-2025,Power BI,Certification,1.5,46.5,24.7,In Progress,Advanced,31,0,Aug
L006984,U086,08-01-2025,Machine Learning,Workshop,4.6,87.7,54.5,In Progress,Beginner,19.06521739,0,Jan
L006985,U087,01-12-2025,SQL,Project,2.8,65.3,75.6,In Progress,Beginner,23.32142857,0,Dec
L006986,U018,09-07-2025,Java,Certification,3.5,74.5,82,In Progress,Intermediate,21.28571429,0,Jul
L006987,U093,26-12-2025,ServiceNow,Project,1,86.5,21.6,In Progress,Advanced,86.5,0,Dec
L006988,U154,01-10-2025,ServiceNow,Self Learning,1.3,84.2,57.3,In Progress,Intermediate,64.76923077,0,Oct
L006989,U100,14-03-2025,Communication,Project,1.1,65.4,100,Completed,Advanced,59.45454545,1,Mar
L006990,U137,10-10-2025,ServiceNow,Project,2,68.3,100,Completed,Advanced,34.15,1,Oct
L006991,U133,29-04-2025,Python,Project,3.1,79.5,4.1,In Progress,Beginner,25.64516129,0,Apr
L006992,U035,11-04-2025,Communication,Certification,1.3,71.3,20.1,In Progress,Intermediate,54.84615385,0,Apr
L006993,U058,19-12-2025,Power BI,Certification,4.5,89.9,100,Completed,Beginner,19.97777778,1,Dec
L006994,U183,20-11-2025,Java,Certification,2.3,73.2,34.3,Dropped,Beginner,31.82608696,0,Nov
L006995,U031,12-03-2025,SQL,Self Learning,2,90.1,100,Completed,Beginner,45.05,1,Mar
L006996,U126,27-04-2025,ServiceNow,Self Learning,1.4,50.5,9.2,In Progress,Advanced,36.07142857,0,Apr
L006997,U053,28-01-2025,Communication,Project,0.7,79.6,81.3,In Progress,Advanced,113.7142857,0,Jan
L006998,U031,16-07-2025,Excel,Workshop,2.3,45.8,72.3,In Progress,Intermediate,19.91304348,0,Jul
L006999,U035,02-04-2025,Communication,Self Learning,0.9,86.7,79.9,In Progress,Advanced,96.33333333,0,Apr
L007000,U083,02-08-2025,Power BI,Self Learning,1.1,56.9,29.8,Dropped,Beginner,51.72727273,0,Aug
L007001,U077,16-07-2025,Excel,Project,3.8,60.9,63.2,In Progress,Advanced,16.02631579,0,Jul
L007002,U117,08-04-2025,Cloud,Workshop,0.5,82,100,Completed,Beginner,164,1,Apr
L007003,U036,25-06-2025,Machine Learning,Workshop,5.7,99.6,19.8,In Progress,Advanced,17.47368421,0,Jun
L007004,U082,12-10-2025,ServiceNow,Project,5,78.2,100,Completed,Intermediate,15.64,1,Oct
L007005,U066,03-12-2025,Cloud,Self Learning,2.5,50.4,22.2,In Progress,Beginner,20.16,0,Dec
L007006,U080,13-02-2025,Data Analytics,Online Course,4.8,91.7,60.7,In Progress,Advanced,19.10416667,0,Feb
L007007,U004,05-05-2025,Python,Project,3.6,63.6,73.8,In Progress,Beginner,17.66666667,0,May
L007008,U010,15-09-2025,ServiceNow,Project,0.8,91.8,100,Completed,Beginner,114.75,1,Sep
L007009,U111,13-01-2025,Data Analytics,Project,4.1,98,100,Completed,Advanced,23.90243902,1,Jan
L007010,U092,21-07-2025,Data Analytics,Self Learning,5.3,92.4,3.3,In Progress,Intermediate,17.43396226,0,Jul
L007011,U003,29-01-2025,Cloud,Project,4.5,87.4,100,Completed,Advanced,19.42222222,1,Jan
L007012,U123,11-04-2025,ServiceNow,Workshop,0.7,69.1,100,Completed,Advanced,98.71428571,1,Apr
L007013,U092,11-11-2025,SQL,Online Course,1.1,53,27.9,In Progress,Advanced,48.18181818,0,Nov
L007014,U022,08-11-2025,SQL,Online Course,2.8,85.7,78.2,In Progress,Intermediate,30.60714286,0,Nov
L007015,U185,27-07-2025,Data Analytics,Certification,2,99.2,100,Completed,Advanced,49.6,1,Jul
L007016,U079,04-03-2025,Python,Certification,3.1,57.9,89,In Progress,Intermediate,18.67741935,0,Mar
L007017,U059,21-02-2025,Java,Self Learning,4.3,64.4,80.5,In Progress,Beginner,14.97674419,0,Feb
L007018,U055,20-04-2025,Java,Workshop,3.6,80,80.4,In Progress,Beginner,22.22222222,0,Apr
L007019,U018,21-12-2025,Machine Learning,Online Course,2.3,97.7,60.4,In Progress,Beginner,42.47826087,0,Dec
L007020,U089,18-11-2025,ServiceNow,Self Learning,1.7,65.3,18.1,In Progress,Intermediate,38.41176471,0,Nov
L007021,U110,03-06-2025,Excel,Certification,3.5,76.1,100,Completed,Beginner,21.74285714,1,Jun
L007022,U168,02-12-2025,SQL,Certification,3.8,89.8,11.8,Dropped,Beginner,23.63157895,0,Dec
L007023,U167,24-10-2025,Cloud,Project,0,0,0,Not Started,Advanced,0,0,Oct
L007024,U034,15-03-2025,ServiceNow,Online Course,5.4,44.1,36,In Progress,Intermediate,8.166666667,0,Mar
L007025,U096,11-01-2025,ServiceNow,Online Course,1.7,79,100,Completed,Beginner,46.47058824,1,Jan
L007026,U013,27-02-2025,Cloud,Certification,6,74.4,36.3,Dropped,Advanced,12.4,0,Feb
L007027,U035,05-02-2025,Communication,Certification,0,0,0,Not Started,Beginner,0,0,Feb
L007028,U069,10-10-2025,Python,Project,2.3,95.2,53.6,Dropped,Beginner,41.39130435,0,Oct
L007029,U056,27-04-2025,SQL,Online Course,5,79.7,61.7,In Progress,Intermediate,15.94,0,Apr
L007030,U017,08-09-2025,Data Analytics,Online Course,0.5,55.6,63.8,In Progress,Intermediate,111.2,0,Sep
L007031,U022,22-11-2025,ServiceNow,Workshop,1.7,68.2,100,Completed,Advanced,40.11764706,1,Nov
L007032,U084,31-05-2025,Communication,Certification,4.5,85.6,100,Completed,Beginner,19.02222222,1,May
L007033,U174,22-06-2025,ServiceNow,Workshop,3.5,86.2,100,Completed,Intermediate,24.62857143,1,Jun
L007034,U200,21-09-2025,SQL,Self Learning,1.3,78.5,20.4,Dropped,Advanced,60.38461538,0,Sep
L007035,U141,20-07-2025,ServiceNow,Project,5.8,83.4,100,Completed,Intermediate,14.37931034,1,Jul
L007036,U170,24-02-2025,ServiceNow,Self Learning,5.5,85.3,100,Completed,Beginner,15.50909091,1,Feb
L007037,U065,31-07-2025,SQL,Self Learning,2.4,82.8,100,Completed,Advanced,34.5,1,Jul
L007038,U025,21-03-2025,ServiceNow,Certification,1.4,62.8,5.4,In Progress,Beginner,44.85714286,0,Mar
L007039,U119,19-08-2025,SQL,Certification,5.5,99.2,16.7,In Progress,Beginner,18.03636364,0,Aug
L007040,U129,10-04-2025,SQL,Project,3.6,99.4,54.1,Dropped,Advanced,27.61111111,0,Apr
L007041,U128,22-02-2025,SQL,Self Learning,5.6,72.2,90.7,In Progress,Beginner,12.89285714,0,Feb
L007042,U025,11-08-2025,Communication,Self Learning,0,0,0,Not Started,Advanced,0,0,Aug
L007043,U091,25-10-2025,Machine Learning,Certification,4.7,83.4,30,Dropped,Advanced,17.74468085,0,Oct
L007044,U065,01-12-2025,Cloud,Workshop,1.3,91.1,84.4,In Progress,Intermediate,70.07692308,0,Dec
L007045,U137,24-05-2025,ServiceNow,Project,2.8,81.5,60.2,In Progress,Intermediate,29.10714286,0,May
L007046,U005,04-08-2025,ServiceNow,Online Course,4.4,66.9,100,Completed,Beginner,15.20454545,1,Aug
L007047,U017,21-11-2025,Communication,Project,0,0,0,Not Started,Intermediate,0,0,Nov
L007048,U038,04-11-2025,Excel,Certification,0.8,42.4,94.7,In Progress,Beginner,53,0,Nov
L007049,U114,17-01-2025,Communication,Online Course,2,92.4,100,Completed,Intermediate,46.2,1,Jan
L007050,U032,05-10-2025,SQL,Online Course,2,54.1,27.4,In Progress,Beginner,27.05,0,Oct
L007051,U151,13-07-2025,Java,Online Course,5.3,79,100,Completed,Intermediate,14.90566038,1,Jul
L007052,U036,15-05-2025,Data Analytics,Project,2.6,88.7,100,Completed,Intermediate,34.11538462,1,May
L007053,U108,07-07-2025,Java,Workshop,1.9,73.4,31.4,In Progress,Intermediate,38.63157895,0,Jul
L007054,U090,26-02-2025,Power BI,Online Course,0.8,90.2,61.8,Dropped,Intermediate,112.75,0,Feb
L007055,U088,11-03-2025,Excel,Online Course,0,0,0,Not Started,Advanced,0,0,Mar
L007056,U109,12-07-2025,Python,Online Course,2,80.5,85.2,In Progress,Intermediate,40.25,0,Jul
L007057,U013,13-12-2025,Communication,Self Learning,1,79.6,47.8,Dropped,Advanced,79.6,0,Dec
L007058,U159,26-11-2025,Cloud,Certification,0.9,80,100,Completed,Beginner,88.88888889,1,Nov
L007059,U099,14-11-2025,Power BI,Certification,3.7,68,96.1,In Progress,Advanced,18.37837838,0,Nov
L007060,U055,27-05-2025,SQL,Certification,4.2,70.1,53.6,Dropped,Intermediate,16.69047619,0,May
L007061,U093,15-08-2025,Machine Learning,Workshop,0,0,0,Not Started,Advanced,0,0,Aug
L007062,U102,23-06-2025,ServiceNow,Project,2.1,85.3,100,Completed,Advanced,40.61904762,1,Jun
L007063,U009,29-12-2025,Power BI,Self Learning,0.7,84.7,100,Completed,Advanced,121,1,Dec
L007064,U188,09-03-2025,ServiceNow,Certification,0,0,0,Not Started,Advanced,0,0,Mar
L007065,U144,08-07-2025,Communication,Self Learning,4.5,98,100,Completed,Beginner,21.77777778,1,Jul
L007066,U168,11-12-2025,Cloud,Online Course,3,61.1,63.8,In Progress,Intermediate,20.36666667,0,Dec
L007067,U115,11-07-2025,Communication,Workshop,3.7,71.9,100,Completed,Intermediate,19.43243243,1,Jul
L007068,U004,17-03-2025,Machine Learning,Online Course,3.1,88.2,23,In Progress,Advanced,28.4516129,0,Mar
L007069,U052,06-07-2025,Machine Learning,Online Course,0.8,98.5,100,Completed,Advanced,123.125,1,Jul
L007070,U095,02-06-2025,Communication,Online Course,1.6,78,100,Completed,Beginner,48.75,1,Jun
L007071,U120,09-06-2025,Communication,Self Learning,5.5,73.5,100,Completed,Intermediate,13.36363636,1,Jun
L007072,U152,29-07-2025,Java,Project,6,53,89.6,In Progress,Intermediate,8.833333333,0,Jul
L007073,U162,01-04-2025,Python,Certification,5.6,83.7,59.2,In Progress,Advanced,14.94642857,0,Apr
L007074,U022,08-05-2025,Power BI,Online Course,3.3,62.4,44.8,In Progress,Intermediate,18.90909091,0,May
L007075,U079,01-04-2025,Python,Certification,4.1,78.8,100,Completed,Intermediate,19.2195122,1,Apr
L007076,U149,27-11-2025,Excel,Workshop,1.7,77,58.7,In Progress,Beginner,45.29411765,0,Nov
L007077,U001,03-01-2025,Data Analytics,Online Course,1,98.5,100,Completed,Beginner,98.5,1,Jan
L007078,U180,02-03-2025,Communication,Self Learning,5.6,91.1,100,Completed,Beginner,16.26785714,1,Mar
L007079,U115,05-02-2025,Power BI,Self Learning,3.3,65.7,50.6,In Progress,Advanced,19.90909091,0,Feb
L007080,U094,01-05-2025,Data Analytics,Certification,1.3,95.2,100,Completed,Beginner,73.23076923,1,May
L007081,U068,16-07-2025,Cloud,Self Learning,5.4,43.7,9.7,In Progress,Advanced,8.092592593,0,Jul
L007082,U182,08-03-2025,ServiceNow,Self Learning,4.9,84,100,Completed,Intermediate,17.14285714,1,Mar
L007083,U019,28-06-2025,Data Analytics,Certification,2.8,86.7,100,Completed,Beginner,30.96428571,1,Jun
L007084,U192,03-11-2025,Machine Learning,Certification,3.4,88.2,100,Completed,Intermediate,25.94117647,1,Nov
L007085,U062,03-02-2025,Communication,Self Learning,2.4,91.8,100,Completed,Advanced,38.25,1,Feb
L007086,U066,02-11-2025,Communication,Online Course,5,81.1,100,Completed,Advanced,16.22,1,Nov
L007087,U141,03-09-2025,Excel,Certification,0,0,0,Not Started,Advanced,0,0,Sep
L007088,U054,25-04-2025,Communication,Workshop,1.4,84.8,100,Completed,Advanced,60.57142857,1,Apr
L007089,U084,24-07-2025,Cloud,Self Learning,5,79.2,28.6,Dropped,Intermediate,15.84,0,Jul
L007090,U038,26-09-2025,Communication,Workshop,3.4,97.6,100,Completed,Beginner,28.70588235,1,Sep
L007091,U001,07-12-2025,Java,Online Course,3,82.7,100,Completed,Intermediate,27.56666667,1,Dec
L007092,U112,25-07-2025,Communication,Certification,3.5,75.3,100,Completed,Advanced,21.51428571,1,Jul
L007093,U039,02-03-2025,Cloud,Certification,1.7,66.5,48.4,In Progress,Beginner,39.11764706,0,Mar
L007094,U122,03-07-2025,Excel,Certification,2.4,49.7,60.7,In Progress,Intermediate,20.70833333,0,Jul
L007095,U179,10-01-2025,Machine Learning,Workshop,1.6,73,100,Completed,Advanced,45.625,1,Jan
L007096,U108,08-07-2025,Power BI,Project,4.5,86.6,15.4,In Progress,Beginner,19.24444444,0,Jul
L007097,U041,28-11-2025,ServiceNow,Project,3,59.9,48,In Progress,Beginner,19.96666667,0,Nov
L007098,U001,18-11-2025,Python,Project,4.8,90.4,17.1,In Progress,Beginner,18.83333333,0,Nov
L007099,U037,30-09-2025,Communication,Project,4.3,55,96.4,In Progress,Beginner,12.79069767,0,Sep
L007100,U149,30-08-2025,ServiceNow,Certification,4.9,68.9,44.6,In Progress,Intermediate,14.06122449,0,Aug
L007101,U143,16-12-2025,Cloud,Project,0,0,0,Not Started,Beginner,0,0,Dec
L007102,U150,08-09-2025,Cloud,Workshop,1.5,69.6,100,Completed,Intermediate,46.4,1,Sep
L007103,U005,13-08-2025,Power BI,Online Course,0,0,0,Not Started,Beginner,0,0,Aug
L007104,U178,27-04-2025,Python,Online Course,1.1,85.4,100,Completed,Beginner,77.63636364,1,Apr
L007105,U072,01-05-2025,Power BI,Self Learning,2.4,81.2,6.2,In Progress,Beginner,33.83333333,0,May
L007106,U104,20-11-2025,Python,Project,2.9,92,28.2,In Progress,Advanced,31.72413793,0,Nov
L007107,U120,28-03-2025,Power BI,Self Learning,1.7,74.3,79.3,In Progress,Beginner,43.70588235,0,Mar
L007108,U044,30-09-2025,ServiceNow,Online Course,5.1,98.3,11.9,In Progress,Intermediate,19.2745098,0,Sep
L007109,U156,17-08-2025,Communication,Certification,3.1,83.6,100,Completed,Intermediate,26.96774194,1,Aug
L007110,U046,02-11-2025,Python,Certification,1.8,69.7,100,Completed,Advanced,38.72222222,1,Nov
L007111,U154,09-03-2025,Excel,Workshop,3.2,93,96.5,In Progress,Advanced,29.0625,0,Mar
L007112,U122,09-10-2025,ServiceNow,Project,2.2,40.6,55.6,In Progress,Intermediate,18.45454545,0,Oct
L007113,U082,26-07-2025,Cloud,Workshop,3,65.6,41.7,Dropped,Beginner,21.86666667,0,Jul
L007114,U062,06-01-2025,Machine Learning,Certification,4.1,80.9,100,Completed,Advanced,19.73170732,1,Jan
L007115,U173,01-11-2025,Power BI,Certification,1.4,69.8,59.5,In Progress,Intermediate,49.85714286,0,Nov
L007116,U090,11-04-2025,Machine Learning,Project,0.9,92.8,100,Completed,Advanced,103.1111111,1,Apr
L007117,U151,11-02-2025,Data Analytics,Self Learning,2,50.7,42.6,In Progress,Advanced,25.35,0,Feb
L007118,U142,12-12-2025,Python,Online Course,3.5,50,98.2,In Progress,Beginner,14.28571429,0,Dec
L007119,U060,25-01-2025,Python,Workshop,0.7,40.8,49.9,In Progress,Beginner,58.28571429,0,Jan
L007120,U188,26-03-2025,Excel,Workshop,3.2,91.4,72,In Progress,Advanced,28.5625,0,Mar
L007121,U052,20-02-2025,Machine Learning,Project,4.5,54.5,26.3,In Progress,Beginner,12.11111111,0,Feb
L007122,U130,17-12-2025,Machine Learning,Workshop,1.9,74,58.9,In Progress,Advanced,38.94736842,0,Dec
L007123,U126,20-04-2025,Java,Online Course,2,57.8,26.1,In Progress,Intermediate,28.9,0,Apr
L007124,U109,21-09-2025,Communication,Workshop,4.9,93.5,83.8,In Progress,Advanced,19.08163265,0,Sep
L007125,U136,22-01-2025,Java,Self Learning,5.1,98.9,80.2,In Progress,Beginner,19.39215686,0,Jan
L007126,U175,27-10-2025,Data Analytics,Certification,3.2,49.7,39.9,In Progress,Beginner,15.53125,0,Oct
L007127,U036,27-03-2025,Cloud,Self Learning,5.4,80.1,64.2,In Progress,Intermediate,14.83333333,0,Mar
L007128,U136,16-08-2025,Cloud,Self Learning,4.1,92,100,Completed,Intermediate,22.43902439,1,Aug
L007129,U053,22-02-2025,Machine Learning,Workshop,0.5,80.1,100,Completed,Advanced,160.2,1,Feb
L007130,U144,03-01-2025,ServiceNow,Project,4.4,76.7,100,Completed,Intermediate,17.43181818,1,Jan
L007131,U104,20-04-2025,Excel,Online Course,4.6,72.3,14.4,In Progress,Intermediate,15.7173913,0,Apr
L007132,U044,21-11-2025,Java,Online Course,1.7,40.1,41.4,In Progress,Intermediate,23.58823529,0,Nov
L007133,U091,13-02-2025,Cloud,Certification,3,66.3,100,Completed,Beginner,22.1,1,Feb
L007134,U037,04-02-2025,SQL,Online Course,1.7,68,3.4,In Progress,Intermediate,40,0,Feb
L007135,U194,07-03-2025,Communication,Workshop,4.3,99.2,100,Completed,Advanced,23.06976744,1,Mar
L007136,U131,17-03-2025,Java,Online Course,4.9,73.6,91.1,In Progress,Intermediate,15.02040816,0,Mar
L007137,U098,10-08-2025,Power BI,Certification,2.5,96.8,100,Completed,Advanced,38.72,1,Aug
L007138,U127,08-12-2025,Cloud,Self Learning,5.8,79.8,88.4,In Progress,Advanced,13.75862069,0,Dec
L007139,U079,25-06-2025,Cloud,Project,2.9,71.2,60.5,In Progress,Intermediate,24.55172414,0,Jun
L007140,U057,22-05-2025,ServiceNow,Online Course,4.1,61.4,30.7,In Progress,Intermediate,14.97560976,0,May
L007141,U124,23-01-2025,Data Analytics,Self Learning,1,85.4,100,Completed,Advanced,85.4,1,Jan
L007142,U013,03-08-2025,Python,Project,1.5,75.7,100,Completed,Intermediate,50.46666667,1,Aug
L007143,U018,08-11-2025,Python,Online Course,2.6,44.2,2.6,In Progress,Advanced,17,0,Nov
L007144,U147,01-09-2025,Machine Learning,Online Course,3.2,80.1,100,Completed,Advanced,25.03125,1,Sep
L007145,U005,04-08-2025,Excel,Online Course,5.5,63.6,95.2,In Progress,Advanced,11.56363636,0,Aug
L007146,U167,22-08-2025,SQL,Project,1.4,90.1,98.6,In Progress,Beginner,64.35714286,0,Aug
L007147,U068,03-07-2025,Communication,Online Course,2.7,54.7,32.1,In Progress,Beginner,20.25925926,0,Jul
L007148,U003,16-10-2025,Cloud,Project,0,0,0,Not Started,Intermediate,0,0,Oct
L007149,U175,18-10-2025,SQL,Project,2.4,67.5,100,Completed,Intermediate,28.125,1,Oct
L007150,U079,10-10-2025,Communication,Online Course,4.6,46.3,30.2,In Progress,Advanced,10.06521739,0,Oct
L007151,U048,09-05-2025,ServiceNow,Project,2.5,74.9,0.1,In Progress,Intermediate,29.96,0,May
L007152,U050,11-08-2025,Python,Online Course,6,61.7,49.9,Dropped,Intermediate,10.28333333,0,Aug
L007153,U170,05-07-2025,Python,Workshop,4.7,70,100,Completed,Intermediate,14.89361702,1,Jul
L007154,U157,24-08-2025,Machine Learning,Self Learning,1.2,55.9,42.9,Dropped,Beginner,46.58333333,0,Aug
L007155,U093,03-04-2025,Python,Workshop,1.8,91.2,100,Completed,Advanced,50.66666667,1,Apr
L007156,U194,25-08-2025,Java,Workshop,4.8,75,100,Completed,Advanced,15.625,1,Aug
L007157,U007,19-07-2025,Power BI,Certification,4.5,99.6,55.9,Dropped,Beginner,22.13333333,0,Jul
L007158,U069,29-08-2025,Communication,Self Learning,0,0,0,Not Started,Advanced,0,0,Aug
L007159,U060,26-06-2025,Cloud,Self Learning,0,0,0,Not Started,Advanced,0,0,Jun
L007160,U017,21-04-2025,Excel,Certification,5.6,46.9,15.2,In Progress,Advanced,8.375,0,Apr
L007161,U113,15-08-2025,Data Analytics,Workshop,2.5,93.3,34.5,Dropped,Beginner,37.32,0,Aug
L007162,U101,02-03-2025,Python,Online Course,2.8,69.4,1.5,In Progress,Intermediate,24.78571429,0,Mar
L007163,U140,27-09-2025,Communication,Online Course,2.1,53.9,24.7,Dropped,Intermediate,25.66666667,0,Sep
L007164,U074,26-12-2025,Python,Workshop,5.5,74.3,100,Completed,Advanced,13.50909091,1,Dec
L007165,U098,30-04-2025,Data Analytics,Self Learning,4.8,57.6,44.9,In Progress,Advanced,12,0,Apr
L007166,U172,04-01-2025,Data Analytics,Online Course,1.6,68.4,100,Completed,Intermediate,42.75,1,Jan
L007167,U084,29-07-2025,SQL,Online Course,2.1,65.9,53,In Progress,Beginner,31.38095238,0,Jul
L007168,U070,24-04-2025,SQL,Online Course,0,0,0,Not Started,Advanced,0,0,Apr
L007169,U172,06-04-2025,Power BI,Online Course,3.6,71.1,100,Completed,Intermediate,19.75,1,Apr
L007170,U060,08-01-2025,Cloud,Project,2.5,73.1,83.7,In Progress,Advanced,29.24,0,Jan
L007171,U034,30-08-2025,Java,Project,0.5,87.4,20.1,Dropped,Beginner,174.8,0,Aug
L007172,U140,13-10-2025,Python,Workshop,5.7,82.3,100,Completed,Intermediate,14.43859649,1,Oct
L007173,U092,25-09-2025,Power BI,Workshop,5.1,50,10.6,In Progress,Beginner,9.803921569,0,Sep
L007174,U012,13-02-2025,Machine Learning,Self Learning,2.3,65.7,15.6,In Progress,Intermediate,28.56521739,0,Feb
L007175,U054,10-01-2025,Machine Learning,Online Course,0.9,53.3,95.1,In Progress,Advanced,59.22222222,0,Jan
L007176,U136,17-09-2025,Python,Self Learning,3.4,99.5,20.7,In Progress,Advanced,29.26470588,0,Sep
L007177,U015,27-12-2025,Power BI,Self Learning,0.8,90,36.5,Dropped,Beginner,112.5,0,Dec
L007178,U098,07-03-2025,Communication,Workshop,5.3,63.1,65.4,In Progress,Advanced,11.90566038,0,Mar
L007179,U011,24-04-2025,Java,Online Course,0,0,0,Not Started,Beginner,0,0,Apr
L007180,U123,14-04-2025,SQL,Project,1.3,55.4,95.9,In Progress,Intermediate,42.61538462,0,Apr
L007181,U097,24-02-2025,Power BI,Certification,3.3,89,78.7,In Progress,Intermediate,26.96969697,0,Feb
L007182,U105,28-01-2025,SQL,Project,3.5,80.6,42.9,In Progress,Intermediate,23.02857143,0,Jan
L007183,U148,02-04-2025,Power BI,Project,3,73.1,100,Completed,Intermediate,24.36666667,1,Apr
L007184,U071,02-09-2025,Python,Self Learning,4.3,96,51.7,In Progress,Advanced,22.3255814,0,Sep
L007185,U011,20-01-2025,Java,Online Course,5.9,49.3,51,In Progress,Intermediate,8.355932203,0,Jan
L007186,U063,09-12-2025,Cloud,Project,0,0,0,Not Started,Beginner,0,0,Dec
L007187,U171,04-06-2025,ServiceNow,Self Learning,1.9,76.3,35.2,In Progress,Advanced,40.15789474,0,Jun
L007188,U064,28-05-2025,Data Analytics,Project,3.5,43.9,16.1,Dropped,Beginner,12.54285714,0,May
L007189,U092,23-04-2025,Excel,Workshop,3.2,78,100,Completed,Advanced,24.375,1,Apr
L007190,U053,28-07-2025,SQL,Certification,6,73.8,33.2,In Progress,Intermediate,12.3,0,Jul
L007191,U179,29-09-2025,Data Analytics,Self Learning,1.9,92.1,100,Completed,Intermediate,48.47368421,1,Sep
L007192,U006,18-05-2025,Python,Self Learning,4.8,88.5,50.1,In Progress,Advanced,18.4375,0,May
L007193,U176,27-11-2025,Communication,Project,0,0,0,Not Started,Beginner,0,0,Nov
L007194,U053,14-01-2025,SQL,Project,0,0,0,Not Started,Intermediate,0,0,Jan
L007195,U042,17-08-2025,SQL,Online Course,3.2,83.1,58.8,Dropped,Beginner,25.96875,0,Aug
L007196,U108,30-07-2025,SQL,Self Learning,0,0,0,Not Started,Advanced,0,0,Jul
L007197,U124,09-07-2025,Excel,Certification,2.5,98.8,23.5,Dropped,Beginner,39.52,0,Jul
L007198,U157,12-09-2025,SQL,Self Learning,2.6,84.7,100,Completed,Beginner,32.57692308,1,Sep
L007199,U196,26-12-2025,Power BI,Project,0,0,0,Not Started,Advanced,0,0,Dec
L007200,U113,08-05-2025,Machine Learning,Workshop,3.4,55.4,85.9,In Progress,Intermediate,16.29411765,0,May
L007201,U003,12-11-2025,Cloud,Online Course,1,97,100,Completed,Advanced,97,1,Nov
L007202,U136,03-03-2025,Machine Learning,Project,5.7,80.4,100,Completed,Beginner,14.10526316,1,Mar
L007203,U047,19-03-2025,Machine Learning,Project,1,92,100,Completed,Beginner,92,1,Mar
L007204,U058,16-02-2025,Python,Certification,3.4,86.6,100,Completed,Intermediate,25.47058824,1,Feb
L007205,U044,13-06-2025,ServiceNow,Project,2.4,75.6,100,Completed,Advanced,31.5,1,Jun
L007206,U153,01-09-2025,Java,Online Course,3.8,56.8,63.7,In Progress,Advanced,14.94736842,0,Sep
L007207,U068,30-07-2025,Machine Learning,Self Learning,0.5,69.7,87.9,In Progress,Advanced,139.4,0,Jul
L007208,U158,07-12-2025,Communication,Self Learning,2.5,73.3,100,Completed,Advanced,29.32,1,Dec
L007209,U035,14-03-2025,Machine Learning,Self Learning,2.1,87.4,100,Completed,Advanced,41.61904762,1,Mar
L007210,U085,11-04-2025,SQL,Project,2,68.4,68.8,Dropped,Advanced,34.2,0,Apr
L007211,U075,19-12-2025,ServiceNow,Online Course,5.4,90.6,55.6,In Progress,Advanced,16.77777778,0,Dec
L007212,U065,30-06-2025,Communication,Certification,4.3,79,100,Completed,Beginner,18.37209302,1,Jun
L007213,U062,10-06-2025,ServiceNow,Workshop,1.2,41.9,29.8,Dropped,Advanced,34.91666667,0,Jun
L007214,U129,17-07-2025,Python,Workshop,2,97.7,5.7,In Progress,Advanced,48.85,0,Jul
L007215,U175,13-11-2025,Machine Learning,Online Course,1,93.4,100,Completed,Intermediate,93.4,1,Nov
L007216,U200,12-03-2025,Communication,Certification,0,0,0,Not Started,Intermediate,0,0,Mar
L007217,U177,28-10-2025,ServiceNow,Workshop,0.8,78.1,27.7,In Progress,Beginner,97.625,0,Oct
L007218,U114,15-08-2025,Machine Learning,Project,1.6,72.8,93.5,In Progress,Beginner,45.5,0,Aug
L007219,U091,14-03-2025,Python,Workshop,4.3,95.3,27.8,In Progress,Advanced,22.1627907,0,Mar
L007220,U194,16-03-2025,Communication,Online Course,0,0,0,Not Started,Intermediate,0,0,Mar
L007221,U009,05-10-2025,Excel,Certification,4,97.9,100,Completed,Beginner,24.475,1,Oct
L007222,U162,09-11-2025,Data Analytics,Workshop,1.3,95.2,100,Completed,Beginner,73.23076923,1,Nov
L007223,U046,15-05-2025,Communication,Certification,0.7,61.3,91.5,In Progress,Advanced,87.57142857,0,May
L007224,U155,17-07-2025,Cloud,Certification,1.2,61.7,34,Dropped,Beginner,51.41666667,0,Jul
L007225,U036,01-12-2025,Machine Learning,Project,5.6,66.6,100,Completed,Advanced,11.89285714,1,Dec
L007226,U194,21-09-2025,Excel,Online Course,1.3,93.5,11.1,In Progress,Intermediate,71.92307692,0,Sep
L007227,U199,01-11-2025,Python,Certification,3.8,88.5,100,Completed,Advanced,23.28947368,1,Nov
L007228,U018,06-05-2025,ServiceNow,Online Course,5.4,78.2,55.2,In Progress,Advanced,14.48148148,0,May
L007229,U032,15-05-2025,Excel,Workshop,3.2,46.8,72.4,In Progress,Intermediate,14.625,0,May
L007230,U142,17-02-2025,Power BI,Self Learning,1,80.1,61,In Progress,Beginner,80.1,0,Feb
L007231,U130,03-02-2025,SQL,Self Learning,0.7,98.4,100,Completed,Intermediate,140.5714286,1,Feb
L007232,U172,12-07-2025,Data Analytics,Workshop,5,53.8,35.3,In Progress,Advanced,10.76,0,Jul
L007233,U002,26-12-2025,ServiceNow,Workshop,1.3,70.5,100,Completed,Advanced,54.23076923,1,Dec
L007234,U138,31-12-2025,Power BI,Workshop,2.2,95.9,100,Completed,Advanced,43.59090909,1,Dec
L007235,U019,15-01-2025,Excel,Certification,1.7,57.2,87.6,In Progress,Intermediate,33.64705882,0,Jan
L007236,U096,11-09-2025,Python,Project,2.4,77.6,98.8,In Progress,Advanced,32.33333333,0,Sep
L007237,U070,23-08-2025,Communication,Self Learning,5.7,63.9,94.7,In Progress,Beginner,11.21052632,0,Aug
L007238,U027,25-11-2025,SQL,Online Course,0.7,60.7,71.8,In Progress,Intermediate,86.71428571,0,Nov
L007239,U137,05-03-2025,Excel,Project,1.7,59.5,47.2,In Progress,Intermediate,35,0,Mar
L007240,U021,24-06-2025,Java,Online Course,3.5,90.4,100,Completed,Intermediate,25.82857143,1,Jun
L007241,U102,29-11-2025,Communication,Certification,1.3,81.4,14,In Progress,Advanced,62.61538462,0,Nov
L007242,U187,28-08-2025,Machine Learning,Project,1.8,41.5,55.2,In Progress,Beginner,23.05555556,0,Aug
L007243,U080,24-03-2025,Java,Online Course,2.1,58,17.4,Dropped,Intermediate,27.61904762,0,Mar
L007244,U009,15-02-2025,Cloud,Online Course,1,90.5,5.4,In Progress,Advanced,90.5,0,Feb
L007245,U147,02-06-2025,Python,Certification,1.3,96.5,44.5,In Progress,Advanced,74.23076923,0,Jun
L007246,U116,25-01-2025,ServiceNow,Project,3.2,44.9,29.8,In Progress,Advanced,14.03125,0,Jan
L007247,U143,11-11-2025,Power BI,Online Course,0,0,0,Not Started,Intermediate,0,0,Nov
L007248,U162,22-09-2025,Cloud,Self Learning,5.1,68.6,39.4,Dropped,Intermediate,13.45098039,0,Sep
L007249,U045,03-01-2025,Java,Self Learning,0.8,54.4,50.7,In Progress,Advanced,68,0,Jan
L007250,U101,15-05-2025,SQL,Certification,5.8,71.7,17.5,In Progress,Intermediate,12.36206897,0,May
L007251,U036,22-04-2025,SQL,Project,5.8,76.6,98.4,In Progress,Beginner,13.20689655,0,Apr
L007252,U192,05-01-2025,Java,Self Learning,3.7,57.7,73.5,In Progress,Advanced,15.59459459,0,Jan
L007253,U193,30-06-2025,Java,Online Course,1.7,79.6,100,Completed,Advanced,46.82352941,1,Jun
L007254,U100,30-09-2025,Java,Self Learning,2.5,87.4,17.4,In Progress,Advanced,34.96,0,Sep
L007255,U098,12-08-2025,Python,Self Learning,5.7,88.4,19.1,In Progress,Advanced,15.50877193,0,Aug
L007256,U128,25-03-2025,Python,Project,3.8,69.1,91.5,In Progress,Advanced,18.18421053,0,Mar
L007257,U011,31-08-2025,Communication,Online Course,1.3,70.3,100,Completed,Beginner,54.07692308,1,Aug
L007258,U051,13-06-2025,ServiceNow,Project,5,74.3,100,Completed,Advanced,14.86,1,Jun
L007259,U046,27-10-2025,Python,Certification,0,0,0,Not Started,Intermediate,0,0,Oct
L007260,U199,05-05-2025,Data Analytics,Project,3.6,54.5,85.2,In Progress,Beginner,15.13888889,0,May
L007261,U175,21-10-2025,SQL,Project,0,0,0,Not Started,Intermediate,0,0,Oct
L007262,U072,01-12-2025,Power BI,Self Learning,4.4,82.8,85,In Progress,Advanced,18.81818182,0,Dec
L007263,U137,08-08-2025,Python,Online Course,3.8,91.8,28.8,Dropped,Advanced,24.15789474,0,Aug
L007264,U076,17-06-2025,Cloud,Workshop,3.7,61.7,5.1,In Progress,Beginner,16.67567568,0,Jun
L007265,U068,28-10-2025,Python,Self Learning,4.1,43.3,36.1,In Progress,Advanced,10.56097561,0,Oct
L007266,U100,02-10-2025,ServiceNow,Self Learning,4.9,42.4,3.5,In Progress,Intermediate,8.653061224,0,Oct
L007267,U173,15-10-2025,Python,Online Course,2.8,76.9,100,Completed,Beginner,27.46428571,1,Oct
L007268,U069,14-10-2025,Communication,Certification,0,0,0,Not Started,Intermediate,0,0,Oct
L007269,U078,10-03-2025,Cloud,Project,4.9,93,100,Completed,Advanced,18.97959184,1,Mar
L007270,U025,05-04-2025,Python,Workshop,1.3,40.8,40.7,Dropped,Beginner,31.38461538,0,Apr
L007271,U128,30-04-2025,Machine Learning,Workshop,2.5,99.5,100,Completed,Beginner,39.8,1,Apr
L007272,U131,12-11-2025,Data Analytics,Workshop,2,90.3,67.6,In Progress,Intermediate,45.15,0,Nov
L007273,U113,25-03-2025,Java,Workshop,5.2,96,100,Completed,Intermediate,18.46153846,1,Mar
L007274,U153,15-02-2025,ServiceNow,Workshop,4.7,58,67.3,In Progress,Advanced,12.34042553,0,Feb
L007275,U194,14-09-2025,Data Analytics,Workshop,2,70.4,39.9,In Progress,Advanced,35.2,0,Sep
L007276,U137,16-06-2025,Java,Certification,1.8,82.1,100,Completed,Intermediate,45.61111111,1,Jun
L007277,U154,03-04-2025,SQL,Workshop,0,0,0,Not Started,Advanced,0,0,Apr
L007278,U175,12-01-2025,Power BI,Certification,5.1,76.4,100,Completed,Advanced,14.98039216,1,Jan
L007279,U153,27-07-2025,Cloud,Self Learning,5.5,87.8,100,Completed,Advanced,15.96363636,1,Jul
L007280,U066,03-06-2025,Machine Learning,Self Learning,0,0,0,Not Started,Beginner,0,0,Jun
L007281,U124,04-04-2025,Communication,Certification,4.9,71.3,100,Completed,Advanced,14.55102041,1,Apr
L007282,U038,04-11-2025,Power BI,Online Course,5.6,58.3,52.9,Dropped,Beginner,10.41071429,0,Nov
L007283,U189,20-10-2025,Machine Learning,Workshop,3,81.9,100,Completed,Advanced,27.3,1,Oct
L007284,U189,26-08-2025,SQL,Project,5.3,87.2,100,Completed,Advanced,16.45283019,1,Aug
L007285,U062,27-02-2025,Machine Learning,Project,2.7,56.3,77.3,In Progress,Intermediate,20.85185185,0,Feb
L007286,U185,17-05-2025,Python,Project,2.6,79.2,21.3,In Progress,Advanced,30.46153846,0,May
L007287,U113,07-09-2025,Excel,Certification,2.7,80.5,2.9,In Progress,Advanced,29.81481481,0,Sep
L007288,U081,02-08-2025,ServiceNow,Online Course,2.2,95.1,60,Dropped,Advanced,43.22727273,0,Aug
L007289,U085,17-02-2025,ServiceNow,Certification,5.3,67.6,49.9,In Progress,Advanced,12.75471698,0,Feb
L007290,U010,12-04-2025,ServiceNow,Self Learning,0.7,66.1,100,Completed,Intermediate,94.42857143,1,Apr
L007291,U135,19-04-2025,Excel,Certification,1.7,55.6,22.4,In Progress,Advanced,32.70588235,0,Apr
L007292,U123,23-05-2025,Python,Self Learning,1.4,89.7,40.9,Dropped,Intermediate,64.07142857,0,May
L007293,U170,17-02-2025,Data Analytics,Self Learning,3.9,90.1,100,Completed,Advanced,23.1025641,1,Feb
L007294,U114,27-04-2025,Java,Self Learning,1,86.2,100,Completed,Advanced,86.2,1,Apr
L007295,U014,13-04-2025,SQL,Online Course,5.4,41.2,35.3,Dropped,Intermediate,7.62962963,0,Apr
L007296,U037,07-06-2025,Machine Learning,Online Course,5.3,65.4,16.8,In Progress,Advanced,12.33962264,0,Jun
L007297,U170,28-06-2025,Python,Self Learning,4.1,83.9,100,Completed,Intermediate,20.46341463,1,Jun
L007298,U039,17-06-2025,Cloud,Certification,0,0,0,Not Started,Beginner,0,0,Jun
L007299,U046,10-10-2025,Java,Self Learning,5.4,85.9,100,Completed,Intermediate,15.90740741,1,Oct
L007300,U100,02-08-2025,Power BI,Online Course,3.6,87.3,100,Completed,Advanced,24.25,1,Aug
L007301,U027,29-04-2025,Excel,Certification,5.1,99.5,68.7,In Progress,Intermediate,19.50980392,0,Apr
L007302,U082,23-04-2025,SQL,Online Course,1.7,86.5,100,Completed,Advanced,50.88235294,1,Apr
L007303,U150,29-07-2025,Communication,Self Learning,0,0,0,Not Started,Intermediate,0,0,Jul
L007304,U073,09-08-2025,Cloud,Certification,3.6,66.9,20,In Progress,Advanced,18.58333333,0,Aug
L007305,U034,09-08-2025,Communication,Certification,4.3,85.8,100,Completed,Advanced,19.95348837,1,Aug
L007306,U035,16-12-2025,Power BI,Self Learning,2.6,59,62.8,In Progress,Intermediate,22.69230769,0,Dec
L007307,U067,13-03-2025,Java,Project,1.2,88.8,76.7,In Progress,Advanced,74,0,Mar
L007308,U198,27-04-2025,Machine Learning,Online Course,3.2,73.3,100,Completed,Advanced,22.90625,1,Apr
L007309,U151,29-07-2025,Communication,Online Course,0,0,0,Not Started,Beginner,0,0,Jul
L007310,U049,03-08-2025,Data Analytics,Certification,1,83.2,100,Completed,Advanced,83.2,1,Aug
L007311,U055,14-08-2025,Communication,Workshop,5.3,75.7,80.4,In Progress,Beginner,14.28301887,0,Aug
L007312,U051,22-11-2025,Machine Learning,Self Learning,4,91.5,43.3,Dropped,Advanced,22.875,0,Nov
L007313,U120,28-02-2025,ServiceNow,Workshop,2.7,83,87.4,In Progress,Advanced,30.74074074,0,Feb
L007314,U026,05-06-2025,Communication,Self Learning,5.2,51.2,38.5,Dropped,Intermediate,9.846153846,0,Jun
L007315,U085,20-05-2025,Communication,Online Course,2.4,51.5,36.4,In Progress,Beginner,21.45833333,0,May
L007316,U139,24-09-2025,Python,Project,3.2,46.1,83.3,In Progress,Intermediate,14.40625,0,Sep
L007317,U149,13-05-2025,Communication,Project,5.9,92.5,100,Completed,Beginner,15.6779661,1,May
L007318,U183,02-10-2025,Cloud,Workshop,1.4,64.9,29.1,In Progress,Intermediate,46.35714286,0,Oct
L007319,U081,22-08-2025,SQL,Online Course,5.2,97.5,100,Completed,Intermediate,18.75,1,Aug
L007320,U100,08-01-2025,Cloud,Certification,4.2,67.5,49,In Progress,Advanced,16.07142857,0,Jan
L007321,U011,23-12-2025,Python,Self Learning,4.1,46.7,49.6,Dropped,Advanced,11.3902439,0,Dec
L007322,U024,05-12-2025,SQL,Project,5.8,70.5,100,Completed,Advanced,12.15517241,1,Dec
L007323,U059,09-09-2025,Communication,Project,4.4,79.2,100,Completed,Advanced,18,1,Sep
L007324,U166,07-10-2025,Data Analytics,Project,2.1,81.8,100,Completed,Advanced,38.95238095,1,Oct
L007325,U132,30-03-2025,Power BI,Project,0.8,43.9,93.9,In Progress,Beginner,54.875,0,Mar
L007326,U116,31-01-2025,Excel,Online Course,0.9,82.5,42.2,In Progress,Beginner,91.66666667,0,Jan
L007327,U013,21-12-2025,Communication,Certification,5.3,56.2,15.6,In Progress,Intermediate,10.60377358,0,Dec
L007328,U150,13-10-2025,Excel,Workshop,4.3,76,48.8,In Progress,Intermediate,17.6744186,0,Oct
L007329,U048,10-05-2025,Cloud,Self Learning,4.4,93.6,100,Completed,Advanced,21.27272727,1,May
L007330,U155,16-05-2025,Java,Workshop,0,0,0,Not Started,Intermediate,0,0,May
L007331,U044,02-12-2025,ServiceNow,Self Learning,1.1,90.8,100,Completed,Advanced,82.54545455,1,Dec
L007332,U181,10-11-2025,SQL,Certification,0,0,0,Not Started,Intermediate,0,0,Nov
L007333,U079,02-09-2025,Python,Online Course,5.8,88.4,89.2,In Progress,Intermediate,15.24137931,0,Sep
L007334,U087,13-01-2025,ServiceNow,Certification,2,75.7,20.5,In Progress,Advanced,37.85,0,Jan
L007335,U146,11-05-2025,Data Analytics,Project,0.7,82.9,100,Completed,Beginner,118.4285714,1,May
L007336,U078,22-04-2025,ServiceNow,Self Learning,0.9,86,9.6,In Progress,Intermediate,95.55555556,0,Apr
L007337,U069,08-03-2025,Power BI,Project,5.6,97.5,99,In Progress,Intermediate,17.41071429,0,Mar
L007338,U082,14-07-2025,Cloud,Self Learning,1,69.1,31.3,In Progress,Beginner,69.1,0,Jul
L007339,U029,27-10-2025,Communication,Workshop,3.8,84.3,100,Completed,Intermediate,22.18421053,1,Oct
L007340,U165,30-06-2025,Cloud,Certification,5.3,66.2,35.9,In Progress,Advanced,12.49056604,0,Jun
L007341,U071,03-01-2025,Machine Learning,Workshop,5.5,81.2,51.6,In Progress,Beginner,14.76363636,0,Jan
L007342,U025,17-09-2025,Cloud,Self Learning,2.3,95.3,8.2,In Progress,Intermediate,41.43478261,0,Sep
L007343,U110,25-06-2025,Cloud,Workshop,2.5,80.7,100,Completed,Intermediate,32.28,1,Jun
L007344,U153,29-04-2025,Communication,Certification,0.8,53.7,1.3,In Progress,Beginner,67.125,0,Apr
L007345,U187,08-04-2025,Python,Project,3.1,86.6,100,Completed,Beginner,27.93548387,1,Apr
L007346,U016,07-09-2025,Cloud,Certification,4.9,94.1,54.1,In Progress,Intermediate,19.20408163,0,Sep
L007347,U170,10-12-2025,Machine Learning,Project,0,0,0,Not Started,Advanced,0,0,Dec
L007348,U185,22-03-2025,ServiceNow,Online Course,5.8,43.2,41.4,In Progress,Beginner,7.448275862,0,Mar
L007349,U028,07-03-2025,Java,Online Course,4.8,73.9,58.3,Dropped,Advanced,15.39583333,0,Mar
L007350,U009,15-01-2025,Excel,Online Course,1,88,100,Completed,Intermediate,88,1,Jan
L007351,U030,30-05-2025,Machine Learning,Online Course,4.2,95.5,77.9,In Progress,Beginner,22.73809524,0,May
L007352,U092,28-09-2025,Communication,Certification,0.9,90.2,100,Completed,Beginner,100.2222222,1,Sep
L007353,U086,23-03-2025,Power BI,Online Course,4.2,89,65.6,In Progress,Intermediate,21.19047619,0,Mar
L007354,U002,20-12-2025,Power BI,Workshop,4.5,94.8,100,Completed,Intermediate,21.06666667,1,Dec
L007355,U123,19-06-2025,Data Analytics,Online Course,5.6,62.6,36.4,In Progress,Beginner,11.17857143,0,Jun
L007356,U195,24-12-2025,ServiceNow,Self Learning,4.4,60.3,50.3,In Progress,Advanced,13.70454545,0,Dec
L007357,U067,26-08-2025,Data Analytics,Self Learning,4.1,65.6,100,Completed,Beginner,16,1,Aug
L007358,U198,23-09-2025,Data Analytics,Self Learning,2.4,99.4,86.2,In Progress,Intermediate,41.41666667,0,Sep
L007359,U065,26-08-2025,SQL,Workshop,5.6,95.1,100,Completed,Advanced,16.98214286,1,Aug
L007360,U076,02-09-2025,SQL,Online Course,0,0,0,Not Started,Intermediate,0,0,Sep
L007361,U157,02-05-2025,Communication,Workshop,1.4,87.4,52.1,In Progress,Beginner,62.42857143,0,May
L007362,U122,15-12-2025,Machine Learning,Project,1,95.3,100,Completed,Beginner,95.3,1,Dec
L007363,U053,02-03-2025,Power BI,Workshop,5.3,72.6,100,Completed,Intermediate,13.69811321,1,Mar
L007364,U150,26-07-2025,Java,Workshop,2.1,41.2,20,In Progress,Beginner,19.61904762,0,Jul
L007365,U112,29-06-2025,Cloud,Online Course,5.4,67.2,40.8,In Progress,Advanced,12.44444444,0,Jun
L007366,U161,26-06-2025,Java,Online Course,1.3,81.2,25.4,In Progress,Intermediate,62.46153846,0,Jun
L007367,U177,28-12-2025,Machine Learning,Workshop,1.9,86.3,77.7,In Progress,Advanced,45.42105263,0,Dec
L007368,U041,10-12-2025,SQL,Self Learning,4.6,92.1,100,Completed,Beginner,20.02173913,1,Dec
L007369,U189,13-06-2025,Data Analytics,Workshop,0.8,74,86.8,In Progress,Intermediate,92.5,0,Jun
L007370,U079,13-08-2025,Data Analytics,Certification,4.3,88.3,45.2,In Progress,Advanced,20.53488372,0,Aug
L007371,U074,12-07-2025,Excel,Certification,4.5,68,33.1,In Progress,Intermediate,15.11111111,0,Jul
L007372,U186,20-02-2025,Communication,Online Course,3.6,70.9,100,Completed,Beginner,19.69444444,1,Feb
L007373,U007,04-05-2025,SQL,Certification,0.7,96.5,100,Completed,Beginner,137.8571429,1,May
L007374,U045,12-11-2025,Communication,Project,2,85.9,21,In Progress,Intermediate,42.95,0,Nov
L007375,U065,17-02-2025,Python,Project,0,0,0,Not Started,Beginner,0,0,Feb
L007376,U132,03-11-2025,Excel,Self Learning,3.3,70.5,38.4,In Progress,Intermediate,21.36363636,0,Nov
L007377,U196,12-04-2025,Communication,Project,0,0,0,Not Started,Intermediate,0,0,Apr
L007378,U200,21-02-2025,Cloud,Workshop,0.8,96,53.3,In Progress,Advanced,120,0,Feb
L007379,U098,29-12-2025,Python,Certification,5.5,75.5,87.6,In Progress,Beginner,13.72727273,0,Dec
L007380,U037,08-09-2025,Java,Self Learning,4.9,98.4,100,Completed,Advanced,20.08163265,1,Sep
L007381,U018,01-10-2025,ServiceNow,Project,1,83.8,48.8,Dropped,Intermediate,83.8,0,Oct
L007382,U164,24-05-2025,Cloud,Workshop,2.7,74.7,100,Completed,Intermediate,27.66666667,1,May
L007383,U181,21-09-2025,Cloud,Project,0.6,94.4,42.2,In Progress,Beginner,157.3333333,0,Sep
L007384,U187,03-01-2025,Excel,Project,5.2,84.1,29.4,In Progress,Advanced,16.17307692,0,Jan
L007385,U006,03-04-2025,Power BI,Online Course,3.2,85,52.1,In Progress,Advanced,26.5625,0,Apr
L007386,U116,07-08-2025,Communication,Self Learning,0,0,0,Not Started,Beginner,0,0,Aug
L007387,U143,13-03-2025,Communication,Self Learning,4.2,59.9,54.2,Dropped,Beginner,14.26190476,0,Mar
L007388,U186,10-04-2025,Data Analytics,Certification,2.1,99.1,20.8,In Progress,Advanced,47.19047619,0,Apr
L007389,U144,05-04-2025,Cloud,Project,4.6,41.9,16.6,Dropped,Advanced,9.108695652,0,Apr
L007390,U189,14-08-2025,Power BI,Certification,3.7,96.2,11.3,In Progress,Advanced,26,0,Aug
L007391,U096,21-11-2025,Java,Self Learning,5.2,43.1,15.5,In Progress,Beginner,8.288461538,0,Nov
L007392,U009,09-11-2025,Excel,Project,1,70.1,100,Completed,Intermediate,70.1,1,Nov
L007393,U099,11-08-2025,Python,Certification,3.7,71.7,100,Completed,Advanced,19.37837838,1,Aug
L007394,U078,24-11-2025,Machine Learning,Self Learning,5.3,64,9.1,In Progress,Advanced,12.0754717,0,Nov
L007395,U194,01-07-2025,ServiceNow,Workshop,6,44.5,71.3,In Progress,Advanced,7.416666667,0,Jul
L007396,U136,02-03-2025,Machine Learning,Project,0,0,0,Not Started,Advanced,0,0,Mar
L007397,U182,31-08-2025,Communication,Project,1,77.6,61,In Progress,Beginner,77.6,0,Aug
L007398,U156,26-10-2025,SQL,Workshop,3,75.6,63.1,Dropped,Beginner,25.2,0,Oct
L007399,U131,11-07-2025,SQL,Self Learning,0,0,0,Not Started,Advanced,0,0,Jul
L007400,U138,29-01-2025,Power BI,Project,1.9,66.1,100,Completed,Intermediate,34.78947368,1,Jan
L007401,U032,15-06-2025,Communication,Certification,0.6,79.3,33,In Progress,Advanced,132.1666667,0,Jun
L007402,U187,11-09-2025,ServiceNow,Project,4.6,88.5,100,Completed,Intermediate,19.23913043,1,Sep
L007403,U183,06-10-2025,Data Analytics,Self Learning,5.4,56.7,18.5,In Progress,Intermediate,10.5,0,Oct
L007404,U026,14-09-2025,Communication,Online Course,0,0,0,Not Started,Intermediate,0,0,Sep
L007405,U091,25-10-2025,ServiceNow,Online Course,0,0,0,Not Started,Advanced,0,0,Oct
L007406,U147,04-03-2025,Machine Learning,Project,2.8,68,100,Completed,Advanced,24.28571429,1,Mar
L007407,U061,28-02-2025,Java,Online Course,1.5,94.4,25.1,In Progress,Intermediate,62.93333333,0,Feb
L007408,U029,23-02-2025,Java,Online Course,4,52.9,65.5,Dropped,Advanced,13.225,0,Feb
L007409,U196,28-07-2025,Excel,Self Learning,5.6,52.1,66.4,In Progress,Intermediate,9.303571429,0,Jul
L007410,U112,04-07-2025,Cloud,Certification,2.6,80,72.7,In Progress,Beginner,30.76923077,0,Jul
L007411,U190,23-11-2025,Communication,Online Course,2.2,73.9,60.8,In Progress,Intermediate,33.59090909,0,Nov
L007412,U167,15-06-2025,Data Analytics,Online Course,1.9,43.1,10.2,In Progress,Advanced,22.68421053,0,Jun
L007413,U162,23-07-2025,Power BI,Workshop,0,0,0,Not Started,Beginner,0,0,Jul
L007414,U059,14-05-2025,Machine Learning,Project,2.6,83.5,100,Completed,Beginner,32.11538462,1,May
L007415,U190,26-07-2025,Excel,Self Learning,0.9,66.9,49.5,In Progress,Intermediate,74.33333333,0,Jul
L007416,U144,12-07-2025,SQL,Project,0.8,69.3,86.1,In Progress,Beginner,86.625,0,Jul
L007417,U189,02-01-2025,Excel,Workshop,0,0,0,Not Started,Intermediate,0,0,Jan
L007418,U135,10-04-2025,Python,Online Course,4.7,44.2,95.4,In Progress,Intermediate,9.404255319,0,Apr
L007419,U119,25-01-2025,ServiceNow,Self Learning,2.4,90.4,100,Completed,Intermediate,37.66666667,1,Jan
L007420,U104,09-12-2025,Python,Certification,0,0,0,Not Started,Beginner,0,0,Dec
L007421,U048,21-10-2025,Machine Learning,Project,0,0,0,Not Started,Intermediate,0,0,Oct
L007422,U198,06-12-2025,Python,Self Learning,1.7,47.3,15.9,In Progress,Intermediate,27.82352941,0,Dec
L007423,U043,06-12-2025,Communication,Project,2,69.5,19.5,In Progress,Advanced,34.75,0,Dec
L007424,U172,17-10-2025,SQL,Self Learning,2,51.9,38.9,In Progress,Advanced,25.95,0,Oct
L007425,U188,05-09-2025,Java,Workshop,0.7,66.6,89.9,In Progress,Advanced,95.14285714,0,Sep
L007426,U133,20-06-2025,Power BI,Online Course,2,80.3,100,Completed,Advanced,40.15,1,Jun
L007427,U082,18-12-2025,Communication,Self Learning,2.7,90.3,34.7,In Progress,Beginner,33.44444444,0,Dec
L007428,U149,19-06-2025,ServiceNow,Self Learning,1.3,96.8,100,Completed,Beginner,74.46153846,1,Jun
L007429,U170,04-08-2025,Power BI,Workshop,5.3,71.8,100,Completed,Advanced,13.54716981,1,Aug
L007430,U103,31-08-2025,Machine Learning,Self Learning,1.8,95.2,24.1,In Progress,Advanced,52.88888889,0,Aug
L007431,U083,24-06-2025,Data Analytics,Online Course,5.5,66.3,100,Completed,Intermediate,12.05454545,1,Jun
L007432,U043,23-04-2025,ServiceNow,Project,1.2,97,100,Completed,Intermediate,80.83333333,1,Apr
L007433,U193,18-06-2025,Excel,Certification,3.4,88.5,100,Completed,Beginner,26.02941176,1,Jun
L007434,U045,08-06-2025,Excel,Online Course,0,0,0,Not Started,Advanced,0,0,Jun
L007435,U095,28-10-2025,ServiceNow,Certification,1.3,84.5,84.8,In Progress,Intermediate,65,0,Oct
L007436,U179,05-09-2025,Java,Workshop,3.5,83,100,Completed,Intermediate,23.71428571,1,Sep
L007437,U196,20-04-2025,ServiceNow,Project,2.6,74.4,36,In Progress,Beginner,28.61538462,0,Apr
L007438,U067,30-12-2025,Data Analytics,Workshop,3.6,70.9,100,Completed,Beginner,19.69444444,1,Dec
L007439,U123,06-10-2025,Machine Learning,Online Course,0.8,44.8,75.2,In Progress,Beginner,56,0,Oct
L007440,U011,25-11-2025,ServiceNow,Self Learning,1.4,55,82.1,In Progress,Beginner,39.28571429,0,Nov
L007441,U027,31-01-2025,Power BI,Online Course,3.3,98.7,76,In Progress,Intermediate,29.90909091,0,Jan
L007442,U137,25-01-2025,Communication,Self Learning,2.5,70.4,57.6,Dropped,Intermediate,28.16,0,Jan
L007443,U092,17-11-2025,Machine Learning,Self Learning,3.3,87.6,100,Completed,Intermediate,26.54545455,1,Nov
L007444,U101,12-06-2025,Communication,Certification,4.3,49.2,64.3,In Progress,Advanced,11.44186047,0,Jun
L007445,U018,11-07-2025,Excel,Certification,1.9,88,100,Completed,Beginner,46.31578947,1,Jul
L007446,U089,05-02-2025,Communication,Project,3.6,62.8,82,In Progress,Intermediate,17.44444444,0,Feb
L007447,U072,08-04-2025,Machine Learning,Certification,2.1,82.2,100,Completed,Intermediate,39.14285714,1,Apr
L007448,U139,04-07-2025,SQL,Workshop,2.4,88.3,100,Completed,Beginner,36.79166667,1,Jul
L007449,U163,06-03-2025,Cloud,Workshop,5.4,74.9,43.9,In Progress,Beginner,13.87037037,0,Mar
L007450,U013,21-01-2025,Communication,Certification,3,60.6,58.8,In Progress,Intermediate,20.2,0,Jan
L007451,U190,01-05-2025,Excel,Project,2.6,61.6,12.1,In Progress,Intermediate,23.69230769,0,May
L007452,U169,13-02-2025,ServiceNow,Online Course,2,65.5,100,Completed,Intermediate,32.75,1,Feb
L007453,U035,15-10-2025,Cloud,Workshop,1.9,91.2,87.9,In Progress,Beginner,48,0,Oct
L007454,U085,10-08-2025,Power BI,Self Learning,2.8,71.2,100,Completed,Beginner,25.42857143,1,Aug
L007455,U148,17-03-2025,Power BI,Project,1.7,96.4,23.9,In Progress,Advanced,56.70588235,0,Mar
L007456,U005,24-10-2025,Excel,Workshop,5.6,88.8,46.1,Dropped,Beginner,15.85714286,0,Oct
L007457,U102,22-02-2025,Power BI,Self Learning,0,0,0,Not Started,Beginner,0,0,Feb
L007458,U066,18-07-2025,Communication,Workshop,0.9,47.4,56.8,Dropped,Intermediate,52.66666667,0,Jul
L007459,U135,19-09-2025,ServiceNow,Workshop,5.4,75.2,100,Completed,Advanced,13.92592593,1,Sep
L007460,U195,05-07-2025,Cloud,Self Learning,1.4,84.2,100,Completed,Intermediate,60.14285714,1,Jul
L007461,U133,03-10-2025,Communication,Self Learning,4,66.8,100,Completed,Advanced,16.7,1,Oct
L007462,U069,22-12-2025,Power BI,Self Learning,3.3,68,60,In Progress,Intermediate,20.60606061,0,Dec
L007463,U182,08-06-2025,Machine Learning,Self Learning,3.3,47,87.3,In Progress,Advanced,14.24242424,0,Jun
L007464,U140,28-09-2025,SQL,Workshop,1.3,75,26.9,In Progress,Intermediate,57.69230769,0,Sep
L007465,U090,07-09-2025,Python,Workshop,0.9,88.9,100,Completed,Beginner,98.77777778,1,Sep
L007466,U075,09-09-2025,Python,Workshop,0,0,0,Not Started,Advanced,0,0,Sep
L007467,U163,31-03-2025,SQL,Self Learning,0,0,0,Not Started,Advanced,0,0,Mar
L007468,U104,22-08-2025,ServiceNow,Online Course,0,0,0,Not Started,Beginner,0,0,Aug
L007469,U039,26-02-2025,Communication,Self Learning,1.2,68.3,100,Completed,Advanced,56.91666667,1,Feb
L007470,U111,17-02-2025,Machine Learning,Workshop,1.1,51,44.1,In Progress,Intermediate,46.36363636,0,Feb
L007471,U184,08-08-2025,Cloud,Workshop,1.1,44.1,15.8,In Progress,Intermediate,40.09090909,0,Aug
L007472,U195,12-01-2025,Communication,Workshop,3.3,99.6,20.6,In Progress,Intermediate,30.18181818,0,Jan
L007473,U068,03-04-2025,Communication,Online Course,0,0,0,Not Started,Intermediate,0,0,Apr
L007474,U022,14-01-2025,Excel,Self Learning,2.8,77,100,Completed,Advanced,27.5,1,Jan
L007475,U006,08-09-2025,Excel,Workshop,2.5,96.4,40.9,In Progress,Advanced,38.56,0,Sep
L007476,U112,04-12-2025,Python,Online Course,3.8,69.8,43.2,Dropped,Intermediate,18.36842105,0,Dec
L007477,U106,03-02-2025,Communication,Workshop,3.6,66.1,100,Completed,Intermediate,18.36111111,1,Feb
L007478,U193,01-07-2025,Excel,Self Learning,6,85.6,100,Completed,Advanced,14.26666667,1,Jul
L007479,U136,23-09-2025,Power BI,Workshop,0.8,93.1,27.3,In Progress,Intermediate,116.375,0,Sep
L007480,U112,01-05-2025,ServiceNow,Workshop,0,0,0,Not Started,Intermediate,0,0,May
L007481,U027,10-08-2025,SQL,Workshop,4,85.5,100,Completed,Intermediate,21.375,1,Aug
L007482,U094,13-07-2025,Excel,Certification,5.9,93.9,39.9,Dropped,Intermediate,15.91525424,0,Jul
L007483,U043,04-06-2025,Java,Online Course,3.9,87,100,Completed,Beginner,22.30769231,1,Jun
L007484,U006,17-12-2025,ServiceNow,Certification,2,53.6,28.8,In Progress,Beginner,26.8,0,Dec
L007485,U076,13-10-2025,Java,Workshop,1.3,67.6,43.8,In Progress,Advanced,52,0,Oct
L007486,U054,09-09-2025,Java,Self Learning,1.1,73.4,83.6,In Progress,Beginner,66.72727273,0,Sep
L007487,U172,20-11-2025,Excel,Self Learning,4.9,41,19.9,In Progress,Advanced,8.367346939,0,Nov
L007488,U177,29-05-2025,ServiceNow,Certification,3.6,72.9,100,Completed,Beginner,20.25,1,May
L007489,U127,02-07-2025,Power BI,Project,1.7,75.1,76.6,In Progress,Advanced,44.17647059,0,Jul
L007490,U132,28-05-2025,Java,Self Learning,5.8,69.4,100,Completed,Advanced,11.96551724,1,May
L007491,U063,17-04-2025,Power BI,Certification,2.8,81.3,100,Completed,Intermediate,29.03571429,1,Apr
L007492,U048,31-07-2025,Communication,Project,3.4,86.2,33.5,In Progress,Beginner,25.35294118,0,Jul
L007493,U087,05-01-2025,Machine Learning,Certification,2.3,88.3,33.1,In Progress,Beginner,38.39130435,0,Jan
L007494,U179,04-04-2025,ServiceNow,Workshop,4.2,65.9,100,Completed,Intermediate,15.69047619,1,Apr
L007495,U006,01-04-2025,ServiceNow,Project,3.3,76.8,100,Completed,Advanced,23.27272727,1,Apr
L007496,U183,02-08-2025,Excel,Project,1,96.8,100,Completed,Beginner,96.8,1,Aug
L007497,U088,07-06-2025,Machine Learning,Workshop,3.2,75,61,In Progress,Intermediate,23.4375,0,Jun
L007498,U075,13-12-2025,Cloud,Self Learning,5.8,85,83.4,In Progress,Intermediate,14.65517241,0,Dec
L007499,U005,01-10-2025,Cloud,Workshop,5.9,94.8,12,Dropped,Intermediate,16.06779661,0,Oct
L007500,U018,05-04-2025,Data Analytics,Workshop,4.9,99.7,57.5,In Progress,Intermediate,20.34693878,0,Apr
L007501,U042,03-01-2025,Python,Project,1.7,64.8,26.6,In Progress,Beginner,38.11764706,0,Jan
L007502,U180,05-09-2025,Data Analytics,Project,0,0,0,Not Started,Intermediate,0,0,Sep
L007503,U001,22-10-2025,SQL,Workshop,4.9,81,100,Completed,Beginner,16.53061224,1,Oct
L007504,U146,28-09-2025,Power BI,Certification,3.6,82.1,40.6,In Progress,Beginner,22.80555556,0,Sep
L007505,U065,18-05-2025,Java,Self Learning,3.3,67.9,68.8,In Progress,Intermediate,20.57575758,0,May
L007506,U022,02-02-2025,Python,Workshop,1.6,84.8,88.2,In Progress,Beginner,53,0,Feb
L007507,U133,22-01-2025,Communication,Online Course,5.6,84.5,15.3,In Progress,Intermediate,15.08928571,0,Jan
L007508,U185,22-11-2025,Python,Workshop,5.2,43.3,99.7,In Progress,Advanced,8.326923077,0,Nov
L007509,U134,24-06-2025,Java,Online Course,0,0,0,Not Started,Beginner,0,0,Jun
L007510,U124,14-03-2025,Power BI,Workshop,1.3,46.4,55.1,In Progress,Advanced,35.69230769,0,Mar
L007511,U177,02-10-2025,Data Analytics,Online Course,1.6,63.4,54.7,In Progress,Advanced,39.625,0,Oct
L007512,U139,22-10-2025,Machine Learning,Online Course,3.9,63.9,35.9,Dropped,Intermediate,16.38461538,0,Oct
L007513,U011,01-08-2025,Data Analytics,Self Learning,3.9,48.8,32.9,In Progress,Beginner,12.51282051,0,Aug
L007514,U071,10-08-2025,Python,Project,4.5,41.8,25.6,In Progress,Advanced,9.288888889,0,Aug
L007515,U101,15-10-2025,Excel,Online Course,0,0,0,Not Started,Advanced,0,0,Oct
L007516,U011,27-04-2025,Power BI,Self Learning,2.5,53.9,54.4,In Progress,Intermediate,21.56,0,Apr
L007517,U109,01-12-2025,Data Analytics,Self Learning,5.8,54.3,5.7,In Progress,Advanced,9.362068966,0,Dec
L007518,U176,18-05-2025,Java,Project,0,0,0,Not Started,Beginner,0,0,May
L007519,U200,21-02-2025,Communication,Project,4.5,80.6,100,Completed,Advanced,17.91111111,1,Feb
L007520,U073,22-10-2025,ServiceNow,Certification,4.4,87.1,100,Completed,Beginner,19.79545455,1,Oct
L007521,U116,23-08-2025,Communication,Workshop,5,76.7,43.4,In Progress,Beginner,15.34,0,Aug
L007522,U054,18-08-2025,Cloud,Project,5.7,75.9,70.7,In Progress,Advanced,13.31578947,0,Aug
L007523,U148,09-05-2025,Python,Certification,1.8,54.4,40.9,In Progress,Intermediate,30.22222222,0,May
L007524,U066,14-03-2025,Data Analytics,Self Learning,4.3,59.1,21,In Progress,Intermediate,13.74418605,0,Mar
L007525,U125,14-01-2025,Machine Learning,Self Learning,0.8,70.1,33.6,Dropped,Advanced,87.625,0,Jan
L007526,U195,17-06-2025,Power BI,Project,0,0,0,Not Started,Advanced,0,0,Jun
L007527,U149,28-09-2025,Communication,Certification,5.6,78.9,95.6,In Progress,Beginner,14.08928571,0,Sep
L007528,U123,11-03-2025,Python,Online Course,2,82.6,26.2,In Progress,Intermediate,41.3,0,Mar
L007529,U198,28-12-2025,SQL,Self Learning,2.2,67.2,100,Completed,Advanced,30.54545455,1,Dec
L007530,U007,15-10-2025,Communication,Certification,3.8,99.1,100,Completed,Advanced,26.07894737,1,Oct
L007531,U198,03-01-2025,Machine Learning,Project,5.5,71.4,100,Completed,Intermediate,12.98181818,1,Jan
L007532,U120,23-10-2025,Cloud,Self Learning,3.7,66.1,100,Completed,Intermediate,17.86486486,1,Oct
L007533,U087,21-03-2025,Cloud,Online Course,4.9,94.1,65.9,Dropped,Beginner,19.20408163,0,Mar
L007534,U040,22-08-2025,Machine Learning,Self Learning,5.7,43.1,86.8,In Progress,Beginner,7.561403509,0,Aug
L007535,U137,12-03-2025,Python,Certification,0,0,0,Not Started,Intermediate,0,0,Mar
L007536,U110,07-03-2025,Communication,Self Learning,0,0,0,Not Started,Advanced,0,0,Mar
L007537,U109,13-09-2025,Java,Project,3.2,47.1,70.2,In Progress,Beginner,14.71875,0,Sep
L007538,U091,23-09-2025,Power BI,Self Learning,5.3,83.5,80.6,In Progress,Intermediate,15.75471698,0,Sep
L007539,U045,09-12-2025,Power BI,Certification,3.6,59.7,2.4,In Progress,Beginner,16.58333333,0,Dec
L007540,U029,06-10-2025,Data Analytics,Certification,2.2,90.9,66.1,In Progress,Beginner,41.31818182,0,Oct
L007541,U120,05-06-2025,Communication,Workshop,0,0,0,Not Started,Beginner,0,0,Jun
L007542,U030,29-10-2025,ServiceNow,Self Learning,0.6,94.3,39.5,Dropped,Beginner,157.1666667,0,Oct
L007543,U011,17-07-2025,ServiceNow,Self Learning,5.5,72.2,60.4,Dropped,Beginner,13.12727273,0,Jul
L007544,U151,17-11-2025,Excel,Certification,4.2,50.6,33.4,In Progress,Advanced,12.04761905,0,Nov
L007545,U083,09-12-2025,ServiceNow,Online Course,0,0,0,Not Started,Advanced,0,0,Dec
L007546,U162,16-11-2025,Power BI,Online Course,4.3,57.1,72.9,In Progress,Advanced,13.27906977,0,Nov
L007547,U023,13-04-2025,Power BI,Project,1,98.9,100,Completed,Advanced,98.9,1,Apr
L007548,U086,10-04-2025,Data Analytics,Project,3.2,55.7,92.7,In Progress,Beginner,17.40625,0,Apr
L007549,U179,01-08-2025,ServiceNow,Online Course,0,0,0,Not Started,Advanced,0,0,Aug
L007550,U023,16-05-2025,Excel,Certification,2.5,81.1,41.1,In Progress,Beginner,32.44,0,May
L007551,U137,27-04-2025,ServiceNow,Certification,2.8,89.3,56.4,Dropped,Intermediate,31.89285714,0,Apr
L007552,U005,21-12-2025,SQL,Online Course,1.2,66.5,100,Completed,Advanced,55.41666667,1,Dec
L007553,U022,19-07-2025,Communication,Online Course,1.8,95.1,100,Completed,Intermediate,52.83333333,1,Jul
L007554,U140,23-07-2025,Machine Learning,Project,4.6,80.9,100,Completed,Advanced,17.58695652,1,Jul
L007555,U005,31-07-2025,Communication,Workshop,3.9,46.8,76.2,In Progress,Advanced,12,0,Jul
L007556,U095,21-03-2025,Power BI,Project,1.4,66.7,62.7,Dropped,Intermediate,47.64285714,0,Mar
L007557,U053,18-07-2025,Data Analytics,Online Course,1.4,66.8,100,Completed,Beginner,47.71428571,1,Jul
L007558,U072,04-11-2025,ServiceNow,Online Course,2.6,81,100,Completed,Advanced,31.15384615,1,Nov
L007559,U121,21-08-2025,Power BI,Workshop,1.3,41,55.7,In Progress,Intermediate,31.53846154,0,Aug
L007560,U064,15-06-2025,Machine Learning,Workshop,2.3,40.4,18.1,In Progress,Intermediate,17.56521739,0,Jun
L007561,U114,29-09-2025,Power BI,Workshop,3.6,69.2,100,Completed,Advanced,19.22222222,1,Sep
L007562,U089,30-09-2025,Power BI,Certification,5.3,63.3,93,In Progress,Beginner,11.94339623,0,Sep
L007563,U030,19-06-2025,Machine Learning,Project,4.4,62.5,24.5,Dropped,Advanced,14.20454545,0,Jun
L007564,U199,14-11-2025,Machine Learning,Online Course,5.7,77.1,45.7,Dropped,Beginner,13.52631579,0,Nov
L007565,U063,01-05-2025,Java,Workshop,5.5,89.3,24.2,Dropped,Intermediate,16.23636364,0,May
L007566,U174,18-06-2025,ServiceNow,Online Course,0,0,0,Not Started,Intermediate,0,0,Jun
L007567,U124,03-12-2025,Power BI,Project,4.1,82.8,63.9,In Progress,Advanced,20.19512195,0,Dec
L007568,U077,08-10-2025,Excel,Project,3.1,96.3,100,Completed,Beginner,31.06451613,1,Oct
L007569,U134,23-08-2025,Cloud,Certification,3.7,83.9,32.1,In Progress,Advanced,22.67567568,0,Aug
L007570,U199,26-04-2025,Machine Learning,Self Learning,3.3,61.2,68.7,In Progress,Intermediate,18.54545455,0,Apr
L007571,U122,25-01-2025,ServiceNow,Certification,3.9,97.7,60.5,In Progress,Advanced,25.05128205,0,Jan
L007572,U081,29-03-2025,Machine Learning,Online Course,4.3,94.7,100,Completed,Beginner,22.02325581,1,Mar
L007573,U028,27-10-2025,Python,Self Learning,2.2,98.5,100,Completed,Beginner,44.77272727,1,Oct
L007574,U187,09-01-2025,Excel,Online Course,5.9,74.3,39.5,In Progress,Beginner,12.59322034,0,Jan
L007575,U116,01-06-2025,Python,Self Learning,4.5,73.4,38.1,Dropped,Intermediate,16.31111111,0,Jun
L007576,U183,05-04-2025,Cloud,Workshop,2.9,58.6,47.1,In Progress,Beginner,20.20689655,0,Apr
L007577,U008,07-10-2025,Communication,Online Course,3.2,93.4,100,Completed,Intermediate,29.1875,1,Oct
L007578,U044,22-05-2025,Java,Workshop,2.9,45,28.7,In Progress,Intermediate,15.51724138,0,May
L007579,U020,29-05-2025,SQL,Project,5.7,86.4,100,Completed,Beginner,15.15789474,1,May
L007580,U075,31-10-2025,Power BI,Self Learning,4.1,54.8,0.7,In Progress,Intermediate,13.36585366,0,Oct
L007581,U129,22-06-2025,Power BI,Certification,4.6,66.3,71.8,In Progress,Beginner,14.41304348,0,Jun
L007582,U176,10-02-2025,Cloud,Self Learning,0.6,84.2,100,Completed,Beginner,140.3333333,1,Feb
L007583,U099,18-08-2025,Power BI,Project,5,53.8,20.2,In Progress,Beginner,10.76,0,Aug
L007584,U073,27-10-2025,Communication,Workshop,3.8,57.1,2.8,In Progress,Advanced,15.02631579,0,Oct
L007585,U187,23-04-2025,SQL,Online Course,0,0,0,Not Started,Beginner,0,0,Apr
L007586,U044,02-01-2025,SQL,Workshop,1.4,67.1,67.9,In Progress,Advanced,47.92857143,0,Jan
L007587,U152,21-01-2025,Java,Certification,0,0,0,Not Started,Advanced,0,0,Jan
L007588,U185,01-02-2025,Communication,Project,2.7,56.7,9.2,In Progress,Advanced,21,0,Feb
L007589,U184,01-06-2025,Data Analytics,Workshop,0.6,89.2,79.4,In Progress,Beginner,148.6666667,0,Jun
L007590,U008,05-02-2025,Java,Certification,5.4,96.7,100,Completed,Beginner,17.90740741,1,Feb
L007591,U130,08-01-2025,Machine Learning,Certification,1.4,79,100,Completed,Beginner,56.42857143,1,Jan
L007592,U105,08-11-2025,ServiceNow,Online Course,3.8,61.8,32.1,In Progress,Beginner,16.26315789,0,Nov
L007593,U196,23-02-2025,SQL,Workshop,4.1,52.2,33.8,In Progress,Intermediate,12.73170732,0,Feb
L007594,U195,14-10-2025,Cloud,Project,1.2,91.2,100,Completed,Beginner,76,1,Oct
L007595,U092,21-03-2025,SQL,Workshop,5.8,78.1,46.2,In Progress,Intermediate,13.46551724,0,Mar
L007596,U047,18-06-2025,Communication,Self Learning,0,0,0,Not Started,Beginner,0,0,Jun
L007597,U001,08-06-2025,ServiceNow,Certification,2,77.6,100,Completed,Beginner,38.8,1,Jun
L007598,U035,17-06-2025,Cloud,Project,1.1,53.5,82.8,In Progress,Intermediate,48.63636364,0,Jun
L007599,U065,16-11-2025,Data Analytics,Self Learning,2.9,56,17.3,In Progress,Intermediate,19.31034483,0,Nov
L007600,U176,06-01-2025,Communication,Online Course,4,85.4,99.4,In Progress,Intermediate,21.35,0,Jan
L007601,U095,23-05-2025,Communication,Workshop,1.1,79.5,31,In Progress,Intermediate,72.27272727,0,May
L007602,U047,16-10-2025,Cloud,Online Course,1.9,42.4,18.2,In Progress,Advanced,22.31578947,0,Oct
L007603,U035,23-04-2025,Communication,Project,2.5,75,13.1,In Progress,Advanced,30,0,Apr
L007604,U144,11-08-2025,ServiceNow,Project,1.3,61.2,54.2,In Progress,Advanced,47.07692308,0,Aug
L007605,U186,12-11-2025,Java,Workshop,5.5,76.4,22.7,In Progress,Intermediate,13.89090909,0,Nov
L007606,U126,07-10-2025,Java,Project,5,58,26.7,In Progress,Advanced,11.6,0,Oct
L007607,U095,20-12-2025,Machine Learning,Project,5.2,54.8,65.9,Dropped,Beginner,10.53846154,0,Dec
L007608,U077,11-10-2025,Excel,Project,3.1,42.2,64.1,In Progress,Advanced,13.61290323,0,Oct
L007609,U159,16-04-2025,Python,Workshop,5.5,70.4,100,Completed,Beginner,12.8,1,Apr
L007610,U006,11-01-2025,Excel,Certification,4.4,53.5,21.3,In Progress,Intermediate,12.15909091,0,Jan
L007611,U114,16-05-2025,ServiceNow,Workshop,2.3,72.4,69,Dropped,Advanced,31.47826087,0,May
L007612,U115,18-02-2025,Excel,Project,1.2,96.3,92.1,In Progress,Beginner,80.25,0,Feb
L007613,U023,22-10-2025,Communication,Online Course,3.8,96.6,26.5,In Progress,Advanced,25.42105263,0,Oct
L007614,U158,30-06-2025,Power BI,Project,5.3,65.9,76.1,In Progress,Beginner,12.43396226,0,Jun
L007615,U022,29-08-2025,Excel,Workshop,2.7,97.1,100,Completed,Intermediate,35.96296296,1,Aug
L007616,U183,17-11-2025,SQL,Workshop,6,88.8,46.2,Dropped,Advanced,14.8,0,Nov
L007617,U090,25-03-2025,Java,Workshop,2.7,50.9,43,In Progress,Beginner,18.85185185,0,Mar
L007618,U042,17-02-2025,ServiceNow,Self Learning,2,89.9,100,Completed,Beginner,44.95,1,Feb
L007619,U179,26-08-2025,Communication,Online Course,1.9,96.6,100,Completed,Intermediate,50.84210526,1,Aug
L007620,U001,14-08-2025,Python,Online Course,4.9,40.1,6.4,In Progress,Advanced,8.183673469,0,Aug
L007621,U027,22-02-2025,Communication,Online Course,5.2,88.8,100,Completed,Intermediate,17.07692308,1,Feb
L007622,U154,05-07-2025,Java,Workshop,3.8,71.1,75.5,In Progress,Intermediate,18.71052632,0,Jul
L007623,U012,14-12-2025,Power BI,Self Learning,4.7,41.8,88.6,In Progress,Beginner,8.893617021,0,Dec
L007624,U080,23-01-2025,SQL,Certification,5.8,40.9,14.8,In Progress,Beginner,7.051724138,0,Jan
L007625,U190,27-06-2025,Data Analytics,Project,4.4,82.8,100,Completed,Advanced,18.81818182,1,Jun
L007626,U100,24-07-2025,ServiceNow,Workshop,3.1,73.9,44.4,In Progress,Intermediate,23.83870968,0,Jul
L007627,U142,10-04-2025,Python,Online Course,3.4,76.8,30.3,In Progress,Intermediate,22.58823529,0,Apr
L007628,U001,10-08-2025,Data Analytics,Workshop,3.2,77,100,Completed,Advanced,24.0625,1,Aug
L007629,U105,28-10-2025,Java,Online Course,3.7,98.1,100,Completed,Beginner,26.51351351,1,Oct
L007630,U057,30-10-2025,Cloud,Certification,0,0,0,Not Started,Beginner,0,0,Oct
L007631,U076,22-01-2025,Machine Learning,Online Course,4,54,22.1,In Progress,Intermediate,13.5,0,Jan
L007632,U175,27-10-2025,Java,Project,5,55.8,49.1,Dropped,Advanced,11.16,0,Oct
L007633,U032,02-03-2025,SQL,Certification,5.6,56.1,74.6,In Progress,Advanced,10.01785714,0,Mar
L007634,U144,01-12-2025,Excel,Online Course,3.2,70.9,100,Completed,Beginner,22.15625,1,Dec
L007635,U088,12-03-2025,Python,Self Learning,5,59.9,48.1,In Progress,Beginner,11.98,0,Mar
L007636,U024,08-01-2025,Machine Learning,Certification,2.5,60.7,19.6,Dropped,Intermediate,24.28,0,Jan
L007637,U002,25-08-2025,ServiceNow,Project,5.2,77.9,100,Completed,Beginner,14.98076923,1,Aug
L007638,U142,24-01-2025,Communication,Self Learning,3,69.3,100,Completed,Intermediate,23.1,1,Jan
L007639,U129,29-10-2025,Python,Certification,5.3,68.3,100,Completed,Intermediate,12.88679245,1,Oct
L007640,U051,18-06-2025,Data Analytics,Online Course,4.3,53.5,34.3,In Progress,Beginner,12.44186047,0,Jun
L007641,U074,08-01-2025,ServiceNow,Project,0,0,0,Not Started,Intermediate,0,0,Jan
L007642,U016,28-12-2025,Communication,Project,3.3,90,99.1,In Progress,Advanced,27.27272727,0,Dec
L007643,U117,06-03-2025,Python,Certification,3.8,90.3,100,Completed,Advanced,23.76315789,1,Mar
L007644,U054,31-03-2025,Cloud,Online Course,1.4,84.7,75.3,In Progress,Advanced,60.5,0,Mar
L007645,U028,20-04-2025,Data Analytics,Online Course,4.3,88.6,100,Completed,Advanced,20.60465116,1,Apr
L007646,U149,18-08-2025,Power BI,Certification,1.1,79.2,100,Completed,Advanced,72,1,Aug
L007647,U016,16-10-2025,Excel,Self Learning,1.5,88.5,100,Completed,Advanced,59,1,Oct
L007648,U182,02-05-2025,Machine Learning,Project,2.5,93.4,45.2,In Progress,Advanced,37.36,0,May
L007649,U198,27-03-2025,Cloud,Workshop,2,60.2,51,In Progress,Beginner,30.1,0,Mar
L007650,U114,19-03-2025,Power BI,Workshop,2.5,67.4,100,Completed,Advanced,26.96,1,Mar
L007651,U070,26-04-2025,SQL,Self Learning,5,89.6,2.2,In Progress,Beginner,17.92,0,Apr
L007652,U095,07-09-2025,Communication,Online Course,3.5,93.3,62.3,In Progress,Intermediate,26.65714286,0,Sep
L007653,U113,21-05-2025,Data Analytics,Project,0,0,0,Not Started,Advanced,0,0,May
L007654,U010,18-08-2025,ServiceNow,Certification,1.6,45.2,61.3,In Progress,Beginner,28.25,0,Aug
L007655,U197,03-11-2025,SQL,Online Course,2.8,69.5,42.9,In Progress,Advanced,24.82142857,0,Nov
L007656,U025,04-12-2025,Cloud,Workshop,3.7,98.8,49,Dropped,Intermediate,26.7027027,0,Dec
L007657,U122,05-11-2025,ServiceNow,Workshop,4.1,93.5,100,Completed,Beginner,22.80487805,1,Nov
L007658,U119,26-08-2025,SQL,Online Course,0,0,0,Not Started,Beginner,0,0,Aug
L007659,U034,18-10-2025,Data Analytics,Online Course,1,80.7,100,Completed,Beginner,80.7,1,Oct
L007660,U171,09-04-2025,Communication,Project,5.1,95.3,32.1,In Progress,Intermediate,18.68627451,0,Apr
L007661,U073,04-08-2025,Python,Certification,1.2,65.3,51.5,Dropped,Beginner,54.41666667,0,Aug
L007662,U053,25-04-2025,Python,Workshop,5.9,50.1,41.5,In Progress,Beginner,8.491525424,0,Apr
L007663,U106,03-02-2025,Java,Certification,4.9,60.6,76.7,In Progress,Advanced,12.36734694,0,Feb
L007664,U075,03-08-2025,Cloud,Project,4.2,58.5,89.8,In Progress,Advanced,13.92857143,0,Aug
L007665,U089,10-05-2025,Python,Certification,0.8,88,49.4,In Progress,Beginner,110,0,May
L007666,U117,01-09-2025,Excel,Online Course,4.5,87.3,100,Completed,Advanced,19.4,1,Sep
L007667,U092,24-06-2025,Communication,Project,4.7,98.2,33.2,Dropped,Intermediate,20.89361702,0,Jun
L007668,U120,07-12-2025,Java,Certification,1.4,69.5,72,In Progress,Advanced,49.64285714,0,Dec
L007669,U127,14-03-2025,Power BI,Self Learning,0,0,0,Not Started,Beginner,0,0,Mar
L007670,U019,24-02-2025,SQL,Online Course,4.2,63.7,13.2,In Progress,Advanced,15.16666667,0,Feb
L007671,U076,18-07-2025,Machine Learning,Self Learning,0,0,0,Not Started,Intermediate,0,0,Jul
L007672,U044,14-03-2025,Python,Certification,3.4,74.4,84.9,In Progress,Beginner,21.88235294,0,Mar
L007673,U134,04-08-2025,Machine Learning,Workshop,3,93.6,10.9,In Progress,Intermediate,31.2,0,Aug
L007674,U156,27-06-2025,Power BI,Certification,3.7,69.9,96.8,In Progress,Advanced,18.89189189,0,Jun
L007675,U146,08-01-2025,ServiceNow,Online Course,4.8,99.8,100,Completed,Beginner,20.79166667,1,Jan
L007676,U040,31-01-2025,Data Analytics,Certification,3.4,71.5,100,Completed,Intermediate,21.02941176,1,Jan
L007677,U196,14-03-2025,Communication,Self Learning,0.8,67.1,100,Completed,Intermediate,83.875,1,Mar
L007678,U012,27-06-2025,Cloud,Certification,1.5,75.9,100,Completed,Advanced,50.6,1,Jun
L007679,U156,30-12-2025,ServiceNow,Online Course,4,54.9,72.5,In Progress,Advanced,13.725,0,Dec
L007680,U166,24-07-2025,SQL,Workshop,1.3,85.3,30.6,In Progress,Advanced,65.61538462,0,Jul
L007681,U141,20-08-2025,Power BI,Workshop,5.6,95.2,79.2,In Progress,Advanced,17,0,Aug
L007682,U124,11-01-2025,ServiceNow,Online Course,1.7,96,86.9,In Progress,Intermediate,56.47058824,0,Jan
L007683,U036,27-06-2025,Java,Certification,3.7,66,94.2,In Progress,Advanced,17.83783784,0,Jun
L007684,U157,18-11-2025,Machine Learning,Certification,1.1,85.1,76.5,In Progress,Intermediate,77.36363636,0,Nov
L007685,U061,05-12-2025,Data Analytics,Workshop,2.7,94.8,100,Completed,Beginner,35.11111111,1,Dec
L007686,U141,30-01-2025,ServiceNow,Certification,3,80.8,100,Completed,Beginner,26.93333333,1,Jan
L007687,U069,01-04-2025,Communication,Self Learning,0,0,0,Not Started,Advanced,0,0,Apr
L007688,U066,03-04-2025,ServiceNow,Self Learning,3.1,73.9,100,Completed,Beginner,23.83870968,1,Apr
L007689,U158,04-09-2025,SQL,Online Course,5.6,81.5,71.5,In Progress,Intermediate,14.55357143,0,Sep
L007690,U182,17-08-2025,SQL,Certification,1.1,51.9,93.4,In Progress,Beginner,47.18181818,0,Aug
L007691,U061,18-11-2025,Data Analytics,Certification,4.9,95.7,100,Completed,Beginner,19.53061224,1,Nov
L007692,U080,29-09-2025,Communication,Certification,2,93.2,100,Completed,Intermediate,46.6,1,Sep
L007693,U157,22-09-2025,Python,Certification,0,0,0,Not Started,Intermediate,0,0,Sep
L007694,U070,11-12-2025,Python,Workshop,0,0,0,Not Started,Beginner,0,0,Dec
L007695,U121,21-03-2025,Python,Self Learning,1,50.5,35.2,In Progress,Intermediate,50.5,0,Mar
L007696,U178,16-07-2025,Data Analytics,Project,1.3,83.5,18.4,In Progress,Intermediate,64.23076923,0,Jul
L007697,U025,09-09-2025,Data Analytics,Certification,5.2,88.2,100,Completed,Advanced,16.96153846,1,Sep
L007698,U171,22-12-2025,Java,Online Course,4.3,71.5,100,Completed,Advanced,16.62790698,1,Dec
L007699,U030,08-02-2025,Power BI,Workshop,0,0,0,Not Started,Beginner,0,0,Feb
L007700,U109,06-05-2025,Excel,Online Course,3.2,95.4,100,Completed,Advanced,29.8125,1,May
L007701,U030,14-08-2025,Java,Self Learning,1.1,86.9,100,Completed,Beginner,79,1,Aug
L007702,U015,02-09-2025,SQL,Online Course,2.4,41.3,13.6,Dropped,Advanced,17.20833333,0,Sep
L007703,U180,27-08-2025,Python,Online Course,2.1,88.3,100,Completed,Advanced,42.04761905,1,Aug
L007704,U133,24-01-2025,ServiceNow,Self Learning,3,69.9,28.4,Dropped,Advanced,23.3,0,Jan
L007705,U194,31-03-2025,Data Analytics,Project,1.3,51.4,78.6,In Progress,Intermediate,39.53846154,0,Mar
L007706,U053,12-01-2025,SQL,Self Learning,1,48,28.5,In Progress,Beginner,48,0,Jan
L007707,U125,16-03-2025,Excel,Self Learning,3.3,63.1,58,In Progress,Intermediate,19.12121212,0,Mar
L007708,U118,15-04-2025,SQL,Workshop,2.2,69.1,100,Completed,Intermediate,31.40909091,1,Apr
L007709,U195,25-12-2025,Python,Online Course,4,94.5,67.5,In Progress,Beginner,23.625,0,Dec
L007710,U010,04-09-2025,Java,Workshop,5.5,76.1,100,Completed,Beginner,13.83636364,1,Sep
L007711,U085,22-06-2025,ServiceNow,Certification,2.7,77.8,100,Completed,Advanced,28.81481481,1,Jun
L007712,U054,05-11-2025,Excel,Workshop,0.6,55.3,42.2,In Progress,Intermediate,92.16666667,0,Nov
L007713,U027,22-03-2025,SQL,Online Course,2.8,63.6,32.9,In Progress,Advanced,22.71428571,0,Mar
L007714,U031,04-12-2025,ServiceNow,Workshop,2.1,66.8,100,Completed,Advanced,31.80952381,1,Dec
L007715,U142,22-04-2025,ServiceNow,Self Learning,0.8,92.8,57.3,In Progress,Beginner,116,0,Apr
L007716,U092,29-08-2025,SQL,Self Learning,5.2,45,93.6,In Progress,Intermediate,8.653846154,0,Aug
L007717,U091,12-10-2025,Java,Workshop,2.9,50.9,4.8,In Progress,Beginner,17.55172414,0,Oct
L007718,U129,09-11-2025,Data Analytics,Workshop,1.4,56.3,28.3,In Progress,Beginner,40.21428571,0,Nov
L007719,U034,11-03-2025,Data Analytics,Workshop,0,0,0,Not Started,Advanced,0,0,Mar
L007720,U197,26-08-2025,Communication,Workshop,4.5,73,100,Completed,Intermediate,16.22222222,1,Aug
L007721,U102,07-11-2025,Java,Self Learning,0.7,71.1,29.9,In Progress,Intermediate,101.5714286,0,Nov
L007722,U082,03-08-2025,Java,Self Learning,1.9,56.1,48.2,Dropped,Beginner,29.52631579,0,Aug
L007723,U018,01-05-2025,Excel,Online Course,0.7,70.1,35.5,In Progress,Intermediate,100.1428571,0,May
L007724,U090,24-12-2025,SQL,Certification,5.8,94.9,65.7,In Progress,Beginner,16.36206897,0,Dec
L007725,U073,18-04-2025,Power BI,Workshop,3.9,96.9,69.7,In Progress,Intermediate,24.84615385,0,Apr
L007726,U032,08-01-2025,Python,Project,1.1,99.5,100,Completed,Intermediate,90.45454545,1,Jan
L007727,U076,14-05-2025,Data Analytics,Workshop,2.6,86.1,30,Dropped,Advanced,33.11538462,0,May
L007728,U152,30-08-2025,Excel,Workshop,5.5,47.1,26.1,In Progress,Intermediate,8.563636364,0,Aug
L007729,U145,25-01-2025,Communication,Self Learning,5.5,94.7,26,Dropped,Advanced,17.21818182,0,Jan
L007730,U030,06-01-2025,Python,Project,4.9,81.4,100,Completed,Advanced,16.6122449,1,Jan
L007731,U164,28-03-2025,Communication,Project,1.7,51.7,19.3,In Progress,Intermediate,30.41176471,0,Mar
L007732,U124,14-03-2025,Java,Certification,3,78.1,100,Completed,Intermediate,26.03333333,1,Mar
L007733,U146,07-12-2025,SQL,Self Learning,4,84.8,38.2,In Progress,Intermediate,21.2,0,Dec
L007734,U091,14-05-2025,Python,Self Learning,1,67.6,100,Completed,Intermediate,67.6,1,May
L007735,U117,22-10-2025,SQL,Certification,2,54.9,83.6,In Progress,Beginner,27.45,0,Oct
L007736,U157,05-09-2025,Communication,Project,2.5,42.2,71.8,In Progress,Beginner,16.88,0,Sep
L007737,U156,27-05-2025,Power BI,Certification,3.3,62,30.4,Dropped,Intermediate,18.78787879,0,May
L007738,U068,11-02-2025,Cloud,Workshop,2.2,74.5,36.1,In Progress,Beginner,33.86363636,0,Feb
L007739,U109,06-09-2025,Excel,Self Learning,0,0,0,Not Started,Intermediate,0,0,Sep
L007740,U171,21-03-2025,Python,Self Learning,5.7,43.7,68.7,In Progress,Intermediate,7.666666667,0,Mar
L007741,U182,25-12-2025,Python,Certification,2.2,85.8,62.8,In Progress,Intermediate,39,0,Dec
L007742,U099,11-02-2025,Power BI,Certification,5,57.1,83.5,In Progress,Intermediate,11.42,0,Feb
L007743,U048,27-01-2025,Power BI,Online Course,5.6,76.5,91.8,In Progress,Intermediate,13.66071429,0,Jan
L007744,U161,03-07-2025,Power BI,Workshop,4.5,92.2,100,Completed,Beginner,20.48888889,1,Jul
L007745,U064,26-06-2025,Communication,Self Learning,4.4,43.5,31.2,In Progress,Beginner,9.886363636,0,Jun
L007746,U126,18-07-2025,Python,Online Course,2.2,95.2,100,Completed,Advanced,43.27272727,1,Jul
L007747,U064,29-05-2025,Machine Learning,Online Course,5.7,86.6,0.9,In Progress,Beginner,15.19298246,0,May
L007748,U038,28-11-2025,Cloud,Certification,5,94.3,22.4,In Progress,Beginner,18.86,0,Nov
L007749,U040,18-03-2025,SQL,Workshop,5.2,94.1,72.3,In Progress,Advanced,18.09615385,0,Mar
L007750,U091,06-06-2025,Python,Project,3.4,94.4,100,Completed,Intermediate,27.76470588,1,Jun
L007751,U123,21-05-2025,Cloud,Certification,3.6,78.9,100,Completed,Advanced,21.91666667,1,May
L007752,U151,22-04-2025,Excel,Certification,4.7,96.1,93,In Progress,Intermediate,20.44680851,0,Apr
L007753,U072,12-04-2025,Python,Self Learning,4.5,76.2,49.2,Dropped,Beginner,16.93333333,0,Apr
L007754,U079,27-06-2025,Power BI,Certification,0,0,0,Not Started,Beginner,0,0,Jun
L007755,U050,30-04-2025,SQL,Workshop,0.7,66.1,100,Completed,Intermediate,94.42857143,1,Apr
L007756,U106,01-05-2025,ServiceNow,Project,5.5,57.1,48.7,In Progress,Advanced,10.38181818,0,May
L007757,U054,14-04-2025,Power BI,Certification,6,76,31.9,In Progress,Intermediate,12.66666667,0,Apr
L007758,U059,17-10-2025,ServiceNow,Certification,3.3,73.4,88.1,In Progress,Advanced,22.24242424,0,Oct
L007759,U013,11-03-2025,Power BI,Self Learning,5.1,92.9,42,In Progress,Beginner,18.21568627,0,Mar
L007760,U190,19-07-2025,Excel,Workshop,2.1,85.7,100,Completed,Intermediate,40.80952381,1,Jul
L007761,U098,17-06-2025,Machine Learning,Certification,3.9,61,92.9,In Progress,Advanced,15.64102564,0,Jun
L007762,U192,27-07-2025,SQL,Self Learning,5,89.3,100,Completed,Beginner,17.86,1,Jul
L007763,U102,18-02-2025,SQL,Certification,1.2,94.3,100,Completed,Beginner,78.58333333,1,Feb
L007764,U108,03-11-2025,Python,Self Learning,3.8,68.2,100,Completed,Intermediate,17.94736842,1,Nov
L007765,U071,08-10-2025,Python,Project,3.5,70.7,100,Completed,Intermediate,20.2,1,Oct
L007766,U080,24-06-2025,Communication,Workshop,4,79.8,100,Completed,Advanced,19.95,1,Jun
L007767,U128,26-01-2025,Python,Project,5.3,70.6,53,In Progress,Advanced,13.32075472,0,Jan
L007768,U080,30-03-2025,Data Analytics,Project,5.8,71,100,Completed,Advanced,12.24137931,1,Mar
L007769,U169,13-08-2025,Python,Project,0.7,84.8,58.3,In Progress,Intermediate,121.1428571,0,Aug
L007770,U106,09-05-2025,Cloud,Online Course,0,0,0,Not Started,Beginner,0,0,May
L007771,U154,25-09-2025,ServiceNow,Workshop,1.7,76.1,100,Completed,Intermediate,44.76470588,1,Sep
L007772,U090,07-04-2025,Python,Self Learning,3.8,81.4,26,In Progress,Beginner,21.42105263,0,Apr
L007773,U079,21-03-2025,Communication,Project,1.7,58.6,49.3,Dropped,Advanced,34.47058824,0,Mar
L007774,U200,11-04-2025,SQL,Project,0,0,0,Not Started,Advanced,0,0,Apr
L007775,U170,23-12-2025,SQL,Project,3,77.1,100,Completed,Beginner,25.7,1,Dec
L007776,U186,14-11-2025,Python,Project,1.7,40.7,16.5,In Progress,Advanced,23.94117647,0,Nov
L007777,U131,17-11-2025,Data Analytics,Certification,0,0,0,Not Started,Beginner,0,0,Nov
L007778,U171,01-02-2025,Communication,Workshop,0,0,0,Not Started,Intermediate,0,0,Feb
L007779,U088,08-09-2025,Machine Learning,Certification,4,72.1,82,In Progress,Intermediate,18.025,0,Sep
L007780,U032,04-02-2025,Excel,Workshop,3.3,51.2,59.5,In Progress,Advanced,15.51515152,0,Feb
L007781,U123,11-08-2025,Cloud,Certification,5.3,88.2,100,Completed,Intermediate,16.64150943,1,Aug
L007782,U173,01-12-2025,Machine Learning,Online Course,0,0,0,Not Started,Advanced,0,0,Dec
L007783,U140,26-08-2025,Cloud,Certification,4.3,43.7,65.2,In Progress,Advanced,10.1627907,0,Aug
L007784,U195,31-05-2025,Cloud,Self Learning,3.9,73.8,35.8,In Progress,Beginner,18.92307692,0,May
L007785,U065,26-02-2025,Java,Certification,5.5,57.8,20.2,In Progress,Intermediate,10.50909091,0,Feb
L007786,U121,17-10-2025,Python,Project,1.3,95.9,100,Completed,Beginner,73.76923077,1,Oct
L007787,U073,17-03-2025,Excel,Online Course,5.3,67.9,72.2,In Progress,Intermediate,12.81132075,0,Mar
L007788,U166,25-01-2025,Cloud,Self Learning,4.9,67,25.1,Dropped,Beginner,13.67346939,0,Jan
L007789,U147,18-10-2025,Power BI,Certification,6,89.4,3.7,In Progress,Intermediate,14.9,0,Oct
L007790,U022,19-04-2025,Power BI,Certification,2,68.8,100,Completed,Beginner,34.4,1,Apr
L007791,U015,09-07-2025,Communication,Self Learning,5.3,85.5,100,Completed,Intermediate,16.13207547,1,Jul
L007792,U152,29-06-2025,ServiceNow,Project,1.6,65,100,Completed,Beginner,40.625,1,Jun
L007793,U119,04-12-2025,SQL,Online Course,4.4,81.4,100,Completed,Advanced,18.5,1,Dec
L007794,U187,04-07-2025,SQL,Certification,1.3,88.2,100,Completed,Intermediate,67.84615385,1,Jul
L007795,U091,22-04-2025,Communication,Self Learning,3.7,67.4,100,Completed,Beginner,18.21621622,1,Apr
L007796,U177,31-07-2025,Power BI,Certification,1.8,83,100,Completed,Intermediate,46.11111111,1,Jul
L007797,U194,08-06-2025,Machine Learning,Project,1.5,91.6,19.1,In Progress,Advanced,61.06666667,0,Jun
L007798,U155,06-02-2025,Power BI,Project,2.6,82.5,43.7,Dropped,Intermediate,31.73076923,0,Feb
L007799,U147,29-10-2025,Cloud,Workshop,4.4,72.3,100,Completed,Advanced,16.43181818,1,Oct
L007800,U123,26-12-2025,Excel,Self Learning,2.9,55.2,81,In Progress,Intermediate,19.03448276,0,Dec
L007801,U179,28-01-2025,ServiceNow,Workshop,1.2,76.2,80.6,In Progress,Advanced,63.5,0,Jan
L007802,U185,06-01-2025,Python,Workshop,2.9,42.2,13.7,In Progress,Intermediate,14.55172414,0,Jan
L007803,U017,03-05-2025,Excel,Self Learning,1.7,72.8,100,Completed,Beginner,42.82352941,1,May
L007804,U089,26-06-2025,Power BI,Certification,0.7,73.8,100,Completed,Intermediate,105.4285714,1,Jun
L007805,U130,17-02-2025,SQL,Workshop,0,0,0,Not Started,Beginner,0,0,Feb
L007806,U045,05-05-2025,Communication,Project,4.1,82.5,100,Completed,Intermediate,20.12195122,1,May
L007807,U197,09-08-2025,Power BI,Online Course,4.6,82.5,100,Completed,Advanced,17.93478261,1,Aug
L007808,U127,11-02-2025,Python,Workshop,4,95.4,67.9,In Progress,Advanced,23.85,0,Feb
L007809,U059,05-07-2025,Power BI,Workshop,2.9,99.2,100,Completed,Beginner,34.20689655,1,Jul
L007810,U139,23-12-2025,Communication,Workshop,1.5,43.1,13.8,In Progress,Advanced,28.73333333,0,Dec
L007811,U147,12-01-2025,Python,Project,3,71.3,48.1,In Progress,Intermediate,23.76666667,0,Jan
L007812,U060,15-06-2025,Communication,Workshop,4.5,99.3,34.1,In Progress,Intermediate,22.06666667,0,Jun
L007813,U039,18-04-2025,SQL,Project,5.8,51.3,19.3,In Progress,Intermediate,8.844827586,0,Apr
L007814,U190,05-03-2025,ServiceNow,Self Learning,5.8,94.3,100,Completed,Advanced,16.25862069,1,Mar
L007815,U003,09-07-2025,Python,Certification,5.3,96.5,90.9,In Progress,Beginner,18.20754717,0,Jul
L007816,U091,10-10-2025,Communication,Workshop,2.7,41.3,1.1,In Progress,Advanced,15.2962963,0,Oct
L007817,U059,24-07-2025,Machine Learning,Certification,3.3,84.8,22.7,In Progress,Advanced,25.6969697,0,Jul
L007818,U070,28-07-2025,Machine Learning,Certification,5.2,53.8,86.3,In Progress,Intermediate,10.34615385,0,Jul
L007819,U077,27-02-2025,Java,Online Course,5.4,84.7,47,In Progress,Intermediate,15.68518519,0,Feb
L007820,U028,25-05-2025,Python,Workshop,2.5,68.8,100,Completed,Advanced,27.52,1,May
L007821,U018,20-01-2025,Java,Project,6,82.1,100,Completed,Intermediate,13.68333333,1,Jan
L007822,U086,17-07-2025,Python,Online Course,4,93.4,100,Completed,Intermediate,23.35,1,Jul
L007823,U028,18-12-2025,Machine Learning,Online Course,4.6,51.3,4,In Progress,Advanced,11.15217391,0,Dec
L007824,U182,19-08-2025,Cloud,Project,5.4,82.9,100,Completed,Beginner,15.35185185,1,Aug
L007825,U045,17-05-2025,Excel,Online Course,2.2,91.1,27.6,In Progress,Intermediate,41.40909091,0,May
L007826,U131,06-02-2025,Excel,Online Course,1.8,90.6,100,Completed,Advanced,50.33333333,1,Feb
L007827,U112,30-04-2025,Excel,Online Course,2.4,86.9,100,Completed,Intermediate,36.20833333,1,Apr
L007828,U051,03-05-2025,Machine Learning,Self Learning,4.5,73.9,100,Completed,Intermediate,16.42222222,1,May
L007829,U103,04-08-2025,Cloud,Workshop,5.2,99.9,30.9,In Progress,Intermediate,19.21153846,0,Aug
L007830,U088,26-03-2025,Communication,Online Course,5.9,94.8,76.7,In Progress,Intermediate,16.06779661,0,Mar
L007831,U046,16-09-2025,Excel,Certification,2.9,93,100,Completed,Advanced,32.06896552,1,Sep
L007832,U068,07-11-2025,ServiceNow,Online Course,1.7,96.8,100,Completed,Advanced,56.94117647,1,Nov
L007833,U197,24-08-2025,SQL,Workshop,4.9,81.8,68,Dropped,Advanced,16.69387755,0,Aug
L007834,U099,10-05-2025,Communication,Project,0,0,0,Not Started,Beginner,0,0,May
L007835,U007,27-12-2025,Cloud,Workshop,0.6,91.4,18.4,In Progress,Advanced,152.3333333,0,Dec
L007836,U128,16-07-2025,Power BI,Self Learning,0,0,0,Not Started,Advanced,0,0,Jul
L007837,U063,09-04-2025,Machine Learning,Project,3.1,69.3,100,Completed,Beginner,22.35483871,1,Apr
L007838,U107,29-06-2025,Data Analytics,Project,1.5,96,33.9,In Progress,Intermediate,64,0,Jun
L007839,U074,25-09-2025,Excel,Self Learning,1.5,96.2,45.5,In Progress,Advanced,64.13333333,0,Sep
L007840,U008,01-09-2025,ServiceNow,Certification,4.4,62.6,36.1,In Progress,Advanced,14.22727273,0,Sep
L007841,U176,28-02-2025,Python,Self Learning,3.9,56.2,53.7,In Progress,Intermediate,14.41025641,0,Feb
L007842,U165,12-03-2025,Excel,Workshop,1.2,54.2,78.8,In Progress,Beginner,45.16666667,0,Mar
L007843,U105,14-11-2025,Machine Learning,Workshop,3.7,41.1,65.2,In Progress,Advanced,11.10810811,0,Nov
L007844,U160,23-12-2025,Java,Certification,4,83,44.5,In Progress,Beginner,20.75,0,Dec
L007845,U077,19-08-2025,Cloud,Workshop,4.5,54.4,66.6,Dropped,Intermediate,12.08888889,0,Aug
L007846,U119,22-02-2025,Excel,Online Course,0,0,0,Not Started,Beginner,0,0,Feb
L007847,U063,26-06-2025,ServiceNow,Workshop,2.7,91.5,40.9,In Progress,Intermediate,33.88888889,0,Jun
L007848,U142,06-03-2025,Cloud,Project,4.4,95.9,67.7,In Progress,Intermediate,21.79545455,0,Mar
L007849,U126,15-04-2025,Java,Workshop,4.9,86.8,89,In Progress,Advanced,17.71428571,0,Apr
L007850,U052,14-06-2025,Java,Self Learning,3.7,63.3,90.2,In Progress,Beginner,17.10810811,0,Jun
L007851,U017,13-08-2025,Java,Self Learning,1.5,79.4,27.2,In Progress,Advanced,52.93333333,0,Aug
L007852,U080,05-02-2025,Communication,Certification,3.9,59.3,36.3,In Progress,Intermediate,15.20512821,0,Feb
L007853,U032,21-05-2025,Cloud,Workshop,4.7,93.3,100,Completed,Beginner,19.85106383,1,May
L007854,U096,20-02-2025,ServiceNow,Online Course,1.2,86.4,16,Dropped,Intermediate,72,0,Feb
L007855,U101,08-07-2025,SQL,Online Course,1.6,49.4,90.6,In Progress,Beginner,30.875,0,Jul
L007856,U199,04-11-2025,Power BI,Workshop,0,0,0,Not Started,Beginner,0,0,Nov
L007857,U017,15-12-2025,SQL,Certification,3.4,81.1,62.9,Dropped,Intermediate,23.85294118,0,Dec
L007858,U182,24-09-2025,Power BI,Workshop,1.1,52.3,95.8,In Progress,Advanced,47.54545455,0,Sep
L007859,U074,19-10-2025,Java,Project,0.6,97.3,96.5,In Progress,Intermediate,162.1666667,0,Oct
L007860,U035,13-08-2025,SQL,Self Learning,4,68.2,100,Completed,Advanced,17.05,1,Aug
L007861,U163,13-01-2025,Python,Self Learning,1.8,68.6,95.3,In Progress,Beginner,38.11111111,0,Jan
L007862,U085,04-05-2025,Python,Online Course,0.8,51.8,38.6,In Progress,Intermediate,64.75,0,May
L007863,U008,30-12-2025,Machine Learning,Self Learning,1.4,73.9,18.3,Dropped,Beginner,52.78571429,0,Dec
L007864,U147,30-04-2025,Power BI,Self Learning,4.9,48.8,64.2,Dropped,Intermediate,9.959183673,0,Apr
L007865,U137,31-01-2025,Python,Certification,4.7,95.3,67.4,In Progress,Advanced,20.27659574,0,Jan
L007866,U088,28-07-2025,Excel,Self Learning,3.5,65.3,51.7,Dropped,Intermediate,18.65714286,0,Jul
L007867,U153,16-11-2025,Data Analytics,Workshop,5,76.7,100,Completed,Intermediate,15.34,1,Nov
L007868,U079,19-08-2025,Machine Learning,Project,1.1,53.2,78.3,In Progress,Beginner,48.36363636,0,Aug
L007869,U062,27-09-2025,Java,Certification,3.5,75.6,100,Completed,Beginner,21.6,1,Sep
L007870,U160,31-08-2025,Cloud,Workshop,0.8,74.5,60.9,In Progress,Beginner,93.125,0,Aug
L007871,U091,03-08-2025,Power BI,Self Learning,2.8,53.6,66.5,In Progress,Beginner,19.14285714,0,Aug
L007872,U092,09-04-2025,Power BI,Self Learning,3.2,40.9,31.8,Dropped,Beginner,12.78125,0,Apr
L007873,U177,24-11-2025,SQL,Self Learning,2.9,69.2,11.2,In Progress,Advanced,23.86206897,0,Nov
L007874,U113,04-04-2025,Cloud,Workshop,4.9,58.9,97.2,In Progress,Intermediate,12.02040816,0,Apr
L007875,U183,03-10-2025,Data Analytics,Project,5.7,83.2,14.4,In Progress,Beginner,14.59649123,0,Oct
L007876,U186,15-12-2025,Communication,Project,3.6,91.6,32.3,In Progress,Beginner,25.44444444,0,Dec
L007877,U088,07-04-2025,Cloud,Online Course,4.4,93.2,100,Completed,Advanced,21.18181818,1,Apr
L007878,U129,19-06-2025,SQL,Online Course,3.6,47.9,39.3,In Progress,Advanced,13.30555556,0,Jun
L007879,U093,22-05-2025,ServiceNow,Self Learning,3.5,73.6,84.1,In Progress,Beginner,21.02857143,0,May
L007880,U070,11-05-2025,Java,Workshop,4.9,98.9,7.8,In Progress,Intermediate,20.18367347,0,May
L007881,U146,26-04-2025,SQL,Online Course,5,97.8,18.4,Dropped,Intermediate,19.56,0,Apr
L007882,U131,09-07-2025,Cloud,Project,5.3,72.1,100,Completed,Advanced,13.60377358,1,Jul
L007883,U054,05-04-2025,Java,Project,4.8,46.8,59.8,In Progress,Intermediate,9.75,0,Apr
L007884,U110,19-02-2025,Machine Learning,Workshop,1.2,79.4,20,Dropped,Intermediate,66.16666667,0,Feb
L007885,U011,30-08-2025,SQL,Self Learning,5.2,82,100,Completed,Beginner,15.76923077,1,Aug
L007886,U126,26-05-2025,Machine Learning,Self Learning,2.7,94.3,9,In Progress,Beginner,34.92592593,0,May
L007887,U091,25-10-2025,ServiceNow,Self Learning,2.8,66.8,35.5,In Progress,Beginner,23.85714286,0,Oct
L007888,U026,31-05-2025,Power BI,Workshop,1.2,80.1,57.6,In Progress,Advanced,66.75,0,May
L007889,U063,16-02-2025,Power BI,Workshop,1.4,53.2,70.2,In Progress,Advanced,38,0,Feb
L007890,U142,19-04-2025,Machine Learning,Certification,5.8,61.7,87,In Progress,Beginner,10.63793103,0,Apr
L007891,U038,17-08-2025,Machine Learning,Online Course,0,0,0,Not Started,Intermediate,0,0,Aug
L007892,U182,10-12-2025,Java,Project,1.5,90.1,25.5,In Progress,Beginner,60.06666667,0,Dec
L007893,U198,20-03-2025,Excel,Project,4.9,79.6,20,In Progress,Advanced,16.24489796,0,Mar
L007894,U086,16-10-2025,Excel,Self Learning,2.6,85.4,29.3,In Progress,Advanced,32.84615385,0,Oct
L007895,U059,27-02-2025,Java,Project,4.6,56.5,39.1,In Progress,Intermediate,12.2826087,0,Feb
L007896,U134,31-05-2025,ServiceNow,Workshop,0.5,75.1,13.1,In Progress,Beginner,150.2,0,May
L007897,U112,03-04-2025,Python,Workshop,2,96.4,100,Completed,Intermediate,48.2,1,Apr
L007898,U064,29-05-2025,Data Analytics,Project,0,0,0,Not Started,Advanced,0,0,May
L007899,U109,26-10-2025,Machine Learning,Project,0,0,0,Not Started,Advanced,0,0,Oct
L007900,U113,02-02-2025,ServiceNow,Project,2.9,78,85.3,In Progress,Intermediate,26.89655172,0,Feb
L007901,U199,26-10-2025,Excel,Online Course,4.7,82.8,100,Completed,Beginner,17.61702128,1,Oct
L007902,U132,17-07-2025,ServiceNow,Online Course,5.2,71.1,48.1,In Progress,Advanced,13.67307692,0,Jul
L007903,U043,11-04-2025,Power BI,Online Course,3,92.3,100,Completed,Advanced,30.76666667,1,Apr
L007904,U004,25-01-2025,Data Analytics,Online Course,2.9,68.3,100,Completed,Beginner,23.55172414,1,Jan
L007905,U055,21-05-2025,Java,Online Course,3.4,48.8,83.3,In Progress,Intermediate,14.35294118,0,May
L007906,U174,20-05-2025,Power BI,Self Learning,2.3,95.4,56,In Progress,Beginner,41.47826087,0,May
L007907,U194,01-02-2025,Java,Workshop,1.3,78.5,100,Completed,Beginner,60.38461538,1,Feb
L007908,U060,01-10-2025,Java,Online Course,0.8,52.1,23,In Progress,Advanced,65.125,0,Oct
L007909,U025,16-12-2025,Power BI,Self Learning,0,0,0,Not Started,Advanced,0,0,Dec
L007910,U117,17-02-2025,Power BI,Self Learning,3.1,79.7,81.2,In Progress,Intermediate,25.70967742,0,Feb
L007911,U020,07-02-2025,Data Analytics,Self Learning,0.7,96.8,100,Completed,Beginner,138.2857143,1,Feb
L007912,U175,21-12-2025,Communication,Certification,5,86.8,83.4,In Progress,Intermediate,17.36,0,Dec
L007913,U165,23-09-2025,Machine Learning,Self Learning,4.1,99.2,51.1,In Progress,Beginner,24.19512195,0,Sep
L007914,U003,23-11-2025,Data Analytics,Online Course,2.5,86.3,100,Completed,Beginner,34.52,1,Nov
L007915,U086,05-04-2025,Excel,Workshop,1.4,88.7,95.5,In Progress,Intermediate,63.35714286,0,Apr
L007916,U016,27-04-2025,Data Analytics,Certification,0.7,54.8,49.6,In Progress,Beginner,78.28571429,0,Apr
L007917,U138,23-01-2025,Cloud,Workshop,0,0,0,Not Started,Advanced,0,0,Jan
L007918,U121,10-07-2025,Python,Certification,2.5,67.1,75.2,In Progress,Beginner,26.84,0,Jul
L007919,U076,16-05-2025,Machine Learning,Certification,1,65.5,41.1,In Progress,Advanced,65.5,0,May
L007920,U085,29-08-2025,ServiceNow,Project,2.4,58,76.3,In Progress,Advanced,24.16666667,0,Aug
L007921,U162,24-03-2025,Machine Learning,Project,2.2,89.1,54.3,In Progress,Beginner,40.5,0,Mar
L007922,U063,08-04-2025,Excel,Workshop,3.3,47.5,19,In Progress,Advanced,14.39393939,0,Apr
L007923,U079,11-11-2025,Java,Online Course,5.1,64.9,50.3,In Progress,Intermediate,12.7254902,0,Nov
L007924,U011,03-02-2025,Cloud,Certification,0,0,0,Not Started,Advanced,0,0,Feb
L007925,U033,07-05-2025,Python,Self Learning,4.8,85.5,100,Completed,Beginner,17.8125,1,May
L007926,U068,23-06-2025,Python,Online Course,3.2,95.1,100,Completed,Intermediate,29.71875,1,Jun
L007927,U145,27-05-2025,SQL,Certification,3,83,100,Completed,Beginner,27.66666667,1,May
L007928,U158,15-02-2025,Machine Learning,Self Learning,2,72.3,100,Completed,Beginner,36.15,1,Feb
L007929,U079,16-03-2025,Cloud,Workshop,2.4,61.4,40.4,In Progress,Advanced,25.58333333,0,Mar
L007930,U132,26-12-2025,SQL,Self Learning,5.2,74,68.8,Dropped,Advanced,14.23076923,0,Dec
L007931,U068,25-06-2025,Excel,Certification,4,89.9,100,Completed,Beginner,22.475,1,Jun
L007932,U133,08-04-2025,Communication,Online Course,4.2,51.7,96.6,In Progress,Intermediate,12.30952381,0,Apr
L007933,U157,03-01-2025,Data Analytics,Workshop,0.9,97.8,66.1,In Progress,Advanced,108.6666667,0,Jan
L007934,U108,16-08-2025,SQL,Workshop,5.9,72.1,100,Completed,Beginner,12.22033898,1,Aug
L007935,U190,30-11-2025,SQL,Certification,2.8,61.9,48.2,Dropped,Advanced,22.10714286,0,Nov
L007936,U010,06-10-2025,Communication,Self Learning,3.4,94,43.2,In Progress,Intermediate,27.64705882,0,Oct
L007937,U130,14-03-2025,Communication,Self Learning,2.3,85.1,100,Completed,Beginner,37,1,Mar
L007938,U199,01-03-2025,Power BI,Certification,2.8,95.3,25.6,In Progress,Advanced,34.03571429,0,Mar
L007939,U196,30-05-2025,Data Analytics,Workshop,0,0,0,Not Started,Beginner,0,0,May
L007940,U037,01-09-2025,SQL,Workshop,0,0,0,Not Started,Intermediate,0,0,Sep
L007941,U024,13-09-2025,Data Analytics,Self Learning,3.8,95.3,16.3,In Progress,Advanced,25.07894737,0,Sep
L007942,U125,13-01-2025,Java,Self Learning,1.5,78.3,100,Completed,Intermediate,52.2,1,Jan
L007943,U022,15-02-2025,Power BI,Self Learning,1.6,80.5,1.6,In Progress,Beginner,50.3125,0,Feb
L007944,U133,10-10-2025,Java,Online Course,1.2,79.3,21.4,In Progress,Beginner,66.08333333,0,Oct
L007945,U139,02-06-2025,Python,Certification,4.5,90.2,100,Completed,Intermediate,20.04444444,1,Jun
L007946,U085,26-03-2025,Communication,Certification,2.1,63.9,64.5,In Progress,Beginner,30.42857143,0,Mar
L007947,U198,13-03-2025,ServiceNow,Self Learning,6,72.6,33,In Progress,Beginner,12.1,0,Mar
L007948,U003,14-12-2025,Python,Certification,0,0,0,Not Started,Beginner,0,0,Dec
L007949,U073,01-01-2025,ServiceNow,Self Learning,5,76.4,100,Completed,Intermediate,15.28,1,Jan
L007950,U091,09-01-2025,Communication,Certification,4,87.8,73.7,In Progress,Beginner,21.95,0,Jan
L007951,U101,03-12-2025,Machine Learning,Project,3.9,89.4,67.2,In Progress,Advanced,22.92307692,0,Dec
L007952,U169,15-06-2025,Data Analytics,Workshop,0.6,83.8,100,Completed,Beginner,139.6666667,1,Jun
L007953,U044,30-05-2025,Excel,Workshop,5.6,66.5,100,Completed,Beginner,11.875,1,May
L007954,U098,19-01-2025,Java,Workshop,5.8,93.5,100,Completed,Advanced,16.12068966,1,Jan
L007955,U168,24-08-2025,Machine Learning,Self Learning,3.1,68.9,15.8,In Progress,Intermediate,22.22580645,0,Aug
L007956,U123,02-10-2025,Communication,Project,3.5,85,33.2,Dropped,Intermediate,24.28571429,0,Oct
L007957,U006,28-06-2025,Excel,Self Learning,3.5,57.3,76.9,In Progress,Intermediate,16.37142857,0,Jun
L007958,U146,14-03-2025,Data Analytics,Self Learning,4.9,97.8,74.4,In Progress,Beginner,19.95918367,0,Mar
L007959,U146,11-11-2025,ServiceNow,Self Learning,0,0,0,Not Started,Advanced,0,0,Nov
L007960,U019,20-01-2025,ServiceNow,Workshop,2.6,49.3,29.9,Dropped,Intermediate,18.96153846,0,Jan
L007961,U100,31-08-2025,SQL,Self Learning,3.2,99.6,36.8,In Progress,Advanced,31.125,0,Aug
L007962,U191,05-10-2025,Excel,Self Learning,3.1,87.4,100,Completed,Beginner,28.19354839,1,Oct
L007963,U120,30-09-2025,Python,Certification,4.9,50.9,88.4,In Progress,Intermediate,10.3877551,0,Sep
L007964,U065,17-03-2025,Python,Workshop,3.2,67.4,78.5,In Progress,Advanced,21.0625,0,Mar
L007965,U181,03-02-2025,SQL,Workshop,2.8,75.5,100,Completed,Intermediate,26.96428571,1,Feb
L007966,U116,11-12-2025,Communication,Project,3,96.9,52.9,In Progress,Beginner,32.3,0,Dec
L007967,U114,12-09-2025,Cloud,Online Course,4.5,51.4,11.3,Dropped,Intermediate,11.42222222,0,Sep
L007968,U097,17-09-2025,Machine Learning,Certification,1.3,69.3,99.8,In Progress,Intermediate,53.30769231,0,Sep
L007969,U118,02-06-2025,Excel,Project,2.2,65.4,100,Completed,Beginner,29.72727273,1,Jun
L007970,U012,04-09-2025,Python,Self Learning,5.2,84.8,100,Completed,Beginner,16.30769231,1,Sep
L007971,U103,06-07-2025,Power BI,Certification,4.8,78.2,96.5,In Progress,Advanced,16.29166667,0,Jul
L007972,U025,20-06-2025,Machine Learning,Self Learning,0,0,0,Not Started,Advanced,0,0,Jun
L007973,U175,18-03-2025,Cloud,Online Course,1.8,79.1,100,Completed,Advanced,43.94444444,1,Mar
L007974,U128,25-04-2025,Machine Learning,Project,1.3,45.1,31.4,In Progress,Advanced,34.69230769,0,Apr
L007975,U074,06-07-2025,ServiceNow,Online Course,1.8,86.6,2.1,In Progress,Beginner,48.11111111,0,Jul
L007976,U019,21-02-2025,Power BI,Project,4.2,82.3,100,Completed,Beginner,19.5952381,1,Feb
L007977,U179,29-05-2025,Data Analytics,Certification,0,0,0,Not Started,Beginner,0,0,May
L007978,U128,07-06-2025,SQL,Workshop,5.4,65.4,100,Completed,Intermediate,12.11111111,1,Jun
L007979,U032,26-01-2025,ServiceNow,Online Course,3.8,87.3,12.1,In Progress,Beginner,22.97368421,0,Jan
L007980,U172,20-01-2025,Data Analytics,Workshop,3.5,83,20.4,In Progress,Intermediate,23.71428571,0,Jan
L007981,U003,18-11-2025,ServiceNow,Certification,1.1,58.6,43.3,Dropped,Intermediate,53.27272727,0,Nov
L007982,U121,30-12-2025,Machine Learning,Self Learning,1,67.5,100,Completed,Advanced,67.5,1,Dec
L007983,U121,12-03-2025,Python,Online Course,1.3,81,93,In Progress,Beginner,62.30769231,0,Mar
L007984,U064,01-08-2025,Excel,Online Course,4,78.7,100,Completed,Advanced,19.675,1,Aug
L007985,U057,04-04-2025,Excel,Self Learning,3.3,79.2,100,Completed,Intermediate,24,1,Apr
L007986,U033,05-10-2025,Java,Certification,2.4,99.3,100,Completed,Beginner,41.375,1,Oct
L007987,U131,18-02-2025,SQL,Certification,0.5,89.5,67.9,In Progress,Intermediate,179,0,Feb
L007988,U103,24-08-2025,Machine Learning,Self Learning,0.7,49.4,98.2,In Progress,Advanced,70.57142857,0,Aug
L007989,U051,24-02-2025,Java,Project,3.8,73.5,17.6,Dropped,Beginner,19.34210526,0,Feb
L007990,U178,31-10-2025,Python,Project,2.1,57.3,98.3,In Progress,Beginner,27.28571429,0,Oct
L007991,U159,25-10-2025,ServiceNow,Online Course,1.6,81,16.7,Dropped,Beginner,50.625,0,Oct
L007992,U097,31-03-2025,Java,Workshop,5.3,68.5,73,In Progress,Advanced,12.9245283,0,Mar
L007993,U119,11-01-2025,ServiceNow,Online Course,0.8,83.9,80.4,In Progress,Advanced,104.875,0,Jan
L007994,U015,30-08-2025,ServiceNow,Workshop,2.1,44.9,19.4,In Progress,Advanced,21.38095238,0,Aug
L007995,U044,14-12-2025,ServiceNow,Workshop,5.8,73.5,100,Completed,Beginner,12.67241379,1,Dec
L007996,U165,06-05-2025,Power BI,Workshop,1,79,100,Completed,Advanced,79,1,May
L007997,U079,03-07-2025,Cloud,Online Course,5,75,33.9,In Progress,Advanced,15,0,Jul
L007998,U133,28-02-2025,SQL,Certification,2.7,60.9,48.8,In Progress,Advanced,22.55555556,0,Feb
L007999,U122,05-04-2025,Communication,Self Learning,2.6,76.3,62.7,In Progress,Intermediate,29.34615385,0,Apr
L008000,U114,12-12-2025,Cloud,Project,1.2,71.3,47.7,In Progress,Intermediate,59.41666667,0,Dec
L008001,U166,30-04-2025,Cloud,Online Course,5,85.4,100,Completed,Intermediate,17.08,1,Apr
L008002,U088,10-06-2025,Machine Learning,Workshop,5.5,71.5,5,In Progress,Beginner,13,0,Jun
L008003,U092,11-07-2025,Communication,Workshop,3.4,65.4,100,Completed,Intermediate,19.23529412,1,Jul
L008004,U188,26-11-2025,Python,Certification,3.6,86.2,100,Completed,Advanced,23.94444444,1,Nov
L008005,U085,30-12-2025,Power BI,Certification,1.9,66.7,100,Completed,Beginner,35.10526316,1,Dec
L008006,U136,06-05-2025,SQL,Certification,0.8,89.5,100,Completed,Advanced,111.875,1,May
L008007,U136,23-12-2025,Power BI,Project,2.6,44.7,55.9,In Progress,Beginner,17.19230769,0,Dec
L008008,U088,26-12-2025,Cloud,Certification,0.8,62.1,34.4,In Progress,Intermediate,77.625,0,Dec
L008009,U178,29-08-2025,ServiceNow,Project,0,0,0,Not Started,Intermediate,0,0,Aug
L008010,U118,26-05-2025,Data Analytics,Workshop,1,90.5,100,Completed,Intermediate,90.5,1,May
L008011,U144,18-08-2025,Data Analytics,Self Learning,1.6,66.3,100,Completed,Beginner,41.4375,1,Aug
L008012,U026,08-03-2025,SQL,Project,6,92.7,100,Completed,Beginner,15.45,1,Mar
L008013,U167,01-04-2025,Java,Workshop,0.6,49.4,21.6,In Progress,Advanced,82.33333333,0,Apr
L008014,U030,01-08-2025,Java,Project,4.6,71.3,80.8,In Progress,Beginner,15.5,0,Aug
L008015,U162,03-06-2025,ServiceNow,Workshop,4.8,97.6,100,Completed,Advanced,20.33333333,1,Jun
L008016,U133,27-05-2025,Machine Learning,Self Learning,5.9,99.9,12.1,In Progress,Advanced,16.93220339,0,May
L008017,U155,23-06-2025,Excel,Online Course,0.7,70.5,100,Completed,Advanced,100.7142857,1,Jun
L008018,U024,05-07-2025,Power BI,Workshop,3.5,80.1,92.5,In Progress,Beginner,22.88571429,0,Jul
L008019,U051,06-12-2025,Java,Online Course,0,0,0,Not Started,Advanced,0,0,Dec
L008020,U010,30-10-2025,Java,Online Course,0.7,65.6,92.6,In Progress,Advanced,93.71428571,0,Oct
L008021,U179,30-09-2025,Communication,Workshop,3.8,43.2,74,In Progress,Beginner,11.36842105,0,Sep
L008022,U113,19-06-2025,Excel,Online Course,4,62,76.4,In Progress,Beginner,15.5,0,Jun
L008023,U065,24-09-2025,SQL,Certification,5.6,65,27.9,In Progress,Advanced,11.60714286,0,Sep
L008024,U186,20-04-2025,Cloud,Certification,0.8,64.4,95.4,In Progress,Advanced,80.5,0,Apr
L008025,U038,30-08-2025,Communication,Workshop,2.6,74.9,88.5,In Progress,Beginner,28.80769231,0,Aug
L008026,U043,26-01-2025,Cloud,Self Learning,1.4,88.5,100,Completed,Beginner,63.21428571,1,Jan
L008027,U138,22-04-2025,Data Analytics,Certification,3,99.7,100,Completed,Beginner,33.23333333,1,Apr
L008028,U182,25-12-2025,Java,Online Course,4.3,76.5,100,Completed,Beginner,17.79069767,1,Dec
L008029,U122,29-08-2025,SQL,Online Course,5.1,44.3,65.2,Dropped,Beginner,8.68627451,0,Aug
L008030,U143,18-01-2025,Power BI,Project,5.3,45.6,72.2,In Progress,Beginner,8.603773585,0,Jan
L008031,U077,22-04-2025,Excel,Workshop,1.2,88.2,72.5,In Progress,Advanced,73.5,0,Apr
L008032,U062,24-12-2025,Cloud,Online Course,1,95.8,100,Completed,Advanced,95.8,1,Dec
L008033,U119,01-02-2025,Python,Self Learning,1.1,85.6,100,Completed,Intermediate,77.81818182,1,Feb
L008034,U132,29-12-2025,ServiceNow,Certification,3.8,47.5,69.4,In Progress,Beginner,12.5,0,Dec
L008035,U178,10-05-2025,Data Analytics,Online Course,5.6,68.8,100,Completed,Advanced,12.28571429,1,May
L008036,U050,23-01-2025,SQL,Workshop,2.3,86.8,94.3,In Progress,Intermediate,37.73913043,0,Jan
L008037,U115,08-01-2025,Power BI,Project,2.6,68.8,100,Completed,Advanced,26.46153846,1,Jan
L008038,U027,26-12-2025,Communication,Workshop,4.3,74.3,100,Completed,Intermediate,17.27906977,1,Dec
L008039,U102,05-07-2025,Machine Learning,Online Course,3.5,68.1,100,Completed,Advanced,19.45714286,1,Jul
L008040,U032,07-01-2025,ServiceNow,Self Learning,5,87.9,58.1,In Progress,Beginner,17.58,0,Jan
L008041,U086,27-09-2025,Java,Certification,0,0,0,Not Started,Intermediate,0,0,Sep
L008042,U063,10-12-2025,Python,Online Course,5.9,73.7,50.5,In Progress,Beginner,12.49152542,0,Dec
L008043,U056,15-04-2025,Machine Learning,Project,5.6,62.9,35.8,In Progress,Intermediate,11.23214286,0,Apr
L008044,U011,20-08-2025,Data Analytics,Certification,5.3,60.3,51.2,Dropped,Intermediate,11.37735849,0,Aug
L008045,U131,21-10-2025,Power BI,Project,1.5,86.8,100,Completed,Beginner,57.86666667,1,Oct
L008046,U057,31-01-2025,SQL,Certification,2.2,90.4,12.2,In Progress,Beginner,41.09090909,0,Jan
L008047,U064,22-05-2025,Cloud,Self Learning,2,67.3,38,In Progress,Intermediate,33.65,0,May
L008048,U162,10-08-2025,Data Analytics,Certification,3.2,89.1,100,Completed,Advanced,27.84375,1,Aug
L008049,U169,19-06-2025,Excel,Workshop,1.4,76.1,100,Completed,Intermediate,54.35714286,1,Jun
L008050,U033,29-04-2025,Power BI,Workshop,1.5,99.7,100,Completed,Intermediate,66.46666667,1,Apr
L008051,U089,19-02-2025,SQL,Self Learning,5.1,70.7,100,Completed,Beginner,13.8627451,1,Feb
L008052,U140,11-10-2025,Communication,Project,1.7,95.4,75.4,In Progress,Beginner,56.11764706,0,Oct
L008053,U145,05-03-2025,Python,Self Learning,5.6,59.7,40.9,In Progress,Intermediate,10.66071429,0,Mar
L008054,U181,23-07-2025,Data Analytics,Certification,1,95.9,100,Completed,Intermediate,95.9,1,Jul
L008055,U031,17-07-2025,SQL,Project,0,0,0,Not Started,Advanced,0,0,Jul
L008056,U097,01-05-2025,Communication,Online Course,0,0,0,Not Started,Advanced,0,0,May
L008057,U169,04-08-2025,Cloud,Project,4.9,70.6,100,Completed,Advanced,14.40816327,1,Aug
L008058,U018,30-08-2025,Java,Project,1.1,72,48.8,Dropped,Intermediate,65.45454545,0,Aug
L008059,U126,10-07-2025,ServiceNow,Online Course,2.5,87.4,82.9,In Progress,Intermediate,34.96,0,Jul
L008060,U199,23-10-2025,SQL,Project,3.7,98.3,20.5,In Progress,Intermediate,26.56756757,0,Oct
L008061,U131,26-10-2025,Machine Learning,Online Course,1.3,68.2,89.1,In Progress,Advanced,52.46153846,0,Oct
L008062,U123,06-10-2025,Java,Workshop,5.6,54.5,27.1,In Progress,Intermediate,9.732142857,0,Oct
L008063,U076,05-01-2025,Machine Learning,Project,0.8,75.2,100,Completed,Beginner,94,1,Jan
L008064,U130,27-11-2025,Cloud,Workshop,1.4,43.5,53.4,In Progress,Beginner,31.07142857,0,Nov
L008065,U194,19-02-2025,Excel,Project,1.6,91.2,100,Completed,Beginner,57,1,Feb
L008066,U043,23-04-2025,Excel,Project,3,99,68.5,Dropped,Advanced,33,0,Apr
L008067,U028,22-03-2025,Excel,Workshop,1.7,61.2,22.6,In Progress,Intermediate,36,0,Mar
L008068,U172,14-03-2025,SQL,Project,0,0,0,Not Started,Advanced,0,0,Mar
L008069,U200,13-09-2025,Power BI,Online Course,2.8,98.8,100,Completed,Advanced,35.28571429,1,Sep
L008070,U037,08-02-2025,Power BI,Workshop,4.2,99.1,100,Completed,Intermediate,23.5952381,1,Feb
L008071,U087,05-11-2025,Machine Learning,Workshop,1.2,65.7,100,Completed,Advanced,54.75,1,Nov
L008072,U136,24-12-2025,Python,Workshop,3.7,87.3,75.3,In Progress,Advanced,23.59459459,0,Dec
L008073,U086,02-11-2025,SQL,Online Course,4.2,63.1,49.2,In Progress,Intermediate,15.02380952,0,Nov
L008074,U026,02-11-2025,ServiceNow,Workshop,3,93.6,45.3,In Progress,Intermediate,31.2,0,Nov
L008075,U010,10-09-2025,Python,Online Course,5.7,85.3,54.3,In Progress,Beginner,14.96491228,0,Sep
L008076,U143,18-12-2025,ServiceNow,Self Learning,0,0,0,Not Started,Advanced,0,0,Dec
L008077,U045,23-06-2025,Cloud,Certification,1.5,49.7,20.5,Dropped,Intermediate,33.13333333,0,Jun
L008078,U165,30-10-2025,Power BI,Workshop,6,57.7,53,In Progress,Intermediate,9.616666667,0,Oct
L008079,U144,10-09-2025,SQL,Certification,1.3,50.4,38.7,Dropped,Advanced,38.76923077,0,Sep
L008080,U003,06-01-2025,ServiceNow,Workshop,5.3,65.6,42.4,In Progress,Advanced,12.37735849,0,Jan
L008081,U132,25-04-2025,Excel,Online Course,3.4,98.1,100,Completed,Intermediate,28.85294118,1,Apr
L008082,U168,24-12-2025,SQL,Certification,0,0,0,Not Started,Beginner,0,0,Dec
L008083,U055,04-12-2025,Power BI,Online Course,4.4,84.5,100,Completed,Beginner,19.20454545,1,Dec
L008084,U044,28-01-2025,SQL,Project,4.8,85.5,100,Completed,Beginner,17.8125,1,Jan
L008085,U094,16-03-2025,Communication,Self Learning,2.7,65.5,19.1,In Progress,Intermediate,24.25925926,0,Mar
L008086,U116,27-11-2025,Cloud,Workshop,3.8,44.4,1.1,In Progress,Advanced,11.68421053,0,Nov
L008087,U194,30-07-2025,Communication,Project,2,75.1,40.8,In Progress,Beginner,37.55,0,Jul
L008088,U060,19-12-2025,SQL,Online Course,2.1,64.3,83.7,In Progress,Advanced,30.61904762,0,Dec
L008089,U138,30-09-2025,Cloud,Certification,0,0,0,Not Started,Intermediate,0,0,Sep
L008090,U146,20-12-2025,Data Analytics,Self Learning,1.8,81,66.1,In Progress,Intermediate,45,0,Dec
L008091,U188,27-07-2025,SQL,Self Learning,3.5,83.2,100,Completed,Beginner,23.77142857,1,Jul
L008092,U173,31-05-2025,Excel,Certification,0,0,0,Not Started,Advanced,0,0,May
L008093,U014,19-05-2025,ServiceNow,Self Learning,2.8,76.3,100,Completed,Advanced,27.25,1,May
L008094,U022,31-08-2025,Python,Project,2.1,69.8,96.6,In Progress,Advanced,33.23809524,0,Aug
L008095,U115,28-11-2025,Excel,Self Learning,1.2,51.8,86.8,In Progress,Beginner,43.16666667,0,Nov
L008096,U098,16-07-2025,ServiceNow,Certification,3.9,69.7,74.8,In Progress,Beginner,17.87179487,0,Jul
L008097,U167,12-05-2025,Python,Certification,5.4,94.9,3.2,In Progress,Beginner,17.57407407,0,May
L008098,U054,11-08-2025,Java,Workshop,0,0,0,Not Started,Advanced,0,0,Aug
L008099,U019,07-02-2025,Python,Project,2.1,60,13.1,In Progress,Advanced,28.57142857,0,Feb
L008100,U082,19-10-2025,Java,Workshop,3.9,58.3,43.5,In Progress,Advanced,14.94871795,0,Oct
L008101,U138,28-04-2025,Machine Learning,Workshop,3.9,68.7,18.7,In Progress,Beginner,17.61538462,0,Apr
L008102,U012,14-05-2025,Communication,Project,5.9,83.3,100,Completed,Advanced,14.11864407,1,May
L008103,U154,16-02-2025,Communication,Workshop,4.7,51.1,22.2,In Progress,Intermediate,10.87234043,0,Feb
L008104,U168,25-09-2025,Excel,Project,1,66.3,21.8,In Progress,Advanced,66.3,0,Sep
L008105,U131,27-12-2025,Python,Self Learning,1.9,94.3,6.8,In Progress,Advanced,49.63157895,0,Dec
L008106,U055,23-07-2025,Power BI,Online Course,2.2,97.1,53.7,In Progress,Intermediate,44.13636364,0,Jul
L008107,U018,08-12-2025,Machine Learning,Workshop,0,0,0,Not Started,Intermediate,0,0,Dec
L008108,U008,26-08-2025,Cloud,Workshop,0.8,78,5.6,In Progress,Beginner,97.5,0,Aug
L008109,U064,17-03-2025,Machine Learning,Project,3,55.2,27,In Progress,Beginner,18.4,0,Mar
L008110,U027,06-02-2025,Data Analytics,Certification,2.1,53.1,33.1,In Progress,Beginner,25.28571429,0,Feb
L008111,U047,25-11-2025,Communication,Online Course,0,0,0,Not Started,Advanced,0,0,Nov
L008112,U195,14-09-2025,Cloud,Workshop,4.6,87,100,Completed,Advanced,18.91304348,1,Sep
L008113,U037,04-11-2025,Excel,Workshop,0,0,0,Not Started,Advanced,0,0,Nov
L008114,U124,20-02-2025,Cloud,Certification,5.4,68.7,100,Completed,Advanced,12.72222222,1,Feb
L008115,U005,16-01-2025,Python,Online Course,3.5,43.1,22.5,In Progress,Beginner,12.31428571,0,Jan
L008116,U024,07-07-2025,Java,Workshop,3.1,91.6,53.6,In Progress,Intermediate,29.5483871,0,Jul
L008117,U126,18-08-2025,Cloud,Self Learning,4.7,94.8,16.8,In Progress,Advanced,20.17021277,0,Aug
L008118,U196,06-11-2025,Communication,Online Course,1.7,81.8,100,Completed,Intermediate,48.11764706,1,Nov
L008119,U023,01-12-2025,Excel,Certification,2.4,88,68.6,In Progress,Advanced,36.66666667,0,Dec
L008120,U137,01-06-2025,Excel,Certification,5.7,57.3,57.4,In Progress,Beginner,10.05263158,0,Jun
L008121,U054,13-11-2025,Python,Certification,3.4,84.9,19.7,In Progress,Intermediate,24.97058824,0,Nov
L008122,U001,28-03-2025,Communication,Self Learning,2.3,77.7,52.4,In Progress,Advanced,33.7826087,0,Mar
L008123,U199,23-02-2025,Cloud,Self Learning,1.5,80.7,13.6,Dropped,Beginner,53.8,0,Feb
L008124,U167,29-06-2025,Python,Project,0.8,57.1,24,In Progress,Advanced,71.375,0,Jun
L008125,U177,08-10-2025,Machine Learning,Project,3.9,97.3,100,Completed,Advanced,24.94871795,1,Oct
L008126,U023,03-06-2025,Excel,Workshop,5.4,89.3,100,Completed,Intermediate,16.53703704,1,Jun
L008127,U062,10-05-2025,ServiceNow,Certification,4.6,80.8,100,Completed,Advanced,17.56521739,1,May
L008128,U013,04-06-2025,Cloud,Self Learning,2.7,43.8,39.4,In Progress,Beginner,16.22222222,0,Jun
L008129,U054,27-08-2025,Cloud,Self Learning,5.4,87.4,100,Completed,Beginner,16.18518519,1,Aug
L008130,U180,09-09-2025,Python,Workshop,5.3,74.5,100,Completed,Beginner,14.05660377,1,Sep
L008131,U118,21-03-2025,Machine Learning,Certification,0.5,83.6,14.3,In Progress,Beginner,167.2,0,Mar
L008132,U180,17-07-2025,Machine Learning,Workshop,5.1,95.3,13.3,In Progress,Intermediate,18.68627451,0,Jul
L008133,U060,30-06-2025,ServiceNow,Self Learning,5.6,45.2,47,In Progress,Beginner,8.071428571,0,Jun
L008134,U077,20-05-2025,Data Analytics,Self Learning,2.1,83.2,38.6,In Progress,Beginner,39.61904762,0,May
L008135,U172,07-12-2025,SQL,Project,4,44,17.3,Dropped,Advanced,11,0,Dec
L008136,U045,22-10-2025,Cloud,Self Learning,4.3,78.9,100,Completed,Intermediate,18.34883721,1,Oct
L008137,U110,20-10-2025,SQL,Certification,0.6,85.2,100,Completed,Intermediate,142,1,Oct
L008138,U161,30-09-2025,Data Analytics,Certification,5.3,57,59.8,In Progress,Beginner,10.75471698,0,Sep
L008139,U195,02-06-2025,SQL,Self Learning,0.8,60.1,48.7,In Progress,Intermediate,75.125,0,Jun
L008140,U109,24-10-2025,Cloud,Project,0,0,0,Not Started,Advanced,0,0,Oct
L008141,U080,09-10-2025,Power BI,Online Course,4.8,43.3,89.7,In Progress,Beginner,9.020833333,0,Oct
L008142,U187,20-01-2025,Power BI,Workshop,3.5,40.3,91.1,In Progress,Intermediate,11.51428571,0,Jan
L008143,U087,25-08-2025,Communication,Certification,4.3,84.1,100,Completed,Intermediate,19.55813953,1,Aug
L008144,U089,24-05-2025,Machine Learning,Certification,3.9,66.1,76.2,In Progress,Advanced,16.94871795,0,May
L008145,U134,28-08-2025,Power BI,Project,0,0,0,Not Started,Advanced,0,0,Aug
L008146,U117,07-08-2025,ServiceNow,Certification,0.6,71.1,81.4,In Progress,Advanced,118.5,0,Aug
L008147,U086,01-01-2025,Cloud,Project,0,0,0,Not Started,Beginner,0,0,Jan
L008148,U159,13-06-2025,Cloud,Online Course,5.1,79.2,21.5,Dropped,Beginner,15.52941176,0,Jun
L008149,U115,05-03-2025,SQL,Online Course,4.2,81.8,18.7,In Progress,Beginner,19.47619048,0,Mar
L008150,U035,01-01-2025,Communication,Online Course,1.3,44.5,6.8,In Progress,Beginner,34.23076923,0,Jan
L008151,U001,26-06-2025,ServiceNow,Workshop,3.7,43.3,60.1,In Progress,Intermediate,11.7027027,0,Jun
L008152,U197,16-11-2025,Cloud,Online Course,3.1,91.9,47.4,In Progress,Intermediate,29.64516129,0,Nov
L008153,U068,31-08-2025,Machine Learning,Workshop,3.7,78,41.4,Dropped,Beginner,21.08108108,0,Aug
L008154,U192,09-07-2025,Python,Workshop,1.3,83.3,100,Completed,Advanced,64.07692308,1,Jul
L008155,U154,30-06-2025,Excel,Online Course,2,73.9,7.6,In Progress,Beginner,36.95,0,Jun
L008156,U046,02-08-2025,Cloud,Self Learning,1.4,87,100,Completed,Advanced,62.14285714,1,Aug
L008157,U174,26-02-2025,Java,Certification,0,0,0,Not Started,Advanced,0,0,Feb
L008158,U028,13-09-2025,ServiceNow,Online Course,4.5,96.7,100,Completed,Beginner,21.48888889,1,Sep
L008159,U133,02-03-2025,SQL,Workshop,2.3,56.9,8.2,In Progress,Advanced,24.73913043,0,Mar
L008160,U115,17-03-2025,SQL,Self Learning,0,0,0,Not Started,Intermediate,0,0,Mar
L008161,U190,01-10-2025,Communication,Certification,5.4,85.5,100,Completed,Advanced,15.83333333,1,Oct
L008162,U030,16-05-2025,SQL,Online Course,0.8,89.9,50.9,Dropped,Beginner,112.375,0,May
L008163,U035,26-04-2025,Power BI,Online Course,4.3,44.3,51.9,In Progress,Intermediate,10.30232558,0,Apr
L008164,U147,06-08-2025,Machine Learning,Online Course,1.6,92.7,100,Completed,Advanced,57.9375,1,Aug
L008165,U097,14-05-2025,Power BI,Online Course,5.3,63.1,97.4,In Progress,Advanced,11.90566038,0,May
L008166,U171,19-06-2025,SQL,Workshop,4.2,72.1,18.4,Dropped,Beginner,17.16666667,0,Jun
L008167,U014,18-01-2025,Communication,Certification,0.7,74,7.8,In Progress,Advanced,105.7142857,0,Jan
L008168,U012,09-09-2025,Java,Online Course,2.3,81.9,100,Completed,Beginner,35.60869565,1,Sep
L008169,U074,19-10-2025,Machine Learning,Self Learning,3.7,60.8,10,Dropped,Beginner,16.43243243,0,Oct
L008170,U126,08-09-2025,ServiceNow,Self Learning,1,53.1,7.4,In Progress,Advanced,53.1,0,Sep
L008171,U062,04-05-2025,Python,Self Learning,4,70.3,100,Completed,Intermediate,17.575,1,May
L008172,U079,22-10-2025,Cloud,Online Course,2.7,70.5,7.2,In Progress,Advanced,26.11111111,0,Oct
L008173,U121,22-11-2025,Python,Certification,4.3,62,22.5,In Progress,Advanced,14.41860465,0,Nov
L008174,U110,17-09-2025,Communication,Certification,5.9,83.6,71,In Progress,Advanced,14.16949153,0,Sep
L008175,U189,27-01-2025,Communication,Project,3.2,50.1,3.8,In Progress,Intermediate,15.65625,0,Jan
L008176,U131,28-07-2025,Excel,Project,4.4,95.1,100,Completed,Advanced,21.61363636,1,Jul
L008177,U150,15-06-2025,SQL,Certification,3.2,47.1,30.9,Dropped,Advanced,14.71875,0,Jun
L008178,U117,31-03-2025,Communication,Workshop,0.7,42.3,19.7,In Progress,Beginner,60.42857143,0,Mar
L008179,U124,05-06-2025,Power BI,Self Learning,2.7,73.5,13.9,In Progress,Intermediate,27.22222222,0,Jun
L008180,U145,27-02-2025,Data Analytics,Workshop,0,0,0,Not Started,Beginner,0,0,Feb
L008181,U051,20-06-2025,ServiceNow,Online Course,2,75.6,66.9,In Progress,Beginner,37.8,0,Jun
L008182,U001,17-03-2025,Python,Self Learning,5.9,69.2,14.2,In Progress,Intermediate,11.72881356,0,Mar
L008183,U135,11-09-2025,Cloud,Online Course,1.1,88,100,Completed,Intermediate,80,1,Sep
L008184,U140,02-01-2025,Java,Self Learning,4.4,75,21.2,Dropped,Advanced,17.04545455,0,Jan
L008185,U141,28-03-2025,Machine Learning,Project,0,0,0,Not Started,Intermediate,0,0,Mar
L008186,U176,16-08-2025,Communication,Online Course,4.1,83.4,39.5,Dropped,Beginner,20.34146341,0,Aug
L008187,U004,02-02-2025,Python,Certification,3.7,98.5,12.8,In Progress,Advanced,26.62162162,0,Feb
L008188,U141,22-09-2025,Data Analytics,Online Course,2.3,90.3,100,Completed,Advanced,39.26086957,1,Sep
L008189,U141,23-11-2025,ServiceNow,Certification,5.9,53.2,21.7,In Progress,Beginner,9.016949153,0,Nov
L008190,U187,09-11-2025,Power BI,Certification,4,99.8,89.8,In Progress,Beginner,24.95,0,Nov
L008191,U195,22-01-2025,Communication,Certification,2.3,43.6,82.1,In Progress,Intermediate,18.95652174,0,Jan
L008192,U026,18-05-2025,Java,Certification,5.8,54.1,0.4,In Progress,Intermediate,9.327586207,0,May
L008193,U173,30-12-2025,Python,Workshop,0,0,0,Not Started,Intermediate,0,0,Dec
L008194,U047,19-04-2025,Communication,Online Course,5.1,69,100,Completed,Intermediate,13.52941176,1,Apr
L008195,U197,10-01-2025,Excel,Certification,0,0,0,Not Started,Intermediate,0,0,Jan
L008196,U059,19-09-2025,Power BI,Online Course,1.7,49,66,In Progress,Beginner,28.82352941,0,Sep
L008197,U159,12-07-2025,Excel,Certification,3.5,94.7,65.8,In Progress,Intermediate,27.05714286,0,Jul
L008198,U077,13-06-2025,Java,Certification,3,65.5,5.9,In Progress,Intermediate,21.83333333,0,Jun
L008199,U142,15-08-2025,Java,Project,1.1,86.9,67.1,In Progress,Advanced,79,0,Aug
L008200,U027,19-03-2025,Data Analytics,Project,5.8,99.8,77.4,In Progress,Intermediate,17.20689655,0,Mar
L008201,U095,14-11-2025,Machine Learning,Online Course,0,0,0,Not Started,Intermediate,0,0,Nov
L008202,U092,27-12-2025,Java,Online Course,2.2,60.6,4.7,In Progress,Intermediate,27.54545455,0,Dec
L008203,U027,15-05-2025,ServiceNow,Certification,3.9,91.8,7,In Progress,Intermediate,23.53846154,0,May
L008204,U014,24-03-2025,Power BI,Project,4.3,89.6,100,Completed,Beginner,20.8372093,1,Mar
L008205,U108,24-03-2025,Machine Learning,Online Course,5.7,70.8,40.7,Dropped,Beginner,12.42105263,0,Mar
L008206,U008,08-12-2025,Communication,Workshop,3.6,67.3,94.7,In Progress,Intermediate,18.69444444,0,Dec
L008207,U045,14-09-2025,Power BI,Workshop,2.5,73.8,59,In Progress,Intermediate,29.52,0,Sep
L008208,U012,02-04-2025,Data Analytics,Self Learning,3.8,76.5,21.2,In Progress,Advanced,20.13157895,0,Apr
L008209,U114,09-07-2025,Cloud,Online Course,3.5,46.4,21.8,Dropped,Advanced,13.25714286,0,Jul
L008210,U048,02-02-2025,Data Analytics,Project,0,0,0,Not Started,Intermediate,0,0,Feb
L008211,U158,20-10-2025,Python,Online Course,5.6,53,47.8,In Progress,Beginner,9.464285714,0,Oct
L008212,U043,04-05-2025,SQL,Project,2.3,97,100,Completed,Advanced,42.17391304,1,May
L008213,U053,02-06-2025,Excel,Online Course,4,91.6,87.6,In Progress,Beginner,22.9,0,Jun
L008214,U030,01-09-2025,ServiceNow,Project,3.1,99.1,40.2,In Progress,Intermediate,31.96774194,0,Sep
L008215,U120,15-11-2025,Machine Learning,Online Course,5.6,98.1,38,In Progress,Beginner,17.51785714,0,Nov
L008216,U050,09-02-2025,Cloud,Online Course,1.2,90.1,46.8,In Progress,Beginner,75.08333333,0,Feb
L008217,U200,19-07-2025,ServiceNow,Certification,1.9,85,8.2,In Progress,Intermediate,44.73684211,0,Jul
L008218,U091,08-01-2025,SQL,Certification,0.7,65,100,Completed,Beginner,92.85714286,1,Jan
L008219,U034,04-10-2025,Excel,Workshop,1.4,73.7,100,Completed,Intermediate,52.64285714,1,Oct
L008220,U189,08-01-2025,Power BI,Workshop,5.1,98.2,91,In Progress,Advanced,19.25490196,0,Jan
L008221,U195,16-05-2025,Java,Online Course,0,0,0,Not Started,Intermediate,0,0,May
L008222,U007,09-07-2025,Java,Self Learning,2.8,72.4,1.6,In Progress,Advanced,25.85714286,0,Jul
L008223,U161,03-12-2025,Cloud,Workshop,0,0,0,Not Started,Beginner,0,0,Dec
L008224,U192,21-04-2025,Data Analytics,Project,5.9,65.4,34.4,In Progress,Advanced,11.08474576,0,Apr
L008225,U011,12-04-2025,Machine Learning,Workshop,4.4,46.2,92.5,In Progress,Intermediate,10.5,0,Apr
L008226,U174,18-07-2025,Java,Workshop,0.8,77.4,33,In Progress,Beginner,96.75,0,Jul
L008227,U192,15-06-2025,Data Analytics,Workshop,3.9,81.4,100,Completed,Beginner,20.87179487,1,Jun
L008228,U128,15-11-2025,Power BI,Self Learning,1,71.9,100,Completed,Intermediate,71.9,1,Nov
L008229,U047,09-10-2025,Data Analytics,Certification,4.6,75.3,51.1,In Progress,Advanced,16.36956522,0,Oct
L008230,U024,23-12-2025,ServiceNow,Workshop,2,52.5,90.3,In Progress,Advanced,26.25,0,Dec
L008231,U178,22-08-2025,Power BI,Certification,3.9,70.7,23.8,Dropped,Intermediate,18.12820513,0,Aug
L008232,U110,10-08-2025,Power BI,Workshop,3.4,54.8,55.1,In Progress,Advanced,16.11764706,0,Aug
L008233,U063,21-11-2025,Machine Learning,Project,1.7,57.2,71.3,In Progress,Intermediate,33.64705882,0,Nov
L008234,U039,07-11-2025,Data Analytics,Workshop,0,0,0,Not Started,Intermediate,0,0,Nov
L008235,U051,25-09-2025,Cloud,Workshop,4.5,45.3,51.5,In Progress,Intermediate,10.06666667,0,Sep
L008236,U161,01-02-2025,Java,Certification,2.9,77.9,34.4,In Progress,Beginner,26.86206897,0,Feb
L008237,U101,04-02-2025,Cloud,Project,1.4,94,38,In Progress,Beginner,67.14285714,0,Feb
L008238,U120,30-06-2025,Machine Learning,Project,5.2,80,100,Completed,Advanced,15.38461538,1,Jun
L008239,U014,22-04-2025,Power BI,Online Course,1.6,58.2,55.8,In Progress,Beginner,36.375,0,Apr
L008240,U097,06-07-2025,Python,Online Course,3.5,41.2,54.1,In Progress,Intermediate,11.77142857,0,Jul
L008241,U021,24-04-2025,ServiceNow,Workshop,2.6,89.3,100,Completed,Advanced,34.34615385,1,Apr
L008242,U128,26-02-2025,Java,Workshop,5.1,45.7,10.9,In Progress,Beginner,8.960784314,0,Feb
L008243,U190,02-11-2025,ServiceNow,Workshop,2.3,87.3,31.8,In Progress,Beginner,37.95652174,0,Nov
L008244,U049,22-06-2025,Java,Online Course,0.6,43.3,28.6,Dropped,Advanced,72.16666667,0,Jun
L008245,U025,09-06-2025,ServiceNow,Self Learning,1.8,68.9,100,Completed,Advanced,38.27777778,1,Jun
L008246,U068,13-05-2025,ServiceNow,Self Learning,0,0,0,Not Started,Intermediate,0,0,May
L008247,U062,30-11-2025,Python,Online Course,2,62,30.7,In Progress,Beginner,31,0,Nov
L008248,U126,23-12-2025,Python,Self Learning,5.4,87.8,100,Completed,Beginner,16.25925926,1,Dec
L008249,U018,08-02-2025,ServiceNow,Self Learning,4.4,88.6,97,In Progress,Beginner,20.13636364,0,Feb
L008250,U020,29-06-2025,SQL,Certification,4,98.7,35,In Progress,Beginner,24.675,0,Jun
L008251,U036,26-05-2025,SQL,Online Course,5.3,99.5,88.9,In Progress,Beginner,18.77358491,0,May
L008252,U198,29-06-2025,Excel,Certification,1.1,71.2,26.2,In Progress,Intermediate,64.72727273,0,Jun
L008253,U063,21-05-2025,Machine Learning,Project,1.5,91,94.5,In Progress,Advanced,60.66666667,0,May
L008254,U022,10-03-2025,Data Analytics,Online Course,1.1,56.1,85.1,In Progress,Beginner,51,0,Mar
L008255,U043,15-07-2025,Communication,Workshop,4.6,69.4,76,In Progress,Intermediate,15.08695652,0,Jul
L008256,U121,19-02-2025,Excel,Certification,1.7,77.4,82.6,In Progress,Advanced,45.52941176,0,Feb
L008257,U032,13-12-2025,Cloud,Project,3.8,76.7,100,Completed,Advanced,20.18421053,1,Dec
L008258,U088,23-10-2025,Communication,Self Learning,4.2,84.9,0.5,In Progress,Advanced,20.21428571,0,Oct
L008259,U063,02-02-2025,Excel,Workshop,2.2,80.8,80.3,In Progress,Beginner,36.72727273,0,Feb
L008260,U092,28-10-2025,Cloud,Online Course,5,73.7,0,In Progress,Intermediate,14.74,0,Oct
L008261,U058,18-07-2025,Data Analytics,Certification,2.3,48.1,54.7,Dropped,Advanced,20.91304348,0,Jul
L008262,U131,14-02-2025,SQL,Self Learning,5.9,96.5,33.7,Dropped,Beginner,16.3559322,0,Feb
L008263,U120,21-01-2025,Cloud,Online Course,3.4,57.5,1,In Progress,Advanced,16.91176471,0,Jan
L008264,U125,08-05-2025,SQL,Self Learning,4.5,97.6,100,Completed,Intermediate,21.68888889,1,May
L008265,U011,17-02-2025,SQL,Project,3,56,27.5,In Progress,Intermediate,18.66666667,0,Feb
L008266,U103,03-11-2025,Communication,Self Learning,4.5,62.7,3,In Progress,Beginner,13.93333333,0,Nov
L008267,U019,19-07-2025,Python,Self Learning,1.1,97.6,8.1,In Progress,Advanced,88.72727273,0,Jul
L008268,U133,10-04-2025,Power BI,Certification,0,0,0,Not Started,Beginner,0,0,Apr
L008269,U162,22-06-2025,Excel,Workshop,1.9,98.5,20.4,In Progress,Intermediate,51.84210526,0,Jun
L008270,U029,08-09-2025,Java,Certification,0.9,83.8,100,Completed,Advanced,93.11111111,1,Sep
L008271,U065,05-09-2025,Data Analytics,Self Learning,4.9,42.5,39.6,In Progress,Beginner,8.673469388,0,Sep
L008272,U066,19-03-2025,SQL,Certification,1,41.3,19,In Progress,Intermediate,41.3,0,Mar
L008273,U032,21-05-2025,Cloud,Online Course,4.1,77.9,100,Completed,Beginner,19,1,May
L008274,U009,19-05-2025,Java,Workshop,5,80.9,100,Completed,Beginner,16.18,1,May
L008275,U136,04-11-2025,ServiceNow,Self Learning,2.9,65.3,100,Completed,Beginner,22.51724138,1,Nov
L008276,U072,15-07-2025,Java,Certification,1.1,95.7,100,Completed,Advanced,87,1,Jul
L008277,U175,23-01-2025,Machine Learning,Self Learning,1.6,84.2,100,Completed,Advanced,52.625,1,Jan
L008278,U015,01-07-2025,SQL,Certification,4.4,87.7,100,Completed,Beginner,19.93181818,1,Jul
L008279,U158,17-09-2025,Java,Certification,3.8,81.6,60.3,In Progress,Advanced,21.47368421,0,Sep
L008280,U080,09-09-2025,Machine Learning,Workshop,0,0,0,Not Started,Beginner,0,0,Sep
L008281,U061,24-01-2025,Java,Online Course,3.7,59.3,75.1,In Progress,Beginner,16.02702703,0,Jan
L008282,U192,01-11-2025,Excel,Self Learning,3.5,84.5,100,Completed,Beginner,24.14285714,1,Nov
L008283,U101,24-10-2025,Python,Online Course,1.6,76.7,100,Completed,Intermediate,47.9375,1,Oct
L008284,U119,10-12-2025,SQL,Project,1.3,100,100,Completed,Beginner,76.92307692,1,Dec
L008285,U012,21-09-2025,Power BI,Workshop,4.2,88.6,64.2,Dropped,Beginner,21.0952381,0,Sep
L008286,U167,15-04-2025,SQL,Online Course,3.9,67.9,16.6,Dropped,Intermediate,17.41025641,0,Apr
L008287,U077,26-10-2025,Machine Learning,Online Course,0,0,0,Not Started,Beginner,0,0,Oct
L008288,U067,23-02-2025,Excel,Self Learning,1.2,85.3,54.6,In Progress,Intermediate,71.08333333,0,Feb
L008289,U179,19-09-2025,SQL,Workshop,0.8,95,100,Completed,Advanced,118.75,1,Sep
L008290,U084,14-02-2025,Machine Learning,Online Course,0,0,0,Not Started,Intermediate,0,0,Feb
L008291,U197,22-10-2025,ServiceNow,Certification,3,78.1,100,Completed,Intermediate,26.03333333,1,Oct
L008292,U034,18-10-2025,Power BI,Certification,3.2,70.3,100,Completed,Advanced,21.96875,1,Oct
L008293,U048,04-08-2025,Power BI,Project,5.9,91.7,54,In Progress,Advanced,15.54237288,0,Aug
L008294,U027,20-03-2025,SQL,Self Learning,4.8,75.5,53.7,Dropped,Advanced,15.72916667,0,Mar
L008295,U042,16-12-2025,Python,Certification,4,71.8,32.7,Dropped,Advanced,17.95,0,Dec
L008296,U081,03-02-2025,Cloud,Workshop,0,0,0,Not Started,Beginner,0,0,Feb
L008297,U076,16-11-2025,Data Analytics,Online Course,5.2,79.8,100,Completed,Beginner,15.34615385,1,Nov
L008298,U037,13-01-2025,ServiceNow,Workshop,1,87.8,44.1,In Progress,Beginner,87.8,0,Jan
L008299,U022,27-10-2025,Excel,Certification,4.8,41.8,42.2,Dropped,Beginner,8.708333333,0,Oct
L008300,U191,22-01-2025,Excel,Workshop,0.9,72.2,100,Completed,Advanced,80.22222222,1,Jan
L008301,U139,16-09-2025,ServiceNow,Self Learning,5.6,74.9,100,Completed,Advanced,13.375,1,Sep
L008302,U165,23-10-2025,Data Analytics,Workshop,1.5,78,100,Completed,Advanced,52,1,Oct
L008303,U174,19-12-2025,Java,Workshop,3.5,70.5,44.1,In Progress,Advanced,20.14285714,0,Dec
L008304,U010,02-11-2025,ServiceNow,Certification,6,40.4,35.7,In Progress,Advanced,6.733333333,0,Nov
L008305,U103,09-07-2025,ServiceNow,Workshop,5.6,73,57.2,In Progress,Intermediate,13.03571429,0,Jul
L008306,U123,17-02-2025,Data Analytics,Certification,0.6,72.8,100,Completed,Beginner,121.3333333,1,Feb
L008307,U161,28-11-2025,ServiceNow,Certification,4.5,56.2,49.5,In Progress,Beginner,12.48888889,0,Nov
L008308,U107,19-09-2025,Cloud,Self Learning,5.6,73.1,100,Completed,Intermediate,13.05357143,1,Sep
L008309,U114,27-07-2025,ServiceNow,Certification,0.6,86.2,100,Completed,Beginner,143.6666667,1,Jul
L008310,U015,03-03-2025,Excel,Self Learning,4.7,43.1,69.2,In Progress,Advanced,9.170212766,0,Mar
L008311,U110,26-03-2025,Machine Learning,Certification,4.9,93.2,100,Completed,Advanced,19.02040816,1,Mar
L008312,U139,10-04-2025,Cloud,Self Learning,0.8,43.9,26.2,In Progress,Advanced,54.875,0,Apr
L008313,U099,30-07-2025,Power BI,Self Learning,5.6,77.5,54.1,In Progress,Beginner,13.83928571,0,Jul
L008314,U007,05-11-2025,Excel,Workshop,3,75.9,6.9,In Progress,Intermediate,25.3,0,Nov
L008315,U017,31-12-2025,Cloud,Online Course,3.2,49.4,58.2,In Progress,Intermediate,15.4375,0,Dec
L008316,U035,06-09-2025,Cloud,Online Course,0,0,0,Not Started,Beginner,0,0,Sep
L008317,U001,25-12-2025,Communication,Self Learning,5.5,94,32.8,In Progress,Intermediate,17.09090909,0,Dec
L008318,U165,30-11-2025,SQL,Workshop,1.4,90.5,100,Completed,Beginner,64.64285714,1,Nov
L008319,U193,16-02-2025,Communication,Online Course,5,79.5,100,Completed,Beginner,15.9,1,Feb
L008320,U073,01-03-2025,ServiceNow,Workshop,3,52.3,52.4,In Progress,Intermediate,17.43333333,0,Mar
L008321,U194,28-01-2025,Data Analytics,Online Course,0,0,0,Not Started,Beginner,0,0,Jan
L008322,U081,22-10-2025,Excel,Self Learning,2.9,64.4,62.6,In Progress,Intermediate,22.20689655,0,Oct
L008323,U184,29-06-2025,Machine Learning,Project,0,0,0,Not Started,Advanced,0,0,Jun
L008324,U018,30-09-2025,Data Analytics,Project,0.7,75.1,86.9,In Progress,Intermediate,107.2857143,0,Sep
L008325,U075,12-03-2025,ServiceNow,Workshop,5.9,53.3,58.2,In Progress,Advanced,9.033898305,0,Mar
L008326,U010,08-09-2025,Java,Online Course,5.9,88.4,63.7,In Progress,Beginner,14.98305085,0,Sep
L008327,U036,15-11-2025,Cloud,Online Course,4.1,64.9,31.8,In Progress,Beginner,15.82926829,0,Nov
L008328,U122,07-07-2025,Excel,Online Course,0.6,95.7,48.6,In Progress,Beginner,159.5,0,Jul
L008329,U030,24-10-2025,ServiceNow,Self Learning,0.6,50,40.6,In Progress,Intermediate,83.33333333,0,Oct
L008330,U158,08-10-2025,Machine Learning,Certification,2.6,95.8,78.1,In Progress,Beginner,36.84615385,0,Oct
L008331,U174,15-03-2025,ServiceNow,Certification,5.4,91.2,100,Completed,Beginner,16.88888889,1,Mar
L008332,U177,30-07-2025,Communication,Online Course,2.6,76.5,39.8,Dropped,Advanced,29.42307692,0,Jul
L008333,U033,04-10-2025,Cloud,Certification,5.6,62,48.7,Dropped,Beginner,11.07142857,0,Oct
L008334,U121,02-07-2025,Power BI,Certification,0,0,0,Not Started,Advanced,0,0,Jul
L008335,U011,11-11-2025,Cloud,Self Learning,3.2,87.8,100,Completed,Beginner,27.4375,1,Nov
L008336,U081,22-09-2025,Excel,Certification,4.1,55.5,8.8,In Progress,Beginner,13.53658537,0,Sep
L008337,U163,18-05-2025,Cloud,Certification,2.9,52.5,4,In Progress,Advanced,18.10344828,0,May
L008338,U095,07-04-2025,Machine Learning,Project,1.3,95,97.9,In Progress,Beginner,73.07692308,0,Apr
L008339,U127,18-01-2025,Excel,Online Course,2.2,89.4,100,Completed,Intermediate,40.63636364,1,Jan
L008340,U133,18-07-2025,Data Analytics,Self Learning,0,0,0,Not Started,Intermediate,0,0,Jul
L008341,U142,02-09-2025,Cloud,Certification,4.8,90.2,100,Completed,Intermediate,18.79166667,1,Sep
L008342,U178,24-09-2025,Cloud,Workshop,4.7,65.6,44.6,In Progress,Advanced,13.95744681,0,Sep
L008343,U180,14-05-2025,Cloud,Certification,6,92.1,57,In Progress,Advanced,15.35,0,May
L008344,U052,07-11-2025,Data Analytics,Online Course,5.2,91,100,Completed,Beginner,17.5,1,Nov
L008345,U162,09-07-2025,Power BI,Self Learning,3,80.6,28,Dropped,Advanced,26.86666667,0,Jul
L008346,U117,07-04-2025,Communication,Self Learning,5.6,80.7,92.9,In Progress,Advanced,14.41071429,0,Apr
L008347,U192,21-02-2025,Cloud,Online Course,0.6,78.1,68.7,In Progress,Advanced,130.1666667,0,Feb
L008348,U029,07-12-2025,Machine Learning,Self Learning,4,90.7,18.7,In Progress,Intermediate,22.675,0,Dec
L008349,U047,28-01-2025,ServiceNow,Project,5.5,78.5,4.4,In Progress,Beginner,14.27272727,0,Jan
L008350,U042,10-09-2025,Excel,Project,0.7,76.3,13.8,In Progress,Intermediate,109,0,Sep
L008351,U020,18-11-2025,Java,Self Learning,0.6,61.7,51,In Progress,Advanced,102.8333333,0,Nov
L008352,U056,07-08-2025,Python,Project,2.6,65.7,100,Completed,Intermediate,25.26923077,1,Aug
L008353,U032,02-01-2025,Power BI,Online Course,3,75.7,100,Completed,Intermediate,25.23333333,1,Jan
L008354,U138,08-04-2025,Cloud,Self Learning,3.5,56.3,39.2,In Progress,Beginner,16.08571429,0,Apr
L008355,U185,27-02-2025,Python,Workshop,3.3,99.7,100,Completed,Intermediate,30.21212121,1,Feb
L008356,U009,02-04-2025,Data Analytics,Online Course,5.3,95.6,14.6,Dropped,Intermediate,18.03773585,0,Apr
L008357,U032,01-12-2025,SQL,Project,0,0,0,Not Started,Advanced,0,0,Dec
L008358,U022,14-05-2025,Machine Learning,Online Course,1.6,86.4,100,Completed,Beginner,54,1,May
L008359,U143,07-07-2025,Excel,Workshop,4.4,58.3,13.7,In Progress,Intermediate,13.25,0,Jul
L008360,U050,12-01-2025,Data Analytics,Online Course,3.9,67.4,100,Completed,Beginner,17.28205128,1,Jan
L008361,U176,05-01-2025,Communication,Workshop,4.3,54.3,85.4,In Progress,Advanced,12.62790698,0,Jan
L008362,U094,28-12-2025,Data Analytics,Project,2.9,71.1,100,Completed,Intermediate,24.51724138,1,Dec
L008363,U146,27-02-2025,Cloud,Workshop,1.6,75.5,25.6,In Progress,Beginner,47.1875,0,Feb
L008364,U198,08-01-2025,Communication,Project,2.3,60.6,34.7,In Progress,Beginner,26.34782609,0,Jan
L008365,U157,05-01-2025,Java,Workshop,4.2,87.3,100,Completed,Beginner,20.78571429,1,Jan
L008366,U050,09-08-2025,ServiceNow,Certification,4.2,40.8,8.7,In Progress,Advanced,9.714285714,0,Aug
L008367,U110,26-11-2025,Communication,Certification,2.5,69.9,53.2,In Progress,Intermediate,27.96,0,Nov
L008368,U112,02-09-2025,Java,Certification,5.8,75.7,100,Completed,Advanced,13.05172414,1,Sep
L008369,U187,06-09-2025,Data Analytics,Online Course,4.9,80.3,100,Completed,Intermediate,16.3877551,1,Sep
L008370,U087,13-12-2025,SQL,Online Course,0.6,79.7,15,In Progress,Intermediate,132.8333333,0,Dec
L008371,U009,15-02-2025,Communication,Self Learning,4,70.7,100,Completed,Advanced,17.675,1,Feb
L008372,U009,24-07-2025,Java,Self Learning,0,0,0,Not Started,Beginner,0,0,Jul
L008373,U186,02-06-2025,Power BI,Certification,4.3,58.7,1.9,In Progress,Advanced,13.65116279,0,Jun
L008374,U057,29-08-2025,Communication,Project,3.4,58,84.9,In Progress,Advanced,17.05882353,0,Aug
L008375,U115,24-07-2025,Communication,Self Learning,2,68,100,Completed,Advanced,34,1,Jul
L008376,U147,01-12-2025,Machine Learning,Project,4.3,76.5,100,Completed,Advanced,17.79069767,1,Dec
L008377,U130,20-03-2025,Machine Learning,Project,5.7,87.4,5.7,In Progress,Beginner,15.33333333,0,Mar
L008378,U102,04-06-2025,Power BI,Certification,0,0,0,Not Started,Advanced,0,0,Jun
L008379,U175,19-06-2025,Data Analytics,Certification,2.9,71.2,100,Completed,Intermediate,24.55172414,1,Jun
L008380,U051,20-01-2025,Excel,Online Course,4.9,76.1,100,Completed,Intermediate,15.53061224,1,Jan
L008381,U010,28-09-2025,Cloud,Online Course,3.6,84.7,13.1,In Progress,Intermediate,23.52777778,0,Sep
L008382,U174,17-12-2025,Power BI,Project,3.5,88.8,47.8,Dropped,Intermediate,25.37142857,0,Dec
L008383,U161,02-06-2025,Data Analytics,Workshop,4.6,54.3,28,In Progress,Beginner,11.80434783,0,Jun
L008384,U002,06-03-2025,Python,Self Learning,5.2,85.9,100,Completed,Beginner,16.51923077,1,Mar
L008385,U144,30-07-2025,Machine Learning,Self Learning,5.6,93.6,100,Completed,Advanced,16.71428571,1,Jul
L008386,U034,17-02-2025,Java,Project,4.4,94.2,100,Completed,Beginner,21.40909091,1,Feb
L008387,U058,05-05-2025,SQL,Project,2.3,73.2,48.3,Dropped,Advanced,31.82608696,0,May
L008388,U048,28-03-2025,Power BI,Online Course,5,40.6,38.6,In Progress,Advanced,8.12,0,Mar
L008389,U015,03-12-2025,Machine Learning,Certification,3.2,73.3,16.3,In Progress,Beginner,22.90625,0,Dec
L008390,U044,20-10-2025,Data Analytics,Workshop,5.8,88.8,13.7,In Progress,Advanced,15.31034483,0,Oct
L008391,U014,06-06-2025,SQL,Certification,0,0,0,Not Started,Intermediate,0,0,Jun
L008392,U102,25-09-2025,Cloud,Workshop,0,0,0,Not Started,Intermediate,0,0,Sep
L008393,U007,23-08-2025,Python,Project,1.5,93.1,100,Completed,Intermediate,62.06666667,1,Aug
L008394,U118,09-09-2025,Data Analytics,Workshop,5.4,93.3,100,Completed,Beginner,17.27777778,1,Sep
L008395,U167,12-11-2025,Communication,Workshop,5,69.2,100,Completed,Beginner,13.84,1,Nov
L008396,U012,19-05-2025,Data Analytics,Certification,5.9,93.7,23,In Progress,Beginner,15.88135593,0,May
L008397,U013,11-12-2025,Cloud,Workshop,4.8,48.6,8.5,In Progress,Intermediate,10.125,0,Dec
L008398,U090,04-04-2025,Excel,Self Learning,2.1,93.7,100,Completed,Intermediate,44.61904762,1,Apr
L008399,U150,04-11-2025,Power BI,Online Course,0,0,0,Not Started,Beginner,0,0,Nov
L008400,U090,26-01-2025,Communication,Project,2.8,51,48,In Progress,Beginner,18.21428571,0,Jan
L008401,U104,12-10-2025,Python,Certification,1.7,80.1,77.6,In Progress,Beginner,47.11764706,0,Oct
L008402,U043,13-09-2025,Communication,Self Learning,4.1,92.4,100,Completed,Beginner,22.53658537,1,Sep
L008403,U006,01-11-2025,Excel,Workshop,3.1,42.5,14.5,In Progress,Advanced,13.70967742,0,Nov
L008404,U027,09-08-2025,SQL,Certification,0.6,46.9,91.9,In Progress,Advanced,78.16666667,0,Aug
L008405,U056,02-06-2025,Cloud,Project,4.8,87.5,100,Completed,Advanced,18.22916667,1,Jun
L008406,U023,10-09-2025,Communication,Online Course,4.8,93.8,100,Completed,Advanced,19.54166667,1,Sep
L008407,U012,08-03-2025,Power BI,Online Course,4.2,85.3,100,Completed,Intermediate,20.30952381,1,Mar
L008408,U153,04-07-2025,Excel,Online Course,5.9,77.9,100,Completed,Beginner,13.20338983,1,Jul
L008409,U101,30-06-2025,Python,Online Course,1.7,76.2,52.7,Dropped,Beginner,44.82352941,0,Jun
L008410,U082,30-07-2025,Machine Learning,Self Learning,4.2,65.3,100,Completed,Beginner,15.54761905,1,Jul
L008411,U108,07-09-2025,Python,Self Learning,2.9,71.1,1.5,In Progress,Advanced,24.51724138,0,Sep
L008412,U030,09-01-2025,Power BI,Certification,5.8,77.2,100,Completed,Advanced,13.31034483,1,Jan
L008413,U156,17-11-2025,Java,Workshop,4.5,68.4,24.1,Dropped,Intermediate,15.2,0,Nov
L008414,U064,30-05-2025,Data Analytics,Online Course,1.7,69.8,100,Completed,Intermediate,41.05882353,1,May
L008415,U033,14-12-2025,Java,Certification,3.7,99.3,100,Completed,Advanced,26.83783784,1,Dec
L008416,U009,28-06-2025,Communication,Online Course,5.8,93,100,Completed,Advanced,16.03448276,1,Jun
L008417,U113,06-06-2025,Python,Self Learning,5.5,83.4,100,Completed,Intermediate,15.16363636,1,Jun
L008418,U086,06-06-2025,SQL,Certification,0.7,87.1,7.3,In Progress,Intermediate,124.4285714,0,Jun
L008419,U192,17-03-2025,Power BI,Online Course,4.3,61.4,74.4,In Progress,Intermediate,14.27906977,0,Mar
L008420,U020,13-10-2025,Data Analytics,Workshop,4.7,57.1,89.7,In Progress,Advanced,12.14893617,0,Oct
L008421,U012,07-03-2025,Excel,Certification,5,92.1,100,Completed,Beginner,18.42,1,Mar
L008422,U085,21-07-2025,SQL,Self Learning,2.8,77,100,Completed,Beginner,27.5,1,Jul
L008423,U182,19-07-2025,Excel,Self Learning,3.6,74.6,3.5,In Progress,Beginner,20.72222222,0,Jul
L008424,U159,06-01-2025,SQL,Certification,2.2,96.1,87.6,In Progress,Beginner,43.68181818,0,Jan
L008425,U011,19-10-2025,Cloud,Workshop,1.1,64,56.4,Dropped,Advanced,58.18181818,0,Oct
L008426,U013,22-02-2025,Communication,Certification,0.6,91.8,100,Completed,Beginner,153,1,Feb
L008427,U014,06-01-2025,Java,Certification,2,73.3,41.7,In Progress,Advanced,36.65,0,Jan
L008428,U159,14-01-2025,Machine Learning,Workshop,5,41.8,30.5,In Progress,Beginner,8.36,0,Jan
L008429,U190,31-10-2025,Machine Learning,Project,1.1,78.2,16.9,In Progress,Beginner,71.09090909,0,Oct
L008430,U109,29-10-2025,Excel,Workshop,0,0,0,Not Started,Advanced,0,0,Oct
L008431,U108,17-02-2025,Cloud,Workshop,1.2,63.6,87.2,In Progress,Advanced,53,0,Feb
L008432,U186,02-10-2025,Cloud,Project,5.5,54.9,79.6,In Progress,Intermediate,9.981818182,0,Oct
L008433,U135,02-01-2025,Java,Self Learning,3.4,81.9,100,Completed,Intermediate,24.08823529,1,Jan
L008434,U198,11-07-2025,Cloud,Online Course,2,91.2,47.6,In Progress,Advanced,45.6,0,Jul
L008435,U069,08-03-2025,Excel,Online Course,5.7,75.7,8.7,In Progress,Intermediate,13.28070175,0,Mar
L008436,U087,13-07-2025,Data Analytics,Self Learning,2.1,66.8,80.7,In Progress,Beginner,31.80952381,0,Jul
L008437,U187,22-10-2025,Cloud,Certification,5,72.7,20.7,In Progress,Advanced,14.54,0,Oct
L008438,U159,02-02-2025,Power BI,Online Course,4.6,95.1,100,Completed,Beginner,20.67391304,1,Feb
L008439,U001,09-05-2025,Python,Project,2.1,65.9,100,Completed,Advanced,31.38095238,1,May
L008440,U175,23-12-2025,Python,Project,0.9,68.2,46.1,In Progress,Advanced,75.77777778,0,Dec
L008441,U180,20-01-2025,Data Analytics,Certification,1.3,99.5,34.8,In Progress,Beginner,76.53846154,0,Jan
L008442,U156,17-03-2025,Java,Self Learning,1.9,67.2,49.8,Dropped,Beginner,35.36842105,0,Mar
L008443,U053,19-11-2025,Data Analytics,Certification,4.2,66.3,100,Completed,Advanced,15.78571429,1,Nov
L008444,U127,02-07-2025,Machine Learning,Project,4.5,40.2,92.9,In Progress,Advanced,8.933333333,0,Jul
L008445,U153,07-07-2025,Cloud,Self Learning,4.1,52.5,38.1,In Progress,Intermediate,12.80487805,0,Jul
L008446,U170,18-06-2025,Cloud,Self Learning,4.2,96.6,14.4,In Progress,Beginner,23,0,Jun
L008447,U036,31-10-2025,Communication,Certification,0.8,52.2,84.1,In Progress,Beginner,65.25,0,Oct
L008448,U199,01-09-2025,Cloud,Certification,1.8,74.5,63.4,In Progress,Intermediate,41.38888889,0,Sep
L008449,U033,30-05-2025,Communication,Self Learning,5.1,80.1,100,Completed,Advanced,15.70588235,1,May
L008450,U078,10-08-2025,Data Analytics,Workshop,0.6,45.6,66.3,Dropped,Intermediate,76,0,Aug
L008451,U041,08-08-2025,Communication,Certification,3.2,66.8,72.1,In Progress,Advanced,20.875,0,Aug
L008452,U047,12-02-2025,SQL,Online Course,4.3,69.3,21.7,In Progress,Intermediate,16.11627907,0,Feb
L008453,U056,22-05-2025,Communication,Workshop,1.9,85.7,100,Completed,Advanced,45.10526316,1,May
L008454,U069,13-02-2025,Cloud,Online Course,3.3,89,68.8,In Progress,Intermediate,26.96969697,0,Feb
L008455,U142,23-09-2025,Machine Learning,Project,3.4,68,99.4,In Progress,Beginner,20,0,Sep
L008456,U150,19-06-2025,Communication,Workshop,1.3,58.5,48.3,In Progress,Advanced,45,0,Jun
L008457,U012,28-05-2025,ServiceNow,Project,0,0,0,Not Started,Intermediate,0,0,May
L008458,U111,25-11-2025,Excel,Workshop,3.3,56.8,82.3,In Progress,Advanced,17.21212121,0,Nov
L008459,U070,23-11-2025,Java,Project,0,0,0,Not Started,Intermediate,0,0,Nov
L008460,U106,08-01-2025,Communication,Certification,3.9,69.2,19,Dropped,Intermediate,17.74358974,0,Jan
L008461,U086,12-05-2025,Power BI,Self Learning,3.5,46.3,55.9,In Progress,Beginner,13.22857143,0,May
L008462,U066,26-08-2025,Excel,Project,1.4,66.9,21.1,Dropped,Beginner,47.78571429,0,Aug
L008463,U046,17-02-2025,Data Analytics,Self Learning,3.9,93.8,100,Completed,Intermediate,24.05128205,1,Feb
L008464,U151,13-09-2025,Communication,Project,5.3,90.2,22.8,In Progress,Beginner,17.01886792,0,Sep
L008465,U173,31-10-2025,ServiceNow,Self Learning,1.3,43.2,98.8,In Progress,Beginner,33.23076923,0,Oct
L008466,U150,29-01-2025,Cloud,Certification,3.2,56.1,11.2,In Progress,Intermediate,17.53125,0,Jan
L008467,U195,07-08-2025,Machine Learning,Project,3,53.1,45.2,In Progress,Advanced,17.7,0,Aug
L008468,U081,12-01-2025,Machine Learning,Project,3.1,83.4,100,Completed,Advanced,26.90322581,1,Jan
L008469,U123,15-10-2025,Machine Learning,Certification,3.5,56.8,74.4,In Progress,Intermediate,16.22857143,0,Oct
L008470,U130,22-12-2025,Cloud,Self Learning,5.3,85.4,100,Completed,Beginner,16.11320755,1,Dec
L008471,U117,24-05-2025,Machine Learning,Project,2.3,95.5,100,Completed,Beginner,41.52173913,1,May
L008472,U133,13-07-2025,Communication,Certification,2.7,54.1,85.5,In Progress,Beginner,20.03703704,0,Jul
L008473,U050,13-10-2025,Python,Certification,6,84.4,100,Completed,Beginner,14.06666667,1,Oct
L008474,U016,23-06-2025,Python,Certification,0.7,90.9,100,Completed,Beginner,129.8571429,1,Jun
L008475,U094,28-09-2025,Data Analytics,Project,0,0,0,Not Started,Beginner,0,0,Sep
L008476,U102,18-09-2025,Communication,Self Learning,5.3,67.3,96.1,In Progress,Advanced,12.69811321,0,Sep
L008477,U164,27-06-2025,Machine Learning,Certification,0,0,0,Not Started,Beginner,0,0,Jun
L008478,U113,08-12-2025,Data Analytics,Self Learning,3.4,64.4,12.6,Dropped,Intermediate,18.94117647,0,Dec
L008479,U173,13-02-2025,Machine Learning,Online Course,5.4,90.4,100,Completed,Beginner,16.74074074,1,Feb
L008480,U003,01-08-2025,Cloud,Online Course,0,0,0,Not Started,Intermediate,0,0,Aug
L008481,U093,17-12-2025,ServiceNow,Project,0.8,65.1,36.8,In Progress,Intermediate,81.375,0,Dec
L008482,U038,16-08-2025,Python,Online Course,4.4,87,78,In Progress,Beginner,19.77272727,0,Aug
L008483,U068,29-03-2025,Cloud,Self Learning,0.6,94.6,100,Completed,Intermediate,157.6666667,1,Mar
L008484,U159,20-09-2025,Communication,Online Course,2.6,83.8,67,In Progress,Advanced,32.23076923,0,Sep
L008485,U021,12-04-2025,Data Analytics,Online Course,0.9,52.5,99,In Progress,Advanced,58.33333333,0,Apr
L008486,U031,11-05-2025,Cloud,Self Learning,1,46.3,31.3,In Progress,Beginner,46.3,0,May
L008487,U103,04-11-2025,Power BI,Online Course,2.2,99.4,47.8,In Progress,Intermediate,45.18181818,0,Nov
L008488,U170,07-04-2025,Machine Learning,Certification,5.4,89.2,100,Completed,Advanced,16.51851852,1,Apr
L008489,U022,06-03-2025,Communication,Workshop,2.6,61.7,23.7,In Progress,Advanced,23.73076923,0,Mar
L008490,U189,13-10-2025,Cloud,Online Course,0,0,0,Not Started,Intermediate,0,0,Oct
L008491,U060,08-05-2025,ServiceNow,Workshop,0,0,0,Not Started,Beginner,0,0,May
L008492,U070,02-12-2025,Excel,Self Learning,0,0,0,Not Started,Advanced,0,0,Dec
L008493,U070,13-12-2025,ServiceNow,Self Learning,2.5,70.9,100,Completed,Intermediate,28.36,1,Dec
L008494,U062,14-03-2025,Communication,Online Course,1.5,62.8,33.1,In Progress,Intermediate,41.86666667,0,Mar
L008495,U180,03-06-2025,Java,Online Course,1,48,75.2,In Progress,Intermediate,48,0,Jun
L008496,U108,17-08-2025,ServiceNow,Project,3.4,100,15.3,In Progress,Beginner,29.41176471,0,Aug
L008497,U040,24-07-2025,Java,Project,1.5,92.6,100,Completed,Beginner,61.73333333,1,Jul
L008498,U181,28-06-2025,SQL,Self Learning,1.8,46.4,20.8,Dropped,Intermediate,25.77777778,0,Jun
L008499,U090,21-11-2025,SQL,Project,0.6,81.5,100,Completed,Advanced,135.8333333,1,Nov
L008500,U030,29-01-2025,Excel,Self Learning,1.3,82.6,33,In Progress,Advanced,63.53846154,0,Jan
L008501,U029,12-03-2025,SQL,Project,1.8,98.6,36.2,In Progress,Intermediate,54.77777778,0,Mar
L008502,U142,14-08-2025,Java,Self Learning,5.8,70.3,67.4,In Progress,Beginner,12.12068966,0,Aug
L008503,U163,10-08-2025,SQL,Certification,4.8,73.1,21.1,In Progress,Intermediate,15.22916667,0,Aug
L008504,U021,17-06-2025,Java,Online Course,5.7,61.5,39.9,In Progress,Intermediate,10.78947368,0,Jun
L008505,U121,26-01-2025,Data Analytics,Workshop,4.2,95.6,19.2,In Progress,Intermediate,22.76190476,0,Jan
L008506,U058,18-09-2025,SQL,Certification,4.7,87.7,48.2,In Progress,Advanced,18.65957447,0,Sep
L008507,U153,03-04-2025,Excel,Self Learning,3.4,46.9,11.3,In Progress,Beginner,13.79411765,0,Apr
L008508,U157,27-12-2025,Excel,Online Course,1.1,54.1,78.2,In Progress,Beginner,49.18181818,0,Dec
L008509,U033,19-10-2025,ServiceNow,Project,1.3,81.1,25.5,Dropped,Beginner,62.38461538,0,Oct
L008510,U116,20-09-2025,Java,Online Course,5.7,74.4,40.4,In Progress,Beginner,13.05263158,0,Sep
L008511,U198,28-09-2025,Power BI,Online Course,3.2,45.7,53.2,In Progress,Beginner,14.28125,0,Sep
L008512,U046,04-08-2025,Python,Online Course,5.2,84.2,15.2,In Progress,Beginner,16.19230769,0,Aug
L008513,U027,15-10-2025,ServiceNow,Self Learning,1.3,94.2,59.6,Dropped,Advanced,72.46153846,0,Oct
L008514,U177,09-04-2025,SQL,Self Learning,1.6,98.1,24.9,In Progress,Intermediate,61.3125,0,Apr
L008515,U188,13-01-2025,Data Analytics,Project,4.6,58.2,12.2,Dropped,Beginner,12.65217391,0,Jan
L008516,U160,11-10-2025,Power BI,Self Learning,3.7,78.2,92.5,In Progress,Beginner,21.13513514,0,Oct
L008517,U103,12-11-2025,ServiceNow,Online Course,0,0,0,Not Started,Advanced,0,0,Nov
L008518,U111,26-06-2025,Cloud,Workshop,3.9,94,100,Completed,Advanced,24.1025641,1,Jun
L008519,U073,19-11-2025,Data Analytics,Certification,4.8,89.7,10.2,In Progress,Advanced,18.6875,0,Nov
L008520,U081,23-08-2025,Machine Learning,Online Course,5.5,96.7,31.2,In Progress,Intermediate,17.58181818,0,Aug
L008521,U086,30-04-2025,SQL,Certification,1.6,65.6,61.8,In Progress,Intermediate,41,0,Apr
L008522,U028,02-09-2025,Power BI,Self Learning,3.2,71.5,100,Completed,Intermediate,22.34375,1,Sep
L008523,U175,07-06-2025,ServiceNow,Certification,3.4,52.2,30.6,In Progress,Beginner,15.35294118,0,Jun
L008524,U045,29-06-2025,Communication,Self Learning,4.8,68.3,10.7,In Progress,Advanced,14.22916667,0,Jun
L008525,U116,13-12-2025,SQL,Project,1.9,80,100,Completed,Intermediate,42.10526316,1,Dec
L008526,U150,02-08-2025,ServiceNow,Workshop,3.3,47.2,39.6,In Progress,Intermediate,14.3030303,0,Aug
L008527,U129,01-02-2025,Cloud,Self Learning,2.5,76.4,84.4,In Progress,Beginner,30.56,0,Feb
L008528,U021,24-11-2025,Excel,Online Course,2,80.1,100,Completed,Beginner,40.05,1,Nov
L008529,U089,07-10-2025,Machine Learning,Project,4,41.9,23.4,In Progress,Advanced,10.475,0,Oct
L008530,U024,04-12-2025,Java,Online Course,2.5,89.7,100,Completed,Advanced,35.88,1,Dec
L008531,U058,09-11-2025,Java,Certification,3.7,99.3,93.8,In Progress,Beginner,26.83783784,0,Nov
L008532,U051,28-07-2025,Machine Learning,Self Learning,3.5,73.5,87.1,In Progress,Intermediate,21,0,Jul
L008533,U190,07-07-2025,Communication,Online Course,4.7,62.5,63.9,In Progress,Advanced,13.29787234,0,Jul
L008534,U030,27-11-2025,Data Analytics,Certification,1.1,67.4,67.3,In Progress,Intermediate,61.27272727,0,Nov
L008535,U054,20-08-2025,Power BI,Online Course,5.2,89,100,Completed,Advanced,17.11538462,1,Aug
L008536,U139,02-09-2025,Machine Learning,Self Learning,4,54.7,18.3,Dropped,Intermediate,13.675,0,Sep
L008537,U144,12-05-2025,Data Analytics,Project,6,72.7,100,Completed,Advanced,12.11666667,1,May
L008538,U041,16-02-2025,Power BI,Workshop,2.8,42.2,48,In Progress,Beginner,15.07142857,0,Feb
L008539,U168,14-05-2025,SQL,Project,1.9,45.4,98.4,In Progress,Advanced,23.89473684,0,May
L008540,U077,30-07-2025,Python,Workshop,4.1,62.9,75.2,In Progress,Beginner,15.34146341,0,Jul
L008541,U077,24-12-2025,Power BI,Self Learning,2,64.9,1,In Progress,Beginner,32.45,0,Dec
L008542,U146,23-04-2025,Python,Workshop,5.6,72,100,Completed,Advanced,12.85714286,1,Apr
L008543,U141,09-12-2025,Data Analytics,Workshop,3.4,85.7,88.6,In Progress,Beginner,25.20588235,0,Dec
L008544,U008,09-02-2025,Java,Online Course,3.1,84.5,61,In Progress,Beginner,27.25806452,0,Feb
L008545,U035,10-02-2025,Java,Self Learning,5.8,65.4,100,Completed,Beginner,11.27586207,1,Feb
L008546,U156,01-03-2025,Power BI,Certification,4.4,85.3,16.4,In Progress,Intermediate,19.38636364,0,Mar
L008547,U164,19-05-2025,Communication,Certification,3.2,75.7,100,Completed,Beginner,23.65625,1,May
L008548,U145,14-12-2025,Communication,Online Course,2.6,75,88.9,In Progress,Intermediate,28.84615385,0,Dec
L008549,U190,06-05-2025,Machine Learning,Online Course,5.7,71.4,70.2,In Progress,Advanced,12.52631579,0,May
L008550,U112,21-08-2025,Cloud,Online Course,2.3,99.6,100,Completed,Advanced,43.30434783,1,Aug
L008551,U101,30-08-2025,Python,Self Learning,2,79.8,36.1,In Progress,Advanced,39.9,0,Aug
L008552,U023,27-11-2025,SQL,Workshop,2.1,86.3,97,In Progress,Intermediate,41.0952381,0,Nov
L008553,U101,20-01-2025,Java,Project,4.7,75.7,100,Completed,Intermediate,16.10638298,1,Jan
L008554,U035,15-05-2025,Communication,Certification,1.8,78.2,100,Completed,Advanced,43.44444444,1,May
L008555,U060,12-11-2025,Java,Online Course,4.2,90.5,100,Completed,Advanced,21.54761905,1,Nov
L008556,U106,21-09-2025,ServiceNow,Project,1,50.5,47.2,In Progress,Advanced,50.5,0,Sep
L008557,U121,03-09-2025,ServiceNow,Self Learning,3.7,97.1,100,Completed,Intermediate,26.24324324,1,Sep
L008558,U183,26-01-2025,ServiceNow,Workshop,1.3,55.7,26.8,In Progress,Intermediate,42.84615385,0,Jan
L008559,U089,26-09-2025,ServiceNow,Online Course,3.9,81.5,100,Completed,Advanced,20.8974359,1,Sep
L008560,U084,16-10-2025,Data Analytics,Workshop,3.6,46.3,75.1,In Progress,Advanced,12.86111111,0,Oct
L008561,U104,06-05-2025,Excel,Project,1.5,90.6,100,Completed,Intermediate,60.4,1,May
L008562,U162,11-08-2025,Java,Certification,2.8,79,100,Completed,Beginner,28.21428571,1,Aug
L008563,U037,26-11-2025,SQL,Certification,0.8,49.8,87.2,In Progress,Intermediate,62.25,0,Nov
L008564,U108,22-07-2025,Data Analytics,Self Learning,5.7,98.7,100,Completed,Advanced,17.31578947,1,Jul
L008565,U149,01-04-2025,Machine Learning,Online Course,3.8,95.5,93.4,In Progress,Beginner,25.13157895,0,Apr
L008566,U052,26-06-2025,Python,Project,2.7,94.5,100,Completed,Beginner,35,1,Jun
L008567,U043,29-01-2025,Power BI,Workshop,0,0,0,Not Started,Advanced,0,0,Jan
L008568,U089,26-10-2025,Excel,Project,1.1,68.2,63,In Progress,Beginner,62,0,Oct
L008569,U107,25-01-2025,Data Analytics,Project,2.8,49,69.2,In Progress,Beginner,17.5,0,Jan
L008570,U137,01-05-2025,Excel,Certification,5.6,82.8,22.4,In Progress,Intermediate,14.78571429,0,May
L008571,U089,19-06-2025,Cloud,Workshop,4,81.4,87.5,In Progress,Beginner,20.35,0,Jun
L008572,U057,14-03-2025,Java,Self Learning,0,0,0,Not Started,Advanced,0,0,Mar
L008573,U148,16-12-2025,Communication,Self Learning,2.7,66.6,67.9,In Progress,Advanced,24.66666667,0,Dec
L008574,U031,14-02-2025,Cloud,Workshop,2.8,41.2,3.5,In Progress,Intermediate,14.71428571,0,Feb
L008575,U119,28-04-2025,Power BI,Online Course,1.2,74.8,71.3,In Progress,Beginner,62.33333333,0,Apr
L008576,U105,12-09-2025,Power BI,Self Learning,0.9,62,82.1,In Progress,Advanced,68.88888889,0,Sep
L008577,U173,11-11-2025,Java,Certification,1.1,91.5,18.8,Dropped,Beginner,83.18181818,0,Nov
L008578,U074,07-10-2025,ServiceNow,Workshop,5,45.3,46.7,Dropped,Intermediate,9.06,0,Oct
L008579,U014,08-12-2025,Excel,Self Learning,4.2,77.6,100,Completed,Beginner,18.47619048,1,Dec
L008580,U170,11-11-2025,SQL,Workshop,3.8,97.8,100,Completed,Intermediate,25.73684211,1,Nov
L008581,U027,09-06-2025,Data Analytics,Workshop,2.2,44.4,63,Dropped,Intermediate,20.18181818,0,Jun
L008582,U086,16-12-2025,ServiceNow,Online Course,3.5,85.8,100,Completed,Beginner,24.51428571,1,Dec
L008583,U112,18-04-2025,Cloud,Workshop,5.4,80.7,28,In Progress,Advanced,14.94444444,0,Apr
L008584,U027,23-12-2025,Python,Self Learning,2,83.7,84.4,In Progress,Advanced,41.85,0,Dec
L008585,U102,21-07-2025,Python,Online Course,0.9,99.2,1.6,In Progress,Intermediate,110.2222222,0,Jul
L008586,U065,22-05-2025,Power BI,Online Course,4.8,84,40.8,In Progress,Beginner,17.5,0,May
L008587,U129,03-08-2025,SQL,Project,0,0,0,Not Started,Advanced,0,0,Aug
L008588,U025,22-01-2025,Python,Certification,4,79.2,0.8,In Progress,Intermediate,19.8,0,Jan
L008589,U147,12-01-2025,Java,Project,5.1,80.6,100,Completed,Beginner,15.80392157,1,Jan
L008590,U153,17-07-2025,Java,Project,0.9,70.6,100,Completed,Beginner,78.44444444,1,Jul
L008591,U045,09-04-2025,SQL,Certification,1.3,47.5,94.5,In Progress,Intermediate,36.53846154,0,Apr
L008592,U182,01-04-2025,Cloud,Online Course,1.1,95.9,60.8,In Progress,Advanced,87.18181818,0,Apr
L008593,U033,13-09-2025,Cloud,Project,5,72.2,100,Completed,Beginner,14.44,1,Sep
L008594,U200,12-12-2025,Java,Project,0.7,84.5,100,Completed,Beginner,120.7142857,1,Dec
L008595,U194,31-05-2025,Cloud,Certification,3.9,68,100,Completed,Advanced,17.43589744,1,May
L008596,U089,26-03-2025,Communication,Self Learning,3.2,41.5,3.2,In Progress,Beginner,12.96875,0,Mar
L008597,U165,16-02-2025,Excel,Workshop,0,0,0,Not Started,Advanced,0,0,Feb
L008598,U104,22-06-2025,Cloud,Certification,4,74.6,100,Completed,Beginner,18.65,1,Jun
L008599,U016,08-07-2025,Machine Learning,Workshop,0.8,60,2.5,In Progress,Intermediate,75,0,Jul
L008600,U056,01-02-2025,ServiceNow,Online Course,3.6,71.6,100,Completed,Intermediate,19.88888889,1,Feb
L008601,U137,08-09-2025,Java,Online Course,3,77.1,60.4,In Progress,Advanced,25.7,0,Sep
L008602,U195,20-03-2025,Power BI,Workshop,0.5,91,21.3,In Progress,Intermediate,182,0,Mar
L008603,U063,01-07-2025,Python,Workshop,2.3,60.6,69.7,In Progress,Intermediate,26.34782609,0,Jul
L008604,U010,08-02-2025,Cloud,Online Course,2.1,88.2,75,In Progress,Advanced,42,0,Feb
L008605,U157,24-11-2025,Excel,Self Learning,4.7,69.6,23.7,Dropped,Advanced,14.80851064,0,Nov
L008606,U167,01-01-2025,SQL,Workshop,4.8,66.6,100,Completed,Intermediate,13.875,1,Jan
L008607,U028,13-07-2025,Machine Learning,Self Learning,5.8,66.7,100,Completed,Beginner,11.5,1,Jul
L008608,U137,23-06-2025,Communication,Certification,5.2,58.8,25.9,In Progress,Beginner,11.30769231,0,Jun
L008609,U135,23-03-2025,Excel,Self Learning,3.2,89.4,100,Completed,Beginner,27.9375,1,Mar
L008610,U056,31-05-2025,Machine Learning,Self Learning,4.7,93.3,100,Completed,Advanced,19.85106383,1,May
L008611,U046,23-10-2025,SQL,Workshop,1.5,71.6,100,Completed,Intermediate,47.73333333,1,Oct
L008612,U066,06-09-2025,Power BI,Certification,5.8,48.7,70,In Progress,Beginner,8.396551724,0,Sep
L008613,U186,08-10-2025,Cloud,Project,4.4,98.6,85.9,In Progress,Advanced,22.40909091,0,Oct
L008614,U135,23-02-2025,Excel,Certification,5.1,45.7,20.9,In Progress,Beginner,8.960784314,0,Feb
L008615,U078,18-04-2025,Communication,Project,5,56.2,86.5,In Progress,Beginner,11.24,0,Apr
L008616,U159,21-09-2025,Power BI,Certification,5.7,82.9,100,Completed,Intermediate,14.54385965,1,Sep
L008617,U189,19-08-2025,SQL,Certification,0,0,0,Not Started,Intermediate,0,0,Aug
L008618,U188,26-11-2025,SQL,Workshop,5.4,59.4,6.4,In Progress,Intermediate,11,0,Nov
L008619,U094,19-03-2025,Java,Workshop,1.2,75.8,75.8,In Progress,Beginner,63.16666667,0,Mar
L008620,U118,22-06-2025,Excel,Workshop,0.8,84.3,35.3,In Progress,Advanced,105.375,0,Jun
L008621,U187,17-08-2025,Cloud,Workshop,1.2,96.3,82.5,In Progress,Advanced,80.25,0,Aug
L008622,U145,09-09-2025,Machine Learning,Self Learning,1.5,80.6,100,Completed,Advanced,53.73333333,1,Sep
L008623,U115,25-12-2025,Power BI,Online Course,2.2,55.4,60.4,In Progress,Advanced,25.18181818,0,Dec
L008624,U096,25-06-2025,Cloud,Online Course,2.5,43.7,27,Dropped,Beginner,17.48,0,Jun
L008625,U135,05-01-2025,Data Analytics,Online Course,5.4,83.7,91.1,In Progress,Beginner,15.5,0,Jan
L008626,U159,12-09-2025,Data Analytics,Self Learning,3.5,74,74.1,In Progress,Intermediate,21.14285714,0,Sep
L008627,U127,23-08-2025,Python,Project,4.8,99.8,47.9,In Progress,Advanced,20.79166667,0,Aug
L008628,U179,02-11-2025,Power BI,Certification,2,87.6,75.7,In Progress,Advanced,43.8,0,Nov
L008629,U145,02-10-2025,Power BI,Online Course,4.6,70.9,100,Completed,Advanced,15.41304348,1,Oct
L008630,U061,12-05-2025,Java,Self Learning,5.9,72.1,100,Completed,Intermediate,12.22033898,1,May
L008631,U139,01-07-2025,Python,Self Learning,2.5,76.3,100,Completed,Beginner,30.52,1,Jul
L008632,U188,03-05-2025,ServiceNow,Project,5.8,96,100,Completed,Intermediate,16.55172414,1,May
L008633,U113,11-10-2025,Java,Workshop,0,0,0,Not Started,Advanced,0,0,Oct
L008634,U128,01-07-2025,SQL,Project,4.8,95.8,100,Completed,Beginner,19.95833333,1,Jul
L008635,U021,29-07-2025,Java,Workshop,5.8,43.2,45.1,In Progress,Intermediate,7.448275862,0,Jul
L008636,U034,03-12-2025,Cloud,Self Learning,2,43.9,50.6,In Progress,Beginner,21.95,0,Dec
L008637,U145,13-09-2025,Machine Learning,Workshop,2.4,48.1,68.6,In Progress,Beginner,20.04166667,0,Sep
L008638,U080,18-11-2025,SQL,Project,1.2,44.2,27.9,In Progress,Advanced,36.83333333,0,Nov
L008639,U009,18-10-2025,SQL,Self Learning,3.5,60.1,18.4,In Progress,Beginner,17.17142857,0,Oct
L008640,U179,14-10-2025,SQL,Certification,3.1,42,38.2,In Progress,Beginner,13.5483871,0,Oct
L008641,U136,19-01-2025,Data Analytics,Online Course,1.1,77.3,58.9,In Progress,Advanced,70.27272727,0,Jan
L008642,U136,05-03-2025,SQL,Self Learning,3.8,82.5,98.6,In Progress,Beginner,21.71052632,0,Mar
L008643,U040,23-07-2025,Python,Project,1.1,95,77.7,In Progress,Advanced,86.36363636,0,Jul
L008644,U124,11-02-2025,Machine Learning,Self Learning,3.8,71.3,100,Completed,Beginner,18.76315789,1,Feb
L008645,U152,17-12-2025,Python,Workshop,2.8,67.7,100,Completed,Advanced,24.17857143,1,Dec
L008646,U053,23-03-2025,Data Analytics,Project,2.5,45.8,15.1,Dropped,Advanced,18.32,0,Mar
L008647,U026,06-04-2025,Cloud,Project,3.4,95.5,100,Completed,Advanced,28.08823529,1,Apr
L008648,U200,11-01-2025,Power BI,Workshop,2.5,84.4,90.4,In Progress,Beginner,33.76,0,Jan
L008649,U141,27-07-2025,Java,Project,1.3,68.6,16.9,In Progress,Intermediate,52.76923077,0,Jul
L008650,U089,08-02-2025,Machine Learning,Project,6,47.5,26.2,In Progress,Intermediate,7.916666667,0,Feb
L008651,U183,21-02-2025,SQL,Project,0.7,86,100,Completed,Advanced,122.8571429,1,Feb
L008652,U068,21-05-2025,SQL,Workshop,2.3,41.6,52.3,In Progress,Advanced,18.08695652,0,May
L008653,U008,12-04-2025,ServiceNow,Self Learning,3.5,49,63.7,In Progress,Beginner,14,0,Apr
L008654,U172,22-02-2025,Cloud,Project,3.2,56.2,83.1,In Progress,Beginner,17.5625,0,Feb
L008655,U161,08-02-2025,Cloud,Certification,3.2,90,52.3,In Progress,Advanced,28.125,0,Feb
L008656,U086,23-07-2025,Cloud,Project,3.3,94.5,5.1,In Progress,Beginner,28.63636364,0,Jul
L008657,U087,16-04-2025,SQL,Self Learning,5.8,69.1,100,Completed,Advanced,11.9137931,1,Apr
L008658,U050,28-04-2025,Communication,Certification,4.5,87.9,100,Completed,Intermediate,19.53333333,1,Apr
L008659,U175,25-09-2025,Python,Online Course,5.1,43.3,20.9,In Progress,Advanced,8.490196078,0,Sep
L008660,U079,30-11-2025,Cloud,Workshop,3,42.3,83,In Progress,Intermediate,14.1,0,Nov
L008661,U053,14-10-2025,Communication,Self Learning,1.3,89.1,72.5,In Progress,Advanced,68.53846154,0,Oct
L008662,U197,08-02-2025,Power BI,Project,1.1,71.9,100,Completed,Beginner,65.36363636,1,Feb
L008663,U026,15-05-2025,Excel,Workshop,1.7,74.5,100,Completed,Intermediate,43.82352941,1,May
L008664,U036,06-03-2025,ServiceNow,Workshop,1.4,99.5,100,Completed,Intermediate,71.07142857,1,Mar
L008665,U045,13-08-2025,Python,Project,5.1,67.1,100,Completed,Advanced,13.15686275,1,Aug
L008666,U091,03-04-2025,ServiceNow,Self Learning,0,0,0,Not Started,Beginner,0,0,Apr
L008667,U020,23-09-2025,Power BI,Certification,2.8,82,100,Completed,Advanced,29.28571429,1,Sep
L008668,U061,03-09-2025,Power BI,Self Learning,0,0,0,Not Started,Beginner,0,0,Sep
L008669,U025,27-04-2025,Cloud,Project,2,58.7,1.4,In Progress,Intermediate,29.35,0,Apr
L008670,U179,06-04-2025,SQL,Project,5.2,63.6,54.8,Dropped,Intermediate,12.23076923,0,Apr
L008671,U127,29-05-2025,SQL,Project,1.2,59,30.2,In Progress,Beginner,49.16666667,0,May
L008672,U030,26-11-2025,Communication,Self Learning,2.4,67.7,66.1,Dropped,Beginner,28.20833333,0,Nov
L008673,U154,08-12-2025,Excel,Project,2.6,84.1,57.2,In Progress,Intermediate,32.34615385,0,Dec
L008674,U099,26-02-2025,Python,Certification,4.6,66.8,100,Completed,Intermediate,14.52173913,1,Feb
L008675,U092,11-06-2025,Power BI,Certification,5.2,70.1,100,Completed,Beginner,13.48076923,1,Jun
L008676,U090,18-09-2025,Machine Learning,Workshop,2.8,60.9,23.4,Dropped,Beginner,21.75,0,Sep
L008677,U002,05-12-2025,ServiceNow,Workshop,1.2,60.2,35.4,Dropped,Intermediate,50.16666667,0,Dec
L008678,U131,01-09-2025,Excel,Self Learning,5.4,72.2,100,Completed,Intermediate,13.37037037,1,Sep
L008679,U112,01-01-2025,Cloud,Workshop,3.8,98.3,13.8,In Progress,Intermediate,25.86842105,0,Jan
L008680,U066,03-04-2025,Excel,Workshop,5.1,74.3,100,Completed,Intermediate,14.56862745,1,Apr
L008681,U011,22-01-2025,Communication,Self Learning,0,0,0,Not Started,Beginner,0,0,Jan
L008682,U160,04-06-2025,Python,Certification,1.6,84,66,Dropped,Beginner,52.5,0,Jun
L008683,U171,18-01-2025,Communication,Project,5.9,93.8,43.3,Dropped,Advanced,15.89830508,0,Jan
L008684,U186,30-03-2025,Java,Certification,0,0,0,Not Started,Beginner,0,0,Mar
L008685,U123,25-03-2025,Data Analytics,Self Learning,2.3,53.2,80.5,In Progress,Beginner,23.13043478,0,Mar
L008686,U175,15-05-2025,Python,Self Learning,1.8,96.9,45.5,In Progress,Beginner,53.83333333,0,May
L008687,U054,19-09-2025,SQL,Certification,2.6,87.6,26,Dropped,Intermediate,33.69230769,0,Sep
L008688,U061,09-03-2025,SQL,Certification,0.6,49.5,38.9,In Progress,Intermediate,82.5,0,Mar
L008689,U184,20-09-2025,Communication,Project,5.3,70.3,21.3,Dropped,Intermediate,13.26415094,0,Sep
L008690,U069,24-09-2025,Excel,Certification,1.9,68.1,80.5,In Progress,Intermediate,35.84210526,0,Sep
L008691,U135,30-06-2025,Java,Workshop,0,0,0,Not Started,Advanced,0,0,Jun
L008692,U054,13-12-2025,ServiceNow,Workshop,5.4,50.9,28.7,In Progress,Advanced,9.425925926,0,Dec
L008693,U165,02-07-2025,Communication,Project,5,47.4,34.8,In Progress,Intermediate,9.48,0,Jul
L008694,U003,29-04-2025,Communication,Project,5.5,82.3,100,Completed,Beginner,14.96363636,1,Apr
L008695,U013,02-02-2025,SQL,Certification,3.9,97.7,77.2,In Progress,Advanced,25.05128205,0,Feb
L008696,U177,13-07-2025,Python,Online Course,3.3,56,68.3,Dropped,Intermediate,16.96969697,0,Jul
L008697,U140,09-05-2025,Communication,Certification,5.9,78.2,100,Completed,Advanced,13.25423729,1,May
L008698,U051,16-07-2025,Python,Self Learning,3.8,91.9,88,In Progress,Advanced,24.18421053,0,Jul
L008699,U102,15-08-2025,SQL,Certification,5.3,70.7,14.6,In Progress,Beginner,13.33962264,0,Aug
L008700,U138,13-12-2025,Java,Project,1.1,91.1,100,Completed,Intermediate,82.81818182,1,Dec
L008701,U064,07-01-2025,Excel,Online Course,0,0,0,Not Started,Advanced,0,0,Jan
L008702,U008,11-04-2025,Cloud,Project,0.7,76.1,100,Completed,Advanced,108.7142857,1,Apr
L008703,U163,29-06-2025,Excel,Self Learning,3.4,77,100,Completed,Intermediate,22.64705882,1,Jun
L008704,U187,23-09-2025,Communication,Online Course,4.3,80.3,13.5,In Progress,Advanced,18.6744186,0,Sep
L008705,U138,01-07-2025,Cloud,Workshop,2.8,77.7,51.2,In Progress,Beginner,27.75,0,Jul
L008706,U146,07-02-2025,Cloud,Self Learning,1.1,72.6,96.7,In Progress,Intermediate,66,0,Feb
L008707,U166,26-02-2025,Machine Learning,Workshop,0,0,0,Not Started,Beginner,0,0,Feb
L008708,U173,20-07-2025,Excel,Workshop,5.4,78,95.2,In Progress,Beginner,14.44444444,0,Jul
L008709,U128,28-03-2025,Cloud,Online Course,2.7,77.8,22.3,In Progress,Beginner,28.81481481,0,Mar
L008710,U110,12-11-2025,Data Analytics,Certification,5.8,91.6,26,In Progress,Beginner,15.79310345,0,Nov
L008711,U015,08-03-2025,Power BI,Self Learning,2.7,62.5,58.6,In Progress,Advanced,23.14814815,0,Mar
L008712,U004,04-01-2025,Java,Certification,3.2,98.9,56.5,In Progress,Beginner,30.90625,0,Jan
L008713,U030,09-10-2025,Machine Learning,Project,0.8,95.3,64.4,In Progress,Beginner,119.125,0,Oct
L008714,U042,25-06-2025,Communication,Project,1.2,42.9,3.1,In Progress,Beginner,35.75,0,Jun
L008715,U012,02-10-2025,Cloud,Self Learning,0,0,0,Not Started,Intermediate,0,0,Oct
L008716,U149,27-05-2025,Python,Self Learning,3.1,89.9,100,Completed,Intermediate,29,1,May
L008717,U032,08-02-2025,ServiceNow,Workshop,4.9,87.7,60.9,In Progress,Intermediate,17.89795918,0,Feb
L008718,U135,12-06-2025,Power BI,Online Course,2.5,89.6,100,Completed,Intermediate,35.84,1,Jun
L008719,U089,26-03-2025,Java,Certification,3.1,46,99.5,In Progress,Beginner,14.83870968,0,Mar
L008720,U002,29-12-2025,Excel,Online Course,3.3,50.4,8,In Progress,Beginner,15.27272727,0,Dec
L008721,U183,30-05-2025,Excel,Self Learning,3.8,66.2,78.3,In Progress,Beginner,17.42105263,0,May
L008722,U027,24-06-2025,Excel,Online Course,5.8,99.5,39,In Progress,Beginner,17.15517241,0,Jun
L008723,U059,12-08-2025,SQL,Online Course,1.4,67.7,100,Completed,Advanced,48.35714286,1,Aug
L008724,U070,30-03-2025,Data Analytics,Project,4.7,84.9,100,Completed,Beginner,18.06382979,1,Mar
L008725,U021,09-08-2025,SQL,Self Learning,5.1,89.7,100,Completed,Advanced,17.58823529,1,Aug
L008726,U140,21-02-2025,Communication,Workshop,3.7,75,100,Completed,Intermediate,20.27027027,1,Feb
L008727,U009,08-01-2025,Cloud,Project,0.5,72.1,100,Completed,Beginner,144.2,1,Jan
L008728,U168,07-09-2025,Data Analytics,Self Learning,3.5,92.9,56.9,In Progress,Advanced,26.54285714,0,Sep
L008729,U105,28-09-2025,Data Analytics,Certification,1.7,85.8,100,Completed,Advanced,50.47058824,1,Sep
L008730,U023,15-07-2025,Java,Self Learning,2.1,81.1,30.7,In Progress,Advanced,38.61904762,0,Jul
L008731,U018,09-12-2025,Data Analytics,Workshop,3,84.8,100,Completed,Advanced,28.26666667,1,Dec
L008732,U056,02-10-2025,Power BI,Certification,0.9,74,10.1,Dropped,Beginner,82.22222222,0,Oct
L008733,U112,10-07-2025,SQL,Certification,5,73.5,83,In Progress,Beginner,14.7,0,Jul
L008734,U019,17-10-2025,SQL,Certification,1,80.2,100,Completed,Advanced,80.2,1,Oct
L008735,U151,07-01-2025,Java,Certification,1.9,48.7,16.6,In Progress,Intermediate,25.63157895,0,Jan
L008736,U136,04-09-2025,Cloud,Workshop,1.9,45.4,78.9,In Progress,Advanced,23.89473684,0,Sep
L008737,U075,12-02-2025,Machine Learning,Certification,2.2,78.1,25.2,In Progress,Intermediate,35.5,0,Feb
L008738,U132,16-12-2025,Machine Learning,Certification,1.8,46,54.4,In Progress,Beginner,25.55555556,0,Dec
L008739,U142,18-12-2025,Cloud,Self Learning,0.7,40.7,62.5,In Progress,Advanced,58.14285714,0,Dec
L008740,U120,12-12-2025,Python,Online Course,2.8,80,65.9,Dropped,Advanced,28.57142857,0,Dec
L008741,U018,30-01-2025,Cloud,Certification,4.6,66.8,15.6,In Progress,Intermediate,14.52173913,0,Jan
L008742,U161,07-01-2025,Python,Certification,1.8,80.9,100,Completed,Advanced,44.94444444,1,Jan
L008743,U126,19-12-2025,Java,Certification,4.8,79.5,100,Completed,Advanced,16.5625,1,Dec
L008744,U085,15-01-2025,Excel,Workshop,5.1,72.5,100,Completed,Beginner,14.21568627,1,Jan
L008745,U177,25-07-2025,SQL,Online Course,5,69.9,63.6,Dropped,Intermediate,13.98,0,Jul
L008746,U182,28-11-2025,Cloud,Self Learning,2,78.1,69.6,Dropped,Advanced,39.05,0,Nov
L008747,U033,29-08-2025,Cloud,Online Course,4.8,86.7,100,Completed,Beginner,18.0625,1,Aug
L008748,U087,06-04-2025,Communication,Certification,5.6,93.9,100,Completed,Intermediate,16.76785714,1,Apr
L008749,U177,18-04-2025,Data Analytics,Workshop,0.9,72.9,100,Completed,Advanced,81,1,Apr
L008750,U098,06-01-2025,SQL,Self Learning,1.9,72.5,19,In Progress,Beginner,38.15789474,0,Jan
L008751,U130,12-01-2025,Excel,Self Learning,3.6,41.5,65.9,In Progress,Advanced,11.52777778,0,Jan
L008752,U098,09-04-2025,Java,Workshop,4.5,60.8,93.5,In Progress,Intermediate,13.51111111,0,Apr
L008753,U129,08-11-2025,Python,Self Learning,1.7,47.2,82.9,In Progress,Intermediate,27.76470588,0,Nov
L008754,U054,20-02-2025,Cloud,Certification,1.5,94.6,100,Completed,Intermediate,63.06666667,1,Feb
L008755,U142,25-09-2025,Cloud,Online Course,2,60,24.9,Dropped,Intermediate,30,0,Sep
L008756,U044,29-08-2025,Machine Learning,Online Course,2.2,95.2,65.1,In Progress,Beginner,43.27272727,0,Aug
L008757,U009,27-05-2025,Power BI,Self Learning,3.3,88.7,51.3,In Progress,Beginner,26.87878788,0,May
L008758,U197,17-02-2025,ServiceNow,Online Course,1.5,55.7,21.2,In Progress,Beginner,37.13333333,0,Feb
L008759,U056,07-10-2025,Python,Project,1.6,100,100,Completed,Advanced,62.5,1,Oct
L008760,U010,25-01-2025,Python,Workshop,5,85.8,47.1,Dropped,Beginner,17.16,0,Jan
L008761,U176,27-06-2025,Power BI,Online Course,0.7,73.8,100,Completed,Intermediate,105.4285714,1,Jun
L008762,U060,09-09-2025,Excel,Online Course,0,0,0,Not Started,Beginner,0,0,Sep
L008763,U161,23-08-2025,Power BI,Project,4.5,88.7,100,Completed,Advanced,19.71111111,1,Aug
L008764,U142,03-02-2025,Java,Self Learning,3,89.5,55.9,In Progress,Beginner,29.83333333,0,Feb
L008765,U052,25-04-2025,Machine Learning,Online Course,5.1,73.1,100,Completed,Beginner,14.33333333,1,Apr
L008766,U181,03-09-2025,Python,Self Learning,2.5,65.6,99.5,In Progress,Intermediate,26.24,0,Sep
L008767,U158,13-06-2025,ServiceNow,Project,2.2,64.3,21.9,In Progress,Beginner,29.22727273,0,Jun
L008768,U096,17-01-2025,Power BI,Self Learning,5.9,94.6,100,Completed,Advanced,16.03389831,1,Jan
L008769,U005,26-08-2025,Machine Learning,Self Learning,3.8,68.6,16.3,In Progress,Advanced,18.05263158,0,Aug
L008770,U070,19-03-2025,Cloud,Project,2,59.5,64.1,In Progress,Advanced,29.75,0,Mar
L008771,U124,05-12-2025,Data Analytics,Self Learning,2.1,58.5,63.6,In Progress,Intermediate,27.85714286,0,Dec
L008772,U087,06-01-2025,Python,Project,3.2,49.3,68.3,Dropped,Advanced,15.40625,0,Jan
L008773,U158,29-03-2025,Python,Certification,1.3,65.5,100,Completed,Intermediate,50.38461538,1,Mar
L008774,U174,09-02-2025,Cloud,Self Learning,0,0,0,Not Started,Intermediate,0,0,Feb
L008775,U114,24-09-2025,Data Analytics,Workshop,4,71.4,28.2,In Progress,Intermediate,17.85,0,Sep
L008776,U075,09-02-2025,Cloud,Project,2.1,99.5,38.5,Dropped,Advanced,47.38095238,0,Feb
L008777,U094,19-11-2025,SQL,Project,3.3,77.3,22.9,In Progress,Beginner,23.42424242,0,Nov
L008778,U199,12-01-2025,ServiceNow,Certification,4.3,75.1,79.9,In Progress,Beginner,17.46511628,0,Jan
L008779,U119,26-01-2025,Cloud,Self Learning,2.8,49.1,31.5,Dropped,Beginner,17.53571429,0,Jan
L008780,U103,13-09-2025,Excel,Project,2.2,83,100,Completed,Intermediate,37.72727273,1,Sep
L008781,U066,26-06-2025,ServiceNow,Workshop,2.2,69.9,100,Completed,Intermediate,31.77272727,1,Jun
L008782,U015,10-10-2025,Power BI,Workshop,1.1,56.6,45.2,In Progress,Beginner,51.45454545,0,Oct
L008783,U196,09-04-2025,Excel,Project,2.7,70.5,67,In Progress,Beginner,26.11111111,0,Apr
L008784,U185,23-01-2025,Excel,Certification,5.4,96.1,100,Completed,Intermediate,17.7962963,1,Jan
L008785,U107,16-04-2025,Machine Learning,Workshop,4.9,67.1,22.6,In Progress,Advanced,13.69387755,0,Apr
L008786,U062,25-05-2025,ServiceNow,Certification,2.8,86.4,51.4,In Progress,Intermediate,30.85714286,0,May
L008787,U153,18-05-2025,Cloud,Online Course,4.9,40.8,13,Dropped,Advanced,8.326530612,0,May
L008788,U151,19-05-2025,Communication,Online Course,6,53.3,34,In Progress,Advanced,8.883333333,0,May
L008789,U187,05-11-2025,Machine Learning,Online Course,5.5,74.9,100,Completed,Intermediate,13.61818182,1,Nov
L008790,U018,30-06-2025,ServiceNow,Workshop,0.6,43.1,99.7,In Progress,Beginner,71.83333333,0,Jun
L008791,U088,23-08-2025,Machine Learning,Workshop,5.6,59.2,35.7,In Progress,Beginner,10.57142857,0,Aug
L008792,U181,05-10-2025,SQL,Workshop,2.9,99.8,13.4,In Progress,Advanced,34.4137931,0,Oct
L008793,U037,09-04-2025,Cloud,Certification,0.7,69.9,75.8,In Progress,Beginner,99.85714286,0,Apr
L008794,U062,18-04-2025,Machine Learning,Certification,0,0,0,Not Started,Intermediate,0,0,Apr
L008795,U111,17-11-2025,SQL,Online Course,0.6,57.5,22.4,Dropped,Advanced,95.83333333,0,Nov
L008796,U040,22-09-2025,Communication,Self Learning,5.4,82.8,100,Completed,Beginner,15.33333333,1,Sep
L008797,U181,10-06-2025,ServiceNow,Project,0.8,74,86.7,In Progress,Beginner,92.5,0,Jun
L008798,U074,04-04-2025,Communication,Project,4.1,73.8,94.2,In Progress,Advanced,18,0,Apr
L008799,U077,18-03-2025,Communication,Self Learning,5.3,81.7,52.6,In Progress,Beginner,15.41509434,0,Mar
L008800,U024,29-07-2025,Java,Project,4.2,95.9,14.9,In Progress,Intermediate,22.83333333,0,Jul
L008801,U037,04-01-2025,Data Analytics,Certification,0.6,64.1,47.5,In Progress,Intermediate,106.8333333,0,Jan
L008802,U150,01-08-2025,Machine Learning,Self Learning,4.6,91.1,100,Completed,Beginner,19.80434783,1,Aug
L008803,U068,07-07-2025,Java,Online Course,0.7,52.7,37.9,In Progress,Advanced,75.28571429,0,Jul
L008804,U185,30-06-2025,SQL,Online Course,1,51.2,44.8,Dropped,Intermediate,51.2,0,Jun
L008805,U133,21-08-2025,ServiceNow,Project,4.1,80.9,50.2,Dropped,Advanced,19.73170732,0,Aug
L008806,U171,31-05-2025,Communication,Workshop,5.2,80.9,100,Completed,Intermediate,15.55769231,1,May
L008807,U023,10-10-2025,Cloud,Self Learning,3.9,66.2,100,Completed,Advanced,16.97435897,1,Oct
L008808,U045,14-06-2025,Power BI,Workshop,0,0,0,Not Started,Beginner,0,0,Jun
L008809,U123,29-05-2025,Power BI,Certification,3.1,86.9,45.5,Dropped,Intermediate,28.03225806,0,May
L008810,U054,29-08-2025,Java,Certification,3.6,97.6,23.1,In Progress,Intermediate,27.11111111,0,Aug
L008811,U142,29-01-2025,Machine Learning,Project,1.5,41.9,62.6,In Progress,Intermediate,27.93333333,0,Jan
L008812,U060,04-12-2025,SQL,Self Learning,5,47.4,90.4,In Progress,Beginner,9.48,0,Dec
L008813,U060,28-10-2025,Java,Self Learning,2.4,72.7,100,Completed,Intermediate,30.29166667,1,Oct
L008814,U135,08-10-2025,Machine Learning,Online Course,3.8,92.5,14.9,In Progress,Intermediate,24.34210526,0,Oct
L008815,U091,16-12-2025,Data Analytics,Self Learning,1.4,68.2,100,Completed,Intermediate,48.71428571,1,Dec
L008816,U114,08-02-2025,ServiceNow,Workshop,1,90.7,55.2,In Progress,Advanced,90.7,0,Feb
L008817,U060,21-10-2025,ServiceNow,Project,4.6,58.7,73.7,In Progress,Beginner,12.76086957,0,Oct
L008818,U040,02-10-2025,Java,Project,1.3,67.1,100,Completed,Intermediate,51.61538462,1,Oct
L008819,U078,02-03-2025,ServiceNow,Project,0.9,82.8,85.6,In Progress,Beginner,92,0,Mar
L008820,U154,31-01-2025,Java,Online Course,2,72.1,11.9,In Progress,Advanced,36.05,0,Jan
L008821,U138,03-07-2025,Data Analytics,Project,5.3,99.2,100,Completed,Advanced,18.71698113,1,Jul
L008822,U127,17-08-2025,Communication,Project,5.5,83,100,Completed,Intermediate,15.09090909,1,Aug
L008823,U048,08-04-2025,ServiceNow,Certification,2.6,94,45.8,In Progress,Advanced,36.15384615,0,Apr
L008824,U185,28-05-2025,ServiceNow,Certification,4.8,85.5,66,Dropped,Intermediate,17.8125,0,May
L008825,U112,25-12-2025,Data Analytics,Self Learning,5.8,90.6,81.4,In Progress,Advanced,15.62068966,0,Dec
L008826,U136,09-12-2025,Excel,Online Course,4.2,69,54.9,In Progress,Intermediate,16.42857143,0,Dec
L008827,U199,16-02-2025,SQL,Online Course,0.7,89.8,41.1,In Progress,Intermediate,128.2857143,0,Feb
L008828,U126,05-08-2025,Communication,Online Course,1,70.4,22.3,In Progress,Beginner,70.4,0,Aug
L008829,U078,24-08-2025,SQL,Workshop,5.4,74.3,100,Completed,Beginner,13.75925926,1,Aug
L008830,U082,15-06-2025,Machine Learning,Certification,2.8,98.4,100,Completed,Advanced,35.14285714,1,Jun
L008831,U188,22-01-2025,Cloud,Project,3.6,41.3,74.6,In Progress,Advanced,11.47222222,0,Jan
L008832,U095,12-03-2025,Machine Learning,Workshop,5.6,64.7,77.7,In Progress,Beginner,11.55357143,0,Mar
L008833,U053,31-12-2025,ServiceNow,Project,2.1,69.1,100,Completed,Beginner,32.9047619,1,Dec
L008834,U026,24-02-2025,Machine Learning,Project,5.1,59.9,78.6,In Progress,Beginner,11.74509804,0,Feb
L008835,U114,29-03-2025,Excel,Self Learning,1.3,92.3,100,Completed,Advanced,71,1,Mar
L008836,U036,03-02-2025,Java,Project,1.3,85.5,100,Completed,Intermediate,65.76923077,1,Feb
L008837,U147,27-08-2025,Data Analytics,Certification,1.6,90.1,58.3,In Progress,Advanced,56.3125,0,Aug
L008838,U010,07-09-2025,Python,Project,0,0,0,Not Started,Intermediate,0,0,Sep
L008839,U160,09-05-2025,SQL,Online Course,3.3,59.5,86.3,In Progress,Advanced,18.03030303,0,May
L008840,U078,26-10-2025,ServiceNow,Self Learning,4.2,72.4,56,Dropped,Advanced,17.23809524,0,Oct
L008841,U194,22-06-2025,Communication,Workshop,1,77.7,21.1,Dropped,Intermediate,77.7,0,Jun
L008842,U153,15-08-2025,Cloud,Online Course,1.9,85.3,52.6,Dropped,Beginner,44.89473684,0,Aug
L008843,U078,17-06-2025,Python,Self Learning,0,0,0,Not Started,Beginner,0,0,Jun
L008844,U043,27-03-2025,Machine Learning,Certification,3,67.8,100,Completed,Beginner,22.6,1,Mar
L008845,U186,20-06-2025,Machine Learning,Self Learning,1,81.6,39.8,Dropped,Advanced,81.6,0,Jun
L008846,U148,12-02-2025,SQL,Certification,0.8,75.6,32.4,Dropped,Intermediate,94.5,0,Feb
L008847,U158,13-12-2025,Java,Self Learning,1.7,71.3,19.7,Dropped,Advanced,41.94117647,0,Dec
L008848,U016,05-02-2025,Communication,Online Course,3,59.6,61.4,In Progress,Beginner,19.86666667,0,Feb
L008849,U101,27-01-2025,Power BI,Online Course,5.3,48,28.2,In Progress,Intermediate,9.056603774,0,Jan
L008850,U025,20-02-2025,Python,Project,2.6,94.4,64.9,Dropped,Beginner,36.30769231,0,Feb
L008851,U005,20-03-2025,Data Analytics,Project,0.9,73.6,100,Completed,Beginner,81.77777778,1,Mar
L008852,U120,05-03-2025,Excel,Self Learning,0,0,0,Not Started,Advanced,0,0,Mar
L008853,U156,13-04-2025,Communication,Project,5.8,95.3,100,Completed,Advanced,16.43103448,1,Apr
L008854,U072,05-05-2025,Machine Learning,Online Course,5.8,61.4,64.9,In Progress,Intermediate,10.5862069,0,May
L008855,U159,17-07-2025,Excel,Certification,2.7,60.9,81.6,In Progress,Intermediate,22.55555556,0,Jul
L008856,U079,18-07-2025,Power BI,Self Learning,2.7,93.3,100,Completed,Intermediate,34.55555556,1,Jul
L008857,U106,07-01-2025,Machine Learning,Workshop,1.1,45.7,83.3,In Progress,Advanced,41.54545455,0,Jan
L008858,U023,17-08-2025,Data Analytics,Workshop,3.4,91.9,100,Completed,Advanced,27.02941176,1,Aug
L008859,U133,30-06-2025,Python,Online Course,5.6,77.3,100,Completed,Intermediate,13.80357143,1,Jun
L008860,U101,27-08-2025,Power BI,Self Learning,0.6,56.5,59.9,In Progress,Beginner,94.16666667,0,Aug
L008861,U161,17-04-2025,Java,Certification,0.6,41.4,73.3,In Progress,Intermediate,69,0,Apr
L008862,U042,26-06-2025,Machine Learning,Online Course,3.9,76.5,41.4,In Progress,Advanced,19.61538462,0,Jun
L008863,U061,02-08-2025,Cloud,Self Learning,4.7,87.1,28.7,In Progress,Intermediate,18.53191489,0,Aug
L008864,U055,18-12-2025,SQL,Workshop,1.9,83.3,100,Completed,Advanced,43.84210526,1,Dec
L008865,U145,22-02-2025,Power BI,Workshop,0,0,0,Not Started,Beginner,0,0,Feb
L008866,U076,26-07-2025,Python,Workshop,1.4,89.6,100,Completed,Intermediate,64,1,Jul
L008867,U154,28-04-2025,Cloud,Online Course,4.9,85.5,82.2,In Progress,Intermediate,17.44897959,0,Apr
L008868,U181,14-01-2025,Communication,Certification,3.4,44,49.7,Dropped,Advanced,12.94117647,0,Jan
L008869,U174,07-05-2025,Machine Learning,Certification,0,0,0,Not Started,Intermediate,0,0,May
L008870,U088,18-08-2025,Cloud,Online Course,1.5,95.6,61.7,In Progress,Intermediate,63.73333333,0,Aug
L008871,U079,06-10-2025,SQL,Online Course,0,0,0,Not Started,Beginner,0,0,Oct
L008872,U150,11-07-2025,Java,Self Learning,1.8,80.4,37.4,In Progress,Advanced,44.66666667,0,Jul
L008873,U143,15-07-2025,Machine Learning,Workshop,5.2,51.3,2.3,In Progress,Beginner,9.865384615,0,Jul
L008874,U035,19-10-2025,Machine Learning,Self Learning,4.5,94.3,100,Completed,Intermediate,20.95555556,1,Oct
L008875,U060,03-09-2025,Python,Project,5.4,47.8,53.5,In Progress,Beginner,8.851851852,0,Sep
L008876,U003,08-11-2025,SQL,Certification,0.8,86.4,100,Completed,Beginner,108,1,Nov
L008877,U159,21-04-2025,Java,Certification,3.2,55.6,99.8,In Progress,Beginner,17.375,0,Apr
L008878,U056,15-05-2025,Data Analytics,Certification,0,0,0,Not Started,Advanced,0,0,May
L008879,U096,03-10-2025,Data Analytics,Certification,3.7,57.5,93,In Progress,Intermediate,15.54054054,0,Oct
L008880,U022,03-11-2025,Cloud,Certification,4,67,100,Completed,Intermediate,16.75,1,Nov
L008881,U032,20-09-2025,Excel,Self Learning,3.7,85.7,100,Completed,Beginner,23.16216216,1,Sep
L008882,U157,23-02-2025,Python,Workshop,5.1,65.5,76,In Progress,Intermediate,12.84313725,0,Feb
L008883,U093,05-08-2025,Power BI,Online Course,5,70.5,100,Completed,Intermediate,14.1,1,Aug
L008884,U038,27-10-2025,Excel,Certification,2.7,56.3,30.4,Dropped,Beginner,20.85185185,0,Oct
L008885,U050,22-05-2025,Java,Online Course,3.5,85.3,19,In Progress,Advanced,24.37142857,0,May
L008886,U147,04-10-2025,Machine Learning,Workshop,0,0,0,Not Started,Advanced,0,0,Oct
L008887,U121,15-03-2025,Data Analytics,Self Learning,4.5,79.4,41.7,In Progress,Advanced,17.64444444,0,Mar
L008888,U079,28-11-2025,Communication,Workshop,1.6,90.5,100,Completed,Intermediate,56.5625,1,Nov
L008889,U198,23-06-2025,Python,Online Course,4.8,92.4,100,Completed,Advanced,19.25,1,Jun
L008890,U178,10-09-2025,Python,Self Learning,0,0,0,Not Started,Beginner,0,0,Sep
L008891,U132,30-06-2025,SQL,Project,0.6,51.9,21,Dropped,Advanced,86.5,0,Jun
L008892,U070,29-04-2025,Java,Self Learning,0.8,69.6,34.6,Dropped,Advanced,87,0,Apr
L008893,U088,16-12-2025,Power BI,Self Learning,5.8,94.9,99.7,In Progress,Intermediate,16.36206897,0,Dec
L008894,U065,25-11-2025,SQL,Workshop,1.8,45.7,44.3,In Progress,Beginner,25.38888889,0,Nov
L008895,U091,01-01-2025,Power BI,Workshop,3.7,67.6,100,Completed,Intermediate,18.27027027,1,Jan
L008896,U087,29-01-2025,Communication,Self Learning,3.2,69.3,100,Completed,Intermediate,21.65625,1,Jan
L008897,U081,19-08-2025,Data Analytics,Certification,1.8,94.5,65.3,In Progress,Beginner,52.5,0,Aug
L008898,U062,22-03-2025,ServiceNow,Project,4.6,76.4,100,Completed,Intermediate,16.60869565,1,Mar
L008899,U140,07-05-2025,Java,Certification,0,0,0,Not Started,Beginner,0,0,May
L008900,U068,29-08-2025,Communication,Workshop,0,0,0,Not Started,Advanced,0,0,Aug
L008901,U087,22-10-2025,Cloud,Online Course,0,0,0,Not Started,Beginner,0,0,Oct
L008902,U109,13-09-2025,Machine Learning,Self Learning,1.2,75.9,33.6,In Progress,Intermediate,63.25,0,Sep
L008903,U133,22-10-2025,Communication,Online Course,4.8,92,100,Completed,Advanced,19.16666667,1,Oct
L008904,U120,26-11-2025,Machine Learning,Self Learning,5,78.9,100,Completed,Advanced,15.78,1,Nov
L008905,U196,09-04-2025,Power BI,Workshop,3,41.9,19.1,In Progress,Beginner,13.96666667,0,Apr
L008906,U145,19-07-2025,Machine Learning,Self Learning,1.9,84.8,100,Completed,Advanced,44.63157895,1,Jul
L008907,U160,12-03-2025,ServiceNow,Certification,3.9,69.4,86.4,In Progress,Beginner,17.79487179,0,Mar
L008908,U049,23-02-2025,SQL,Certification,3,78.3,54.2,In Progress,Advanced,26.1,0,Feb
L008909,U024,01-04-2025,Java,Self Learning,2.7,84.2,100,Completed,Advanced,31.18518519,1,Apr
L008910,U022,13-06-2025,ServiceNow,Project,1.1,56.3,15.2,In Progress,Beginner,51.18181818,0,Jun
L008911,U044,04-08-2025,Cloud,Self Learning,2.1,63.9,5.3,In Progress,Advanced,30.42857143,0,Aug
L008912,U096,02-06-2025,Machine Learning,Certification,4.9,86.5,100,Completed,Beginner,17.65306122,1,Jun
L008913,U046,07-11-2025,Data Analytics,Project,2.7,95.9,100,Completed,Advanced,35.51851852,1,Nov
L008914,U119,22-03-2025,SQL,Online Course,3.6,65.7,100,Completed,Advanced,18.25,1,Mar
L008915,U035,03-07-2025,Python,Project,0,0,0,Not Started,Advanced,0,0,Jul
L008916,U126,21-10-2025,Data Analytics,Self Learning,0,0,0,Not Started,Intermediate,0,0,Oct
L008917,U170,09-09-2025,Machine Learning,Certification,2.7,70.3,100,Completed,Advanced,26.03703704,1,Sep
L008918,U062,20-08-2025,Machine Learning,Certification,0,0,0,Not Started,Beginner,0,0,Aug
L008919,U083,12-08-2025,ServiceNow,Project,2.7,57.2,65.3,In Progress,Intermediate,21.18518519,0,Aug
L008920,U097,07-03-2025,Java,Workshop,3.4,75.8,24.2,In Progress,Advanced,22.29411765,0,Mar
L008921,U176,10-11-2025,Power BI,Project,1.5,60.1,84,In Progress,Intermediate,40.06666667,0,Nov
L008922,U122,18-09-2025,Data Analytics,Project,2,80.1,100,Completed,Intermediate,40.05,1,Sep
L008923,U035,14-07-2025,Communication,Workshop,5.3,93.2,25.9,In Progress,Intermediate,17.58490566,0,Jul
L008924,U053,04-08-2025,Java,Certification,4.6,76.7,100,Completed,Advanced,16.67391304,1,Aug
L008925,U093,21-04-2025,Python,Online Course,5.7,57.4,64,In Progress,Beginner,10.07017544,0,Apr
L008926,U038,16-10-2025,Python,Workshop,4.4,98.3,39.3,In Progress,Beginner,22.34090909,0,Oct
L008927,U151,22-11-2025,SQL,Certification,3.2,52.8,59.4,In Progress,Beginner,16.5,0,Nov
L008928,U062,13-12-2025,Cloud,Online Course,2.7,87.3,13.7,In Progress,Beginner,32.33333333,0,Dec
L008929,U073,24-02-2025,Java,Online Course,1.1,54.1,68.8,In Progress,Beginner,49.18181818,0,Feb
L008930,U187,22-07-2025,Communication,Project,5.7,63.6,84.1,In Progress,Intermediate,11.15789474,0,Jul
L008931,U180,10-01-2025,Cloud,Self Learning,2.4,44.3,56.7,In Progress,Advanced,18.45833333,0,Jan
L008932,U199,20-04-2025,Power BI,Online Course,3,58,22.8,Dropped,Advanced,19.33333333,0,Apr
L008933,U070,04-01-2025,SQL,Certification,5.2,82.4,89.7,In Progress,Advanced,15.84615385,0,Jan
L008934,U145,16-01-2025,ServiceNow,Project,0,0,0,Not Started,Beginner,0,0,Jan
L008935,U177,15-10-2025,Power BI,Self Learning,0,0,0,Not Started,Beginner,0,0,Oct
L008936,U057,26-11-2025,Cloud,Certification,0,0,0,Not Started,Advanced,0,0,Nov
L008937,U129,21-04-2025,Communication,Workshop,3.6,98.2,49.1,In Progress,Beginner,27.27777778,0,Apr
L008938,U017,03-10-2025,Cloud,Project,4.1,58.4,51,In Progress,Advanced,14.24390244,0,Oct
L008939,U120,09-05-2025,Power BI,Certification,1.5,84.1,100,Completed,Advanced,56.06666667,1,May
L008940,U172,24-05-2025,Excel,Certification,3.7,82.4,89.3,In Progress,Advanced,22.27027027,0,May
L008941,U127,30-11-2025,Power BI,Certification,4.4,52.6,76.7,In Progress,Intermediate,11.95454545,0,Nov
L008942,U044,05-04-2025,SQL,Self Learning,0,0,0,Not Started,Intermediate,0,0,Apr
L008943,U096,20-05-2025,Java,Workshop,2.3,97.4,100,Completed,Advanced,42.34782609,1,May
L008944,U117,27-09-2025,ServiceNow,Project,0,0,0,Not Started,Intermediate,0,0,Sep
L008945,U051,08-11-2025,SQL,Project,4.4,48.9,25.3,Dropped,Beginner,11.11363636,0,Nov
L008946,U073,22-06-2025,Excel,Project,1.9,66.4,5.7,In Progress,Intermediate,34.94736842,0,Jun
L008947,U078,10-02-2025,Python,Workshop,0.9,68.7,30.1,Dropped,Advanced,76.33333333,0,Feb
L008948,U088,26-06-2025,ServiceNow,Online Course,2,49,62.8,Dropped,Advanced,24.5,0,Jun
L008949,U192,11-03-2025,Python,Certification,5.2,85.5,100,Completed,Intermediate,16.44230769,1,Mar
L008950,U027,21-08-2025,ServiceNow,Project,4.8,88.8,80.5,In Progress,Advanced,18.5,0,Aug
L008951,U158,08-04-2025,ServiceNow,Project,5.8,99.7,100,Completed,Beginner,17.18965517,1,Apr
L008952,U002,25-07-2025,Machine Learning,Online Course,0,0,0,Not Started,Beginner,0,0,Jul
L008953,U088,12-11-2025,Java,Certification,2.7,89.7,42,In Progress,Beginner,33.22222222,0,Nov
L008954,U192,08-12-2025,Communication,Online Course,2.8,95.5,6.2,In Progress,Beginner,34.10714286,0,Dec
L008955,U198,13-03-2025,Python,Project,4.2,49,69.3,In Progress,Intermediate,11.66666667,0,Mar
L008956,U050,07-10-2025,Java,Certification,4.4,88.9,19.3,In Progress,Intermediate,20.20454545,0,Oct
L008957,U101,12-11-2025,Machine Learning,Certification,5.1,81.1,100,Completed,Intermediate,15.90196078,1,Nov
L008958,U194,13-10-2025,SQL,Workshop,3,74.6,7.4,In Progress,Beginner,24.86666667,0,Oct
L008959,U065,12-03-2025,Data Analytics,Certification,5.6,76.5,65.3,In Progress,Advanced,13.66071429,0,Mar
L008960,U065,18-11-2025,Java,Self Learning,1.7,96.1,58.2,In Progress,Beginner,56.52941176,0,Nov
L008961,U136,04-06-2025,Python,Certification,1.6,98.9,100,Completed,Intermediate,61.8125,1,Jun
L008962,U113,22-02-2025,ServiceNow,Project,1.1,77.8,100,Completed,Advanced,70.72727273,1,Feb
L008963,U048,09-02-2025,SQL,Certification,2.2,98.3,69,In Progress,Beginner,44.68181818,0,Feb
L008964,U042,12-06-2025,Power BI,Online Course,0.9,94.6,42.2,In Progress,Intermediate,105.1111111,0,Jun
L008965,U026,22-03-2025,Power BI,Certification,0.7,97.3,6.5,In Progress,Beginner,139,0,Mar
L008966,U146,01-07-2025,SQL,Workshop,0.5,87.4,7.1,In Progress,Advanced,174.8,0,Jul
L008967,U096,04-02-2025,Machine Learning,Certification,2.6,84.6,80.3,In Progress,Advanced,32.53846154,0,Feb
L008968,U057,27-07-2025,Machine Learning,Certification,3.3,41.7,27.1,In Progress,Intermediate,12.63636364,0,Jul
L008969,U114,08-02-2025,Excel,Workshop,5.9,75.4,100,Completed,Advanced,12.77966102,1,Feb
L008970,U110,12-07-2025,Communication,Certification,2,71.1,70.1,In Progress,Beginner,35.55,0,Jul
L008971,U034,10-10-2025,Communication,Project,3.5,90.8,100,Completed,Intermediate,25.94285714,1,Oct
L008972,U047,07-06-2025,Excel,Online Course,0.7,84.2,84.5,In Progress,Intermediate,120.2857143,0,Jun
L008973,U106,19-09-2025,Data Analytics,Self Learning,4.2,54.8,76,In Progress,Advanced,13.04761905,0,Sep
L008974,U065,20-01-2025,Python,Project,0,0,0,Not Started,Advanced,0,0,Jan
L008975,U191,14-09-2025,Communication,Workshop,4.1,89.4,17.4,In Progress,Intermediate,21.80487805,0,Sep
L008976,U150,24-12-2025,SQL,Certification,5.5,95.7,28.4,Dropped,Intermediate,17.4,0,Dec
L008977,U175,05-07-2025,Communication,Workshop,5,65.8,100,Completed,Advanced,13.16,1,Jul
L008978,U103,14-11-2025,Data Analytics,Online Course,1,88.5,100,Completed,Beginner,88.5,1,Nov
L008979,U005,31-08-2025,Communication,Certification,5.4,49.2,60.1,In Progress,Advanced,9.111111111,0,Aug
L008980,U159,05-11-2025,Communication,Self Learning,2.9,45.9,48.9,In Progress,Intermediate,15.82758621,0,Nov
L008981,U114,05-04-2025,Communication,Online Course,6,87.5,100,Completed,Advanced,14.58333333,1,Apr
L008982,U109,29-11-2025,SQL,Project,4.1,72.6,100,Completed,Intermediate,17.70731707,1,Nov
L008983,U090,09-10-2025,Cloud,Certification,4.5,92.7,9.3,In Progress,Advanced,20.6,0,Oct
L008984,U072,22-02-2025,Cloud,Certification,2.2,86.3,72.7,In Progress,Advanced,39.22727273,0,Feb
L008985,U046,10-01-2025,SQL,Online Course,0.8,76.7,30.5,In Progress,Advanced,95.875,0,Jan
L008986,U182,14-04-2025,Data Analytics,Certification,2.9,57.6,13.5,In Progress,Advanced,19.86206897,0,Apr
L008987,U146,03-09-2025,Communication,Workshop,5.7,62.6,63.6,In Progress,Beginner,10.98245614,0,Sep
L008988,U028,04-08-2025,Data Analytics,Project,5.2,71.1,100,Completed,Beginner,13.67307692,1,Aug
L008989,U013,04-04-2025,Power BI,Workshop,4.5,88.4,100,Completed,Intermediate,19.64444444,1,Apr
L008990,U062,02-02-2025,Data Analytics,Self Learning,1.1,98.2,69.4,Dropped,Intermediate,89.27272727,0,Feb
L008991,U114,12-01-2025,Excel,Online Course,4.2,66.5,100,Completed,Intermediate,15.83333333,1,Jan
L008992,U171,29-06-2025,SQL,Certification,1.1,97.1,100,Completed,Intermediate,88.27272727,1,Jun
L008993,U021,29-08-2025,Machine Learning,Online Course,5.5,97.4,100,Completed,Beginner,17.70909091,1,Aug
L008994,U011,12-06-2025,SQL,Workshop,3.1,68.5,67.2,In Progress,Beginner,22.09677419,0,Jun
L008995,U081,20-11-2025,Excel,Project,4,45.4,35.5,In Progress,Beginner,11.35,0,Nov
L008996,U178,05-12-2025,Java,Project,4.8,55.2,58.6,Dropped,Intermediate,11.5,0,Dec
L008997,U004,19-11-2025,Machine Learning,Self Learning,3.7,87.3,46.6,In Progress,Beginner,23.59459459,0,Nov
L008998,U154,26-05-2025,Java,Online Course,0,0,0,Not Started,Intermediate,0,0,May
L008999,U157,27-05-2025,Java,Workshop,1.4,83.6,31.9,Dropped,Beginner,59.71428571,0,May
L009000,U108,07-04-2025,Power BI,Workshop,4.2,83.7,100,Completed,Intermediate,19.92857143,1,Apr
L009001,U139,10-05-2025,Communication,Online Course,1,68.2,100,Completed,Beginner,68.2,1,May
L009002,U083,12-02-2025,Excel,Online Course,1.5,78.3,47.4,In Progress,Beginner,52.2,0,Feb
L009003,U088,21-01-2025,Cloud,Project,2.1,77.7,100,Completed,Beginner,37,1,Jan
L009004,U193,27-07-2025,SQL,Online Course,0,0,0,Not Started,Intermediate,0,0,Jul
L009005,U042,10-07-2025,ServiceNow,Project,3.9,95.1,68.8,In Progress,Advanced,24.38461538,0,Jul
L009006,U009,05-03-2025,Cloud,Online Course,1,93.9,100,Completed,Intermediate,93.9,1,Mar
L009007,U039,05-10-2025,SQL,Workshop,5.5,94.9,100,Completed,Intermediate,17.25454545,1,Oct
L009008,U057,17-03-2025,Python,Self Learning,3.4,42.1,50.4,In Progress,Beginner,12.38235294,0,Mar
L009009,U162,22-02-2025,Communication,Project,4.3,65.4,69.1,In Progress,Beginner,15.20930233,0,Feb
L009010,U062,27-07-2025,Machine Learning,Self Learning,2.5,87.3,12.2,Dropped,Intermediate,34.92,0,Jul
L009011,U127,09-02-2025,SQL,Self Learning,0,0,0,Not Started,Advanced,0,0,Feb
L009012,U049,25-04-2025,SQL,Project,5.7,84.1,100,Completed,Beginner,14.75438596,1,Apr
L009013,U166,25-07-2025,Cloud,Self Learning,0,0,0,Not Started,Advanced,0,0,Jul
L009014,U084,21-06-2025,Machine Learning,Workshop,2.3,79.5,5.7,In Progress,Intermediate,34.56521739,0,Jun
L009015,U013,26-06-2025,Excel,Self Learning,4.6,79.2,11.1,In Progress,Advanced,17.2173913,0,Jun
L009016,U115,16-01-2025,Python,Online Course,3.4,88,71.7,In Progress,Beginner,25.88235294,0,Jan
L009017,U120,02-07-2025,Cloud,Workshop,1.2,60.6,12.5,In Progress,Advanced,50.5,0,Jul
L009018,U033,15-10-2025,Python,Project,1.4,46.7,26.8,In Progress,Beginner,33.35714286,0,Oct
L009019,U111,27-12-2025,Python,Workshop,1.1,72.6,72.5,In Progress,Advanced,66,0,Dec
L009020,U185,05-10-2025,Java,Online Course,2.8,54.1,68.9,In Progress,Intermediate,19.32142857,0,Oct
L009021,U187,30-05-2025,Power BI,Self Learning,0,0,0,Not Started,Advanced,0,0,May
L009022,U138,12-11-2025,ServiceNow,Certification,4.9,69.1,27.8,In Progress,Advanced,14.10204082,0,Nov
L009023,U113,13-10-2025,Python,Project,2,93.9,55.6,In Progress,Beginner,46.95,0,Oct
L009024,U113,11-04-2025,SQL,Certification,0.6,61.3,84.5,In Progress,Beginner,102.1666667,0,Apr
L009025,U021,10-03-2025,Data Analytics,Project,3.9,55.6,65.4,Dropped,Advanced,14.25641026,0,Mar
L009026,U035,11-08-2025,Java,Online Course,2.3,90.6,24.4,Dropped,Advanced,39.39130435,0,Aug
L009027,U021,24-05-2025,Communication,Workshop,1.8,65.8,100,Completed,Beginner,36.55555556,1,May
L009028,U137,13-05-2025,Python,Certification,4.9,83.2,38.1,In Progress,Advanced,16.97959184,0,May
L009029,U010,18-07-2025,Power BI,Certification,3.2,92.7,100,Completed,Beginner,28.96875,1,Jul
L009030,U061,07-07-2025,Python,Workshop,1.2,72.3,44.2,In Progress,Beginner,60.25,0,Jul
L009031,U115,28-08-2025,ServiceNow,Self Learning,2.6,84.4,100,Completed,Intermediate,32.46153846,1,Aug
L009032,U168,24-08-2025,SQL,Online Course,1.3,78.4,100,Completed,Beginner,60.30769231,1,Aug
L009033,U082,03-08-2025,Excel,Self Learning,2.9,97.7,93.5,In Progress,Beginner,33.68965517,0,Aug
L009034,U137,12-03-2025,Cloud,Certification,5.1,87.2,29.4,In Progress,Advanced,17.09803922,0,Mar
L009035,U072,05-02-2025,Communication,Certification,5.6,54.8,26,In Progress,Advanced,9.785714286,0,Feb
L009036,U186,17-03-2025,Python,Project,2.2,88.9,100,Completed,Advanced,40.40909091,1,Mar
L009037,U116,23-12-2025,Java,Workshop,4.2,41.9,33.9,Dropped,Intermediate,9.976190476,0,Dec
L009038,U013,20-10-2025,Power BI,Project,3.2,98.8,52.1,In Progress,Beginner,30.875,0,Oct
L009039,U146,20-11-2025,Excel,Workshop,1.5,53.7,87.6,In Progress,Beginner,35.8,0,Nov
L009040,U023,23-09-2025,Excel,Certification,2.4,83.1,52.9,In Progress,Intermediate,34.625,0,Sep
L009041,U161,01-05-2025,SQL,Online Course,1.7,98.9,100,Completed,Advanced,58.17647059,1,May
L009042,U174,12-10-2025,Data Analytics,Project,5.7,50.3,55.2,In Progress,Advanced,8.824561404,0,Oct
L009043,U085,09-05-2025,Excel,Online Course,2.7,94.5,96.5,In Progress,Advanced,35,0,May
L009044,U188,01-10-2025,ServiceNow,Self Learning,4.8,47.3,80.8,In Progress,Beginner,9.854166667,0,Oct
L009045,U108,17-05-2025,SQL,Online Course,0.7,46.5,29.2,In Progress,Advanced,66.42857143,0,May
L009046,U014,08-06-2025,Communication,Self Learning,3.9,44.6,45.2,In Progress,Advanced,11.43589744,0,Jun
L009047,U012,07-05-2025,Power BI,Project,3.3,71.5,100,Completed,Advanced,21.66666667,1,May
L009048,U026,25-02-2025,Communication,Online Course,1.6,66.1,88.6,In Progress,Beginner,41.3125,0,Feb
L009049,U140,28-05-2025,Machine Learning,Online Course,2,99,78.9,In Progress,Advanced,49.5,0,May
L009050,U113,29-12-2025,Cloud,Online Course,4.3,74.6,100,Completed,Intermediate,17.34883721,1,Dec
L009051,U028,01-06-2025,Java,Self Learning,3.8,90.8,97.6,In Progress,Intermediate,23.89473684,0,Jun
L009052,U047,15-03-2025,Excel,Self Learning,0,0,0,Not Started,Advanced,0,0,Mar
L009053,U183,13-11-2025,Power BI,Online Course,0,0,0,Not Started,Beginner,0,0,Nov
L009054,U112,28-11-2025,Machine Learning,Workshop,1.4,89.9,14.4,In Progress,Advanced,64.21428571,0,Nov
L009055,U101,15-04-2025,SQL,Online Course,1.5,59.6,77.4,In Progress,Beginner,39.73333333,0,Apr
L009056,U195,04-11-2025,Python,Workshop,1.1,57.4,57,In Progress,Beginner,52.18181818,0,Nov
L009057,U190,21-12-2025,Python,Workshop,0,0,0,Not Started,Beginner,0,0,Dec
L009058,U113,27-06-2025,Communication,Self Learning,2.3,61.3,6.4,In Progress,Beginner,26.65217391,0,Jun
L009059,U097,28-03-2025,Cloud,Project,1.2,93,33.6,In Progress,Beginner,77.5,0,Mar
L009060,U048,21-03-2025,Communication,Self Learning,5.5,72.5,87.7,In Progress,Advanced,13.18181818,0,Mar
L009061,U045,02-09-2025,Java,Certification,4.1,40.7,7.7,In Progress,Beginner,9.926829268,0,Sep
L009062,U010,20-10-2025,Cloud,Certification,2.7,76,40.3,In Progress,Beginner,28.14814815,0,Oct
L009063,U072,11-02-2025,Excel,Workshop,0,0,0,Not Started,Intermediate,0,0,Feb
L009064,U023,03-08-2025,Power BI,Project,2.7,61.4,42.6,In Progress,Intermediate,22.74074074,0,Aug
L009065,U070,22-01-2025,Data Analytics,Project,5.5,41.5,18.8,In Progress,Intermediate,7.545454545,0,Jan
L009066,U007,11-10-2025,Excel,Workshop,3.2,66.1,70,In Progress,Beginner,20.65625,0,Oct
L009067,U072,04-06-2025,Data Analytics,Online Course,1.7,72.3,100,Completed,Intermediate,42.52941176,1,Jun
L009068,U117,27-10-2025,Power BI,Certification,5.4,86.7,67,In Progress,Advanced,16.05555556,0,Oct
L009069,U084,07-01-2025,Python,Self Learning,0.8,50.9,19.7,In Progress,Intermediate,63.625,0,Jan
L009070,U049,24-08-2025,ServiceNow,Certification,4.2,70.8,88.9,In Progress,Beginner,16.85714286,0,Aug
L009071,U173,15-07-2025,Communication,Project,0,0,0,Not Started,Intermediate,0,0,Jul
L009072,U045,27-07-2025,Power BI,Self Learning,2.1,72.7,14.1,In Progress,Beginner,34.61904762,0,Jul
L009073,U161,04-12-2025,Machine Learning,Workshop,2.8,78.1,80.6,In Progress,Intermediate,27.89285714,0,Dec
L009074,U108,23-06-2025,Java,Online Course,2.5,52.2,88.4,In Progress,Advanced,20.88,0,Jun
L009075,U088,07-04-2025,Machine Learning,Certification,3.7,72.4,100,Completed,Advanced,19.56756757,1,Apr
L009076,U118,09-11-2025,Java,Online Course,1.2,95.1,97.5,In Progress,Advanced,79.25,0,Nov
L009077,U189,02-07-2025,SQL,Workshop,3.7,58.5,23.1,In Progress,Beginner,15.81081081,0,Jul
L009078,U165,29-04-2025,Cloud,Project,3.5,43.8,36.1,In Progress,Intermediate,12.51428571,0,Apr
L009079,U101,08-01-2025,ServiceNow,Project,0.6,41.7,93.4,In Progress,Beginner,69.5,0,Jan
L009080,U152,06-09-2025,ServiceNow,Online Course,2,60.2,67.5,In Progress,Intermediate,30.1,0,Sep
L009081,U004,30-11-2025,SQL,Online Course,0.9,99.2,55.7,In Progress,Beginner,110.2222222,0,Nov
L009082,U071,21-03-2025,SQL,Project,3.7,75.5,2.7,In Progress,Advanced,20.40540541,0,Mar
L009083,U162,29-09-2025,Data Analytics,Workshop,3.2,66.4,99.8,In Progress,Advanced,20.75,0,Sep
L009084,U017,12-10-2025,Communication,Project,2.3,86.4,29.7,Dropped,Intermediate,37.56521739,0,Oct
L009085,U057,23-06-2025,SQL,Online Course,0,0,0,Not Started,Advanced,0,0,Jun
L009086,U015,13-10-2025,ServiceNow,Certification,4.4,46.8,68.8,Dropped,Advanced,10.63636364,0,Oct
L009087,U183,02-08-2025,Power BI,Online Course,2.1,69.6,100,Completed,Advanced,33.14285714,1,Aug
L009088,U082,03-10-2025,Java,Project,4.8,40.5,4.3,In Progress,Intermediate,8.4375,0,Oct
L009089,U093,20-11-2025,Java,Self Learning,1.4,98.1,79.6,In Progress,Beginner,70.07142857,0,Nov
L009090,U170,04-08-2025,Communication,Workshop,5,52.8,43.3,In Progress,Intermediate,10.56,0,Aug
L009091,U011,08-03-2025,Python,Project,2.7,67.6,100,Completed,Advanced,25.03703704,1,Mar
L009092,U049,12-10-2025,Communication,Certification,0.8,54.2,10.5,In Progress,Beginner,67.75,0,Oct
L009093,U029,06-04-2025,Communication,Project,3.5,70.2,53.9,In Progress,Intermediate,20.05714286,0,Apr
L009094,U061,30-12-2025,Communication,Workshop,3.1,71.9,100,Completed,Advanced,23.19354839,1,Dec
L009095,U083,17-01-2025,Communication,Project,3.4,83.3,41.5,In Progress,Intermediate,24.5,0,Jan
L009096,U093,10-12-2025,Cloud,Workshop,4.2,93.8,100,Completed,Intermediate,22.33333333,1,Dec
L009097,U128,21-04-2025,Excel,Certification,5.4,99.4,51.9,Dropped,Intermediate,18.40740741,0,Apr
L009098,U167,26-04-2025,ServiceNow,Certification,5.9,70.9,96.3,In Progress,Beginner,12.01694915,0,Apr
L009099,U021,18-02-2025,Power BI,Certification,5.3,93.3,100,Completed,Intermediate,17.60377358,1,Feb
L009100,U065,07-08-2025,SQL,Project,0,0,0,Not Started,Beginner,0,0,Aug
L009101,U173,02-08-2025,Python,Online Course,0,0,0,Not Started,Beginner,0,0,Aug
L009102,U183,06-08-2025,Python,Project,3.6,90.3,87.3,In Progress,Beginner,25.08333333,0,Aug
L009103,U074,20-09-2025,Power BI,Project,4.5,81.6,11.4,In Progress,Intermediate,18.13333333,0,Sep
L009104,U069,06-09-2025,Excel,Project,5.5,83.2,83.2,In Progress,Advanced,15.12727273,0,Sep
L009105,U119,22-12-2025,Power BI,Certification,0.8,70,4.6,In Progress,Intermediate,87.5,0,Dec
L009106,U055,07-01-2025,Communication,Self Learning,3.6,92,100,Completed,Advanced,25.55555556,1,Jan
L009107,U071,06-01-2025,Data Analytics,Online Course,5.4,65.1,100,Completed,Beginner,12.05555556,1,Jan
L009108,U185,03-11-2025,Machine Learning,Project,2,57.4,59,In Progress,Beginner,28.7,0,Nov
L009109,U113,18-11-2025,Python,Workshop,3,53.4,45.8,In Progress,Beginner,17.8,0,Nov
L009110,U181,07-12-2025,Power BI,Certification,4.9,94.6,100,Completed,Intermediate,19.30612245,1,Dec
L009111,U114,09-03-2025,ServiceNow,Certification,4.7,56,86.4,In Progress,Beginner,11.91489362,0,Mar
L009112,U130,19-02-2025,ServiceNow,Online Course,4.3,74.1,100,Completed,Beginner,17.23255814,1,Feb
L009113,U023,22-07-2025,Communication,Online Course,3.3,65,80.4,In Progress,Beginner,19.6969697,0,Jul
L009114,U113,04-12-2025,Communication,Certification,4.4,76.7,52,In Progress,Advanced,17.43181818,0,Dec
L009115,U143,10-06-2025,Machine Learning,Online Course,3.8,88.1,9.6,In Progress,Intermediate,23.18421053,0,Jun
L009116,U081,22-05-2025,Excel,Project,1.2,87,100,Completed,Advanced,72.5,1,May
L009117,U142,13-10-2025,Excel,Workshop,5.5,69.4,100,Completed,Advanced,12.61818182,1,Oct
L009118,U192,18-11-2025,Excel,Online Course,3.6,60.4,57.1,Dropped,Intermediate,16.77777778,0,Nov
L009119,U081,03-12-2025,SQL,Self Learning,4.2,83,89.2,In Progress,Beginner,19.76190476,0,Dec
L009120,U014,29-04-2025,Power BI,Self Learning,2.4,89.5,72.6,In Progress,Beginner,37.29166667,0,Apr
L009121,U006,03-06-2025,Excel,Online Course,5.1,74.5,100,Completed,Intermediate,14.60784314,1,Jun
L009122,U120,26-02-2025,ServiceNow,Certification,3.8,73.7,100,Completed,Beginner,19.39473684,1,Feb
L009123,U186,09-03-2025,Machine Learning,Project,1.9,91.2,45,In Progress,Advanced,48,0,Mar
L009124,U129,06-09-2025,Python,Self Learning,1.8,56.4,29.4,In Progress,Advanced,31.33333333,0,Sep
L009125,U032,15-12-2025,Communication,Project,4.5,80.1,100,Completed,Intermediate,17.8,1,Dec
L009126,U151,16-12-2025,Data Analytics,Self Learning,2.3,90.8,99.8,In Progress,Advanced,39.47826087,0,Dec
L009127,U149,22-09-2025,ServiceNow,Online Course,4.1,86.4,100,Completed,Beginner,21.07317073,1,Sep
L009128,U121,20-08-2025,Cloud,Online Course,0,0,0,Not Started,Advanced,0,0,Aug
L009129,U124,30-12-2025,Data Analytics,Self Learning,1.6,40.5,63,Dropped,Intermediate,25.3125,0,Dec
L009130,U198,10-08-2025,Machine Learning,Certification,5.4,87.9,100,Completed,Advanced,16.27777778,1,Aug
L009131,U059,15-10-2025,Data Analytics,Online Course,2.6,91.3,15.6,In Progress,Intermediate,35.11538462,0,Oct
L009132,U113,10-10-2025,Cloud,Online Course,0.6,47.9,53.1,In Progress,Intermediate,79.83333333,0,Oct
L009133,U160,27-12-2025,Communication,Self Learning,5.8,98.3,61.6,Dropped,Advanced,16.94827586,0,Dec
L009134,U091,20-09-2025,Data Analytics,Project,5,70.6,61.9,In Progress,Beginner,14.12,0,Sep
L009135,U185,17-05-2025,Data Analytics,Certification,5,68.4,48.7,Dropped,Advanced,13.68,0,May
L009136,U114,20-08-2025,Communication,Self Learning,1.9,73.9,100,Completed,Intermediate,38.89473684,1,Aug
L009137,U155,21-12-2025,ServiceNow,Online Course,5.5,52.9,68,Dropped,Advanced,9.618181818,0,Dec
L009138,U123,10-02-2025,ServiceNow,Online Course,4.9,77.5,100,Completed,Advanced,15.81632653,1,Feb
L009139,U188,30-08-2025,Java,Online Course,4.3,42.4,20.2,Dropped,Beginner,9.860465116,0,Aug
L009140,U019,11-02-2025,Java,Self Learning,1.6,53.2,73.2,In Progress,Intermediate,33.25,0,Feb
L009141,U180,21-03-2025,Machine Learning,Certification,4.9,81.3,51.3,Dropped,Beginner,16.59183673,0,Mar
L009142,U121,19-07-2025,Communication,Certification,4.1,46.9,57.7,Dropped,Beginner,11.43902439,0,Jul
L009143,U034,18-06-2025,SQL,Online Course,0.8,86.2,38.2,In Progress,Advanced,107.75,0,Jun
L009144,U157,21-06-2025,Power BI,Certification,4.6,92,23.4,In Progress,Beginner,20,0,Jun
L009145,U197,21-01-2025,SQL,Self Learning,3,88.5,100,Completed,Intermediate,29.5,1,Jan
L009146,U048,02-08-2025,Excel,Certification,3.4,67.9,34.5,Dropped,Beginner,19.97058824,0,Aug
L009147,U028,21-06-2025,Python,Self Learning,3.2,80.2,89,In Progress,Intermediate,25.0625,0,Jun
L009148,U006,18-02-2025,Cloud,Project,1.5,96.5,34.2,In Progress,Advanced,64.33333333,0,Feb
L009149,U166,14-09-2025,Machine Learning,Online Course,0,0,0,Not Started,Beginner,0,0,Sep
L009150,U044,25-04-2025,Python,Online Course,0,0,0,Not Started,Intermediate,0,0,Apr
L009151,U153,05-12-2025,Excel,Online Course,3.9,90.5,100,Completed,Beginner,23.20512821,1,Dec
L009152,U158,29-12-2025,ServiceNow,Online Course,5.1,68.3,100,Completed,Beginner,13.39215686,1,Dec
L009153,U181,18-07-2025,Excel,Online Course,3.5,52.1,25.3,In Progress,Intermediate,14.88571429,0,Jul
L009154,U090,13-07-2025,Power BI,Project,0,0,0,Not Started,Intermediate,0,0,Jul
L009155,U004,14-12-2025,Cloud,Self Learning,5.1,91.9,100,Completed,Intermediate,18.01960784,1,Dec
L009156,U048,13-05-2025,ServiceNow,Project,0,0,0,Not Started,Beginner,0,0,May
L009157,U177,05-01-2025,ServiceNow,Online Course,3.7,87.4,100,Completed,Intermediate,23.62162162,1,Jan
L009158,U037,30-03-2025,Python,Self Learning,2,83.9,29,In Progress,Advanced,41.95,0,Mar
L009159,U157,20-05-2025,Communication,Online Course,1.3,45.9,16.2,In Progress,Intermediate,35.30769231,0,May
L009160,U179,19-10-2025,Cloud,Project,2.7,64,61.8,Dropped,Intermediate,23.7037037,0,Oct
L009161,U099,21-07-2025,Java,Certification,3.1,93.2,91.4,In Progress,Advanced,30.06451613,0,Jul
L009162,U046,01-09-2025,Excel,Online Course,3.2,64,81.4,In Progress,Advanced,20,0,Sep
L009163,U048,09-05-2025,Communication,Certification,4.2,98.2,16.7,In Progress,Advanced,23.38095238,0,May
L009164,U157,04-11-2025,Power BI,Certification,0,0,0,Not Started,Intermediate,0,0,Nov
L009165,U107,12-01-2025,Power BI,Project,3,57.4,49.3,Dropped,Advanced,19.13333333,0,Jan
L009166,U127,02-06-2025,SQL,Self Learning,5.3,56.7,37.8,In Progress,Advanced,10.69811321,0,Jun
L009167,U071,11-02-2025,Excel,Online Course,4.5,75.9,100,Completed,Beginner,16.86666667,1,Feb
L009168,U019,19-01-2025,Power BI,Certification,5.1,55.1,97.2,In Progress,Advanced,10.80392157,0,Jan
L009169,U180,05-03-2025,SQL,Project,5.5,97.8,65,In Progress,Advanced,17.78181818,0,Mar
L009170,U075,09-05-2025,Cloud,Online Course,2.9,43.3,93.2,In Progress,Beginner,14.93103448,0,May
L009171,U120,29-07-2025,Communication,Online Course,2.8,53.3,57.4,In Progress,Intermediate,19.03571429,0,Jul
L009172,U144,23-07-2025,SQL,Online Course,5.1,66.9,100,Completed,Beginner,13.11764706,1,Jul
L009173,U175,16-03-2025,Java,Workshop,2.3,95.7,71.7,In Progress,Beginner,41.60869565,0,Mar
L009174,U051,21-09-2025,Power BI,Workshop,3.9,80.8,100,Completed,Intermediate,20.71794872,1,Sep
L009175,U144,16-10-2025,Python,Self Learning,5.8,40.1,31.2,Dropped,Intermediate,6.913793103,0,Oct
L009176,U185,12-07-2025,ServiceNow,Project,4.3,73.5,100,Completed,Intermediate,17.09302326,1,Jul
L009177,U043,03-01-2025,Java,Project,2.8,88.7,92.7,In Progress,Intermediate,31.67857143,0,Jan
L009178,U154,09-11-2025,Excel,Online Course,4.4,68.2,54.3,In Progress,Beginner,15.5,0,Nov
L009179,U076,03-06-2025,Communication,Project,6,84.7,100,Completed,Beginner,14.11666667,1,Jun
L009180,U012,17-04-2025,Power BI,Certification,3.8,43.3,81.4,In Progress,Beginner,11.39473684,0,Apr
L009181,U080,09-12-2025,Power BI,Workshop,2.4,67.2,100,Completed,Intermediate,28,1,Dec
L009182,U069,10-12-2025,Cloud,Workshop,1.1,57.6,31.3,In Progress,Intermediate,52.36363636,0,Dec
L009183,U086,28-10-2025,Cloud,Self Learning,2.9,98.2,100,Completed,Beginner,33.86206897,1,Oct
L009184,U068,25-03-2025,Communication,Workshop,3.2,57.4,79.6,In Progress,Intermediate,17.9375,0,Mar
L009185,U091,06-05-2025,Python,Self Learning,5.1,67.7,49.1,In Progress,Beginner,13.2745098,0,May
L009186,U045,14-02-2025,Excel,Online Course,4.5,89.4,100,Completed,Beginner,19.86666667,1,Feb
L009187,U049,29-09-2025,Machine Learning,Project,2.3,64.5,65.4,In Progress,Advanced,28.04347826,0,Sep
L009188,U195,27-06-2025,Communication,Self Learning,4.6,84.8,0.6,In Progress,Beginner,18.43478261,0,Jun
L009189,U018,21-01-2025,ServiceNow,Online Course,3.1,84.6,100,Completed,Advanced,27.29032258,1,Jan
L009190,U156,28-08-2025,Java,Workshop,4,51.5,46.6,Dropped,Advanced,12.875,0,Aug
L009191,U045,04-03-2025,Power BI,Workshop,4.5,77.2,75.6,In Progress,Beginner,17.15555556,0,Mar
L009192,U106,02-05-2025,Power BI,Self Learning,2.5,96.5,100,Completed,Advanced,38.6,1,May
L009193,U109,10-11-2025,ServiceNow,Project,4.9,79.6,24.7,In Progress,Advanced,16.24489796,0,Nov
L009194,U082,02-12-2025,Cloud,Project,4.5,80.9,13.9,Dropped,Beginner,17.97777778,0,Dec
L009195,U145,17-11-2025,Machine Learning,Online Course,2.8,53.5,52.9,Dropped,Beginner,19.10714286,0,Nov
L009196,U017,18-03-2025,Data Analytics,Workshop,5.2,95.8,96.4,In Progress,Intermediate,18.42307692,0,Mar
L009197,U061,16-01-2025,Cloud,Self Learning,1.6,94.3,78.4,In Progress,Advanced,58.9375,0,Jan
L009198,U073,22-06-2025,Power BI,Online Course,4.4,84.7,100,Completed,Beginner,19.25,1,Jun
L009199,U086,13-05-2025,Python,Online Course,1.6,43.2,18.3,Dropped,Beginner,27,0,May
L009200,U112,30-01-2025,Data Analytics,Project,1.6,79.9,52,In Progress,Advanced,49.9375,0,Jan
L009201,U046,19-07-2025,Communication,Self Learning,3.4,88.8,22.2,In Progress,Beginner,26.11764706,0,Jul
L009202,U116,19-06-2025,Excel,Certification,1,96.9,1.7,In Progress,Beginner,96.9,0,Jun
L009203,U139,08-03-2025,Communication,Workshop,2.2,93.2,100,Completed,Intermediate,42.36363636,1,Mar
L009204,U172,22-05-2025,SQL,Project,4.5,96.1,8.4,In Progress,Advanced,21.35555556,0,May
L009205,U153,30-09-2025,Machine Learning,Workshop,2.8,42.3,85.7,In Progress,Beginner,15.10714286,0,Sep
L009206,U197,30-08-2025,Data Analytics,Project,5.7,98.4,87,In Progress,Intermediate,17.26315789,0,Aug
L009207,U071,04-01-2025,Machine Learning,Certification,2.2,98.2,37.3,In Progress,Advanced,44.63636364,0,Jan
L009208,U139,09-01-2025,Java,Online Course,3.8,76,32.5,Dropped,Advanced,20,0,Jan
L009209,U111,25-06-2025,Data Analytics,Online Course,3,82.2,100,Completed,Intermediate,27.4,1,Jun
L009210,U053,27-07-2025,SQL,Workshop,3.7,71,100,Completed,Advanced,19.18918919,1,Jul
L009211,U177,02-02-2025,Python,Self Learning,2.1,44.6,24,In Progress,Advanced,21.23809524,0,Feb
L009212,U067,26-09-2025,Python,Self Learning,3,92.5,100,Completed,Intermediate,30.83333333,1,Sep
L009213,U059,02-01-2025,Excel,Project,2.8,99.7,100,Completed,Beginner,35.60714286,1,Jan
L009214,U164,09-11-2025,Power BI,Self Learning,4.9,61.8,19,In Progress,Advanced,12.6122449,0,Nov
L009215,U182,19-10-2025,Cloud,Certification,0,0,0,Not Started,Intermediate,0,0,Oct
L009216,U118,30-10-2025,SQL,Workshop,2.5,40.3,82,In Progress,Intermediate,16.12,0,Oct
L009217,U101,29-09-2025,SQL,Certification,4.2,83.4,54,In Progress,Advanced,19.85714286,0,Sep
L009218,U052,04-12-2025,Communication,Self Learning,5.2,74.3,99.5,In Progress,Beginner,14.28846154,0,Dec
L009219,U107,01-11-2025,Machine Learning,Project,1.2,52.3,15.6,Dropped,Beginner,43.58333333,0,Nov
L009220,U056,28-08-2025,Power BI,Project,1,91.2,66.6,In Progress,Beginner,91.2,0,Aug
L009221,U120,19-02-2025,SQL,Certification,1.7,71.7,9.6,In Progress,Advanced,42.17647059,0,Feb
L009222,U091,02-03-2025,SQL,Certification,2.6,71.5,100,In Progress,Intermediate,27.5,0,Mar
L009223,U078,03-02-2025,Power BI,Workshop,4.5,64,54.6,Dropped,Beginner,14.22222222,0,Feb
L009224,U069,16-04-2025,Machine Learning,Self Learning,1.4,82.7,95.2,In Progress,Advanced,59.07142857,0,Apr
L009225,U049,12-11-2025,Python,Workshop,2.3,65.5,100,Completed,Intermediate,28.47826087,1,Nov
L009226,U126,20-10-2025,Machine Learning,Workshop,3.8,45.4,78.2,In Progress,Intermediate,11.94736842,0,Oct
L009227,U098,18-08-2025,SQL,Self Learning,3,67.4,100,Completed,Intermediate,22.46666667,1,Aug
L009228,U019,05-11-2025,Python,Project,0,0,0,Not Started,Intermediate,0,0,Nov
L009229,U170,10-01-2025,Machine Learning,Certification,0.6,65.8,100,Completed,Intermediate,109.6666667,1,Jan
L009230,U107,20-06-2025,Data Analytics,Online Course,3.8,67.6,43.7,Dropped,Intermediate,17.78947368,0,Jun
L009231,U111,21-11-2025,Excel,Workshop,4.1,61.2,67.7,In Progress,Beginner,14.92682927,0,Nov
L009232,U139,05-07-2025,Machine Learning,Workshop,0.8,67.8,80.3,In Progress,Intermediate,84.75,0,Jul
L009233,U184,24-12-2025,SQL,Certification,1.5,73.1,42,Dropped,Intermediate,48.73333333,0,Dec
L009234,U136,24-08-2025,SQL,Self Learning,2.9,45,69.6,Dropped,Beginner,15.51724138,0,Aug
L009235,U181,03-03-2025,Power BI,Workshop,1,66.6,100,Completed,Intermediate,66.6,1,Mar
L009236,U048,25-02-2025,Java,Workshop,1.8,67.6,1,In Progress,Advanced,37.55555556,0,Feb
L009237,U161,19-09-2025,Data Analytics,Workshop,2.6,93.8,84.7,In Progress,Beginner,36.07692308,0,Sep
L009238,U023,25-10-2025,Machine Learning,Certification,5.7,92.7,100,Completed,Beginner,16.26315789,1,Oct
L009239,U135,25-01-2025,Python,Workshop,2.9,93.8,100,Completed,Beginner,32.34482759,1,Jan
L009240,U200,30-06-2025,Python,Certification,2.5,59.5,28,In Progress,Intermediate,23.8,0,Jun
L009241,U043,11-11-2025,Power BI,Workshop,0,0,0,Not Started,Beginner,0,0,Nov
L009242,U049,20-09-2025,Python,Workshop,3,98.5,100,Completed,Intermediate,32.83333333,1,Sep
L009243,U098,31-10-2025,SQL,Workshop,1.8,82.3,100,Completed,Beginner,45.72222222,1,Oct
L009244,U068,09-12-2025,Communication,Online Course,4.8,78.4,97.3,In Progress,Advanced,16.33333333,0,Dec
L009245,U147,07-12-2025,Java,Certification,2.1,99.2,28.1,Dropped,Advanced,47.23809524,0,Dec
L009246,U139,18-05-2025,Excel,Online Course,5.2,69.4,100,Completed,Beginner,13.34615385,1,May
L009247,U110,17-03-2025,Power BI,Online Course,5.8,89,10.7,In Progress,Advanced,15.34482759,0,Mar
L009248,U056,01-10-2025,Data Analytics,Online Course,3.1,79.9,100,Completed,Intermediate,25.77419355,1,Oct
L009249,U175,02-05-2025,ServiceNow,Workshop,0.5,84.6,98.8,In Progress,Beginner,169.2,0,May
L009250,U161,19-09-2025,Cloud,Project,5.7,49.8,98,In Progress,Advanced,8.736842105,0,Sep
L009251,U015,07-09-2025,ServiceNow,Certification,3.2,67.1,81.2,In Progress,Intermediate,20.96875,0,Sep
L009252,U174,13-07-2025,SQL,Self Learning,0,0,0,Not Started,Beginner,0,0,Jul
L009253,U090,23-12-2025,Machine Learning,Online Course,4,61.3,47.5,In Progress,Intermediate,15.325,0,Dec
L009254,U101,30-09-2025,ServiceNow,Self Learning,3.2,43,36.4,In Progress,Advanced,13.4375,0,Sep
L009255,U096,04-12-2025,Communication,Self Learning,5.5,98.4,100,Completed,Intermediate,17.89090909,1,Dec
L009256,U108,29-08-2025,ServiceNow,Self Learning,5.4,88.2,100,Completed,Advanced,16.33333333,1,Aug
L009257,U160,10-09-2025,ServiceNow,Workshop,5.2,65.6,100,Completed,Beginner,12.61538462,1,Sep
L009258,U142,22-08-2025,Cloud,Workshop,2.7,73.9,25,Dropped,Advanced,27.37037037,0,Aug
L009259,U031,22-05-2025,SQL,Online Course,5.7,98.8,3.8,In Progress,Advanced,17.33333333,0,May
L009260,U024,24-03-2025,Excel,Certification,3.4,74.5,100,Completed,Advanced,21.91176471,1,Mar
L009261,U140,16-08-2025,Machine Learning,Online Course,0,0,0,Not Started,Intermediate,0,0,Aug
L009262,U106,24-09-2025,Communication,Self Learning,4.5,86.3,100,Completed,Intermediate,19.17777778,1,Sep
L009263,U018,19-09-2025,Communication,Project,2.7,68.3,100,Completed,Intermediate,25.2962963,1,Sep
L009264,U032,03-01-2025,Python,Workshop,3,88.3,92.5,In Progress,Beginner,29.43333333,0,Jan
L009265,U102,16-05-2025,Python,Self Learning,5.7,71.5,100,Completed,Beginner,12.54385965,1,May
L009266,U001,26-05-2025,Java,Certification,0.8,57.2,47.9,Dropped,Beginner,71.5,0,May
L009267,U191,16-08-2025,Machine Learning,Online Course,4.3,91.5,41.1,In Progress,Intermediate,21.27906977,0,Aug
L009268,U128,22-02-2025,Cloud,Project,0.5,71.7,67.6,In Progress,Beginner,143.4,0,Feb
L009269,U141,02-11-2025,Machine Learning,Project,1.4,49.7,93.4,In Progress,Beginner,35.5,0,Nov
L009270,U021,04-04-2025,Machine Learning,Self Learning,5.6,70.1,100,Completed,Beginner,12.51785714,1,Apr
L009271,U027,02-06-2025,Excel,Online Course,5.9,89.3,19.2,In Progress,Intermediate,15.13559322,0,Jun
L009272,U200,21-10-2025,Communication,Self Learning,3,67.2,51.1,In Progress,Advanced,22.4,0,Oct
L009273,U093,05-02-2025,Python,Online Course,5.8,68.9,100,Completed,Beginner,11.87931034,1,Feb
L009274,U129,24-12-2025,SQL,Online Course,6,92.5,100,Completed,Advanced,15.41666667,1,Dec
L009275,U033,13-12-2025,Cloud,Certification,3.5,74.4,78.4,In Progress,Beginner,21.25714286,0,Dec
L009276,U061,16-02-2025,Communication,Project,3.7,60.1,7.2,In Progress,Intermediate,16.24324324,0,Feb
L009277,U163,25-03-2025,Cloud,Certification,1.6,80.4,19.2,In Progress,Advanced,50.25,0,Mar
L009278,U033,29-03-2025,Data Analytics,Project,5.6,40.8,36.1,In Progress,Advanced,7.285714286,0,Mar
L009279,U080,31-05-2025,Machine Learning,Online Course,4.1,86.4,100,Completed,Advanced,21.07317073,1,May
L009280,U187,29-09-2025,Java,Self Learning,1.3,95.2,100,Completed,Advanced,73.23076923,1,Sep
L009281,U126,12-07-2025,Machine Learning,Online Course,5,50.1,81.7,In Progress,Advanced,10.02,0,Jul
L009282,U104,25-09-2025,Communication,Project,5.2,50.3,36.4,In Progress,Beginner,9.673076923,0,Sep
L009283,U078,13-10-2025,Python,Workshop,0.8,91.3,78.6,In Progress,Beginner,114.125,0,Oct
L009284,U166,18-12-2025,Java,Self Learning,0.6,87.9,100,Completed,Intermediate,146.5,1,Dec
L009285,U065,08-08-2025,Power BI,Workshop,5.4,64.8,56.5,In Progress,Advanced,12,0,Aug
L009286,U120,19-11-2025,Excel,Project,2.1,97.7,100,Completed,Advanced,46.52380952,1,Nov
L009287,U043,20-12-2025,Cloud,Project,5.6,95.5,3.8,In Progress,Advanced,17.05357143,0,Dec
L009288,U006,02-04-2025,Data Analytics,Workshop,1.2,89.1,44.5,In Progress,Beginner,74.25,0,Apr
L009289,U002,12-06-2025,Python,Certification,1.5,70.4,71,In Progress,Beginner,46.93333333,0,Jun
L009290,U190,18-07-2025,Data Analytics,Self Learning,1.8,77.3,11.9,In Progress,Advanced,42.94444444,0,Jul
L009291,U185,14-06-2025,Machine Learning,Project,3.7,63.3,98.3,In Progress,Beginner,17.10810811,0,Jun
L009292,U013,23-11-2025,Power BI,Certification,1.2,84,100,Completed,Intermediate,70,1,Nov
L009293,U133,11-10-2025,Data Analytics,Workshop,4.8,94.9,37.8,In Progress,Intermediate,19.77083333,0,Oct
L009294,U193,12-06-2025,ServiceNow,Project,2.8,66.9,100,Completed,Intermediate,23.89285714,1,Jun
L009295,U111,25-07-2025,Excel,Project,5.5,98.4,100,Completed,Beginner,17.89090909,1,Jul
L009296,U138,23-05-2025,Data Analytics,Online Course,4.8,95.1,44.9,In Progress,Beginner,19.8125,0,May
L009297,U006,08-07-2025,Python,Project,2.6,60.1,15.2,In Progress,Intermediate,23.11538462,0,Jul
L009298,U013,18-11-2025,Data Analytics,Self Learning,4.9,60.5,1.5,In Progress,Beginner,12.34693878,0,Nov
L009299,U020,24-01-2025,Communication,Certification,5.4,45.3,43.9,Dropped,Advanced,8.388888889,0,Jan
L009300,U181,02-04-2025,Power BI,Online Course,4.2,69.2,100,Completed,Beginner,16.47619048,1,Apr
L009301,U152,03-12-2025,Data Analytics,Certification,5.3,73,100,Completed,Advanced,13.77358491,1,Dec
L009302,U113,11-10-2025,Python,Certification,1.9,53.4,94.4,In Progress,Advanced,28.10526316,0,Oct
L009303,U119,22-02-2025,ServiceNow,Online Course,5.5,69.9,38.8,In Progress,Advanced,12.70909091,0,Feb
L009304,U174,07-02-2025,Machine Learning,Project,2.4,86.6,74.8,In Progress,Advanced,36.08333333,0,Feb
L009305,U063,27-02-2025,Data Analytics,Workshop,0.7,60,2.3,In Progress,Advanced,85.71428571,0,Feb
L009306,U126,19-02-2025,Machine Learning,Self Learning,5.3,83.7,84,In Progress,Advanced,15.79245283,0,Feb
L009307,U148,03-06-2025,ServiceNow,Certification,5,71.9,100,Completed,Intermediate,14.38,1,Jun
L009308,U112,04-06-2025,Cloud,Workshop,3.1,93.4,92.1,In Progress,Beginner,30.12903226,0,Jun
L009309,U187,28-10-2025,Machine Learning,Online Course,0,0,0,Not Started,Intermediate,0,0,Oct
L009310,U088,28-12-2025,Machine Learning,Workshop,6,73.6,100,Completed,Beginner,12.26666667,1,Dec
L009311,U144,02-02-2025,Java,Online Course,3.8,74.5,86.7,In Progress,Beginner,19.60526316,0,Feb
L009312,U130,08-04-2025,Python,Self Learning,2,57.6,28.2,In Progress,Intermediate,28.8,0,Apr
L009313,U181,19-10-2025,ServiceNow,Online Course,4.6,82.5,53.4,In Progress,Beginner,17.93478261,0,Oct
L009314,U109,02-06-2025,ServiceNow,Self Learning,0,0,0,Not Started,Intermediate,0,0,Jun
L009315,U145,25-08-2025,Java,Project,4.2,69,100,Completed,Advanced,16.42857143,1,Aug
L009316,U003,07-07-2025,SQL,Project,5.7,95.1,39,In Progress,Intermediate,16.68421053,0,Jul
L009317,U087,17-02-2025,Data Analytics,Certification,2.6,88.3,100,Completed,Advanced,33.96153846,1,Feb
L009318,U166,03-10-2025,Communication,Self Learning,3,77.2,100,Completed,Advanced,25.73333333,1,Oct
L009319,U118,27-05-2025,Cloud,Project,3,96.4,32.3,In Progress,Intermediate,32.13333333,0,May
L009320,U074,28-11-2025,ServiceNow,Online Course,2.2,73,3.6,In Progress,Advanced,33.18181818,0,Nov
L009321,U008,29-07-2025,Data Analytics,Project,1,83,30.8,In Progress,Advanced,83,0,Jul
L009322,U090,29-12-2025,Machine Learning,Certification,4.6,58.9,42,In Progress,Advanced,12.80434783,0,Dec
L009323,U008,23-12-2025,Python,Certification,1.9,41.6,19.1,In Progress,Advanced,21.89473684,0,Dec
L009324,U140,06-08-2025,Java,Self Learning,4.5,47.1,88.6,In Progress,Beginner,10.46666667,0,Aug
L009325,U154,19-05-2025,Data Analytics,Self Learning,0,0,0,Not Started,Intermediate,0,0,May
L009326,U019,03-12-2025,Java,Workshop,2.1,86.3,13.7,In Progress,Beginner,41.0952381,0,Dec
L009327,U063,24-05-2025,Power BI,Project,3.9,96.2,35.9,In Progress,Intermediate,24.66666667,0,May
L009328,U016,02-09-2025,Excel,Workshop,5.8,72.7,15.4,In Progress,Beginner,12.53448276,0,Sep
L009329,U087,25-03-2025,Machine Learning,Certification,4.8,75.3,68,Dropped,Advanced,15.6875,0,Mar
L009330,U126,20-08-2025,Java,Project,3.1,42.4,9.4,In Progress,Beginner,13.67741935,0,Aug
L009331,U089,01-12-2025,Power BI,Certification,5.3,47.2,3,In Progress,Intermediate,8.905660377,0,Dec
L009332,U072,28-12-2025,Cloud,Self Learning,5.8,40.2,50.6,In Progress,Advanced,6.931034483,0,Dec
L009333,U091,04-11-2025,Cloud,Self Learning,2.9,91.8,100,Completed,Beginner,31.65517241,1,Nov
L009334,U079,12-10-2025,Java,Self Learning,4.1,57.6,58.2,In Progress,Beginner,14.04878049,0,Oct
L009335,U096,05-12-2025,Data Analytics,Self Learning,5.6,75,100,Completed,Advanced,13.39285714,1,Dec
L009336,U162,11-01-2025,Excel,Self Learning,0,0,0,Not Started,Advanced,0,0,Jan
L009337,U023,18-06-2025,Data Analytics,Online Course,3.1,62.6,91.8,In Progress,Advanced,20.19354839,0,Jun
L009338,U051,16-11-2025,ServiceNow,Self Learning,4.3,86,38.3,Dropped,Beginner,20,0,Nov
L009339,U059,26-11-2025,Java,Certification,4.4,81.3,100,Completed,Beginner,18.47727273,1,Nov
L009340,U150,12-11-2025,ServiceNow,Workshop,3.1,71.7,22.5,In Progress,Beginner,23.12903226,0,Nov
L009341,U086,23-10-2025,Python,Online Course,5.3,81.1,100,Completed,Advanced,15.30188679,1,Oct
L009342,U081,26-04-2025,Python,Project,4.4,72.7,44.6,Dropped,Advanced,16.52272727,0,Apr
L009343,U042,09-10-2025,Python,Project,1.8,74.4,74,In Progress,Beginner,41.33333333,0,Oct
L009344,U096,27-02-2025,Data Analytics,Online Course,5.4,45.1,18.8,In Progress,Beginner,8.351851852,0,Feb
L009345,U038,09-01-2025,Cloud,Certification,3.8,97.9,14,Dropped,Intermediate,25.76315789,0,Jan
L009346,U057,02-06-2025,SQL,Project,1,99.1,100,Completed,Intermediate,99.1,1,Jun
L009347,U120,29-03-2025,Excel,Project,2.9,72.2,35,In Progress,Advanced,24.89655172,0,Mar
L009348,U182,26-08-2025,Communication,Online Course,3.5,52.2,55.6,Dropped,Beginner,14.91428571,0,Aug
L009349,U078,19-06-2025,ServiceNow,Online Course,0,0,0,Not Started,Intermediate,0,0,Jun
L009350,U095,13-03-2025,ServiceNow,Workshop,2,80.5,90.9,In Progress,Advanced,40.25,0,Mar
L009351,U135,12-01-2025,Excel,Online Course,4.9,47.1,15.9,In Progress,Intermediate,9.612244898,0,Jan
L009352,U071,28-03-2025,Excel,Self Learning,3.5,69.7,100,Completed,Intermediate,19.91428571,1,Mar
L009353,U078,22-01-2025,SQL,Workshop,3.4,96.6,9.8,In Progress,Intermediate,28.41176471,0,Jan
L009354,U095,27-09-2025,Excel,Self Learning,5.5,70.4,100,Completed,Advanced,12.8,1,Sep
L009355,U192,07-01-2025,ServiceNow,Project,4.7,84.5,18.2,In Progress,Beginner,17.9787234,0,Jan
L009356,U199,15-10-2025,Cloud,Workshop,1.3,83.5,28.1,In Progress,Advanced,64.23076923,0,Oct
L009357,U169,03-08-2025,Java,Workshop,2,70.2,100,Completed,Beginner,35.1,1,Aug
L009358,U027,11-09-2025,Machine Learning,Project,2.1,40.7,43.8,In Progress,Advanced,19.38095238,0,Sep
L009359,U115,04-08-2025,Data Analytics,Online Course,4.7,72.7,11,In Progress,Intermediate,15.46808511,0,Aug
L009360,U048,05-01-2025,Excel,Certification,2.2,73.3,100,Completed,Intermediate,33.31818182,1,Jan
L009361,U105,16-09-2025,Power BI,Online Course,3.5,85.6,69.7,In Progress,Beginner,24.45714286,0,Sep
L009362,U043,08-09-2025,ServiceNow,Self Learning,1.5,81.2,100,Completed,Intermediate,54.13333333,1,Sep
L009363,U090,05-05-2025,Data Analytics,Workshop,3.1,66.5,56.6,In Progress,Beginner,21.4516129,0,May
L009364,U069,01-06-2025,Java,Online Course,0,0,0,Not Started,Advanced,0,0,Jun
L009365,U185,08-02-2025,Power BI,Certification,3.6,71,100,Completed,Intermediate,19.72222222,1,Feb
L009366,U072,07-09-2025,Data Analytics,Project,3.8,97.3,100,Completed,Intermediate,25.60526316,1,Sep
L009367,U055,20-01-2025,Cloud,Certification,2.2,73.5,100,Completed,Intermediate,33.40909091,1,Jan
L009368,U171,24-08-2025,SQL,Workshop,1.5,83.7,100,Completed,Beginner,55.8,1,Aug
L009369,U179,18-06-2025,Power BI,Certification,2.3,47.2,66.2,In Progress,Intermediate,20.52173913,0,Jun
L009370,U192,08-12-2025,Machine Learning,Certification,2.4,74.8,18,In Progress,Beginner,31.16666667,0,Dec
L009371,U173,08-04-2025,SQL,Project,0.5,40.8,19.9,In Progress,Intermediate,81.6,0,Apr
L009372,U110,27-06-2025,ServiceNow,Certification,0,0,0,Not Started,Beginner,0,0,Jun
L009373,U163,10-05-2025,Java,Certification,0.5,42,71.5,In Progress,Intermediate,84,0,May
L009374,U123,19-01-2025,Excel,Self Learning,5.2,92.7,100,Completed,Advanced,17.82692308,1,Jan
L009375,U134,28-10-2025,Communication,Self Learning,0,0,0,Not Started,Beginner,0,0,Oct
L009376,U060,28-06-2025,SQL,Workshop,3.8,70.7,39.6,Dropped,Intermediate,18.60526316,0,Jun
L009377,U164,11-11-2025,Excel,Workshop,4.4,41.1,66.2,In Progress,Beginner,9.340909091,0,Nov
L009378,U176,31-03-2025,Cloud,Workshop,4.1,93,100,Completed,Beginner,22.68292683,1,Mar
L009379,U100,29-07-2025,ServiceNow,Workshop,5.4,85.3,32.8,In Progress,Beginner,15.7962963,0,Jul
L009380,U019,03-09-2025,SQL,Online Course,5.4,94.9,100,Completed,Intermediate,17.57407407,1,Sep
L009381,U190,18-10-2025,Data Analytics,Certification,2.1,75.3,100,Completed,Intermediate,35.85714286,1,Oct
L009382,U092,02-04-2025,ServiceNow,Online Course,0.6,94.3,100,Completed,Advanced,157.1666667,1,Apr
L009383,U133,13-09-2025,Power BI,Online Course,2.8,98.5,100,Completed,Beginner,35.17857143,1,Sep
L009384,U192,26-06-2025,Communication,Certification,1.1,55,83.6,In Progress,Intermediate,50,0,Jun
L009385,U190,01-04-2025,Data Analytics,Project,4.5,68,100,Completed,Advanced,15.11111111,1,Apr
L009386,U194,09-02-2025,Data Analytics,Certification,1.8,86.2,96.6,In Progress,Intermediate,47.88888889,0,Feb
L009387,U095,03-06-2025,Communication,Self Learning,2.8,98.7,100,Completed,Advanced,35.25,1,Jun
L009388,U030,20-06-2025,SQL,Self Learning,5,69.1,63.1,In Progress,Intermediate,13.82,0,Jun
L009389,U071,03-09-2025,Power BI,Online Course,1.2,64.5,71.1,In Progress,Advanced,53.75,0,Sep
L009390,U087,16-10-2025,Machine Learning,Self Learning,5.8,69.8,29.6,In Progress,Intermediate,12.03448276,0,Oct
L009391,U178,02-10-2025,ServiceNow,Workshop,1.4,71,100,Completed,Intermediate,50.71428571,1,Oct
L009392,U089,20-06-2025,Power BI,Workshop,4,59,47.5,Dropped,Beginner,14.75,0,Jun
L009393,U037,12-03-2025,SQL,Self Learning,2.1,83.4,100,Completed,Beginner,39.71428571,1,Mar
L009394,U035,24-07-2025,SQL,Self Learning,4.3,70.2,46.8,In Progress,Advanced,16.3255814,0,Jul
L009395,U180,05-07-2025,Java,Self Learning,3.5,66.9,100,Completed,Intermediate,19.11428571,1,Jul
L009396,U185,23-10-2025,Power BI,Online Course,3,70.8,56.3,In Progress,Advanced,23.6,0,Oct
L009397,U007,30-10-2025,Java,Workshop,0,0,0,Not Started,Beginner,0,0,Oct
L009398,U053,01-11-2025,Machine Learning,Self Learning,0,0,0,Not Started,Advanced,0,0,Nov
L009399,U041,08-08-2025,ServiceNow,Online Course,1.8,47.4,71.2,In Progress,Intermediate,26.33333333,0,Aug
L009400,U127,16-04-2025,Cloud,Online Course,4.2,57.4,50.9,In Progress,Beginner,13.66666667,0,Apr
L009401,U096,19-02-2025,Machine Learning,Self Learning,2.5,90.9,51.5,Dropped,Advanced,36.36,0,Feb
L009402,U009,10-10-2025,Excel,Project,0.6,68.2,100,Completed,Advanced,113.6666667,1,Oct
L009403,U020,20-07-2025,ServiceNow,Self Learning,4,71,100,Completed,Advanced,17.75,1,Jul
L009404,U006,24-01-2025,Power BI,Self Learning,2.9,73,44,In Progress,Beginner,25.17241379,0,Jan
L009405,U098,20-01-2025,Communication,Project,4.7,74.4,76.3,In Progress,Beginner,15.82978723,0,Jan
L009406,U145,07-12-2025,Communication,Certification,0.8,79.6,100,Completed,Advanced,99.5,1,Dec
L009407,U158,18-07-2025,SQL,Online Course,3.1,85.5,31.4,In Progress,Beginner,27.58064516,0,Jul
L009408,U098,30-03-2025,Excel,Workshop,0,0,0,Not Started,Beginner,0,0,Mar
L009409,U171,02-02-2025,Java,Workshop,1,90.2,100,Completed,Advanced,90.2,1,Feb
L009410,U178,20-04-2025,SQL,Certification,1.5,52.8,83.6,In Progress,Beginner,35.2,0,Apr
L009411,U008,06-05-2025,Java,Certification,3.6,86.7,70.1,In Progress,Intermediate,24.08333333,0,May
L009412,U001,20-04-2025,Java,Online Course,0,0,0,Not Started,Advanced,0,0,Apr
L009413,U164,18-12-2025,Communication,Self Learning,0.8,73.3,15.9,In Progress,Advanced,91.625,0,Dec
L009414,U127,04-12-2025,Machine Learning,Self Learning,1.3,72.7,26.1,In Progress,Advanced,55.92307692,0,Dec
L009415,U130,03-09-2025,Power BI,Online Course,1.6,67.1,90.9,In Progress,Advanced,41.9375,0,Sep
L009416,U184,15-09-2025,SQL,Certification,1.6,66.7,100,Completed,Advanced,41.6875,1,Sep
L009417,U165,19-07-2025,Excel,Certification,0.6,91.8,93.7,In Progress,Beginner,153,0,Jul
L009418,U156,17-04-2025,Java,Project,2.7,55,17.4,In Progress,Beginner,20.37037037,0,Apr
L009419,U010,03-09-2025,SQL,Project,5.8,70.9,24.2,In Progress,Advanced,12.22413793,0,Sep
L009420,U066,28-09-2025,Data Analytics,Workshop,3.7,59.4,88.4,In Progress,Beginner,16.05405405,0,Sep
L009421,U022,29-09-2025,Python,Online Course,5.5,49,43.4,In Progress,Intermediate,8.909090909,0,Sep
L009422,U077,30-04-2025,SQL,Workshop,5.4,70.3,82.4,In Progress,Advanced,13.01851852,0,Apr
L009423,U093,25-07-2025,Power BI,Workshop,1.8,80.3,19.1,Dropped,Beginner,44.61111111,0,Jul
L009424,U063,27-04-2025,Machine Learning,Project,3.8,49.1,68.3,In Progress,Intermediate,12.92105263,0,Apr
L009425,U071,05-03-2025,Java,Online Course,4.3,61,92.4,In Progress,Advanced,14.18604651,0,Mar
L009426,U069,08-03-2025,ServiceNow,Self Learning,5.8,77.4,5.1,In Progress,Intermediate,13.34482759,0,Mar
L009427,U163,13-12-2025,Python,Online Course,0,0,0,Not Started,Intermediate,0,0,Dec
L009428,U068,15-09-2025,Cloud,Online Course,2.5,59.2,49.1,In Progress,Beginner,23.68,0,Sep
L009429,U014,24-06-2025,Excel,Project,4.1,87.9,61.8,In Progress,Advanced,21.43902439,0,Jun
L009430,U039,11-06-2025,Cloud,Certification,5.6,91,100,Completed,Intermediate,16.25,1,Jun
L009431,U131,01-12-2025,ServiceNow,Certification,5.6,71.4,29.4,In Progress,Beginner,12.75,0,Dec
L009432,U132,06-05-2025,ServiceNow,Self Learning,2.2,53,93.1,In Progress,Beginner,24.09090909,0,May
L009433,U013,30-01-2025,ServiceNow,Self Learning,5.1,65.7,32.1,Dropped,Intermediate,12.88235294,0,Jan
L009434,U184,24-01-2025,Data Analytics,Online Course,3.6,96.1,100,Completed,Intermediate,26.69444444,1,Jan
L009435,U015,20-09-2025,SQL,Workshop,0.7,69.6,63.9,In Progress,Advanced,99.42857143,0,Sep
L009436,U167,16-05-2025,Cloud,Self Learning,2.2,45.8,19.5,In Progress,Beginner,20.81818182,0,May
L009437,U185,29-12-2025,Machine Learning,Workshop,3.7,91.5,90.9,In Progress,Intermediate,24.72972973,0,Dec
L009438,U181,14-08-2025,SQL,Online Course,0,0,0,Not Started,Beginner,0,0,Aug
L009439,U161,11-07-2025,Cloud,Project,5.8,63,38.5,In Progress,Intermediate,10.86206897,0,Jul
L009440,U019,17-07-2025,Cloud,Online Course,0,0,0,Not Started,Intermediate,0,0,Jul
L009441,U175,24-09-2025,Communication,Certification,2.9,71.7,100,Completed,Beginner,24.72413793,1,Sep
L009442,U070,02-01-2025,Java,Self Learning,4.9,75.4,33.9,In Progress,Intermediate,15.3877551,0,Jan
L009443,U026,21-06-2025,Data Analytics,Online Course,3.1,74.3,100,Completed,Beginner,23.96774194,1,Jun
L009444,U110,23-10-2025,Machine Learning,Certification,5.3,73.7,31.3,Dropped,Intermediate,13.90566038,0,Oct
L009445,U020,08-12-2025,ServiceNow,Self Learning,1.4,77.8,43,In Progress,Advanced,55.57142857,0,Dec
L009446,U107,12-04-2025,SQL,Workshop,5.7,86.1,43.5,In Progress,Intermediate,15.10526316,0,Apr
L009447,U099,26-03-2025,ServiceNow,Self Learning,3,61.1,91.7,In Progress,Beginner,20.36666667,0,Mar
L009448,U167,07-07-2025,ServiceNow,Certification,3.1,90.5,72.4,In Progress,Advanced,29.19354839,0,Jul
L009449,U147,23-04-2025,SQL,Project,0.5,82.2,36.4,In Progress,Beginner,164.4,0,Apr
L009450,U044,19-09-2025,Communication,Certification,1.8,86.5,62.6,In Progress,Intermediate,48.05555556,0,Sep
L009451,U161,24-10-2025,Cloud,Certification,1.4,97.4,100,Completed,Advanced,69.57142857,1,Oct
L009452,U088,03-01-2025,SQL,Self Learning,2.7,80.9,82.9,In Progress,Intermediate,29.96296296,0,Jan
L009453,U012,20-11-2025,Java,Workshop,4.8,91,54.8,In Progress,Beginner,18.95833333,0,Nov
L009454,U142,22-07-2025,Machine Learning,Workshop,0.7,67.3,100,Completed,Beginner,96.14285714,1,Jul
L009455,U082,28-09-2025,Java,Project,1,86.7,54.6,In Progress,Intermediate,86.7,0,Sep
L009456,U148,08-07-2025,Python,Project,1.6,47.6,98.9,In Progress,Advanced,29.75,0,Jul
L009457,U109,22-02-2025,Data Analytics,Project,2,64.4,77.8,In Progress,Intermediate,32.2,0,Feb
L009458,U084,11-02-2025,ServiceNow,Project,4.2,89.8,100,Completed,Beginner,21.38095238,1,Feb
L009459,U164,30-10-2025,Data Analytics,Certification,0.7,92.4,61.1,In Progress,Beginner,132,0,Oct
L009460,U108,27-04-2025,Cloud,Workshop,3.4,93.7,100,Completed,Advanced,27.55882353,1,Apr
L009461,U046,28-04-2025,Excel,Project,6,50,1.7,In Progress,Advanced,8.333333333,0,Apr
L009462,U061,23-04-2025,Java,Certification,4.8,85.3,100,Completed,Advanced,17.77083333,1,Apr
L009463,U151,24-11-2025,Power BI,Online Course,4,54.5,6.9,In Progress,Intermediate,13.625,0,Nov
L009464,U003,17-11-2025,Machine Learning,Online Course,0.8,49.9,26.2,In Progress,Intermediate,62.375,0,Nov
L009465,U016,24-10-2025,Communication,Project,2.3,99.4,100,Completed,Advanced,43.2173913,1,Oct
L009466,U056,30-11-2025,Excel,Self Learning,5.5,97.8,0.1,In Progress,Intermediate,17.78181818,0,Nov
L009467,U148,09-12-2025,SQL,Project,1.3,76.1,100,Completed,Intermediate,58.53846154,1,Dec
L009468,U118,18-01-2025,SQL,Workshop,4.4,50.2,71.8,In Progress,Intermediate,11.40909091,0,Jan
L009469,U076,11-07-2025,Python,Online Course,4.1,86.2,100,Completed,Advanced,21.02439024,1,Jul
L009470,U108,08-05-2025,SQL,Self Learning,2.7,66.6,24,In Progress,Intermediate,24.66666667,0,May
L009471,U117,06-08-2025,Java,Certification,4.6,79.2,100,Completed,Advanced,17.2173913,1,Aug
L009472,U122,10-01-2025,Power BI,Certification,3.1,89.5,100,Completed,Intermediate,28.87096774,1,Jan
L009473,U051,02-08-2025,Power BI,Project,3.9,93,49.4,In Progress,Intermediate,23.84615385,0,Aug
L009474,U077,25-04-2025,Power BI,Certification,1,81.7,39,In Progress,Advanced,81.7,0,Apr
L009475,U113,05-05-2025,Machine Learning,Certification,2.3,79.6,100,Completed,Beginner,34.60869565,1,May
L009476,U084,03-04-2025,Cloud,Project,3.5,65.4,100,Completed,Advanced,18.68571429,1,Apr
L009477,U072,27-07-2025,Communication,Self Learning,0.8,46.9,57,In Progress,Beginner,58.625,0,Jul
L009478,U034,01-07-2025,Machine Learning,Self Learning,5.5,83.9,100,Completed,Beginner,15.25454545,1,Jul
L009479,U069,08-06-2025,Data Analytics,Self Learning,3.2,93.1,50.9,In Progress,Intermediate,29.09375,0,Jun
L009480,U083,18-12-2025,Java,Self Learning,4,73.1,100,Completed,Intermediate,18.275,1,Dec
L009481,U046,19-05-2025,Communication,Workshop,0.6,69.7,38,In Progress,Intermediate,116.1666667,0,May
L009482,U198,28-08-2025,Excel,Online Course,3.9,81,100,Completed,Beginner,20.76923077,1,Aug
L009483,U152,11-08-2025,Power BI,Workshop,4.4,64.7,30.7,In Progress,Beginner,14.70454545,0,Aug
L009484,U068,11-12-2025,Python,Self Learning,3.3,82,17.8,In Progress,Advanced,24.84848485,0,Dec
L009485,U121,12-09-2025,Java,Workshop,4,80.7,100,Completed,Advanced,20.175,1,Sep
L009486,U154,27-05-2025,Java,Workshop,4.6,86.8,36.3,In Progress,Beginner,18.86956522,0,May
L009487,U073,27-05-2025,Cloud,Certification,3.7,42.2,49.5,In Progress,Intermediate,11.40540541,0,May
L009488,U115,07-05-2025,ServiceNow,Certification,5.4,80.1,100,Completed,Advanced,14.83333333,1,May
L009489,U197,02-09-2025,Excel,Certification,2.5,85.7,100,Completed,Advanced,34.28,1,Sep
L009490,U057,21-04-2025,Java,Online Course,5.6,58.5,2.8,In Progress,Intermediate,10.44642857,0,Apr
L009491,U160,04-03-2025,Cloud,Online Course,3,83.5,86.1,In Progress,Beginner,27.83333333,0,Mar
L009492,U075,22-08-2025,Java,Self Learning,4,74.1,81.2,In Progress,Advanced,18.525,0,Aug
L009493,U092,09-12-2025,Java,Online Course,4.1,95.2,28.7,In Progress,Intermediate,23.2195122,0,Dec
L009494,U025,21-06-2025,Power BI,Project,5.1,75.1,42.3,In Progress,Intermediate,14.7254902,0,Jun
L009495,U186,22-10-2025,Machine Learning,Self Learning,2.2,52.2,51.4,In Progress,Intermediate,23.72727273,0,Oct
L009496,U113,27-08-2025,Machine Learning,Online Course,1.6,75.5,29.4,In Progress,Intermediate,47.1875,0,Aug
L009497,U194,22-12-2025,Java,Workshop,3.5,88.7,8.5,In Progress,Beginner,25.34285714,0,Dec
L009498,U012,06-03-2025,Communication,Self Learning,5.5,96.4,100,Completed,Beginner,17.52727273,1,Mar
L009499,U130,31-03-2025,Cloud,Certification,0,0,0,Not Started,Advanced,0,0,Mar
L009500,U064,16-06-2025,Machine Learning,Workshop,4.5,97.8,80.4,In Progress,Advanced,21.73333333,0,Jun
L009501,U040,21-07-2025,Python,Certification,4.3,83.4,100,Completed,Intermediate,19.39534884,1,Jul
L009502,U022,13-05-2025,Data Analytics,Workshop,4.9,85.8,9.6,In Progress,Advanced,17.51020408,0,May
L009503,U058,20-11-2025,Machine Learning,Project,2.4,74.8,100,Completed,Advanced,31.16666667,1,Nov
L009504,U110,01-04-2025,ServiceNow,Self Learning,3.3,99.6,98.5,In Progress,Beginner,30.18181818,0,Apr
L009505,U018,23-11-2025,Power BI,Online Course,5,93.1,100,Completed,Advanced,18.62,1,Nov
L009506,U082,12-06-2025,Machine Learning,Self Learning,4.4,84.9,14.3,In Progress,Intermediate,19.29545455,0,Jun
L009507,U176,10-05-2025,ServiceNow,Online Course,1,96.5,9.9,In Progress,Intermediate,96.5,0,May
L009508,U071,21-02-2025,Machine Learning,Self Learning,1.1,50.4,31.2,In Progress,Beginner,45.81818182,0,Feb
L009509,U055,14-09-2025,ServiceNow,Certification,0,0,0,Not Started,Intermediate,0,0,Sep
L009510,U006,30-12-2025,SQL,Project,5.9,90.1,100,Completed,Beginner,15.27118644,1,Dec
L009511,U079,05-05-2025,Python,Self Learning,0,0,0,Not Started,Beginner,0,0,May
L009512,U090,25-09-2025,SQL,Self Learning,1,66.7,100,Completed,Intermediate,66.7,1,Sep
L009513,U170,03-04-2025,SQL,Project,1,84.7,100,Completed,Beginner,84.7,1,Apr
L009514,U029,27-11-2025,Data Analytics,Project,5.4,98.1,100,Completed,Beginner,18.16666667,1,Nov
L009515,U108,07-04-2025,Excel,Certification,3.7,69.1,89.2,In Progress,Beginner,18.67567568,0,Apr
L009516,U056,01-01-2025,ServiceNow,Online Course,3.8,70.4,46.2,Dropped,Intermediate,18.52631579,0,Jan
L009517,U067,02-07-2025,Data Analytics,Project,0,0,0,Not Started,Beginner,0,0,Jul
L009518,U135,05-08-2025,Power BI,Certification,5,53.3,6.4,In Progress,Advanced,10.66,0,Aug
L009519,U123,09-10-2025,SQL,Project,3.9,69.8,95.9,In Progress,Beginner,17.8974359,0,Oct
L009520,U051,06-04-2025,Power BI,Online Course,1.9,82.1,100,Completed,Advanced,43.21052632,1,Apr
L009521,U140,20-05-2025,SQL,Project,3.1,42,31.3,In Progress,Beginner,13.5483871,0,May
L009522,U141,22-03-2025,Excel,Workshop,4,57.1,0.5,In Progress,Beginner,14.275,0,Mar
L009523,U152,24-05-2025,Excel,Self Learning,2.7,86.4,100,Completed,Beginner,32,1,May
L009524,U022,14-03-2025,Machine Learning,Self Learning,2.8,99.6,100,Completed,Advanced,35.57142857,1,Mar
L009525,U143,01-09-2025,Cloud,Online Course,0.6,84.1,100,Completed,Intermediate,140.1666667,1,Sep
L009526,U033,21-07-2025,Power BI,Online Course,5.6,88.6,100,Completed,Beginner,15.82142857,1,Jul
L009527,U061,31-10-2025,Excel,Project,0.5,91.2,100,Completed,Intermediate,182.4,1,Oct
L009528,U190,26-10-2025,Python,Workshop,4,66.4,100,Completed,Intermediate,16.6,1,Oct
L009529,U091,12-04-2025,ServiceNow,Workshop,0,0,0,Not Started,Beginner,0,0,Apr
L009530,U146,28-02-2025,ServiceNow,Online Course,4.6,61.6,83.3,In Progress,Intermediate,13.39130435,0,Feb
L009531,U085,05-10-2025,Python,Self Learning,0,0,0,Not Started,Beginner,0,0,Oct
L009532,U046,31-05-2025,Power BI,Certification,3.7,78.4,100,Completed,Intermediate,21.18918919,1,May
L009533,U084,21-05-2025,Data Analytics,Self Learning,1.3,81.1,100,Completed,Intermediate,62.38461538,1,May
L009534,U065,04-07-2025,Machine Learning,Online Course,2.6,98.7,100,Completed,Advanced,37.96153846,1,Jul
L009535,U049,29-11-2025,Data Analytics,Self Learning,0,0,0,Not Started,Beginner,0,0,Nov
L009536,U194,07-05-2025,Power BI,Workshop,0,0,0,Not Started,Advanced,0,0,May
L009537,U095,10-04-2025,Machine Learning,Certification,4.6,91.5,49.6,In Progress,Advanced,19.89130435,0,Apr
L009538,U013,20-10-2025,Communication,Certification,3.3,80.7,63.9,In Progress,Advanced,24.45454545,0,Oct
L009539,U178,14-01-2025,Machine Learning,Online Course,0,0,0,Not Started,Intermediate,0,0,Jan
L009540,U020,04-03-2025,Java,Project,2.8,65.1,100,Completed,Beginner,23.25,1,Mar
L009541,U027,18-11-2025,ServiceNow,Workshop,0,0,0,Not Started,Intermediate,0,0,Nov
L009542,U008,22-09-2025,Cloud,Online Course,2.3,80,100,Completed,Intermediate,34.7826087,1,Sep
L009543,U149,16-11-2025,Excel,Certification,1.6,69.5,65.7,In Progress,Beginner,43.4375,0,Nov
L009544,U143,06-03-2025,ServiceNow,Self Learning,1.6,99.3,0.4,In Progress,Intermediate,62.0625,0,Mar
L009545,U110,14-12-2025,Power BI,Workshop,5.4,42.2,37.6,Dropped,Advanced,7.814814815,0,Dec
L009546,U022,29-09-2025,Machine Learning,Self Learning,0,0,0,Not Started,Intermediate,0,0,Sep
L009547,U175,05-07-2025,Communication,Project,0,0,0,Not Started,Advanced,0,0,Jul
L009548,U077,24-01-2025,Communication,Project,0.9,90.6,100,Completed,Beginner,100.6666667,1,Jan
L009549,U157,17-07-2025,Machine Learning,Self Learning,5.8,48.9,55,In Progress,Beginner,8.431034483,0,Jul
L009550,U027,18-12-2025,Cloud,Workshop,5.1,71.9,100,Completed,Advanced,14.09803922,1,Dec
L009551,U135,26-01-2025,Power BI,Self Learning,1,93.9,27.8,Dropped,Advanced,93.9,0,Jan
L009552,U177,05-05-2025,Communication,Online Course,2.5,81.5,80.8,In Progress,Beginner,32.6,0,May
L009553,U028,27-06-2025,Python,Online Course,3.3,47.7,25,In Progress,Beginner,14.45454545,0,Jun
L009554,U003,23-07-2025,Python,Workshop,3.2,44.6,55.5,Dropped,Advanced,13.9375,0,Jul
L009555,U190,15-12-2025,Excel,Self Learning,0,0,0,Not Started,Intermediate,0,0,Dec
L009556,U043,05-10-2025,Cloud,Certification,2.2,98.2,100,Completed,Intermediate,44.63636364,1,Oct
L009557,U119,04-02-2025,Cloud,Project,5.2,87,35.3,Dropped,Intermediate,16.73076923,0,Feb
L009558,U103,18-01-2025,Excel,Online Course,0,0,0,Not Started,Advanced,0,0,Jan
L009559,U013,11-03-2025,Data Analytics,Online Course,1.1,67.2,74.7,In Progress,Beginner,61.09090909,0,Mar
L009560,U081,03-01-2025,Python,Certification,3,61.2,96.9,In Progress,Beginner,20.4,0,Jan
L009561,U031,31-08-2025,Excel,Certification,0.6,44.1,93.3,In Progress,Intermediate,73.5,0,Aug
L009562,U065,15-11-2025,SQL,Workshop,3.4,79.7,100,Completed,Beginner,23.44117647,1,Nov
L009563,U105,18-10-2025,Java,Certification,2.9,84.2,100,Completed,Advanced,29.03448276,1,Oct
L009564,U193,17-12-2025,SQL,Certification,1,75.6,100,Completed,Advanced,75.6,1,Dec
L009565,U003,06-05-2025,Python,Self Learning,3.6,88,58.2,In Progress,Advanced,24.44444444,0,May
L009566,U170,20-10-2025,ServiceNow,Workshop,0,0,0,Not Started,Advanced,0,0,Oct
L009567,U055,13-03-2025,ServiceNow,Certification,0.5,65.5,68.1,Dropped,Advanced,131,0,Mar
L009568,U042,04-03-2025,Power BI,Workshop,0.6,49.9,27.9,In Progress,Advanced,83.16666667,0,Mar
L009569,U152,16-07-2025,Java,Certification,2.3,91.3,90,In Progress,Advanced,39.69565217,0,Jul
L009570,U099,28-10-2025,Python,Online Course,1.2,42.2,46.5,Dropped,Advanced,35.16666667,0,Oct
L009571,U137,22-09-2025,Cloud,Certification,3.5,99.8,100,Completed,Advanced,28.51428571,1,Sep
L009572,U039,21-12-2025,Excel,Self Learning,2.8,90.2,100,Completed,Beginner,32.21428571,1,Dec
L009573,U051,27-02-2025,Power BI,Certification,2.7,92.7,100,Completed,Advanced,34.33333333,1,Feb
L009574,U036,19-09-2025,Communication,Self Learning,5,70.4,1.6,In Progress,Advanced,14.08,0,Sep
L009575,U123,01-07-2025,Python,Workshop,1.1,86,100,Completed,Beginner,78.18181818,1,Jul
L009576,U053,25-07-2025,Excel,Project,0.6,72.8,89.2,In Progress,Beginner,121.3333333,0,Jul
L009577,U120,03-09-2025,Communication,Self Learning,1.5,63.5,68.4,In Progress,Beginner,42.33333333,0,Sep
L009578,U079,19-09-2025,Excel,Workshop,5.3,82.7,31,Dropped,Intermediate,15.60377358,0,Sep
L009579,U033,28-09-2025,Communication,Self Learning,2.5,42.1,78.9,In Progress,Intermediate,16.84,0,Sep
L009580,U069,04-11-2025,ServiceNow,Workshop,5.2,57.1,69,In Progress,Intermediate,10.98076923,0,Nov
L009581,U003,14-01-2025,Excel,Workshop,2.8,44.7,17.8,Dropped,Intermediate,15.96428571,0,Jan
L009582,U058,19-01-2025,Python,Workshop,2.5,85.3,61.5,In Progress,Advanced,34.12,0,Jan
L009583,U179,12-02-2025,Communication,Certification,1.7,96.1,100,Completed,Beginner,56.52941176,1,Feb
L009584,U017,15-06-2025,Machine Learning,Workshop,5.5,92.7,100,Completed,Beginner,16.85454545,1,Jun
L009585,U167,23-10-2025,Cloud,Certification,2.3,65.6,100,Completed,Intermediate,28.52173913,1,Oct
L009586,U105,11-09-2025,SQL,Workshop,0,0,0,Not Started,Intermediate,0,0,Sep
L009587,U084,08-08-2025,Power BI,Certification,1,61.9,4.2,In Progress,Beginner,61.9,0,Aug
L009588,U089,09-03-2025,Cloud,Project,1.9,59.2,51.1,Dropped,Beginner,31.15789474,0,Mar
L009589,U156,29-10-2025,Power BI,Workshop,2,63.9,62.1,In Progress,Intermediate,31.95,0,Oct
L009590,U156,03-05-2025,Python,Self Learning,2.4,82.6,38.8,In Progress,Advanced,34.41666667,0,May
L009591,U176,08-11-2025,Python,Project,1.8,42.1,78,In Progress,Advanced,23.38888889,0,Nov
L009592,U162,27-03-2025,Excel,Self Learning,4.3,71.5,95.9,In Progress,Advanced,16.62790698,0,Mar
L009593,U043,28-05-2025,Python,Project,0.6,84.4,73.7,In Progress,Intermediate,140.6666667,0,May
L009594,U137,15-01-2025,Java,Online Course,3.1,67,100,Completed,Advanced,21.61290323,1,Jan
L009595,U151,13-07-2025,SQL,Workshop,5,68.7,11.1,In Progress,Intermediate,13.74,0,Jul
L009596,U170,10-10-2025,Machine Learning,Online Course,4.7,78.7,100,Completed,Beginner,16.74468085,1,Oct
L009597,U029,17-02-2025,ServiceNow,Certification,0.8,83.3,100,Completed,Intermediate,104.125,1,Feb
L009598,U140,07-09-2025,Python,Self Learning,5.2,67.2,100,Completed,Beginner,12.92307692,1,Sep
L009599,U035,13-09-2025,ServiceNow,Project,1.3,48.1,4.2,In Progress,Intermediate,37,0,Sep
L009600,U044,27-10-2025,Machine Learning,Online Course,2.9,51.2,77.6,In Progress,Advanced,17.65517241,0,Oct
L009601,U163,14-01-2025,Data Analytics,Workshop,2.8,64.3,64.1,In Progress,Intermediate,22.96428571,0,Jan
L009602,U092,21-05-2025,Python,Online Course,5.6,40.7,67.4,In Progress,Advanced,7.267857143,0,May
L009603,U002,28-01-2025,Machine Learning,Online Course,2.2,72.6,100,Completed,Intermediate,33,1,Jan
L009604,U165,02-02-2025,Power BI,Certification,5,97,100,Completed,Intermediate,19.4,1,Feb
L009605,U116,07-12-2025,Communication,Self Learning,4.2,85.1,98.3,In Progress,Beginner,20.26190476,0,Dec
L009606,U077,16-02-2025,ServiceNow,Self Learning,5.5,90.5,100,Completed,Beginner,16.45454545,1,Feb
L009607,U188,24-03-2025,ServiceNow,Certification,0,0,0,Not Started,Beginner,0,0,Mar
L009608,U078,19-03-2025,Machine Learning,Online Course,2.8,72.9,43.6,In Progress,Intermediate,26.03571429,0,Mar
L009609,U188,25-04-2025,Data Analytics,Workshop,5.9,70.7,14.1,Dropped,Advanced,11.98305085,0,Apr
L009610,U149,17-05-2025,Data Analytics,Certification,1.6,72.9,69.5,Dropped,Intermediate,45.5625,0,May
L009611,U107,18-04-2025,Machine Learning,Self Learning,3.9,83.3,100,Completed,Intermediate,21.35897436,1,Apr
L009612,U176,22-11-2025,ServiceNow,Online Course,1.4,54.1,76.9,In Progress,Intermediate,38.64285714,0,Nov
L009613,U068,06-07-2025,Cloud,Workshop,3.6,67.2,100,Completed,Advanced,18.66666667,1,Jul
L009614,U108,19-05-2025,Power BI,Project,3.7,56.9,87.9,In Progress,Intermediate,15.37837838,0,May
L009615,U161,19-09-2025,ServiceNow,Self Learning,5,88.8,14.3,In Progress,Advanced,17.76,0,Sep
L009616,U051,21-11-2025,Java,Workshop,5.3,69.4,8.1,In Progress,Beginner,13.09433962,0,Nov
L009617,U057,12-07-2025,SQL,Online Course,6,75.6,8,In Progress,Advanced,12.6,0,Jul
L009618,U106,08-07-2025,Machine Learning,Project,2.5,96,54.9,In Progress,Intermediate,38.4,0,Jul
L009619,U173,11-09-2025,SQL,Self Learning,0,0,0,Not Started,Intermediate,0,0,Sep
L009620,U152,05-10-2025,ServiceNow,Certification,5.8,57.2,44.4,In Progress,Advanced,9.862068966,0,Oct
L009621,U168,02-05-2025,SQL,Certification,0.9,70.7,15.2,In Progress,Beginner,78.55555556,0,May
L009622,U160,08-05-2025,Python,Self Learning,0,0,0,Not Started,Intermediate,0,0,May
L009623,U019,18-10-2025,Communication,Project,3.2,85.4,40.5,In Progress,Advanced,26.6875,0,Oct
L009624,U151,03-04-2025,Machine Learning,Project,4.6,90.3,100,Completed,Beginner,19.63043478,1,Apr
L009625,U100,29-10-2025,Python,Certification,5.7,97.4,100,Completed,Intermediate,17.0877193,1,Oct
L009626,U198,19-04-2025,SQL,Project,3.3,78,23,In Progress,Intermediate,23.63636364,0,Apr
L009627,U065,01-06-2025,ServiceNow,Project,5.3,94.7,67.7,In Progress,Advanced,17.86792453,0,Jun
L009628,U051,22-08-2025,Data Analytics,Project,0.8,96.6,100,Completed,Beginner,120.75,1,Aug
L009629,U028,03-01-2025,ServiceNow,Project,4.8,83,100,Completed,Intermediate,17.29166667,1,Jan
L009630,U161,19-04-2025,Power BI,Self Learning,3.8,93,88.9,In Progress,Beginner,24.47368421,0,Apr
L009631,U055,18-02-2025,Communication,Workshop,3.7,81.2,91.7,In Progress,Beginner,21.94594595,0,Feb
L009632,U072,22-02-2025,ServiceNow,Self Learning,2,91.5,83.3,In Progress,Intermediate,45.75,0,Feb
L009633,U009,23-03-2025,SQL,Workshop,0,0,0,Not Started,Intermediate,0,0,Mar
L009634,U039,19-11-2025,Excel,Online Course,1.1,80.9,100,Completed,Intermediate,73.54545455,1,Nov
L009635,U191,15-10-2025,Communication,Project,2.8,69.9,92.4,In Progress,Beginner,24.96428571,0,Oct
L009636,U038,28-08-2025,Communication,Certification,1,46.1,71.2,In Progress,Beginner,46.1,0,Aug
L009637,U179,07-08-2025,Excel,Certification,1.1,99.4,60.6,Dropped,Intermediate,90.36363636,0,Aug
L009638,U099,10-04-2025,Excel,Project,1.8,51.6,52.2,In Progress,Advanced,28.66666667,0,Apr
L009639,U175,06-10-2025,Data Analytics,Self Learning,0,0,0,Not Started,Beginner,0,0,Oct
L009640,U051,05-09-2025,Machine Learning,Project,5,70.7,100,Completed,Beginner,14.14,1,Sep
L009641,U096,09-10-2025,Cloud,Certification,3.7,99.3,26.2,In Progress,Beginner,26.83783784,0,Oct
L009642,U191,21-11-2025,SQL,Certification,3.7,69.8,100,Completed,Intermediate,18.86486486,1,Nov
L009643,U072,03-05-2025,Communication,Self Learning,2,45.3,87.4,In Progress,Beginner,22.65,0,May
L009644,U137,25-10-2025,Communication,Certification,5.5,97.7,100,Completed,Advanced,17.76363636,1,Oct
L009645,U048,16-11-2025,Communication,Certification,0.8,78.1,100,Completed,Advanced,97.625,1,Nov
L009646,U040,31-03-2025,Machine Learning,Certification,5.6,98.5,100,Completed,Beginner,17.58928571,1,Mar
L009647,U072,23-09-2025,SQL,Self Learning,3.5,96.4,79.2,In Progress,Beginner,27.54285714,0,Sep
L009648,U041,24-02-2025,Communication,Self Learning,4.8,76.3,8.7,In Progress,Advanced,15.89583333,0,Feb
L009649,U150,30-06-2025,Python,Workshop,5.5,65.5,100,Completed,Intermediate,11.90909091,1,Jun
L009650,U074,17-05-2025,SQL,Self Learning,5.1,74.2,100,Completed,Advanced,14.54901961,1,May
L009651,U127,19-03-2025,Communication,Online Course,5.7,42.1,61.8,Dropped,Advanced,7.385964912,0,Mar
L009652,U179,30-07-2025,Power BI,Certification,2.5,80.2,63.4,Dropped,Advanced,32.08,0,Jul
L009653,U167,24-04-2025,SQL,Self Learning,2.9,84.9,20.2,In Progress,Beginner,29.27586207,0,Apr
L009654,U193,07-02-2025,ServiceNow,Project,3.7,51.9,36.2,Dropped,Advanced,14.02702703,0,Feb
L009655,U109,12-10-2025,Power BI,Online Course,2.2,68.6,100,Completed,Beginner,31.18181818,1,Oct
L009656,U010,11-06-2025,Communication,Workshop,0,0,0,Not Started,Advanced,0,0,Jun
L009657,U010,16-11-2025,Python,Certification,2.6,51.7,55.5,In Progress,Advanced,19.88461538,0,Nov
L009658,U141,04-09-2025,Java,Workshop,3.9,85.5,100,Completed,Intermediate,21.92307692,1,Sep
L009659,U072,05-12-2025,Cloud,Certification,5.1,60.5,97.1,In Progress,Intermediate,11.8627451,0,Dec
L009660,U054,29-06-2025,Python,Certification,0.9,70.1,100,Completed,Beginner,77.88888889,1,Jun
L009661,U182,15-10-2025,SQL,Workshop,5.2,81.1,100,Completed,Beginner,15.59615385,1,Oct
L009662,U114,26-09-2025,Java,Workshop,1.4,41.8,84.5,In Progress,Intermediate,29.85714286,0,Sep
L009663,U069,26-10-2025,Data Analytics,Online Course,0,0,0,Not Started,Intermediate,0,0,Oct
L009664,U018,21-02-2025,Python,Online Course,5.8,71.2,44.1,Dropped,Advanced,12.27586207,0,Feb
L009665,U043,03-08-2025,Data Analytics,Certification,4.2,82.2,79.5,In Progress,Advanced,19.57142857,0,Aug
L009666,U138,09-02-2025,Machine Learning,Project,3.2,85.2,77.8,In Progress,Advanced,26.625,0,Feb
L009667,U081,23-10-2025,Excel,Workshop,4.1,84.7,100,Completed,Advanced,20.65853659,1,Oct
L009668,U025,20-06-2025,Communication,Project,0.6,77.6,100,Completed,Intermediate,129.3333333,1,Jun
L009669,U033,10-12-2025,Excel,Certification,1.9,85.3,58.1,Dropped,Intermediate,44.89473684,0,Dec
L009670,U004,20-08-2025,Cloud,Certification,5,62.4,92.8,In Progress,Beginner,12.48,0,Aug
L009671,U107,15-04-2025,Cloud,Online Course,3,83.7,100,Completed,Advanced,27.9,1,Apr
L009672,U146,18-01-2025,Power BI,Certification,5.7,79,32.8,Dropped,Advanced,13.85964912,0,Jan
L009673,U140,14-06-2025,Python,Certification,0,0,0,Not Started,Beginner,0,0,Jun
L009674,U190,09-05-2025,ServiceNow,Project,2.6,87.1,60.8,In Progress,Intermediate,33.5,0,May
L009675,U165,22-03-2025,Power BI,Certification,5.2,72.3,4.8,In Progress,Intermediate,13.90384615,0,Mar
L009676,U013,13-07-2025,Data Analytics,Online Course,2.5,48.4,13.7,In Progress,Intermediate,19.36,0,Jul
L009677,U050,20-10-2025,Communication,Online Course,5.3,64.8,39.9,In Progress,Beginner,12.22641509,0,Oct
L009678,U043,04-10-2025,Data Analytics,Workshop,3.8,42.1,32.8,In Progress,Advanced,11.07894737,0,Oct
L009679,U029,21-05-2025,Cloud,Online Course,3.3,95.7,34.2,In Progress,Advanced,29,0,May
L009680,U184,07-02-2025,Data Analytics,Certification,5.5,78,100,Completed,Beginner,14.18181818,1,Feb
L009681,U157,06-01-2025,Machine Learning,Online Course,6,98.4,100,Completed,Beginner,16.4,1,Jan
L009682,U029,25-04-2025,ServiceNow,Self Learning,4.1,99.4,100,Completed,Advanced,24.24390244,1,Apr
L009683,U139,19-02-2025,Data Analytics,Workshop,3.8,71.1,81.3,In Progress,Beginner,18.71052632,0,Feb
L009684,U105,11-11-2025,Excel,Certification,4.3,92.3,36.6,Dropped,Beginner,21.46511628,0,Nov
L009685,U074,06-02-2025,Cloud,Project,1.4,79.6,45.8,In Progress,Advanced,56.85714286,0,Feb
L009686,U032,27-12-2025,Python,Workshop,2.5,86.1,1.8,In Progress,Intermediate,34.44,0,Dec
L009687,U128,25-03-2025,Excel,Self Learning,4.2,72.7,100,Completed,Advanced,17.30952381,1,Mar
L009688,U172,16-12-2025,Data Analytics,Workshop,3,60,24.6,In Progress,Intermediate,20,0,Dec
L009689,U008,08-02-2025,SQL,Online Course,5.8,43.5,72.2,In Progress,Beginner,7.5,0,Feb
L009690,U167,02-06-2025,Python,Project,2.3,98.4,100,Completed,Beginner,42.7826087,1,Jun
L009691,U170,01-12-2025,ServiceNow,Certification,0,0,0,Not Started,Intermediate,0,0,Dec
L009692,U106,16-02-2025,Communication,Certification,3.9,99.1,100,Completed,Beginner,25.41025641,1,Feb
L009693,U128,22-11-2025,ServiceNow,Workshop,2.3,42.3,13.6,In Progress,Beginner,18.39130435,0,Nov
L009694,U175,21-04-2025,Java,Online Course,3.1,97.3,100,Completed,Intermediate,31.38709677,1,Apr
L009695,U194,01-05-2025,Python,Workshop,0.7,94.3,100,Completed,Advanced,134.7142857,1,May
L009696,U180,03-02-2025,Data Analytics,Workshop,1,63.5,92.2,In Progress,Beginner,63.5,0,Feb
L009697,U153,21-12-2025,ServiceNow,Workshop,2.4,68.8,80.9,In Progress,Beginner,28.66666667,0,Dec
L009698,U166,01-07-2025,Cloud,Project,5.8,71.1,27.7,Dropped,Intermediate,12.25862069,0,Jul
L009699,U045,23-08-2025,Data Analytics,Online Course,0.7,71.1,6.7,In Progress,Beginner,101.5714286,0,Aug
L009700,U014,12-06-2025,ServiceNow,Project,5.6,45.3,15.3,In Progress,Advanced,8.089285714,0,Jun
L009701,U162,01-08-2025,Machine Learning,Certification,0,0,0,Not Started,Intermediate,0,0,Aug
L009702,U093,19-09-2025,Cloud,Self Learning,4.7,89.7,100,Completed,Advanced,19.08510638,1,Sep
L009703,U077,06-01-2025,Power BI,Project,1.7,98,16,In Progress,Advanced,57.64705882,0,Jan
L009704,U002,18-09-2025,Communication,Project,4.6,97.3,55.4,In Progress,Beginner,21.15217391,0,Sep
L009705,U131,30-01-2025,SQL,Certification,3.6,54.3,74.7,In Progress,Intermediate,15.08333333,0,Jan
L009706,U025,17-06-2025,SQL,Certification,1.3,71.4,100,Completed,Advanced,54.92307692,1,Jun
L009707,U164,27-04-2025,Cloud,Self Learning,1.2,77.3,28.2,In Progress,Advanced,64.41666667,0,Apr
L009708,U091,25-06-2025,Power BI,Self Learning,1.4,60.1,99.8,In Progress,Advanced,42.92857143,0,Jun
L009709,U049,29-01-2025,Data Analytics,Self Learning,4.1,96.8,91.2,In Progress,Advanced,23.6097561,0,Jan
L009710,U154,15-11-2025,ServiceNow,Workshop,2.4,88.5,100,Completed,Advanced,36.875,1,Nov
L009711,U166,25-10-2025,Data Analytics,Online Course,3.4,88.2,77.8,In Progress,Beginner,25.94117647,0,Oct
L009712,U076,08-03-2025,Communication,Certification,1.6,89.3,100,Completed,Intermediate,55.8125,1,Mar
L009713,U065,05-04-2025,Machine Learning,Project,5.4,89.2,100,Completed,Intermediate,16.51851852,1,Apr
L009714,U020,07-06-2025,Java,Online Course,3.7,78.3,82.7,In Progress,Advanced,21.16216216,0,Jun
L009715,U064,25-06-2025,Cloud,Online Course,1,99.2,100,Completed,Advanced,99.2,1,Jun
L009716,U041,22-08-2025,Java,Workshop,2.1,59.7,89.8,In Progress,Intermediate,28.42857143,0,Aug
L009717,U037,03-07-2025,Cloud,Project,3.3,80.4,100,Completed,Beginner,24.36363636,1,Jul
L009718,U111,06-08-2025,SQL,Certification,1.1,70.1,2.8,In Progress,Intermediate,63.72727273,0,Aug
L009719,U012,19-01-2025,Communication,Online Course,3.9,94.9,71,In Progress,Beginner,24.33333333,0,Jan
L009720,U013,20-12-2025,Power BI,Project,4.3,48.4,60.9,In Progress,Beginner,11.25581395,0,Dec
L009721,U098,18-10-2025,Cloud,Certification,2.4,76.6,100,Completed,Intermediate,31.91666667,1,Oct
L009722,U006,24-08-2025,Data Analytics,Workshop,1.7,92.8,64.1,Dropped,Intermediate,54.58823529,0,Aug
L009723,U150,11-07-2025,Data Analytics,Certification,5.3,94.9,99,In Progress,Advanced,17.90566038,0,Jul
L009724,U157,02-08-2025,ServiceNow,Workshop,0.8,43.2,7.4,In Progress,Intermediate,54,0,Aug
L009725,U149,18-05-2025,Machine Learning,Self Learning,2.7,95.1,100,Completed,Intermediate,35.22222222,1,May
L009726,U053,25-10-2025,Excel,Online Course,5.9,89.4,100,Completed,Intermediate,15.15254237,1,Oct
L009727,U186,09-04-2025,SQL,Online Course,0.7,99.8,51.3,Dropped,Beginner,142.5714286,0,Apr
L009728,U011,05-12-2025,SQL,Online Course,1.9,69.8,100,Completed,Beginner,36.73684211,1,Dec
L009729,U098,01-07-2025,Cloud,Certification,1.9,64.7,21.3,Dropped,Intermediate,34.05263158,0,Jul
L009730,U049,08-08-2025,ServiceNow,Project,3,40.6,39.9,Dropped,Intermediate,13.53333333,0,Aug
L009731,U168,19-01-2025,Communication,Online Course,1.3,94.6,100,Completed,Advanced,72.76923077,1,Jan
L009732,U199,14-07-2025,Cloud,Project,0,0,0,Not Started,Intermediate,0,0,Jul
L009733,U020,13-08-2025,Machine Learning,Certification,5.5,53.2,67.3,Dropped,Beginner,9.672727273,0,Aug
L009734,U086,11-02-2025,Data Analytics,Project,0,0,0,Not Started,Advanced,0,0,Feb
L009735,U185,16-06-2025,Data Analytics,Workshop,2.3,94.8,37,In Progress,Intermediate,41.2173913,0,Jun
L009736,U034,19-09-2025,Python,Project,0.5,76.6,92.7,In Progress,Beginner,153.2,0,Sep
L009737,U024,11-09-2025,ServiceNow,Workshop,2.6,85.5,73.1,In Progress,Advanced,32.88461538,0,Sep
L009738,U044,11-01-2025,Power BI,Project,3.3,42.8,33.9,In Progress,Advanced,12.96969697,0,Jan
L009739,U152,09-12-2025,Java,Project,5.2,97.3,22.1,Dropped,Intermediate,18.71153846,0,Dec
L009740,U053,19-03-2025,Data Analytics,Project,5.7,62.5,53.8,In Progress,Beginner,10.96491228,0,Mar
L009741,U046,14-02-2025,Data Analytics,Self Learning,0.9,70,100,Completed,Beginner,77.77777778,1,Feb
L009742,U195,20-07-2025,Data Analytics,Online Course,5.6,89.8,34.1,Dropped,Advanced,16.03571429,0,Jul
L009743,U170,13-01-2025,Cloud,Project,1,69.3,8.2,In Progress,Beginner,69.3,0,Jan
L009744,U153,09-04-2025,Cloud,Self Learning,2.5,62.9,43.8,In Progress,Advanced,25.16,0,Apr
L009745,U187,23-07-2025,Excel,Certification,0.8,93.2,100,Completed,Intermediate,116.5,1,Jul
L009746,U146,04-04-2025,Java,Workshop,2.9,76.7,100,Completed,Advanced,26.44827586,1,Apr
L009747,U190,08-09-2025,Communication,Online Course,0,0,0,Not Started,Advanced,0,0,Sep
L009748,U017,27-09-2025,Java,Self Learning,4.8,88.8,100,Completed,Advanced,18.5,1,Sep
L009749,U022,03-11-2025,Machine Learning,Self Learning,2.9,98.3,100,Completed,Advanced,33.89655172,1,Nov
L009750,U136,31-05-2025,Communication,Workshop,4.1,42.7,95.5,In Progress,Intermediate,10.41463415,0,May
L009751,U160,10-03-2025,Java,Project,5.4,96.9,73.5,In Progress,Advanced,17.94444444,0,Mar
L009752,U118,26-08-2025,Communication,Online Course,2.1,42.7,61.3,In Progress,Beginner,20.33333333,0,Aug
L009753,U060,02-11-2025,ServiceNow,Workshop,5.3,85.5,100,Completed,Advanced,16.13207547,1,Nov
L009754,U042,02-10-2025,Java,Online Course,3.2,85.3,100,Completed,Intermediate,26.65625,1,Oct
L009755,U168,09-09-2025,Machine Learning,Workshop,2,60.7,46.9,In Progress,Beginner,30.35,0,Sep
L009756,U114,18-08-2025,Java,Project,1.8,67.8,88.9,In Progress,Beginner,37.66666667,0,Aug
L009757,U098,11-09-2025,Power BI,Online Course,4,98.9,100,Completed,Advanced,24.725,1,Sep
L009758,U141,05-11-2025,Data Analytics,Online Course,3,93.7,100,Completed,Intermediate,31.23333333,1,Nov
L009759,U189,18-09-2025,Cloud,Online Course,2.7,82.9,37.5,Dropped,Advanced,30.7037037,0,Sep
L009760,U180,28-08-2025,Data Analytics,Certification,1.4,92,100,Completed,Beginner,65.71428571,1,Aug
L009761,U082,28-01-2025,Excel,Workshop,4.6,59.2,89.2,In Progress,Advanced,12.86956522,0,Jan
L009762,U115,03-04-2025,Excel,Workshop,3.9,95.6,100,Completed,Advanced,24.51282051,1,Apr
L009763,U104,04-05-2025,Cloud,Self Learning,3.4,52.2,14.8,In Progress,Intermediate,15.35294118,0,May
L009764,U130,02-01-2025,Power BI,Self Learning,3.4,86.9,100,Completed,Advanced,25.55882353,1,Jan
L009765,U056,28-12-2025,Java,Project,0.6,67.4,94.4,In Progress,Beginner,112.3333333,0,Dec
L009766,U051,29-03-2025,ServiceNow,Online Course,0,0,0,Not Started,Beginner,0,0,Mar
L009767,U094,16-08-2025,SQL,Self Learning,5.6,95,30.6,In Progress,Intermediate,16.96428571,0,Aug
L009768,U191,23-12-2025,Machine Learning,Workshop,2.1,70.2,50.5,Dropped,Advanced,33.42857143,0,Dec
L009769,U140,16-06-2025,Communication,Workshop,4.4,69,46.6,In Progress,Beginner,15.68181818,0,Jun
L009770,U018,07-03-2025,Cloud,Online Course,2.4,84.6,100,Completed,Advanced,35.25,1,Mar
L009771,U172,16-10-2025,Java,Online Course,0,0,0,Not Started,Beginner,0,0,Oct
L009772,U185,02-07-2025,Python,Project,0,0,0,Not Started,Beginner,0,0,Jul
L009773,U099,20-11-2025,ServiceNow,Workshop,4.6,88.6,73.8,In Progress,Beginner,19.26086957,0,Nov
L009774,U164,28-12-2025,Python,Certification,5,70,100,Completed,Intermediate,14,1,Dec
L009775,U197,31-10-2025,Cloud,Self Learning,3.3,89,100,Completed,Beginner,26.96969697,1,Oct
L009776,U107,25-09-2025,Excel,Workshop,1.3,78.9,100,Completed,Intermediate,60.69230769,1,Sep
L009777,U073,31-05-2025,Power BI,Workshop,1.4,60.3,88.4,In Progress,Advanced,43.07142857,0,May
L009778,U140,03-07-2025,Java,Project,0,0,0,Not Started,Advanced,0,0,Jul
L009779,U055,20-07-2025,Cloud,Project,3.7,70.8,46.1,In Progress,Advanced,19.13513514,0,Jul
L009780,U037,08-09-2025,Cloud,Certification,1.3,77.3,60.7,In Progress,Beginner,59.46153846,0,Sep
L009781,U028,20-12-2025,Power BI,Certification,3.7,77.5,10,In Progress,Intermediate,20.94594595,0,Dec
L009782,U140,19-10-2025,Cloud,Online Course,3.7,97.1,100,Completed,Intermediate,26.24324324,1,Oct
L009783,U086,20-02-2025,Power BI,Workshop,1.9,76.7,46.7,In Progress,Advanced,40.36842105,0,Feb
L009784,U116,09-07-2025,Communication,Workshop,4.7,94.4,100,Completed,Beginner,20.08510638,1,Jul
L009785,U144,24-01-2025,Java,Workshop,0,0,0,Not Started,Beginner,0,0,Jan
L009786,U112,11-08-2025,Excel,Project,3.1,50.9,64.9,In Progress,Advanced,16.41935484,0,Aug
L009787,U166,18-04-2025,ServiceNow,Project,0.6,78,46,In Progress,Beginner,130,0,Apr
L009788,U076,07-12-2025,Machine Learning,Certification,4.7,46.2,16.6,In Progress,Intermediate,9.829787234,0,Dec
L009789,U101,28-03-2025,Power BI,Project,3.6,88.1,100,Completed,Advanced,24.47222222,1,Mar
L009790,U008,22-01-2025,ServiceNow,Workshop,5.5,88.9,38.3,In Progress,Advanced,16.16363636,0,Jan
L009791,U118,29-03-2025,Power BI,Certification,0,0,0,Not Started,Intermediate,0,0,Mar
L009792,U115,22-09-2025,Python,Online Course,4.3,65.2,100,Completed,Advanced,15.1627907,1,Sep
L009793,U191,19-05-2025,Power BI,Certification,3,86.2,100,Completed,Beginner,28.73333333,1,May
L009794,U064,19-10-2025,Machine Learning,Certification,1.5,70.3,100,Completed,Beginner,46.86666667,1,Oct
L009795,U074,03-08-2025,Machine Learning,Project,1.2,92.8,36.6,Dropped,Advanced,77.33333333,0,Aug
L009796,U142,01-04-2025,Python,Certification,4.2,72.2,39.6,In Progress,Beginner,17.19047619,0,Apr
L009797,U133,10-01-2025,Machine Learning,Project,0,0,0,Not Started,Beginner,0,0,Jan
L009798,U083,30-08-2025,ServiceNow,Certification,0,0,0,Not Started,Advanced,0,0,Aug
L009799,U131,02-11-2025,Data Analytics,Online Course,2.6,75,24.9,Dropped,Advanced,28.84615385,0,Nov
L009800,U028,29-12-2025,Java,Self Learning,5.2,43,18.9,In Progress,Beginner,8.269230769,0,Dec
L009801,U164,06-02-2025,Communication,Project,4.5,75.4,7,In Progress,Advanced,16.75555556,0,Feb
L009802,U050,14-12-2025,Cloud,Certification,5.4,86.1,92.9,In Progress,Intermediate,15.94444444,0,Dec
L009803,U108,31-01-2025,ServiceNow,Certification,2.7,58.1,27.7,In Progress,Beginner,21.51851852,0,Jan
L009804,U120,05-11-2025,Communication,Certification,1.4,95.7,100,Completed,Beginner,68.35714286,1,Nov
L009805,U136,22-12-2025,Power BI,Online Course,3.9,70.7,100,Completed,Intermediate,18.12820513,1,Dec
L009806,U064,09-03-2025,Data Analytics,Workshop,3.5,97.9,100,Completed,Beginner,27.97142857,1,Mar
L009807,U126,24-10-2025,Data Analytics,Workshop,3.1,91.2,100,Completed,Intermediate,29.41935484,1,Oct
L009808,U028,24-11-2025,Java,Online Course,0,0,0,Not Started,Advanced,0,0,Nov
L009809,U029,23-01-2025,Data Analytics,Project,3.5,48.9,41.4,In Progress,Beginner,13.97142857,0,Jan
L009810,U019,14-03-2025,ServiceNow,Project,4,78.9,11.2,In Progress,Intermediate,19.725,0,Mar
L009811,U195,27-11-2025,Python,Certification,4.5,65.7,20.9,In Progress,Advanced,14.6,0,Nov
L009812,U091,25-07-2025,Data Analytics,Self Learning,5.9,45,8.2,In Progress,Advanced,7.627118644,0,Jul
L009813,U043,07-07-2025,Excel,Project,3.7,62,67,In Progress,Advanced,16.75675676,0,Jul
L009814,U117,14-09-2025,Python,Self Learning,4.5,82.7,100,Completed,Advanced,18.37777778,1,Sep
L009815,U005,14-07-2025,Excel,Project,4.3,78.8,63.1,In Progress,Advanced,18.3255814,0,Jul
L009816,U150,18-03-2025,Communication,Self Learning,1.4,70.9,9.2,In Progress,Intermediate,50.64285714,0,Mar
L009817,U090,11-10-2025,Excel,Self Learning,0.8,69.9,41.3,Dropped,Beginner,87.375,0,Oct
L009818,U007,26-08-2025,Power BI,Project,1,96,85.5,In Progress,Advanced,96,0,Aug
L009819,U196,21-08-2025,Cloud,Self Learning,3.8,94.2,70.5,In Progress,Intermediate,24.78947368,0,Aug
L009820,U049,23-08-2025,Python,Online Course,2.6,51.7,77.8,In Progress,Advanced,19.88461538,0,Aug
L009821,U133,10-01-2025,Data Analytics,Project,0.7,91.3,100,Completed,Intermediate,130.4285714,1,Jan
L009822,U152,27-09-2025,Java,Workshop,4.5,79.1,47.8,In Progress,Intermediate,17.57777778,0,Sep
L009823,U133,07-10-2025,Excel,Online Course,0.6,83.5,100,Completed,Beginner,139.1666667,1,Oct
L009824,U188,03-06-2025,Power BI,Certification,5.3,97.2,58.3,In Progress,Advanced,18.33962264,0,Jun
L009825,U132,26-07-2025,Machine Learning,Project,2.8,61.7,75.2,In Progress,Beginner,22.03571429,0,Jul
L009826,U089,16-10-2025,Communication,Online Course,2.8,96.7,54.8,In Progress,Beginner,34.53571429,0,Oct
L009827,U004,11-08-2025,ServiceNow,Project,0.6,63.9,72.4,In Progress,Intermediate,106.5,0,Aug
L009828,U153,05-10-2025,Communication,Workshop,2.3,99.4,70,In Progress,Intermediate,43.2173913,0,Oct
L009829,U094,17-02-2025,Python,Self Learning,0.9,87.6,100,Completed,Beginner,97.33333333,1,Feb
L009830,U131,14-05-2025,ServiceNow,Self Learning,0,0,0,Not Started,Advanced,0,0,May
L009831,U102,16-05-2025,Power BI,Self Learning,5.3,95.9,100,Completed,Intermediate,18.09433962,1,May
L009832,U148,09-02-2025,Communication,Workshop,0,0,0,Not Started,Advanced,0,0,Feb
L009833,U041,26-05-2025,ServiceNow,Project,2.2,70.3,100,Completed,Advanced,31.95454545,1,May
L009834,U171,20-06-2025,Data Analytics,Certification,2,42.7,81.4,In Progress,Intermediate,21.35,0,Jun
L009835,U187,19-01-2025,Machine Learning,Online Course,3.9,48.3,2.6,In Progress,Advanced,12.38461538,0,Jan
L009836,U144,19-10-2025,Data Analytics,Self Learning,2.8,54,28.9,Dropped,Beginner,19.28571429,0,Oct
L009837,U004,07-07-2025,Cloud,Workshop,4,84.6,65.7,In Progress,Beginner,21.15,0,Jul
L009838,U163,01-06-2025,Excel,Project,5.6,90.2,100,Completed,Intermediate,16.10714286,1,Jun
L009839,U023,18-04-2025,Cloud,Workshop,2.9,91.1,100,Completed,Advanced,31.4137931,1,Apr
L009840,U117,24-07-2025,Java,Workshop,5.8,46.1,32.2,In Progress,Beginner,7.948275862,0,Jul
L009841,U008,05-02-2025,Excel,Project,2.9,42.9,31.6,In Progress,Advanced,14.79310345,0,Feb
L009842,U025,23-06-2025,Python,Workshop,0,0,0,Not Started,Advanced,0,0,Jun
L009843,U028,28-09-2025,Excel,Workshop,4.8,96.1,100,Completed,Beginner,20.02083333,1,Sep
L009844,U106,12-10-2025,Java,Self Learning,4.8,58.9,72.3,In Progress,Advanced,12.27083333,0,Oct
L009845,U006,15-09-2025,Communication,Certification,5,90.6,100,Completed,Beginner,18.12,1,Sep
L009846,U181,21-11-2025,ServiceNow,Certification,2.2,87.7,100,Completed,Advanced,39.86363636,1,Nov
L009847,U108,16-07-2025,Cloud,Workshop,0,0,0,Not Started,Intermediate,0,0,Jul
L009848,U027,05-07-2025,Python,Certification,5.1,43,41.9,Dropped,Advanced,8.431372549,0,Jul
L009849,U160,03-01-2025,Machine Learning,Online Course,0.7,90.3,58.3,Dropped,Intermediate,129,0,Jan
L009850,U018,19-03-2025,SQL,Online Course,5,69.3,57.6,Dropped,Intermediate,13.86,0,Mar
L009851,U043,25-07-2025,SQL,Online Course,2.1,68.9,100,Completed,Beginner,32.80952381,1,Jul
L009852,U067,23-01-2025,Power BI,Online Course,1,71.8,84.8,In Progress,Intermediate,71.8,0,Jan
L009853,U124,06-08-2025,Java,Project,1.9,80.3,8.7,In Progress,Advanced,42.26315789,0,Aug
L009854,U015,23-10-2025,Machine Learning,Workshop,3.9,66.1,46.7,Dropped,Beginner,16.94871795,0,Oct
L009855,U056,19-03-2025,Python,Workshop,2.2,78.5,100,Completed,Beginner,35.68181818,1,Mar
L009856,U171,24-05-2025,SQL,Online Course,3.2,96.5,100,Completed,Advanced,30.15625,1,May
L009857,U028,07-05-2025,Java,Self Learning,4,71.2,45.1,In Progress,Advanced,17.8,0,May
L009858,U030,19-11-2025,Machine Learning,Certification,3.8,49.8,27.5,In Progress,Advanced,13.10526316,0,Nov
L009859,U027,13-03-2025,ServiceNow,Self Learning,4.6,68.1,100,Completed,Intermediate,14.80434783,1,Mar
L009860,U011,18-02-2025,Cloud,Project,4.7,53.2,41.1,Dropped,Intermediate,11.31914894,0,Feb
L009861,U198,19-03-2025,SQL,Workshop,1,82.2,98.5,In Progress,Intermediate,82.2,0,Mar
L009862,U163,03-08-2025,Machine Learning,Workshop,5.6,60.6,96.9,In Progress,Beginner,10.82142857,0,Aug
L009863,U101,13-10-2025,Python,Project,1.9,97.4,20.6,In Progress,Advanced,51.26315789,0,Oct
L009864,U123,20-02-2025,Machine Learning,Workshop,3.6,65.2,100,Completed,Advanced,18.11111111,1,Feb
L009865,U019,08-07-2025,Excel,Project,1.3,70.1,53.3,Dropped,Advanced,53.92307692,0,Jul
L009866,U045,13-12-2025,Power BI,Online Course,3.2,58.2,69.9,Dropped,Advanced,18.1875,0,Dec
L009867,U083,19-09-2025,Power BI,Workshop,0,0,0,Not Started,Beginner,0,0,Sep
L009868,U124,19-12-2025,SQL,Online Course,0.5,49.3,44.8,In Progress,Beginner,98.6,0,Dec
L009869,U056,20-05-2025,Machine Learning,Workshop,3.3,91.7,100,Completed,Beginner,27.78787879,1,May
L009870,U114,01-10-2025,Python,Project,5.2,98.6,100,Completed,Advanced,18.96153846,1,Oct
L009871,U045,19-01-2025,ServiceNow,Online Course,5.4,74.5,100,Completed,Advanced,13.7962963,1,Jan
L009872,U068,23-04-2025,Java,Workshop,2.9,89.4,100,Completed,Advanced,30.82758621,1,Apr
L009873,U037,23-05-2025,Communication,Certification,3.1,88.4,23.7,In Progress,Beginner,28.51612903,0,May
L009874,U096,20-05-2025,Cloud,Online Course,4.9,87.9,100,Completed,Beginner,17.93877551,1,May
L009875,U019,19-01-2025,ServiceNow,Project,1.7,80.4,16.4,In Progress,Advanced,47.29411765,0,Jan
L009876,U198,26-01-2025,Python,Certification,3.6,68.4,100,Completed,Advanced,19,1,Jan
L009877,U191,06-02-2025,Python,Workshop,2.8,71.1,100,Completed,Intermediate,25.39285714,1,Feb
L009878,U188,16-01-2025,Machine Learning,Self Learning,2.8,86.6,61.6,In Progress,Advanced,30.92857143,0,Jan
L009879,U118,09-10-2025,SQL,Self Learning,0.9,75.3,100,Completed,Advanced,83.66666667,1,Oct
L009880,U032,31-01-2025,Excel,Self Learning,3,56,75.1,In Progress,Advanced,18.66666667,0,Jan
L009881,U183,31-07-2025,Cloud,Self Learning,2.3,96.4,69.4,In Progress,Beginner,41.91304348,0,Jul
L009882,U086,09-07-2025,Excel,Certification,1.9,41.4,92.9,In Progress,Beginner,21.78947368,0,Jul
L009883,U128,29-10-2025,Excel,Certification,5,69.7,46,In Progress,Beginner,13.94,0,Oct
L009884,U039,04-08-2025,Communication,Online Course,1.2,70.4,100,Completed,Intermediate,58.66666667,1,Aug
L009885,U155,09-06-2025,SQL,Online Course,2.6,72,68.3,Dropped,Advanced,27.69230769,0,Jun
L009886,U038,06-08-2025,Machine Learning,Self Learning,3.1,58,78.2,In Progress,Beginner,18.70967742,0,Aug
L009887,U101,12-09-2025,SQL,Certification,0,0,0,Not Started,Beginner,0,0,Sep
L009888,U080,19-12-2025,Java,Certification,3,90.2,0.1,In Progress,Advanced,30.06666667,0,Dec
L009889,U079,20-08-2025,Communication,Workshop,3,78.9,54,In Progress,Intermediate,26.3,0,Aug
L009890,U181,15-07-2025,Cloud,Self Learning,1.4,90.3,100,Completed,Beginner,64.5,1,Jul
L009891,U128,18-07-2025,ServiceNow,Project,5.9,68.4,100,Completed,Intermediate,11.59322034,1,Jul
L009892,U160,17-09-2025,Data Analytics,Workshop,4.8,93.2,9.5,In Progress,Advanced,19.41666667,0,Sep
L009893,U090,28-09-2025,SQL,Online Course,4.3,40.2,83.8,In Progress,Beginner,9.348837209,0,Sep
L009894,U105,04-09-2025,Communication,Workshop,2.5,86.1,41.4,In Progress,Beginner,34.44,0,Sep
L009895,U158,08-08-2025,Java,Project,2.1,90.4,50.3,In Progress,Intermediate,43.04761905,0,Aug
L009896,U016,07-06-2025,ServiceNow,Certification,2.4,90.4,100,Completed,Intermediate,37.66666667,1,Jun
L009897,U127,06-11-2025,Power BI,Self Learning,0.5,62.2,19.3,In Progress,Advanced,124.4,0,Nov
L009898,U055,05-11-2025,SQL,Project,3.3,94.4,100,Completed,Intermediate,28.60606061,1,Nov
L009899,U019,24-08-2025,Power BI,Online Course,4,58.2,45.2,In Progress,Beginner,14.55,0,Aug
L009900,U198,15-02-2025,Power BI,Self Learning,5.4,77.4,73.2,In Progress,Intermediate,14.33333333,0,Feb
L009901,U194,22-08-2025,Python,Project,4.1,72.5,93.3,In Progress,Beginner,17.68292683,0,Aug
L009902,U113,07-03-2025,Cloud,Project,2.9,92.7,100,Completed,Beginner,31.96551724,1,Mar
L009903,U198,22-10-2025,Java,Certification,5.4,92.2,100,Completed,Advanced,17.07407407,1,Oct
L009904,U041,04-10-2025,Power BI,Online Course,4.6,69,86.1,In Progress,Beginner,15,0,Oct
L009905,U034,04-02-2025,ServiceNow,Project,4.8,89.2,91.7,In Progress,Beginner,18.58333333,0,Feb
L009906,U111,30-09-2025,Communication,Workshop,1.9,90.7,16.2,In Progress,Intermediate,47.73684211,0,Sep
L009907,U024,02-09-2025,Java,Project,0,0,0,Not Started,Beginner,0,0,Sep
L009908,U036,21-05-2025,Cloud,Online Course,4.6,86.7,91.9,In Progress,Advanced,18.84782609,0,May
L009909,U058,17-07-2025,Machine Learning,Project,5,94.8,81.6,In Progress,Intermediate,18.96,0,Jul
L009910,U018,31-05-2025,SQL,Online Course,2.7,89.9,100,Completed,Advanced,33.2962963,1,May
L009911,U151,24-09-2025,Machine Learning,Online Course,4.5,82.9,8.9,In Progress,Advanced,18.42222222,0,Sep
L009912,U193,28-06-2025,Machine Learning,Online Course,4.8,71.8,4.6,In Progress,Beginner,14.95833333,0,Jun
L009913,U033,01-01-2025,SQL,Self Learning,5.8,68.2,33.4,Dropped,Intermediate,11.75862069,0,Jan
L009914,U199,03-03-2025,Python,Workshop,2.9,87.5,57.8,Dropped,Intermediate,30.17241379,0,Mar
L009915,U146,10-12-2025,Java,Online Course,4.3,97.9,76.9,In Progress,Advanced,22.76744186,0,Dec
L009916,U179,13-08-2025,Power BI,Workshop,2.6,41.4,58.6,In Progress,Intermediate,15.92307692,0,Aug
L009917,U109,30-10-2025,SQL,Workshop,0,0,0,Not Started,Beginner,0,0,Oct
L009918,U009,26-10-2025,Cloud,Self Learning,3.9,88.5,100,Completed,Intermediate,22.69230769,1,Oct
L009919,U054,27-05-2025,Data Analytics,Workshop,3.9,73.4,35.5,Dropped,Advanced,18.82051282,0,May
L009920,U134,29-06-2025,Excel,Certification,0,0,0,Not Started,Intermediate,0,0,Jun
L009921,U072,23-04-2025,Power BI,Project,2.7,73,100,Completed,Intermediate,27.03703704,1,Apr
L009922,U101,02-08-2025,SQL,Self Learning,0,0,0,Not Started,Intermediate,0,0,Aug
L009923,U138,30-04-2025,Excel,Certification,4.7,84.4,84.9,In Progress,Beginner,17.95744681,0,Apr
L009924,U155,19-07-2025,SQL,Certification,3.8,72.6,42.4,Dropped,Advanced,19.10526316,0,Jul
L009925,U160,01-01-2025,Python,Workshop,4,63.1,83.1,In Progress,Beginner,15.775,0,Jan
L009926,U099,01-04-2025,ServiceNow,Self Learning,1.2,58.8,60.4,Dropped,Beginner,49,0,Apr
L009927,U004,02-08-2025,Machine Learning,Project,1.4,81.2,37.8,In Progress,Intermediate,58,0,Aug
L009928,U155,09-07-2025,Machine Learning,Certification,3.6,41.5,94.4,In Progress,Intermediate,11.52777778,0,Jul
L009929,U058,27-11-2025,Communication,Online Course,5.7,92.5,51.3,In Progress,Advanced,16.22807018,0,Nov
L009930,U134,22-07-2025,Power BI,Online Course,2.4,43.6,73.1,In Progress,Advanced,18.16666667,0,Jul
L009931,U100,11-08-2025,Power BI,Certification,0,0,0,Not Started,Beginner,0,0,Aug
L009932,U099,24-09-2025,Cloud,Project,2.4,69.1,100,Completed,Advanced,28.79166667,1,Sep
L009933,U169,27-05-2025,Cloud,Self Learning,5.3,92.9,53.6,In Progress,Intermediate,17.52830189,0,May
L009934,U135,08-04-2025,Python,Workshop,3.6,47.3,55,Dropped,Advanced,13.13888889,0,Apr
L009935,U032,27-04-2025,Data Analytics,Workshop,5.8,66.7,100,Completed,Advanced,11.5,1,Apr
L009936,U178,21-01-2025,ServiceNow,Project,2.9,61.7,57.5,In Progress,Beginner,21.27586207,0,Jan
L009937,U108,13-02-2025,Machine Learning,Online Course,1.6,66,70.1,In Progress,Beginner,41.25,0,Feb
L009938,U110,18-07-2025,Python,Self Learning,4.8,70.5,100,Completed,Intermediate,14.6875,1,Jul
L009939,U101,25-09-2025,Cloud,Project,0,0,0,Not Started,Beginner,0,0,Sep
L009940,U169,20-05-2025,Data Analytics,Self Learning,1,59.5,76.5,In Progress,Beginner,59.5,0,May
L009941,U168,03-02-2025,Data Analytics,Self Learning,2.5,68.8,100,Completed,Advanced,27.52,1,Feb
L009942,U193,01-08-2025,Data Analytics,Project,2.2,56.4,45.8,In Progress,Beginner,25.63636364,0,Aug
L009943,U179,28-07-2025,ServiceNow,Certification,2.9,73,6.8,In Progress,Beginner,25.17241379,0,Jul
L009944,U101,20-08-2025,SQL,Certification,3.9,84.1,6.3,In Progress,Advanced,21.56410256,0,Aug
L009945,U159,27-05-2025,Power BI,Certification,3,87.9,100,Completed,Intermediate,29.3,1,May
L009946,U163,08-11-2025,Cloud,Online Course,4.5,67.7,100,Completed,Intermediate,15.04444444,1,Nov
L009947,U157,11-04-2025,ServiceNow,Workshop,5.1,96.8,2.2,In Progress,Beginner,18.98039216,0,Apr
L009948,U178,06-01-2025,Communication,Workshop,2.1,44.4,37.5,Dropped,Advanced,21.14285714,0,Jan
L009949,U066,05-10-2025,Java,Project,3.6,97.9,14.5,Dropped,Advanced,27.19444444,0,Oct
L009950,U185,27-08-2025,ServiceNow,Certification,0,0,0,Not Started,Advanced,0,0,Aug
L009951,U195,15-07-2025,Excel,Workshop,5.2,68.2,100,Completed,Beginner,13.11538462,1,Jul
L009952,U158,06-07-2025,Cloud,Workshop,4.9,68.1,43.9,In Progress,Intermediate,13.89795918,0,Jul
L009953,U131,12-06-2025,Java,Project,6,73,32.8,In Progress,Advanced,12.16666667,0,Jun
L009954,U019,14-07-2025,Data Analytics,Certification,4.8,93,100,Completed,Beginner,19.375,1,Jul
L009955,U011,30-04-2025,SQL,Self Learning,1.4,42.2,11,In Progress,Beginner,30.14285714,0,Apr
L009956,U003,17-05-2025,Python,Self Learning,4.3,56.5,47.5,In Progress,Beginner,13.13953488,0,May
L009957,U095,06-02-2025,Java,Online Course,2.9,90.8,100,Completed,Beginner,31.31034483,1,Feb
L009958,U091,31-10-2025,Excel,Online Course,1.8,72.6,100,Completed,Beginner,40.33333333,1,Oct
L009959,U196,19-04-2025,Cloud,Self Learning,3.2,81,100,Completed,Advanced,25.3125,1,Apr
L009960,U155,08-07-2025,Power BI,Self Learning,6,91.5,69.6,In Progress,Intermediate,15.25,0,Jul
L009961,U181,14-03-2025,Python,Workshop,0,0,0,Not Started,Beginner,0,0,Mar
L009962,U061,20-05-2025,Machine Learning,Project,4.8,73,59.1,In Progress,Intermediate,15.20833333,0,May
L009963,U064,18-01-2025,ServiceNow,Online Course,3.9,81.8,38.1,Dropped,Advanced,20.97435897,0,Jan
L009964,U074,03-05-2025,Data Analytics,Self Learning,0.6,70.5,29.1,In Progress,Beginner,117.5,0,May
L009965,U135,10-07-2025,ServiceNow,Certification,0,0,0,Not Started,Intermediate,0,0,Jul
L009966,U195,12-10-2025,Java,Online Course,3.1,89.5,100,Completed,Intermediate,28.87096774,1,Oct
L009967,U184,21-04-2025,ServiceNow,Certification,0,0,0,Not Started,Beginner,0,0,Apr
L009968,U092,27-04-2025,Communication,Workshop,5.4,67.5,93.6,In Progress,Beginner,12.5,0,Apr
L009969,U089,25-02-2025,SQL,Online Course,5.9,84.2,83.6,In Progress,Advanced,14.27118644,0,Feb
L009970,U190,22-04-2025,Power BI,Certification,2.9,80.7,26.2,In Progress,Advanced,27.82758621,0,Apr
L009971,U118,04-07-2025,Data Analytics,Certification,0.9,99.8,100,Completed,Beginner,110.8888889,1,Jul
L009972,U158,06-08-2025,Excel,Online Course,2.4,69.5,100,Completed,Advanced,28.95833333,1,Aug
L009973,U032,28-05-2025,ServiceNow,Project,5.5,46.1,15.8,In Progress,Intermediate,8.381818182,0,May
L009974,U089,15-03-2025,Power BI,Online Course,2.4,72.3,100,Completed,Beginner,30.125,1,Mar
L009975,U154,02-04-2025,Java,Online Course,0,0,0,Not Started,Beginner,0,0,Apr
L009976,U118,05-06-2025,Data Analytics,Self Learning,4.6,76.6,42.4,Dropped,Beginner,16.65217391,0,Jun
L009977,U059,06-03-2025,Machine Learning,Online Course,3.1,95.7,5.6,In Progress,Advanced,30.87096774,0,Mar
L009978,U150,03-07-2025,ServiceNow,Workshop,0.6,65.2,29.7,Dropped,Advanced,108.6666667,0,Jul
L009979,U178,24-11-2025,Java,Certification,1.1,88.1,40.6,In Progress,Advanced,80.09090909,0,Nov
L009980,U188,07-12-2025,Power BI,Online Course,1.6,77.9,100,Completed,Beginner,48.6875,1,Dec
L009981,U140,20-01-2025,Power BI,Certification,0,0,0,Not Started,Advanced,0,0,Jan
L009982,U188,16-02-2025,SQL,Self Learning,2.1,86.1,57,In Progress,Beginner,41,0,Feb
L009983,U190,03-09-2025,Data Analytics,Online Course,0,0,0,Not Started,Intermediate,0,0,Sep
L009984,U050,26-04-2025,Python,Workshop,0,0,0,Not Started,Intermediate,0,0,Apr
L009985,U023,15-02-2025,Java,Certification,4.8,61.8,35.6,In Progress,Intermediate,12.875,0,Feb
L009986,U181,27-04-2025,Communication,Workshop,3.8,75.1,53.6,Dropped,Advanced,19.76315789,0,Apr
L009987,U131,06-01-2025,Communication,Project,4,52.6,49.4,In Progress,Advanced,13.15,0,Jan
L009988,U008,16-07-2025,Power BI,Certification,5.3,43.1,84.2,In Progress,Intermediate,8.132075472,0,Jul
L009989,U194,08-07-2025,Data Analytics,Self Learning,0,0,0,Not Started,Advanced,0,0,Jul
L009990,U119,05-06-2025,Machine Learning,Project,0,0,0,Not Started,Beginner,0,0,Jun
L009991,U175,19-04-2025,Machine Learning,Workshop,0.8,95.5,100,Completed,Intermediate,119.375,1,Apr
L009992,U149,22-03-2025,Excel,Project,4.9,64.1,80.4,In Progress,Advanced,13.08163265,0,Mar
L009993,U021,20-06-2025,Java,Project,3.5,73.4,100,Completed,Advanced,20.97142857,1,Jun
L009994,U010,29-12-2025,Java,Online Course,3.9,79.7,18.5,Dropped,Advanced,20.43589744,0,Dec
L009995,U091,03-12-2025,Machine Learning,Certification,1.2,68.6,100,Completed,Intermediate,57.16666667,1,Dec
L009996,U132,12-03-2025,Machine Learning,Project,5.8,98.3,22.9,In Progress,Beginner,16.94827586,0,Mar
L009997,U089,18-02-2025,Cloud,Online Course,0,0,0,Not Started,Advanced,0,0,Feb
L009998,U008,07-07-2025,ServiceNow,Self Learning,4.2,49.4,49.6,Dropped,Intermediate,11.76190476,0,Jul
L009999,U019,28-12-2025,Java,Certification,3.3,60.7,41.3,Dropped,Beginner,18.39393939,0,Dec
L010000,U176,13-01-2025,Machine Learning,Self Learning,4.4,60.6,95.7,In Progress,Intermediate,13.77272727,0,Jan
